"speed","origin","r=-0.6","r=-0.1","r=1.2"
"1",0.5,1.19469632895105e-09,5.33688007482535e-07,5.08184928567884e-09,5.00191219313212e-21
"2",0.55,2.11156651939168e-09,9.63555733699146e-07,8.56492465291905e-09,2.06154805818698e-20
"3",0.6,3.54596574264484e-09,1.64933076172177e-06,1.37733906069056e-08,7.48622374388734e-20
"4",0.65,5.70437230737999e-09,2.69885259355884e-06,2.12932464129563e-08,2.44431915996892e-19
"5",0.7,8.84693406024558e-09,4.25627480915756e-06,3.18322103267587e-08,7.2900401690149e-19
"6",0.75,1.32948559856229e-08,6.49345578412511e-06,4.62305639747846e-08,2.01099022083247e-18
"7",0.8,1.94379006172612e-08,9.6273032354606e-06,6.5471490952784e-08,5.1829418944544e-18
"8",0.85,2.77419406942545e-08,1.39231934393864e-05,9.06908543696777e-08,1.25837547541938e-17
"9",0.9,3.87565075616314e-08,1.96930072546043e-05,1.23186368496218e-07,2.89786537201912e-17
"10",0.95,5.31222828597303e-08,2.73116733738053e-05,1.64426128774658e-07,6.36597865428509e-17
"11",1,7.15784850311805e-08,3.72079091698439e-05,2.16056472412752e-07,1.3405204939935e-16
"12",1.05,9.49701060732806e-08,4.98904842234579e-05,2.79909148785358e-07,2.71704869860305e-16
"13",1.1,1.24254957757293e-07,6.59281473611821e-05,3.58007785030633e-07,5.31962327141014e-16
"14",1.15,1.60510490210056e-07,8.59836322415911e-05,4.52573637662758e-07,1.00916374985576e-15
"15",1.2,2.04940349297034e-07,0.000110785650181441,5.66030625818264e-07,1.85997300423082e-15
"16",1.25,2.5888064265194e-07,0.000141161603539724,7.01009645983294e-07,3.33841118017906e-15
"17",1.3,3.23805887461709e-07,0.000178068543719898,8.60352171778114e-07,5.84742445066396e-15
"18",1.35,4.01334616233748e-07,0.000222455695122427,1.04711314565741e-06,1.00134127343192e-14
"19",1.4,4.93234619743891e-07,0.000275519152517892,1.26456317226775e-06,1.67921375942547e-14
"20",1.45,6.01427809188096e-07,0.000338424689100531,1.51619002572757e-06,2.76168874195348e-14
"21",1.5,7.27994682239675e-07,0.000412589888069928,1.80569948529742e-06,4.46027775341005e-14
"22",1.55,8.75178380248441e-07,0.000499473315282755,2.13701551581902e-06,7.08246804193755e-14
"23",1.6,1.04538832621088e-06,0.00060060137280947,2.51427981095125e-06,1.10690598800296e-13
"24",1.65,1.24120343539443e-06,0.000717697423328725,2.94185071864272e-06,1.70437397335303e-13
"25",1.7,1.46537489261704e-06,0.000852612991799372,3.42430156947798e-06,2.58781784884951e-13
"26",1.75,1.72082849216974e-06,0.00100736943320727,3.96641842953717e-06,3.87766378012263e-13
"27",1.8,2.01066653822777e-06,0.00118392204334423,4.57319730023577e-06,5.73848666953469e-13
"28",1.85,2.33816930533009e-06,0.00138452003687579,5.24984078827773e-06,8.39289836309329e-13
"29",1.9,2.70679606012115e-06,0.00161178836212482,6.00175426937755e-06,1.213910750449e-12
"30",1.95,3.12018564704699e-06,0.0018690437225499,6.83454156979833e-06,1.73729408085997e-12
"31",2,3.58215664208521e-06,0.00215571956887635,7.75400019002399e-06,2.46152460730389e-12
"32",2.05,4.09670707986782e-06,0.00223086248396517,8.76611609505003e-06,3.45457423829082e-12
"33",2.1,4.66801376073363e-06,0.00214267051547217,9.87705809584276e-06,4.80445433310272e-12
"34",2.15,5.30043114532526e-06,0.00212823262537264,1.10931718464984e-05,6.62427552250108e-12
"35",2.2,5.99848984533088e-06,0.00213947565633941,1.24209734815325e-05,9.05837446324784e-12
"36",2.25,6.76689471986495e-06,0.00216448273375042,1.38671429175607e-05,1.22896878561347e-11
"37",2.3,7.6105225877912e-06,0.00219819118742621,1.54385168433955e-05,1.65485766292597e-11
"38",2.35,8.53441956701814e-06,0.00223793541160871,1.71420814222942e-05,2.21233274451017e-11
"39",2.4,9.54379805244578e-06,0.00228212675250651,1.89849647297469e-05,2.93725846242453e-11
"40",2.45,1.06440333448185e-05,0.0023297366889994,2.09744289498086e-05,3.87399931677508e-11
"41",2.5,1.18406599432425e-05,0.00238005804813856,2.31178623525485e-05,5.07713627654171e-11
"42",2.55,1.31393675145649e-05,0.00243258158618889,2.54227710747254e-05,6.61346934432036e-11
"43",2.6,1.45459965531882e-05,0.00248692676094898,2.78967707253047e-05,8.56434357574932e-11
"44",2.65,1.60665337452072e-05,0.00254280039037721,3.05475778369086e-05,1.10283392097054e-10
"45",2.7,1.77071070510164e-05,0.00259997070622097,3.33830011837475e-05,1.41243700598508e-10
"46",2.75,1.94739805207424e-05,0.00265825039654136,3.6410932986014e-05,1.79952379293506e-10
"47",2.8,2.13735488570127e-05,0.00271748514288773,3.9639340020142e-05,2.28116945244394e-10
"48",2.85,2.3412331739681e-05,0.00277754564718456,4.30762546537328e-05,2.8777066143175e-10
"49",2.9,2.5596967927196e-05,0.00283832194810367,4.67297658233527e-05,3.61325002857817e-10
"50",2.95,2.79342091493259e-05,0.00289971928202507,5.06080099727818e-05,4.51628972534753e-10
"51",3,3.04309138059356e-05,0.00296165501167713,5.47191619686814e-05,5.62035937531777e-10
"52",3.05,3.3094040486467e-05,0.00302405630872641,5.90714260100165e-05,6.96478694842684e-10
"53",3.1,3.5930641324685e-05,0.00308685837895113,6.36730265469466e-05,8.59553516274727e-10
"54",3.15,3.89478552031446e-05,0.00315000308454539,6.85321992242662e-05,1.05661396060965e-09
"55",3.2,4.21529008216868e-05,0.00321343786154906,7.36571818638536e-05,1.29387527969642e-09
"56",3.25,4.55530696441014e-05,0.00327711485963719,7.90562054999609e-05,1.5785302826424e-09
"57",3.3,4.91557187369087e-05,0.00334099025155426,8.47374854805541e-05,1.91887755860899e-09
"58",3.35,5.29682635139868e-05,0.00340502367346604,9.0709212647304e-05,2.32446299361552e-09
"59",3.4,5.69981704005402e-05,0.00346917776740947,9.69795446062144e-05,2.80623554993631e-09
"60",3.45,6.12529494296489e-05,0.00353341780414126,0.000103556597100269,3.37671830786119e-09
"61",3.5,6.5740146784366e-05,0.00359771136986834,0.000110448435494897,4.05019579850109e-09
"62",3.55,7.0467337298044e-05,0.00366202810416101,0.000117663066386452,4.84291868268022e-09
"63",3.6,7.54421169252655e-05,0.00372633947919427,0.000125208429343345,5.7733268544911e-09
"64",3.65,8.06720951954467e-05,0.00379061861260339,0.000133092388788893,6.86229206852922e-09
"65",3.7,8.61648876608532e-05,0.00385484010786608,0.000141322726034387,8.13338120690723e-09
"66",3.75,9.1928108350436e-05,0.00391897991737124,0.00014990713147035,9.61314131562253e-09
"67",3.8,9.79693622405492e-05,0.00398301522429832,0.000158853196923426,1.13314075494699e-08
"68",3.85,0.000104296237753272,0.00404692434018216,0.000168168408185798,1.33216351702246e-08
"69",3.9,0.000110916299292689,0.00411068661562914,0.000177860137723555,1.56212567440461e-08
"70",3.95,0.000117837079829135,0.00417428236211545,0.000187935637569913,1.82720656807733e-08
"71",4,0.000125066073541041,0.00423769278316994,0.000198402032408717,2.1320627249799e-08
"72",4.05,0.000132610728523648,0.00430089991354119,0.000209266312853186,2.48187181943675e-08
"73",4.1,0.000140478439573504,0.00436388656518676,0.000220535328924404,2.88237960482671e-08
"74",4.15,0.000148676541057262,0.00442663627911743,0.000232215783733618,3.33994992358774e-08
"75",4.2,0.000157212299872955,0.00448913328228585,0.000244314227371963,3.86161790082389e-08
"76",4.25,0.000166092908511538,0.00455136244883888,0.000256837051010845,4.45514642341886e-08
"77",4.3,0.00017532547822613,0.00461330926515871,0.00026979048121578,5.12908600265401e-08
"78",4.35,0.000184917032316001,0.00467495979820497,0.000283180574476108,5.89283811387697e-08
"79",4.4,0.000194874499532024,0.00473630066674392,0.000297013211952643,6.75672210176714e-08
"80",4.45,0.000205204707609904,0.00479731901511004,0.000311294094444916,7.73204573419378e-08
"81",4.5,0.000215914376937182,0.00485800248919699,0.000326028737579361,8.83117948157014e-08
"82",4.55,0.000227010114359628,0.00491833921441689,0.000341222467219432,1.00676345919708e-07
"83",4.6,0.000238498407132303,0.00497831777540302,0.000356880415098321,1.14561450251124e-07
"84",4.65,0.000250385617020214,0.00503792719726103,0.000373007514674617,1.3012753300607e-07
"85",4.7,0.000262677974553177,0.00509715692819992,0.000389608497211006,1.47549003076985e-07
"86",4.75,0.00027538157343911,0.00515599682339541,0.000406687888075739,1.67015191149912e-07
"87",4.8,0.000288502365139733,0.00521443712995759,0.000424250003266389,1.88731328095107e-07
"88",4.85,0.000302046153612244,0.00527246847289024,0.000442298946155137,2.12919563847969e-07
"89",4.9,0.000316018590220295,0.00533008184194335,0.000460838604454546,2.39820026876575e-07
"90",4.95,0.000330425168817238,0.00538726857927212,0.0004798726474026,2.69691924227277e-07
"91",5,0.000345271221004337,0.00544402036782577,0.000499404523165503,3.02814682030961e-07
"92",5.05,0.000360561911566329,0.00550032922039876,0.000519437456456551,3.39489126240282e-07
"93",5.1,0.000376302234086437,0.00555618746928442,0.000539974446369163,3.80038703252441e-07
"94",5.15,0.000392497006742675,0.00561158775647766,0.000561018264421982,4.24810739953351e-07
"95",5.2,0.000409150868286963,0.00566652302437966,0.000582571452813769,4.74177742597672e-07
"96",5.25,0.000426268274208374,0.00572098650696209,0.000604636322885603,5.28538733815388e-07
"97",5.3,0.000443853493081506,0.00577497172135331,0.000627214953787808,5.88320626909902e-07
"98",5.35,0.00046191060310079,0.00582847245981259,0.000650309191348796,6.53979636485184e-07
"99",5.4,0.000480443488801238,0.00588148278206217,0.00067392064714292,7.26002724310915e-07
"100",5.45,0.000499455837965957,0.00593399700794984,0.000698050697754298,8.04909079205e-07
"101",5.5,0.00051895113872049,0.00598600971041748,0.000722700484233386,8.91251629582834e-07
"102",5.55,0.000538932676813843,0.00603751570875351,0.00074787091174304,9.85618587192571e-07
"103",5.6,0.000559403533085833,0.00608851006210903,0.000773562649390632,1.08863502042589e-06
"104",5.65,0.000580366581120223,0.0061389880632598,0.000799776130242724,1.20096445546463e-06
"105",5.7,0.000601824485082848,0.00618894523259733,0.000826511551518692,1.32331050339567e-06
"106",5.75,0.000623779697743834,0.00623837731233432,0.000853768874959606,1.45641851130006e-06
"107",5.8,0.00064623445868274,0.00628728026091081,0.000881547827368602,1.60107723519759e-06
"108",5.85,0.000669190792675357,0.0063356502475886,0.000909847901318937,1.75812053260638e-06
"109",5.9,0.000692650508260692,0.0063834836472226,0.000938668356025754,1.92842907235656e-06
"110",5.95,0.000716615196486506,0.00643077703519891,0.000968008218377715,2.11293205918181e-06
"111",6,0.000741086229831644,0.00647752718252987,0.000997866284124362,2.31260897049866e-06
"112",6.05,0.000766064761303228,0.00652373105109764,0.00102824111921528,2.52849130267488e-06
"113",6.1,0.000791551723706661,0.00656938578903815,0.00105913106128688,2.76166432398323e-06
"114",6.15,0.000817547829086279,0.00661448872625812,0.00109053422129274,3.0132688313366e-06
"115",6.2,0.000844053568334304,0.00665903737007836,0.00112244848527335,3.28450290780486e-06
"116",6.25,0.000871069210965696,0.00670302940099704,0.00115487151626108,3.57662367782402e-06
"117",6.3,0.000898594805056387,0.00674646266856719,0.00118780075631615,3.89094905692312e-06
"118",6.35,0.000926630177342219,0.00678933518738313,0.00122123342868958,4.22885949271578e-06
"119",6.4,0.000955174933475874,0.00683164513317063,0.00125516654010866,4.59179969383036e-06
"120",6.45,0.000984228458438985,0.0068733908389765,0.00128959688318099,4.98128034338647e-06
"121",6.5,0.0010137899171065,0.0069145707914531,0.00132452103891275,5.39887979356567e-06
"122",6.55,0.00104385825496027,0.00695518362723379,0.00135993537933711,5.84624573777118e-06
"123",6.6,0.00107443219894893,0.00699522812939579,0.00139583607024847,6.32509685682589e-06
"124",6.65,0.00110551025849076,0.00703470322400664,0.00143221907403857,6.83722443561859e-06
"125",6.7,0.00113709072661649,0.00707360797675142,0.00146908015263015,7.38449394657774e-06
"126",6.75,0.00116917168124872,0.00711194158963728,0.00150641487050416,7.96884659632787e-06
"127",6.8,0.0012017509866147,0.00714970339777274,0.0015442185978164,8.59230083186758e-06
"128",6.85,0.00123482629478909,0.00718689286621896,0.00158248651359953,9.25695380260003e-06
"129",6.9,0.00126839504736333,0.00722350958691045,0.00162121360904642,9.96498277454588e-06
"130",6.95,0.00130245447723821,0.00725955327564282,0.00166039469087083,1.07186464930759e-05
"131",7,0.00133700161053619,0.00729502376912561,0.00170002438474165,1.1520286490517e-05
"132",7.05,0.00137203326862998,0.00732992102209761,0.0017400971387864,1.23723283350059e-05
"133",7.1,0.00140754607028382,0.0073642451045032,0.00178060722716061,1.32772828169991e-05
"134",7.15,0.00144353643390409,0.00739799619872748,0.00182154875367885,1.42377470698844e-05
"135",7.2,0.00148000057989561,0.00743117459688855,0.00186291565550392,1.52564056211874e-05
"136",7.25,0.00151693453312,0.00746378069818527,0.00190470170689027,1.63360313709204e-05
"137",7.3,0.00155433412545281,0.00749581500629887,0.00194690052297818,1.74794864936841e-05
"138",7.35,0.00159219499843563,0.00752727812684685,0.00198950556363488,1.86897232612025e-05
"139",7.4,0.00163051260601966,0.00755817076488779,0.00203251013733922,1.99697847820479e-05
"140",7.45,0.00166928221739735,0.00758849372247574,0.00207590740510629,2.13228056554004e-05
"141",7.5,0.00170849891991845,0.00761824789626268,0.00211969038444852,2.2752012535774e-05
"142",7.55,0.00174815762208683,0.00764743427514805,0.00216385195337,2.42607246057441e-05
"143",7.6,0.00178825305663488,0.00767605393797404,0.00220838485439054,2.58523539538172e-05
"144",7.65,0.00182877978367168,0.00770410805126539,0.00225328169859629,2.75304058546914e-05
"145",7.7,0.00186973219390159,0.00773159786701283,0.00229853496971373,2.92984789492801e-05
"146",7.75,0.00191110451190983,0.00775852472049896,0.00234413702820377,3.11602653219946e-05
"147",7.8,0.00195289079951162,0.0077848900281656,0.00239008011537306,3.31195504729099e-05
"148",7.85,0.00199508495916133,0.00781069528552164,0.00243635635749933,3.51802131825757e-05
"149",7.9,0.00203768073741859,0.00783594206509051,0.00248295776996794,3.73462252673794e-05
"150",7.95,0.00208067172846762,0.00786063201439637,0.00252987626141665,3.96216512235065e-05
"151",8,0.00212405137768681,0.007884766853988,0.00257710363788587,4.20106477577039e-05
"152",8.05,0.00216781298526507,0.00790834837549989,0.00262463160697163,4.45174632032007e-05
"153",8.1,0.00221194970986189,0.00793137843974946,0.00267245178197851,4.7146436819305e-05
"154",8.15,0.00225645457230772,0.00795385897486971,0.00272055568607002,4.99019979733553e-05
"155",8.2,0.00230132045934171,0.0079757919744766,0.00276893475641384,5.2788665203875e-05
"156",8.25,0.00234654012738358,0.00799717949587049,0.0028175803483194,5.58110451639466e-05
"157",8.3,0.00239210620633664,0.00801802365827077,0.00286648373936536,5.89738314439936e-05
"158",8.35,0.00243801120341888,0.00803832664108324,0.00291563613351481,6.22818032733393e-05
"159",8.4,0.00248424750701922,0.00805809068219936,0.0029650286652157,6.57398241000785e-05
"160",8.45,0.0025308073905759,0.00807731807632696,0.00301465240348435,6.93528400489868e-05
"161",8.5,0.00257768301647432,0.00809601117335161,0.00306449835597002,7.31258782573672e-05
"162",8.55,0.00262486643996133,0.00811417237672822,0.00311455747299818,7.70640450889129e-05
"163",8.6,0.00267234961307327,0.00813180414190218,0.00316482065159077,8.11725242258545e-05
"164",8.65,0.00272012438857513,0.0081489089747595,0.00321527873946131,8.54565746398321e-05
"165",8.7,0.00276818252390797,0.0081654894301055,0.00326592253898292,8.99215284421207e-05
"166",8.75,0.00281651568514223,0.0081815481101714,0.00331674281112765,9.45727886140187e-05
"167",8.8,0.00286511545093419,0.00819708766314834,0.00336773027937516,9.94158266183853e-05
"168",8.85,0.00291397331648316,0.00821211078174843,0.00341887563358909,0.000104456179893498
"169",8.9,0.00296308069748699,0.00822662020179213,0.00347016953385956,0.000109699449230573
"170",8.95,0.00301242893409341,0.00824061870082171,0.00352160261431018,0.000115151296036477
"171",9,0.00306200929484498,0.00825410909674017,0.00357316548686798,0.000120817439483316
"172",9.05,0.00311181298061534,0.00826709424647527,0.003624848744995,0.000126703653546787
"173",9.1,0.00316183112853446,0.0082795770446682,0.00367664296737993,0.000132815763935306
"174",9.15,0.00321205481590092,0.00829156042238633,0.00372853872158867,0.000139159644912143
"175",9.2,0.00326247506407891,0.00830304734585994,0.00378052656767232,0.000145741216012902
"176",9.25,0.00331308284237804,0.00831404081524212,0.00383259706173162,0.000152566438660898
"177",9.3,0.00336386907191396,0.00832454386339179,0.00388474075943649,0.000159641312683086
"178",9.35,0.00341482462944773,0.00833455955467921,0.00393694821949968,0.0001669718727294
"179",9.4,0.00346594035120234,0.00834409098381373,0.00398921000710341,0.000174564184598449
"180",9.45,0.00351720703665421,0.00835314127469333,0.0040415166972781,0.000182424341472726
"181",9.5,0.00356861545229825,0.00836171357927567,0.00409385887823211,0.000190558460066555
"182",9.55,0.00362015633538456,0.00836981107647014,0.00414622715463178,0.000198972676690191
"183",9.6,0.00367182039762515,0.00837743697105076,0.00419861215083076,0.000207673143233578
"184",9.65,0.00372359832886926,0.00838459449258942,0.00425100451404799,0.000216666023073406
"185",9.7,0.00377548080074545,0.00839128689440918,0.0043033949174935,0.000225957486907226
"186",9.75,0.00382745847026927,0.00839751745255737,0.0043557740634414,0.000235553708518491
"187",9.8,0.00387952198341498,0.00840328946479796,0.00440813268624939,0.000245460860476483
"188",9.85,0.00393166197864983,0.00840860624962324,0.00446046155532423,0.000255685109775211
"189",9.9,0.00398386909042981,0.00841347114528404,0.00451275147803259,0.000266232613415425
"190",9.95,0.00403613395265537,0.00841788750883858,0.00456499330255685,0.000277109513934012
"191",10,0.0040884472020862,0.00842185871521946,0.00461717792069528,0.000288321934885086
"192",10.05,0.00414079948171357,0.00842538815631852,0.00466929627060635,0.000299875976277179
"193",10.1,0.0041931814440894,0.00842847924008927,0.00472133933949667,0.000311777709971008
"194",10.15,0.00424558375461085,0.0084311353896667,0.00477329816625224,0.000324033175042332
"195",10.2,0.00429799709475953,0.00843336004250404,0.00482516384401287,0.000336648373114495
"196",10.25,0.00435041216529429,0.0084351566495263,0.00487692752268929,0.000349629263665269
"197",10.3,0.00440281968939683,0.00843652867430036,0.00492858041142305,0.00036298175931269
"198",10.35,0.00445521041576899,0.00843747959222121,0.00498011378098864,0.000376711721084556
"199",10.4,0.00450757512168132,0.00843801288971414,0.00503151896613815,0.000390824953676348
"200",10.45,0.00455990461597176,0.00843813206345275,0.00508278736788797,0.000405327200702306
"201",10.5,0.00461218974199413,0.00843784061959231,0.00513391045574777,0.000420224139944433
"202",10.55,0.00466442138051529,0.00843714207301839,0.00518487976989155,0.000435521378604194
"203",10.6,0.00471659045256088,0.00843603994661044,0.00523568692327082,0.000451224448561671
"204",10.65,0.00476868792220853,0.00843453777052011,0.00528632360367002,0.000467338801646967
"205",10.7,0.00482070479932852,0.00843263908146411,0.00533678157570411,0.000483869804928575
"206",10.75,0.00487263214227091,0.00843034742203125,0.00538705268275852,0.000500822736023484
"207",10.8,0.00492446106049915,0.00842766634000364,0.00543712884887165,0.000518202778433699
"208",10.85,0.00497618271716943,0.0084245993876916,0.00548700208055992,0.000536015016913873
"209",10.9,0.00502778833165549,0.00842115012128226,0.00553666446858564,0.000554264432874677
"210",10.95,0.00507926918201865,0.00841732210020149,0.00558610818966798,0.00057295589982653
"211",11,0.00513061660742274,0.00841311888648905,0.00563532550813713,0.00059209417886819
"212",11.05,0.0051818220104936,0.00840854404418667,0.00568430877753208,0.000611683914224771
"213",11.1,0.00523287685962296,0.00840360113873894,0.00573305044214219,0.000631729628839539
"214",11.15,0.00528377269121668,0.00839829373640666,0.0057815430384928,0.000652235720023924
"215",11.2,0.00533450111188692,0.0083926254036927,0.0058297791967755,0.00067320645517
"216",11.25,0.00538505380058842,0.0083865997067799,0.00587775164222307,0.000694645967529673
"217",11.3,0.00543542251069863,0.00838022021098099,0.00592545319642967,0.000716558252064714
"218",11.35,0.00548559907204175,0.0083734904802003,0.00597287677861668,0.0007389471613717
"219",11.4,0.00553557539285657,0.00836641407640708,0.00602001540684448,0.000761816401685804
"220",11.45,0.00558534346170824,0.00835899455912018,0.00606686219917073,0.000785169528967336
"221",11.5,0.00563489534934402,0.00835123548490397,0.00611341037475554,0.000809009945074776
"222",11.55,0.00568422321049295,0.0083431404068754,0.00615965325491405,0.000833340894027985
"223",11.6,0.00573331928560969,0.00833471287422183,0.00620558426411684,0.000858165458365169
"224",11.65,0.00578217590256274,0.00832595643172962,0.00625119693093871,0.000883486555597003
"225",11.7,0.00583078547826693,0.00831687461932323,0.00629648488895634,0.0009093069347613
"226",11.75,0.00587914052026067,0.00830747097161471,0.00634144187759545,0.000935629173081425
"227",11.8,0.00592723362822798,0.00829774901746338,0.00638606174292779,0.000962455672731559
"228",11.85,0.00597505749546566,0.00828771227954555,0.00643033843841877,0.000989788657711791
"229",11.9,0.00602260491029588,0.0082773642739341,0.00647426602562612,0.00101763017083588
"230",11.95,0.00606986875742421,0.00826670850968784,0.00651783867485024,0.00104598207083444
"231",12,0.00611684201924395,0.00825574848845033,0.00656105066573684,0.00107484602957614
"232",12.05,0.00616351777708644,0.00824448770405824,0.00660389638783247,0.00110422352940931
"233",12.1,0.00620988921241829,0.00823292964215884,0.00664637034109344,0.00113411586062644
"234",12.15,0.00625594960798548,0.00822107777983673,0.00668846713634903,0.00116452411905357
"235",12.2,0.00630169234890501,0.00820893558524943,0.00673018149571926,0.0011954492037668
"236",12.25,0.00634711092370435,0.00819650651727183,0.00677150825298819,0.00122689181493774
"237",12.3,0.00639219892530912,0.00818379402514935,0.00681244235393314,0.00125885245180971
"238",12.35,0.00643695005197961,0.0081708015481596,0.00685297885661071,0.00129133141080634
"239",12.4,0.00648135810819646,0.00815753251528242,0.00689311293160003,0.00132432878377404
"240",12.45,0.00652541700549608,0.00814399034487825,0.00693283986220413,0.00135784445635975
"241",12.5,0.0065691207632561,0.00813017844437459,0.00697215504460992,0.00139187810652513
"242",12.55,0.00661246350943173,0.00811610020996041,0.00701105398800757,0.0014264292031983
"243",12.6,0.00665543948124309,0.00810175902628855,0.00704953231466997,0.0014614970050641
"244",12.65,0.00669804302581468,0.00808715826618575,0.00708758575999278,0.00149708055949358
"245",12.7,0.00674026860076675,0.00807230129037031,0.0071252101724961,0.00153317870161345
"246",12.75,0.00678211077475984,0.00805719144717727,0.00716240151378807,0.00156979005351593
"247",12.8,0.00682356422799271,0.00804183207229098,0.00719915585849138,0.00160691302360955
"248",12.85,0.00686462375265424,0.00802622648848481,0.00723546939413326,0.00164454580611086
"249",12.9,0.00690528425333014,0.00801037800536809,0.00727133842099959,0.00168268638067742
"250",12.95,0.00694554074736475,0.00799428991913998,0.00730675935195404,0.00172133251218192
"251",13,0.00698538836517878,0.00797796551235032,0.0073417287122227,0.00176048175062718
"252",13.05,0.00702482235054361,0.00796140805366712,0.007376243139145,0.00180013143120195
"253",13.1,0.00706383806081258,0.00794462079765088,0.00741029938189175,0.00184027867447685
"254",13.15,0.00710243096711025,0.00792760698453532,0.00744389430115071,0.0018809203867401
"255",13.2,0.00714059665447977,0.00791036984001463,0.00747702486878067,0.00192205326047213
"256",13.25,0.0071783308219897,0.00789291257503703,0.00750968816743457,0.00196367377495852
"257",13.3,0.00721562928280027,0.00787523838560456,0.00754188139015243,0.00200577819704012
"258",13.35,0.00725248796419006,0.00785735045257901,0.00757360183992481,0.00204836258199941
"259",13.4,0.007288902907544,0.00783925194149386,0.00760484692922731,0.00209142277458193
"260",13.45,0.00732487026830277,0.00782094600237212,0.00763561417952712,0.00213495441015144
"261",13.5,0.00736038631587485,0.00780243576955003,0.007665901220762,0.00217895291597752
"262",13.55,0.00739544743351149,0.00778372436150644,0.00769570579079258,0.00222341351265399
"263",13.6,0.00743005011814574,0.00776481488069783,0.00772502573482852,0.00226833121564659
"264",13.65,0.00746419098019548,0.00774571041339888,0.00775385900482937,0.00231370083696828
"265",13.7,0.00749786674333219,0.00772641402954842,0.00778220365888059,0.00235951698698016
"266",13.75,0.00753107424421507,0.00770692878260076,0.00781005786054572,0.00240577407631639
"267",13.8,0.00756381043219195,0.00768725770938227,0.00783741987819494,0.00245246631793073
"268",13.85,0.00759607236896737,0.00766740382995304,0.00786428808431108,0.002499587729263
"269",13.9,0.00762785722823862,0.00764737014747376,0.00789066095477359,0.00254713213452291
"270",13.95,0.00765916229530029,0.00762715964807739,0.00791653706812098,0.00259509316708937
"271",14,0.00768998496661828,0.00760677530074589,0.00794191510479261,0.00264346427202251
"272",14.05,0.00772032274937378,0.00758622005719164,0.00796679384635045,0.00269223870868637
"273",14.1,0.00775017326097769,0.00756549685174363,0.00799117217468115,0.00274140955347951
"274",14.15,0.00777953422855693,0.00754460860123832,0.00801504907117955,0.00279096970267109
"275",14.2,0.00780840348841233,0.00752355820491496,0.00803842361591383,0.0028409118753397
"276",14.25,0.00783677898544955,0.00750234854431551,0.00806129498677304,0.00289122861641234
"277",14.3,0.00786465877258338,0.00748098248318884,0.00808366245859787,0.00294191229980066
"278",14.35,0.00789204101011622,0.00745946286739935,0.00810552540229488,0.00299295513163179
"279",14.4,0.00791892396509123,0.00743779252483976,0.00812688328393506,0.00304434915357072
"280",14.45,0.00794530601062108,0.00741597426534809,0.00814773566383725,0.00309608624623147
"281",14.5,0.00797118562519291,0.00739401088062871,0.00816808219563699,0.00314815813267394
"282",14.55,0.00799656139194992,0.00737190514417747,0.00818792262534141,0.00320055638198356
"283",14.6,0.00802143199795072,0.0073496598112107,0.00820725679037069,0.00325327241293057
"284",14.65,0.00804579623340653,0.00732727761859811,0.0082260846185868,0.00330629749770597
"285",14.7,0.0080696529908975,0.00730476128479951,0.00824440612730983,0.00335962276573084
"286",14.75,0.00809300126456828,0.0072821135098052,0.00826222142232275,0.0034132392075361
"287",14.8,0.00811584014930384,0.00725933697508011,0.008279530696865,0.0034671376787094
"288",14.85,0.00813816883988587,0.00723643434351147,0.00829633423061542,0.00352130890390595
"289",14.9,0.00815998663013087,0.00721340825936,0.00831263238866515,0.00357574348092012
"290",14.95,0.00818129291200998,0.00719026134821464,0.00832842562048104,0.00363043188481465
"291",15,0.00820208717475169,0.00716699621695057,0.00834371445885992,0.00368536447210397
"292",15.05,0.00822236900392762,0.00714361545369067,0.00835849951887449,0.00374053148498872
"293",15.1,0.00824213808052245,0.00712012162777015,0.00837278149681114,0.00379592305563798
"294",15.15,0.00826139417998817,0.00709651728970448,0.00838656116910033,0.00385152921051609
"295",15.2,0.00828013717128343,0.00707280497116038,0.00839983939123988,0.00390733987475056
"296",15.25,0.00829836701589881,0.00704898718492998,0.00841261709671184,0.00396334487653828
"297",15.3,0.00831608376686824,0.00702506642490794,0.00842489529589322,0.00401953395158624
"298",15.35,0.00833328756776725,0.00700104516607158,0.00843667507496126,0.00407589674758392
"299",15.4,0.0083499786516988,0.00697692586446393,0.00844795759479342,0.0041324228287039
"300",15.45,0.0083661573402672,0.00695271095717956,0.00845874408986288,0.00418910168012767
"301",15.5,0.00838182404254055,0.00692840286235332,0.00846903586712974,0.00424592271259324
"302",15.55,0.00839697925400221,0.00690400397915174,0.0084788343049284,0.0043028752669615
"303",15.6,0.00841162355549241,0.00687951668776715,0.00848814085185175,0.00435994861879819
"304",15.65,0.00842575761213954,0.00685494334941444,0.0084969570256322,0.00441713198296825
"305",15.7,0.00843938217228284,0.00683028630633037,0.00850528441202048,0.00447441451823965
"306",15.75,0.00845249806638588,0.00680554788177548,0.00851312466366202,0.0045317853318933
"307",15.8,0.00846510620594236,0.00678073038003843,0.00852047949897202,0.00458923348433646
"308",15.85,0.00847720758237384,0.00675583608644275,0.00852735070100879,0.00464674799371613
"309",15.9,0.00848880326592069,0.00673086726735603,0.00853374011634647,0.00470431784052994
"310",15.95,0.00849989440452635,0.00670582617020139,0.00853964965394712,0.00476193197223131
"311",16,0.00851048222271515,0.0066807150234713,0.00854508128403255,0.00481957930782601
"312",16.05,0.00852056802046496,0.00665553603674353,0.0085500370369564,0.00487724874245749
"313",16.1,0.0085301531720743,0.0066302914006994,0.0085545190020768,0.00493492915197793
"314",16.15,0.0085392391250249,0.00660498328714411,0.00855852932662983,0.0049926093975024
"315",16.2,0.00854782739884002,0.00657961384902919,0.00856207021460423,0.00505027832994339
"316",16.25,0.00855591958393893,0.00655418522047698,0.00856514392561768,0.00510792479452306
"317",16.3,0.00856351734048815,0.00652869951680717,0.00856775277379494,0.00516553763526054
"318",16.35,0.00857062239724956,0.00650315883456525,0.00856989912664821,0.00522310569943192
"319",16.4,0.00857723655042643,0.00647756525155291,0.00857158540395994,0.0052806178420001
"320",16.45,0.00858336166250697,0.00645192082686034,0.00857281407666855,0.00533806293001242
"321",16.5,0.00858899966110651,0.00642622760090034,0.00857358766575706,0.00539542984696342
"322",16.55,0.00859415253780848,0.00640048759544423,0.00857390874114536,0.00545270749712045
"323",16.6,0.00859882234700439,0.00637470281365958,0.00857377992058595,0.00550988480981007
"324",16.65,0.00860301120473345,0.00634887524014953,0.00857320386856371,0.00556695074366256
"325",16.7,0.00860672128752225,0.00632300684099397,0.00857218329519984,0.00562389429081289
"326",16.75,0.00860995483122454,0.00629709956379218,0.00857072095516036,0.00568070448105582
"327",16.8,0.00861271412986201,0.00627115533770724,0.00856881964656914,0.00573737038595296
"328",16.85,0.0086150015344658,0.00624517607351189,0.00856648220992616,0.00579388112289008
"329",16.9,0.00861681945191964,0.00621916366363597,0.00856371152703072,0.00585022585908265
"330",16.95,0.00861817034380471,0.00619311998221536,0.00856051051991026,0.00590639381552769
"331",17,0.00861905672524648,0.00616704688514239,0.0085568821497548,0.00596237427090027
"332",17.05,0.00861948116376407,0.00614094621011758,0.00855282941585716,0.00601815656539283
"333",17.1,0.00861944627812248,0.00611481977670297,0.00854835535455952,0.00607373010449583
"334",17.15,0.00861895473718749,0.00608866938637661,0.00854346303820598,0.00612908436271785
"335",17.2,0.00861800925878441,0.00606249682258845,0.00853815557410185,0.00618420888724398
"336",17.25,0.00861661260856009,0.00603630385081757,0.00853243610347951,0.0062390933015307
"337",17.3,0.00861476759884919,0.00601009221863061,0.00852630780047123,0.00629372730883609
"338",17.35,0.00861247708754444,0.0059838636557414,0.00851977387108899,0.00634810069568394
"339",17.4,0.00860974397697177,0.00595761987407191,0.00851283755221159,0.00640220333526047
"340",17.45,0.00860657121276973,0.00593136256781422,0.00850550211057912,0.0064560251907425
"341",17.5,0.00860296178277452,0.00590509341349374,0.00849777084179501,0.00650955631855595
"342",17.55,0.00859891871590991,0.00587881407003344,0.00848964706933583,0.00656278687156352
"343",17.6,0.00859444508108301,0.00585252617881926,0.008481134143569,0.00661570710218064
"344",17.65,0.00858954398608558,0.00582623136376649,0.00847223544077834,0.00666830736541865
"345",17.7,0.00858421857650165,0.00579993123138721,0.00846295436219809,0.00672057812185435
"346",17.75,0.00857847203462135,0.00577362737085866,0.0084532943330549,0.0067725099405252
"347",17.8,0.00857230757836087,0.00574732135409269,0.00844325880161853,0.00682409350174918
"348",17.85,0.00856572846018986,0.00572101473580605,0.00843285123826085,0.00687531959986893
"349",17.9,0.00855873796606501,0.00569470905359164,0.00842207513452375,0.00692617914591918
"350",17.95,0.00855133941437108,0.00566840582799056,0.00841093400219556,0.00697666317021725
"351",18,0.00854353615486945,0.00564210656256517,0.00839943137239665,0.00702676282487577
"352",18.05,0.00853533156765366,0.00561581274397287,0.00838757079467377,0.00707646938623748
"353",18.1,0.0085267290621131,0.00558952584204073,0.00837535583610364,0.00712577425723136
"354",18.15,0.00851773207590433,0.00556324730984086,0.0083627900804056,0.00717466896965014
"355",18.2,0.00850834407393051,0.0055369785837666,0.00834987712706366,0.0072231451863486
"356",18.25,0.00849856854732889,0.00551072108360945,0.00833662059045776,0.00727119470336255
"357",18.3,0.0084884090124669,0.00548447621263665,0.00832302409900459,0.00731880945194828
"358",18.35,0.00847786900994648,0.00545824535766947,0.00830909129430775,0.00736598150054254
"359",18.4,0.00846695210361733,0.00543202988916226,0.00829482583031775,0.00741270305664257
"360",18.45,0.00845566187959855,0.00540583116128199,0.00828023137250126,0.00745896646860671
"361",18.5,0.00844400194530974,0.00537965051198858,0.00826531159702046,0.00750476422737516
"362",18.55,0.00843197592851062,0.00535348926311565,0.00825007018992184,0.00755008896811124
"363",18.6,0.00841958747635015,0.00532734872045207,0.00823451084633494,0.00759493347176322
"364",18.65,0.00840684025442497,0.00530123017382385,0.008218637269681,0.00763929066654687
"365",18.7,0.00839373794584691,0.00527513489717674,0.00820245317089125,0.00768315362934906
"366",18.75,0.00838028425032029,0.00524906414865926,0.00818596226763549,0.00772651558705256
"367",18.8,0.00836648288322888,0.00522301917070629,0.00816916828356034,0.00776936991778247
"368",18.85,0.00835233757473227,0.00519700119012304,0.00815207494753761,0.00781171015207461
"369",18.9,0.00833785206887229,0.00517101141816964,0.00813468599292279,0.00785352997396631
"370",18.95,0.00832303012268919,0.00514505105064604,0.00811700515682337,0.00789482322200998
"371",19,0.00830787550534788,0.00511912126797737,0.00809903617937746,0.00793558389021009
"372",19.05,0.00829239199727404,0.00509322323529976,0.00808078280304231,0.00797580612888387
"373",19.1,0.00827658338930043,0.0050673581025465,0.00806224877189312,0.00801548424544665
"374",19.15,0.00826045348182347,0.00504152700453457,0.00804343783093181,0.00805461270512205
"375",19.2,0.00824400608396988,0.00501573106105158,0.00802435372540599,0.00809318613157801
"376",19.25,0.00822724501277374,0.00498997137694295,0.008005000200138,0.00813119930748908
"377",19.3,0.00821017409236366,0.00496424904219954,0.00798538099886417,0.00816864717502592
"378",19.35,0.00819279715316082,0.00493856513204546,0.00796549986358407,0.00820552483627255
"379",19.4,0.00817511803108681,0.00491292070702628,0.00794536053392003,0.00824182755357222
"380",19.45,0.00815714056678247,0.00488731681309744,0.00792496674648658,0.00827755074980283
"381",19.5,0.008138868604837,0.00486175448171293,0.00790432223427018,0.00831269000858243
"382",19.55,0.0081203059930276,0.00483623472991424,0.00788343072601888,0.00834724107440602
"383",19.6,0.00810145658156968,0.00481075856041957,0.00786229594564218,0.00838119985271433
"384",19.65,0.00808232422237778,0.00478532696171313,0.00784092161162076,0.00841456240989548
"385",19.7,0.00806291276833698,0.00475994090813479,0.00781931143642641,0.00844732497322068
"386",19.75,0.00804322607258491,0.00473460135996982,0.00779746912595185,0.00847948393071466
"387",19.8,0.00802326798780449,0.00470930926353883,0.00777539837895051,0.00851103583096201
"388",19.85,0.00800304236552721,0.00468406555128789,0.00775310288648639,0.00854197738285043
"389",19.9,0.0079825530554472,0.00465887114187874,0.0077305863313936,0.00857230545525175
"390",19.95,0.00796180390474573,0.00463372694027924,0.00770785238774596,0.00860201707664205
"391",20,0.00794079875742665,0.00460863383785377,0.00768490472033637,0.0086311094346617
"392",20.05,0.0079195414536621,0.00458359271245391,0.00766174698416594,0.00865957987561647
"393",20.1,0.00789803582914917,0.00455860442850912,0.00763838282394296,0.00868742590392097
"394",20.15,0.00787628571447705,0.00453366983711754,0.00761481587359148,0.00871464518148529
"395",20.2,0.00785429493450477,0.00450878977613679,0.00759104975576964,0.00874123552704607
"396",20.25,0.00783206730774956,0.00448396507027496,0.00756708808139757,0.00876719491544328
"397",20.3,0.0078096066457857,0.00445919653118152,0.0075429344491949,0.0087925214768436
"398",20.35,0.00778691675265409,0.00443448495753832,0.00751859244522771,0.00881721349591181
"399",20.4,0.00776400142428203,0.00440983113515064,0.00749406564246507,0.0088412694109311
"400",20.45,0.00774086444791385,0.00438523583703823,0.00746935760034489,0.00886468781287387
"401",20.5,0.00771750960155174,0.00436069982352631,0.00744447186434916,0.00888746744442371
"402",20.55,0.00769394065340703,0.00433622384233667,0.0074194119655885,0.0089096071989502
"403",20.6,0.00767016136136193,0.00431180862867862,0.00739418142039591,0.00893110611943745
"404",20.65,0.00764617547244149,0.00428745490534005,0.00736878372992978,0.00895196339736778
"405",20.7,0.00762198672229611,0.00426316338277834,0.00734322237978591,0.0089721783715615
"406",20.75,0.00759759883469393,0.0042389347592113,0.00731750083961868,0.0089917505269743
"407",20.8,0.00757301552102376,0.004214769720708,0.00729162256277115,0.00901067949345325
"408",20.85,0.00754824047980799,0.0041906689412796,0.00726559098591407,0.00902896504445271
"409",20.9,0.00752327739622569,0.00416663308297003,0.00723940952869386,0.00904660709571133
"410",20.95,0.00749812994164565,0.00414266279594665,0.00721308159338921,0.00906360570389141
"411",21,0.00747280177316966,0.00411875871859077,0.00718661056457649,0.00907996106518179
"412",21.05,0.0074472965331854,0.00409492147758813,0.00715999980880389,0.00909567351386546
"413",21.1,0.00742161784892958,0.0040711516880192,0.00713325267427392,0.0091107435208532
"414",21.15,0.0073957693320606,0.00404744995344944,0.00710637249053461,0.00912517169218436
"415",21.2,0.00736975457824107,0.00402381686601935,0.00707936256817905,0.00913895876749597
"416",21.25,0.00734357716673024,0.00400025300653449,0.00705222619855333,0.00915210561846154
"417",21.3,0.00731724065998567,0.00397675894455524,0.00702496665347267,0.00916461324720052
"418",21.35,0.00729074860327487,0.00395333523848654,0.00699758718494587,0.00917648278465973
"419",21.4,0.00726410452429611,0.00392998243566737,0.0069700910249078,0.009187715488968
"420",21.45,0.00723731193280888,0.00390670107246012,0.00694248138496001,0.00919831274376505
"421",21.5,0.00721037432027356,0.00388349167433981,0.00691476145611922,0.00920827605650583
"422",21.55,0.00718329515950061,0.00386035475598306,0.0068869344085738,0.00921760705674157
"423",21.6,0.0071560779043086,0.00383729082135697,0.00685900339144798,0.00922630749437854
"424",21.65,0.00712872598919179,0.00381430036380772,0.00683097153257384,0.00923437923791577
"425",21.7,0.00710124282899637,0.00379138386614907,0.00680284193827095,0.00924182427266277
"426",21.75,0.00707363181860611,0.00376854180075055,0.00677461769313355,0.00924864469893845
"427",21.8,0.00704589633263647,0.00374577462962556,0.00674630185982525,0.00925484273025236
"428",21.85,0.00701803972513789,0.00372308280451914,0.00671789747888109,0.00926042069146913
"429",21.9,0.00699006532930772,0.00370046676699561,0.00668940756851701,0.00926538101695762
"430",21.95,0.00696197645721066,0.00367792694852594,0.00666083512444643,0.00926972624872533
"431",22,0.00693377639950803,0.00365546377057489,0.00663218311970417,0.00927345903453959
"432",22.05,0.00690546842519534,0.00363307764468794,0.00660345450447722,0.00927658212603626
"433",22.1,0.00687705578134839,0.00361076897257794,0.0065746522059427,0.00927909837681717
"434",22.15,0.00684854169287768,0.00358853814621153,0.0065457791281126,0.0092810107405372
"435",22.2,0.00681992936229102,0.00356638554789534,0.00651683815168541,0.00928232226898204
"436",22.25,0.00679122196946435,0.00354431155036184,0.00648783213390444,0.00928303611013766
"437",22.3,0.00676242267142061,0.00352231651685505,0.00645876390842284,0.00928315550625241
"438",22.35,0.00673353460211656,0.00350040080121589,0.00642963628517513,0.00928268379189277
"439",22.4,0.00670456087223761,0.00347856474796728,0.00640045205025528,0.00928162439199356
"440",22.45,0.00667550456900032,0.00345680869239902,0.00637121396580116,0.00927998081990386
"441",22.5,0.00664636875596275,0.00343513296065225,0.00634192476988525,0.00927775667542901
"442",22.55,0.00661715647284229,0.0034135378698038,0.00631258717641168,0.00927495564287027
"443",22.6,0.00658787073534122,0.00339202372795015,0.00628320387501936,0.00927158148906237
"444",22.65,0.00655851453497956,0.00337059083429107,0.00625377753099114,0.00926763806141037
"445",22.7,0.00652909083893536,0.00334923947921303,0.00622431078516899,0.00926312928592619
"446",22.75,0.00649960258989229,0.00332796994437228,0.0061948062538751,0.00925805916526608
"447",22.8,0.00647005270589432,0.00330678250277765,0.00616526652883869,0.00925243177676957
"448",22.85,0.00644044408020751,0.00328567741887297,0.00613569417712862,0.00924625127050073
"449",22.9,0.00641077958118896,0.00326465494861925,0.00610609174109161,0.00923952186729268
"450",22.95,0.00638106205216244,0.00324371533957654,0.00607646173829604,0.00923224785679593
"451",23,0.00635129431130088,0.00322285883098539,0.00604680666148115,0.00922443359553146
"452",23.05,0.00632147915151584,0.0032020856538481,0.00601712897851171,0.0092160835049491
"453",23.1,0.00629161934035324,0.00318139603100957,0.00598743113233795,0.00920720206949211
"454",23.15,0.00626171761989583,0.00316079017723782,0.0059577155409607,0.00919779383466853
"455",23.2,0.0062317767066722,0.00314026829930422,0.00592798459740169,0.00918786340513005
"456",23.25,0.00620179929157198,0.00311983059606336,0.00589824066967892,0.00917741544275901
"457",23.3,0.00617178803976727,0.00309947725853257,0.00586848610078693,0.00916645466476422
"458",23.35,0.00614174559064056,0.00307920846997112,0.00583872320868206,0.00915498584178624
"459",23.4,0.00611167455771837,0.00305902440595906,0.00580895428627242,0.00914301379601268
"460",23.45,0.00608157752861109,0.00303892523447572,0.00577918160141267,0.00913054339930412
"461",23.5,0.00605145706495871,0.00301891111597789,0.00574940739690344,0.0091175795713314
"462",23.55,0.00602131570238223,0.00299898220347758,0.00571963389049518,0.00910412727772448
"463",23.6,0.00599115595044103,0.00297913864261947,0.00568986327489673,0.00909019152823382
"464",23.65,0.00596098029259565,0.00295938057175805,0.0056600977177881,0.00907577737490454
"465",23.7,0.00593079118617629,0.00293970812203428,0.00563033936183768,0.00906088991026395
"466",23.75,0.00590059106235654,0.00292012141745202,0.00560059032472365,0.00904553426552302
"467",23.8,0.00587038232613279,0.00290062057495399,0.00557085269915962,0.00902971560879208
"468",23.85,0.0058401673563086,0.00288120570449747,0.00554112855292426,0.00901343914331146
"469",23.9,0.00580994850548447,0.0028618769091295,0.00551141992889508,0.00899671010569729
"470",23.95,0.00577972810005267,0.00284263428506186,0.00548172884508604,0.00897953376420304
"471",24,0.00574950844019693,0.00282347792174557,0.00545205729468908,0.00896191541699713
"472",24.05,0.00571929179989731,0.00280440790194506,0.00542240724611941,0.00894386039045706
"473",24.1,0.00568908042693971,0.00278542430181197,0.00539278064306451,0.00892537403748039
"474",24.15,0.00565887654293023,0.00276652719095855,0.00536317940453686,0.00890646173581302
"475",24.2,0.0056286823433141,0.00274771663253071,0.00533360542493006,0.00888712888639496
"476",24.25,0.00559849999739927,0.0027289926832807,0.00530406057407857,0.00886738091172415
"477",24.3,0.00556833164838453,0.00271035539363932,0.00527454669732087,0.00884722325423847
"478",24.35,0.00553817941339192,0.00269180480778791,0.00524506561556587,0.00882666137471625
"479",24.4,0.00550804538350352,0.00267334096372981,0.00521561912536268,0.00880570075069576
"480",24.45,0.00547793162380254,0.00265496389336149,0.0051862089989736,0.00878434687491369
"481",24.5,0.00544784017341847,0.00263667362254333,0.00515683698445008,0.00876260525376307
"482",24.55,0.00541777304557635,0.00261847017116995,0.00512750480571196,0.00874048140577079
"483",24.6,0.00538773222765008,0.00260035355324021,0.00509821416262958,0.00871798086009504
"484",24.65,0.00535771968121955,0.00258232377692675,0.00506896673110879,0.00869510915504274
"485",24.7,0.00532773734213164,0.00256438084464525,0.00503976416317889,0.00867187183660731
"486",24.75,0.00529778712056503,0.00254652475312319,0.00501060808708331,0.00864827445702686
"487",24.8,0.00526787090109858,0.00252875549346826,0.00498150010737302,0.00862432257336313
"488",24.85,0.00523799054278338,0.00251107305123641,0.00495244180500264,0.00860002174610116
"489",24.9,0.00520814787921825,0.00249347740649948,0.00492343473742902,0.00857537753776987
"490",24.95,0.00517834471862877,0.0024759685339124,0.00489448043871251,0.00855039551158398
"491",25,0.00514858284394953,0.00245854640278006,0.00486558041962054,0.00852508123010689
"492",25.05,0.00511886401290984,0.00244121097712376,0.00483673616773363,0.00849944025393506
"493",25.1,0.00508918995812242,0.00242396221574726,0.00480794914755387,0.00847347814040384
"494",25.15,0.00505956238717552,0.00240680007230241,0.00477922080061545,0.00844720044231483
"495",25.2,0.00502998298272772,0.00238972449535444,0.00475055254559754,0.00842061270668478
"496",25.25,0.00500045340260614,0.00237273542844681,0.0047219457784393,0.0083937204735163
"497",25.3,0.00497097527990715,0.00235583281016569,0.00469340187245697,0.00836652927459031
"498",25.35,0.00494155022310024,0.00233901657420401,0.00466492217846293,0.00833904463228016
"499",25.4,0.00491217981613443,0.00232228664942511,0.00463650802488683,0.00831127205838771
"500",25.45,0.00488286561854754,0.00230564295992609,0.00460816071789855,0.00828321705300124
"501",25.5,0.00485360916557799,0.00228908542510058,0.00457988154153304,0.00825488510337519
"502",25.55,0.00482441196827913,0.0022726139597013,0.00455167175781698,0.00822628168283176
"503",25.6,0.00479527551363618,0.00225622847390209,0.00452353260689712,0.0081974122496845
"504",25.65,0.00476620126468551,0.0022399288733596,0.00449546530717037,0.00816828224618365
"505",25.7,0.00473719066063619,0.00222371505927458,0.00446747105541545,0.00813889709748331
"506",25.75,0.00470824511699399,0.00220758692845273,0.00443955102692619,0.00810926221063046
"507",25.8,0.00467936602568747,0.00219154437336521,0.00441170637564628,0.0080793829735758
"508",25.85,0.00465055475519629,0.00217558728220871,0.00438393823430552,0.0080492647542061
"509",25.9,0.00462181265068164,0.00215971553896513,0.00435624771455752,0.00801891289939846
"510",25.95,0.0045931410341185,0.00214392902346088,0.00432863590711867,0.00798833273409597
"511",26,0.00456454120443017,0.00212822761142572,0.00430110388190853,0.00795752956040496
"512",26.05,0.0045360144376244,0.0021126111745513,0.00427365268819138,0.00792650865671366
"513",26.1,0.00450756198693155,0.00209707958054924,0.0042462833547191,0.00789527527683228
"514",26.15,0.00447918508294452,0.00208163269320877,0.00421899688987508,0.00786383464915416
"515",26.2,0.00445088493376023,0.00206627037245409,0.00419179428181937,0.0078321919758383
"516",26.25,0.00442266272512301,0.00205099247440121,0.0041646764986348,0.00780035243201274
"517",26.3,0.00439451962056929,0.00203579885141449,0.00413764448847419,0.00776832116499893
"518",26.35,0.00436645676157419,0.0020206893521627,0.00411069917970849,0.00773610329355687
"519",26.4,0.00433847526769923,0.00200566382167476,0.00408384148107589,0.00770370390715103
"520",26.45,0.00431057623674177,0.00199072210139503,0.00405707228183176,0.00767112806523659
"521",26.5,0.00428276074488561,0.00197586402923823,0.00403039245189949,0.00763838079656625
"522",26.55,0.00425502984685301,0.00196108943964393,0.00400380284202207,0.00760546709851721
"523",26.6,0.00422738457605801,0.00194639816363071,0.0039773042839145,0.00757239193643828
"524",26.65,0.00419982594476082,0.00193179002884988,0.00395089759041681,0.00753916024301686
"525",26.7,0.00417235494422353,0.00191726485963879,0.00392458355564781,0.0075057769176658
"526",26.75,0.00414497254486683,0.0019028224770738,0.00389836295515949,0.00747224682592973
"527",26.8,0.00411767969642781,0.0018884626990228,0.00387223654609197,0.00743857479891099
"528",26.85,0.00409047732811878,0.00187418534019739,0.00384620506732898,0.00740476563271467
"529",26.9,0.00406336634878697,0.00185999021220466,0.00382026923965392,0.00737082408791285
"530",26.95,0.00403634764707532,0.00184587712359851,0.00379442976590631,0.00733675488902766
"531",27,0.00400942209158387,0.00183184587993068,0.00376868733113872,0.0073025627240331
"532",27.05,0.00398259053103221,0.00181789628380135,0.00374304260277411,0.00726825224387538
"533",27.1,0.00395585379442255,0.00180402813490931,0.00371749623076347,0.00723382806201156
"534",27.15,0.00392921269120349,0.00179024123010182,0.00369204884774383,0.00719929475396632
"535",27.2,0.00390266801143462,0.00177653536342401,0.00366670106919658,0.00716465685690672
"536",27.25,0.00387622052595162,0.00176291032616794,0.00364145349360595,0.00712991886923463
"537",27.3,0.00384987098653187,0.00174936590692127,0.00361630670261781,0.00709508525019667
"538",27.35,0.00382362012606088,0.00173590189161554,0.00359126126119862,0.0070601604195115
"539",27.4,0.00379746865869891,0.00172251806357403,0.00356631771779449,0.00702514875701424
"540",27.45,0.00377141728004828,0.00170921420355931,0.0035414766044904,0.00699005460231766
"541",27.5,0.00374546666732092,0.00169599008982033,0.00351673843716956,0.00695488225449018
"542",27.55,0.00371961747950648,0.00168284549813922,0.00349210371567269,0.00691963597175022
"543",27.6,0.00369387035754061,0.0016697802018776,0.00346757292395748,0.00688431997117691
"544",27.65,0.00366822592447361,0.00165679397202261,0.00344314653025792,0.00684893842843659
"545",27.7,0.0036426847856394,0.0016438865772325,0.00341882498724367,0.00681349547752538
"546",27.75,0.00361724752882459,0.00163105778388188,0.00339460873217937,0.00677799521052712
"547",27.8,0.00359191472443787,0.00161830735610656,0.00337049818708381,0.00674244167738672
"548",27.85,0.00356668692567941,0.00160563505584803,0.00334649375888901,0.00670683888569861
"549",27.9,0.00354156466871048,0.0015930406428976,0.00332259583959916,0.00667119080051014
"550",27.95,0.00351654847282315,0.0015805238749401,0.00329880480644941,0.00663550134413952
"551",28,0.00349163884060994,0.00156808450759725,0.0032751210220644,0.00659977439600835
"552",28.05,0.0034668362581336,0.00155572229447069,0.0032515448346166,0.00656401379248819
"553",28.1,0.00344214119509679,0.00154343698718454,0.00322807657798442,0.00652822332676123
"554",28.15,0.00341755410501173,0.0015312283354277,0.00320471657191003,0.00649240674869463
"555",28.2,0.00339307542536978,0.00151909608699574,0.00318146512215684,0.00645656776472842
"556",28.25,0.0033687055778109,0.00150703998783238,0.00315832252066676,0.00642071003777667
"557",28.3,0.00334444496829291,0.0014950597820707,0.00313528904571702,0.00638483718714161
"558",28.35,0.00332029398726069,0.00148315521207389,0.00311236496207664,0.00634895278844082
"559",28.4,0.00329625300981505,0.00147132601847567,0.00308955052116258,0.00631306037354669
"560",28.45,0.00327232239588146,0.00145957194022043,0.00306684596119538,0.00627716343053851
"561",28.5,0.00324850249037845,0.00144789271460284,0.00304425150735445,0.00624126540366657
"562",28.55,0.00322479362338577,0.00143628807730727,0.00302176737193287,0.0062053696933281
"563",28.6,0.00320119611031222,0.00142475776244676,0.00299939375449173,0.00616947965605504
"564",28.65,0.00317771025206314,0.00141330150260162,0.00297713084201394,0.00613359860451314
"565",28.7,0.0031543363352075,0.00140191902885776,0.00295497880905762,0.0060977298075123
"566",28.75,0.00313107463214466,0.00139061007084459,0.00293293781790885,0.0060618764900279
"567",28.8,0.00310792540127065,0.00137937435677259,0.00291100801873397,0.00602604183323292
"568",28.85,0.00308488888714404,0.00136821161347051,0.00288918954973125,0.00599022897454056
"569",28.9,0.00306196532065143,0.00135712156642229,0.002867482537282,0.00595444100765724
"570",28.95,0.0030391549191722,0.00134610393980354,0.00284588709610109,0.00591868098264558
"571",29,0.00301645788674306,0.00133515845651773,0.00282440332938686,0.00588295190599738
"572",29.05,0.00299387441422188,0.00132428483823198,0.00280303132897033,0.00584725674071617
"573",29.1,0.00297140467945101,0.00131348280541262,0.00278177117546391,0.00581159840640922
"574",29.15,0.00294904884742003,0.00130275207736025,0.00276062293840924,0.00577597977938873
"575",29.2,0.00292680707042794,0.00129209237224457,0.00273958667642459,0.00574040369278211
"576",29.25,0.00290467948824468,0.00128150340713885,0.00271866243735136,0.00570487293665096
"577",29.3,0.00288266622827202,0.001270984898054,0.0026978502584,0.00566939025811862
"578",29.35,0.00286076740570391,0.00126053655997241,0.00267715016629518,0.00563395836150613
"579",29.4,0.00283898312368599,0.00125015810688134,0.00265656217742022,0.00559857990847635
"580",29.45,0.00281731347347457,0.00123984925180604,0.00263608629796077,0.00556325751818593
"581",29.5,0.00279575853459475,0.00122960970684255,0.00261572252404774,0.00552799376744509
"582",29.55,0.00277431837499802,0.0012194391831901,0.00259547084189953,0.005492791190885
"583",29.6,0.00275299305121894,0.00120933739118324,0.00257533122796332,0.00545765228113231
"584",29.65,0.00273178260853116,0.00119930404032363,0.00255530364905574,0.00542257948899096
"585",29.7,0.00271068708110262,0.00118933883931147,0.00253538806250263,0.00538757522363084
"586",29.75,0.0026897064921501,0.00117944149607664,0.00251558441627807,0.00535264185278328
"587",29.8,0.00266884085409275,0.00116961171780951,0.00249589264914247,0.00531778170294293
"588",29.85,0.00264809016870504,0.00115984921099138,0.00247631269077997,0.00528299705957611
"589",29.9,0.00262745442726872,0.00115015368142469,0.00245684446193488,0.00524829016733529
"590",29.95,0.00260693361072403,0.0011405248342628,0.00243748787454737,0.00521366323027946
"591",30,0.00258652768982003,0.00113096237403955,0.0024182428318882,0.00517911841210042
"592",30.05,0.00256623662526409,0.00112146600469843,0.00239910922869267,0.00514465783635453
"593",30.1,0.00254606036787047,0.00111203542962148,0.00238008695129364,0.00511028358669993
"594",30.15,0.00252599885870808,0.00110267035165784,0.00236117587775371,0.00507599770713904
"595",30.2,0.00250605202924723,0.00109337047315202,0.00234237587799649,0.00504180220226603
"596",30.25,0.00248621980150561,0.00108413549597184,0.00232368681393693,0.00500769903751923
"597",30.3,0.00246650208819327,0.00107496512153605,0.00230510853961083,0.00497369013943819
"598",30.35,0.0024468987928567,0.00106585905084169,0.00228664090130339,0.00493977739592538
"599",30.4,0.00242740981002195,0.00105681698449107,0.00226828373767683,0.00490596265651213
"600",30.45,0.00240803502533684,0.00104783862271849,0.00225003687989714,0.00487224773262887
"601",30.5,0.00238877431571218,0.00103892366541667,0.00223190015175985,0.00483863439787935
"602",30.55,0.00236962754946211,0.00103007181216284,0.0022138733698149,0.00480512438831876
"603",30.6,0.00235059458644332,0.00102128276224455,0.00219595634349056,0.00477171940273557
"604",30.65,0.00233167527819344,0.00101255621468519,0.00217814887521639,0.00473842110293688
"605",30.7,0.0023128694680684,0.00100389186826918,0.00216045076054532,0.00470523111403726
"606",30.75,0.00229417699137872,0.000995289421566881,0.00214286178827469,0.00467215102475077
"607",30.8,0.00227559767552495,0.000986748572959249,0.00212538174056636,0.00463918238768609
"608",30.85,0.00225713134013199,0.00097826902066213,0.00210801039306595,0.00460632671964461
"609",30.9,0.00223877779718238,0.00096985046275031,0.00209074751502096,0.0045735855019214
"610",30.95,0.00222053685114873,0.000961492597181258,0.00207359286939806,0.00454096018060866
"611",31,0.00220240829912496,0.000953195121818589,0.00205654621299938,0.00450845216690192
"612",31.05,0.00218439193095662,0.000944957734455229,0.00203960729657774,0.00447606283740844
"613",31.1,0.00216648752937009,0.000936780132836311,0.00202277586495104,0.00444379353445799
"614",31.15,0.00214869487010084,0.000928662014681778,0.0020060516571156,0.00441164556641563
"615",31.2,0.00213101372202063,0.000920603077708706,0.00198943440635853,0.0043796202079966
"616",31.25,0.00211344384726355,0.000912603019653344,0.00197292384036911,0.00434771870058293
"617",31.3,0.00209598500135121,0.000904661538292886,0.00195651968134924,0.00431594225254187
"618",31.35,0.00207863693331673,0.000896778331466957,0.00194022164612284,0.00428429203954592
"619",31.4,0.00206139938582774,0.000888953097098827,0.00192402944624434,0.0042527692048943
"620",31.45,0.00204427209530826,0.000881185533216348,0.00190794278810609,0.00422137485983577
"621",31.5,0.00202725479205967,0.000873475337972634,0.0018919613730449,0.00419011008389279
"622",31.55,0.00201034720038044,0.000865822209666449,0.00187608489744751,0.00415897592518669
"623",31.6,0.00199354903868489,0.000858225846762342,0.00186031305285512,0.0041279734007639
"624",31.65,0.00197686001962094,0.000850685947910507,0.00184464552606688,0.00409710349692314
"625",31.7,0.00196027985018664,0.000843202211966391,0.00182908199924246,0.00406636716954329
"626",31.75,0.00194380823184579,0.000835774338010016,0.0018136221500036,0.00403576534441207
"627",31.8,0.00192744486064241,0.000828402025365066,0.0017982656515347,0.00400529891755524
"628",31.85,0.00191118942731416,0.000821084973617691,0.00178301217268239,0.00397496875556628
"629",31.9,0.0018950416174047,0.00081382288263506,0.0017678613780541,0.00394477569593647
"630",31.95,0.00187900111137493,0.000806615452583666,0.00175281292811578,0.00391472054738524
"631",32,0.00186306758471328,0.000799462383947361,0.00173786647928841,0.00388480409019074
"632",32.05,0.00184724070804479,0.000792363377545156,0.0017230216840438,0.00385502707652053
"633",32.1,0.00183152014723923,0.000785318134548739,0.00170827819099915,0.00382539023076213
"634",32.15,0.00181590556351806,0.000778326356499778,0.00169363564501086,0.00379589424985369
"635",32.2,0.00180039661356045,0.000771387745326955,0.00167909368726719,0.00376653980361435
"636",32.25,0.00178499294960805,0.000764502003362747,0.00166465195538004,0.00373732753507438
"637",32.3,0.00176969421956893,0.000757668833359982,0.00165031008347576,0.00370825806080501
"638",32.35,0.00175450006712019,0.000750887938508137,0.00163606770228494,0.00367933197124778
"639",32.4,0.00173941013180977,0.000744159022449397,0.00162192443923127,0.00365054983104347
"640",32.45,0.001724424049157,0.000737481789294478,0.00160787991851947,0.00362191217936041
"641",32.5,0.00170954145075218,0.000730855943638194,0.00159393376122214,0.00359341953022209
"642",32.55,0.0016947619643551,0.000724281190574818,0.0015800855853658,0.00356507237283415
"643",32.6,0.00168008521399251,0.000717757235713176,0.00156633500601585,0.0035368711719105
"644",32.65,0.00166551082005449,0.00071128378519153,0.0015526816353607,0.00350881636799859
"645",32.7,0.00165103839938981,0.000704860545692213,0.00153912508279479,0.00348090837780381
"646",32.75,0.00163666756540027,0.000698487224456044,0.00152566495500085,0.00345314759451274
"647",32.8,0.00162239792813395,0.000692163529296509,0.00151230085603103,0.00342553438811554
"648",32.85,0.0016082290943774,0.000685889168613718,0.00149903238738728,0.00339806910572705
"649",32.9,0.00159416066774686,0.000679663851408131,0.00148585914810061,0.00337075207190678
"650",32.95,0.00158019224877837,0.000673487287294062,0.00147278073480953,0.00334358358897766
"651",33,0.00156632343501699,0.000667359186512978,0.00145979674183758,0.00331656393734348
"652",33.05,0.00155255382110473,0.000661279259946539,0.00144690676126984,0.00328969337580496
"653",33.1,0.00153888299886775,0.000655247219129455,0.00143411038302857,0.00326297214187444
"654",33.15,0.00152531055740237,0.000649262776262115,0.00142140719494796,0.0032364004520891
"655",33.2,0.00151183608316006,0.00064332564422299,0.00140879678284794,0.00320997850232268
"656",33.25,0.0014984591600315,0.000637435536580837,0.00139627873060705,0.00318370646809559
"657",33.3,0.00148517936942957,0.000631592167606673,0.00138385262023446,0.00315758450488352
"658",33.35,0.00147199629037136,0.000625795252285566,0.00137151803194107,0.00313161274842431
"659",33.4,0.00145890949955919,0.000620044506328182,0.00135927454420971,0.00310579131502315
"660",33.45,0.00144591857146057,0.000614339646182151,0.00134712173386445,0.00308012030185607
"661",33.5,0.00143302307838729,0.000608680389043222,0.00133505917613901,0.00305459978727163
"662",33.55,0.00142022259057338,0.000603066452866198,0.00132308644474433,0.0030292298310908
"663",33.6,0.00140751667625223,0.000597497556375694,0.00131120311193524,0.00300401047490499
"664",33.65,0.0013949049017326,0.000591973419076673,0.00129940874857621,0.00297894174237223
"665",33.7,0.00138238683147376,0.000586493761264791,0.00128770292420634,0.0029540236395113
"666",33.75,0.00136996202815965,0.000581058304036549,0.00127608520710339,0.00292925615499409
"667",33.8,0.00135763005277198,0.000575666769299234,0.00126455516434698,0.0029046392604358
"668",33.85,0.00134539046466253,0.000570318879780684,0.001253112361881,0.00288017291068324
"669",33.9,0.00133324282162437,0.000565014359038845,0.00124175636457505,0.00285585704410098
"670",33.95,0.00132118667996219,0.00055975293147115,0.00123048673628517,0.00283169158285556
"671",34,0.00130922159456169,0.000554534322323696,0.00121930303991365,0.00280767643319741
"672",34.05,0.00129734711895803,0.000549358257700237,0.00120820483746801,0.00278381148574081
"673",34.1,0.00128556280540333,0.000544224464570998,0.00119719169011924,0.0027600966157416
"674",34.15,0.0012738682049333,0.000539132670781294,0.00118626315825906,0.00273653168337275
"675",34.2,0.00126226286743287,0.00053408260505997,0.00117541880155657,0.00271311653399771
"676",34.25,0.00125074634170099,0.000529073997027664,0.00116465817901391,0.00268985099844156
"677",34.3,0.00123931817551449,0.000524106577204877,0.00115398084902119,0.0026667348932599
"678",34.35,0.00122797791569102,0.000519180077019881,0.00114338636941066,0.0026437680210055
"679",34.4,0.00121672510815109,0.000514294228816435,0.00113287429751001,0.00262095017049263
"680",34.45,0.00120555929797933,0.000509448765861341,0.00112244419019497,0.00259828111705919
"681",34.5,0.00119448002948468,0.000504643422351811,0.001112095603941,0.00257576062282643
"682",34.55,0.0011834868462599,0.000499877933422671,0.00110182809487436,0.00255338843695639
"683",34.6,0.00117257929124002,0.000495152035153394,0.00109164121882228,0.00253116429590704
"684",34.65,0.00116175690676013,0.00049046546457496,0.00108153453136247,0.00250908792368499
"685",34.7,0.00115101923461211,0.000485817959676552,0.00107150758787176,0.00248715903209593
"686",34.75,0.00114036581610066,0.000481209259412085,0.00106155994357409,0.00246537732099262
"687",34.8,0.0011297961920984,0.000476639103706573,0.00105169115358772,0.00244374247852059
"688",34.85,0.00111930990310015,0.000472107233462326,0.00104190077297165,0.00242225418136134
"689",34.9,0.00110890648927644,0.000467613390564994,0.00103218835677137,0.00240091209497323
"690",34.95,0.00109858549052608,0.000463157317889448,0.00102255346006386,0.00237971587382996
"691",35,0.00108834644652798,0.000458738759305501,0.00101299563800183,0.00235866516165659
"692",35.05,0.00107818889679217,0.000454357459683478,0.00100351444585734,0.00233775959166322
"693",35.1,0.00106811238070997,0.000450013164899622,0.00099410943906456,0.00231699878677617
"694",35.15,0.00105811643760338,0.000445705621841356,0.000984780173261984,0.0022963823598668
"695",35.2,0.00104820060677368,0.000441434578412384,0.000975526204333811,0.00227590991397789
"696",35.25,0.00103836442754922,0.000437199783537651,0.000966347088450727,0.00225558104254756
"697",35.3,0.00102860743933245,0.000433000987168144,0.00095724238210994,0.00223539532963084
"698",35.35,0.00101892918164621,0.000428837940285556,0.000948211642174568,0.00221535235011871
"699",35.4,0.00100932919417914,0.000424710394906791,0.000939254425912331,0.00219545166995481
"700",35.45,0.000999807016830446,0.000420618104088336,0.000930370291033581,0.00217569284634962
"701",35.5,0.000990362189753872,0.000416560821930487,0.00092155879572867,0.00215607542799234
"702",35.55,0.000980994253400899,0.000412538303581431,0.000912819498704663,0.00213659895526023
"703",35.6,0.000971702748563216,0.000408550305241184,0.000904151959221379,0.00211726296042555
"704",35.65,0.000962487216414481,0.000404596584165401,0.000895555737126818,0.00209806696786019
"705",35.7,0.000953347198551316,0.000400676898669043,0.000887030392891922,0.00207901049423771
"706",35.75,0.000944282237033617,0.000396791008129907,0.000878575487644717,0.00206009304873314
"707",35.8,0.000935291874424088,0.000392938672992015,0.000870190583203807,0.00204131413322022
"708",35.85,0.00092637565382717,0.000389119654768898,0.000861875242111287,0.00202267324246638
"709",35.9,0.000917533118927155,0.000385333716046707,0.000853629027664991,0.00200416986432526
"710",35.95,0.000908763814025672,0.00038158062048723,0.000845451503950165,0.00198580347992681
"711",36,0.000900067284078475,0.000377860132830761,0.000837342235870516,0.00196757356386509
"712",36.05,0.000891443074731525,0.000374172018898848,0.000829300789178677,0.00194947958438363
"713",36.1,0.00088289073235643,0.000370516045596916,0.000821326730506073,0.00193152100355848
"714",36.15,0.000874409804085189,0.000366891980916763,0.000813419627392199,0.00191369727747888
"715",36.2,0.000865999837844285,0.000363299593938932,0.000805579048313319,0.00189600785642553
"716",36.25,0.000857660382388121,0.000359738654834972,0.000797804562710598,0.00187845218504666
"717",36.3,0.000849390987331806,0.000356208934869559,0.000790095741017652,0.00186102970253165
"718",36.35,0.000841191203183303,0.000352710206402526,0.00078245215468755,0.00184373984278238
"719",36.4,0.000833060581374933,0.000349242242890743,0.000774873376219247,0.00182658203458225
"720",36.45,0.000824998674294245,0.000345804818889909,0.000767358979183466,0.00180955570176296
"721",36.5,0.000817005035314291,0.000342397710056219,0.000759908538248054,0.00179266026336894
"722",36.55,0.000809079218823244,0.000339020693147908,0.000752521629202772,0.00177589513381957
"723",36.6,0.000801220780253431,0.000335673546026704,0.000745197828983567,0.0017592597230691
"724",36.65,0.000793429276109771,0.000332356047659149,0.000737936715696314,0.00174275343676429
"725",36.7,0.000785704263997586,0.000329067978117832,0.000730737868640042,0.00172637567639995
"726",36.75,0.000778045302649842,0.000325809118582489,0.00072360086832962,0.00171012583947207
"727",36.8,0.000770451951953809,0.000322579251341025,0.00071652529651797,0.0016940033196289
"728",36.85,0.000762923772977119,0.000319378159790406,0.000709510736217738,0.00167800750681977
"729",36.9,0.000755460327993283,0.000316205628437463,0.00070255677172249,0.0016621377874417
"730",36.95,0.000748061180506628,0.000313061442899586,0.000695662988627408,0.00164639354448389
"731",37,0.000740725895276666,0.000309945389905321,0.000688828973849493,0.00163077415767009
"732",37.05,0.000733454038341916,0.000306857257294859,0.000682054315647283,0.00161527900359868
"733",37.1,0.000726245177043202,0.000303796834020444,0.000675338603640123,0.00159990745588085
"734",37.15,0.000719098880046375,0.000300763910146657,0.000668681428826911,0.00158465888527649
"735",37.2,0.000712014717364524,0.000297758276850633,0.000662082383604436,0.00156953265982804
"736",37.25,0.000704992260379648,0.000294779726422157,0.000655541061785207,0.00155452814499232
"737",37.3,0.000698031081863828,0.00029182805226369,0.000649057058614867,0.00153964470377021
"738",37.35,0.000691130755999843,0.00028890304889028,0.000642629970789123,0.00152488169683436
"739",37.4,0.000684290858401316,0.000286004511929401,0.00063625939647026,0.00151023848265478
"740",37.45,0.000677510966132342,0.000283132238120693,0.000629944935303203,0.00149571441762254
"741",37.5,0.000670790657726604,0.000280286025315608,0.000623686188431134,0.00148130885617133
"742",37.55,0.000664129513206029,0.000277465672476987,0.00061748275851072,0.00146702115089717
"743",37.6,0.000657527114098935,0.000274670979678529,0.000611334249726871,0.00145285065267606
"744",37.65,0.0006509830434577,0.00027190174810419,0.000605240267807114,0.0014387967107797
"745",37.7,0.000644496885875967,0.000269157780047491,0.000599200420035537,0.00142485867298932
"746",37.75,0.000638068227505378,0.000266438878910748,0.000593214315266342,0.00141103588570756
"747",37.8,0.000631696656071847,0.000263744849204219,0.000587281563936978,0.00139732769406847
"748",37.85,0.000625381760891372,0.00026107549654517,0.000581401778080897,0.00138373344204557
"749",37.9,0.000619123132885405,0.000258430627656858,0.000575574571339898,0.00137025247255814
"750",37.95,0.000612920364595761,0.000255810050367443,0.000569799558976093,0.00135688412757558
"751",38,0.000606773050199127,0.00025321357360883,0.000564076357883517,0.00134362774822002
"752",38.05,0.000600680785521077,0.000250641007415406,0.000558404586599299,0.00133048267486699
"753",38.1,0.000594643168049732,0.000248092162922745,0.000552783865314547,0.00131744824724445
"754",38.15,0.000588659796948927,0.0002455668523662,0.000547213815884774,0.00130452380452994
"755",38.2,0.000582730273071024,0.000243064889079455,0.000541694061840055,0.001291708685446
"756",38.25,0.00057685419896926,0.000240586087492972,0.000536224228394737,0.0012790022283538
"757",38.3,0.000571031178909744,0.000238130263132414,0.000530803942456882,0.00126640377134516
"758",38.35,0.000565260818882998,0.000235697232616944,0.00052543283263729,0.00125391265233272
"759",38.4,0.000559542726615166,0.000233286813657512,0.000520110529258244,0.00124152820913854
"760",38.45,0.000553876511578763,0.000230898825055022,0.000514836664361853,0.00122924977958091
"761",38.5,0.000548261785003114,0.000228533086698482,0.000509610871718129,0.00121707670155966
"762",38.55,0.000542698159884354,0.000226189419563056,0.000504432786832681,0.00120500831313963
"763",38.6,0.000537185250995092,0.000223867645708063,0.000499302046954111,0.0011930439526327
"764",38.65,0.000531722674893691,0.000221567588274917,0.000494218291081093,0.00118118295867811
"765",38.7,0.000526310049933203,0.000219289071485008,0.000489181159969136,0.00116942467032127
"766",38.75,0.000520946996269912,0.000217031920637508,0.000484190296137023,0.00115776842709092
"767",38.8,0.000515633135871566,0.000214795962107133,0.000479245343872962,0.00114621356907477
"768",38.85,0.000510368092525235,0.000212581023341842,0.000474345949240432,0.00113475943699367
"769",38.9,0.000505151491844847,0.00021038693286048,0.000469491760083735,0.00112340537227416
"770",38.95,0.000499982961278344,0.000208213520250353,0.000464682426033232,0.00111215071711957
"771",39,0.000494862130114577,0.00020606061616477,0.000459917598510344,0.00110099481457971
"772",39.05,0.000489788629489804,0.000203928052320508,0.000455196930732203,0.00108993700861892
"773",39.1,0.000484762092393918,0.000201815661495248,0.000450520077716096,0.00107897664418287
"774",39.15,0.000479782153676306,0.000199723277524926,0.000445886696283555,0.00106811306726376
"775",39.2,0.000474848450051465,0.000197650735301072,0.000441296445064265,0.0010573456249643
"776",39.25,0.000469960620104225,0.000195597870768059,0.000436748984499616,0.00104667366556005
"777",39.3,0.000465118304294749,0.000193564520920339,0.000432243976846067,0.00103609653856059
"778",39.35,0.000460321144963182,0.000191550523799604,0.00042778108617821,0.00102561359476926
"779",39.4,0.000455568786334031,0.000189555718491912,0.000423359978391596,0.0010152241863415
"780",39.45,0.000450860874520242,0.000187579945124765,0.000418980321205301,0.00100492766684197
"781",39.5,0.000446197057526991,0.000185623044864132,0.000414641784164252,0.000994723391300213
"782",39.55,0.000441576985255232,0.000183684859911452,0.000410344038641328,0.000984610716265224
"783",39.6,0.000437000309504905,0.000181765233500558,0.000406086757839182,0.000974588999858529
"784",39.65,0.000432466683977926,0.000179864009894589,0.000401869616791868,0.000964657601826145
"785",39.7,0.000427975764280887,0.000177981034382841,0.000397692292366222,0.000954815883589253
"786",39.75,0.000423527207927499,0.000176116153277588,0.000393554463263014,0.000945063208293631
"787",39.8,0.000419120674340773,0.000174269213910856,0.000389455810017883,0.000935398940857886
"788",39.85,0.000414755824854962,0.000172440064631162,0.000385396015002059,0.000925822448020509
"789",39.9,0.000410432322717217,0.000170628554800205,0.000381374762422844,0.000916333098385691
"790",39.95,0.000406149833089045,0.000168834534789538,0.000377391738323919,0.000906930262468048
"791",40,0.000401908023047492,0.00016705785597718,0.000373446630585411,0.00089761331273615
"792",40.05,0.0003977065615861,0.000165298370744215,0.000369539128923777,0.00088838162365494
"793",40.1,0.000393545119615634,0.000163555932471338,0.000365668924891479,0.000879234571727029
"794",40.15,0.000389423369964568,0.000161830395535371,0.000361835711876454,0.00087017153553287
"795",40.2,0.000385340987379365,0.000160121615305755,0.000358039185101411,0.000861191895769899
"796",40.25,0.00038129764852451,0.000158429448140995,0.000354279041622911,0.000852295035290531
"797",40.3,0.000377293031982352,0.000156753751385085,0.000350554980330285,0.000843480339139175
"798",40.35,0.000373326818252721,0.000155094383363893,0.000346866701944361,0.000834747194588176
"799",40.4,0.000369398689752331,0.000153451203381524,0.000343213909016,0.000826094991172715
"800",40.45,0.000365508330813978,0.000151824071716644,0.000339596305924467,0.000817523120724719
"801",40.5,0.000361655427685553,0.000150212849618783,0.000336013598875633,0.000809030977405795
"802",40.55,0.000357839668528821,0.000148617399304604,0.000332465495899981,0.000800617957739121
"803",40.6,0.000354060743418053,0.000147037583954152,0.000328951706850485,0.000792283460640453
"804",40.65,0.000350318344338427,0.00014547326770707,0.000325471943400298,0.00078402688744813
"805",40.7,0.00034661216518426,0.00014392431565879,0.000322025919040277,0.000775847641952131
"806",40.75,0.000342941901757048,0.000142390593856698,0.000318613349076363,0.000767745130422241
"807",40.8,0.00033930725176334,0.000140871969296284,0.000315233950626811,0.000759718761635312
"808",40.85,0.000335707914812414,0.000139368309917255,0.000311887442619253,0.000751767946901587
"809",40.9,0.000332143592413799,0.000137879484599629,0.00030857354578762,0.000743892100090188
"810",40.95,0.00032861398797462,0.000136405363159817,0.000305291982668927,0.000736090637653717
"811",41,0.00032511880679676,0.000134945816346663,0.000302042477599892,0.000728362978651981
"812",41.05,0.000321657756073899,0.000133500715837489,0.000298824756713451,0.000720708544774939
"813",41.1,0.00031823054488835,0.000132069934234096,0.000295638547935108,0.000713126760364763
"814",41.15,0.000314836884207762,0.000130653345058758,0.000292483580979158,0.000705617052437101
"815",41.2,0.000311476486881659,0.000129250822750192,0.000289359587344781,0.000698178850701549
"816",41.25,0.000308149067637841,0.000127862242659517,0.000286266300312014,0.000690811587581328
"817",41.3,0.000304854343078624,0.000126487481046187,0.000283203454937588,0.000683514698232203
"818",41.35,0.000301592031676951,0.000125126415073911,0.000280170788050654,0.000676287620560621
"819",41.4,0.000298361853772342,0.000123778922806558,0.000277168038248369,0.000669129795241091
"820",41.45,0.000295163531566723,0.000122444883204039,0.000274194945891387,0.000662040665732858
"821",41.5,0.000291996789120114,0.000121124176118186,0.000271251253099224,0.000655019678295831
"822",41.55,0.000288861352346178,0.000119816682288603,0.000268336703745506,0.000648066282005791
"823",41.6,0.000285756949007669,0.000118522283338517,0.000265451043453131,0.00064117992876895
"824",41.65,0.000282683308711704,0.000117240861770602,0.000262594019589289,0.000634360073335738
"825",41.7,0.000279640162904957,0.0001159723009628,0.000259765381260402,0.00062760617331398
"826",41.75,0.000276627244868721,0.000114716485164127,0.000256964879306968,0.000620917689181413
"827",41.8,0.000273644289713823,0.00011347329949046,0.000254192266298264,0.000614294084297457
"828",41.85,0.000270691034375483,0.000112242629920336,0.000251447296527023,0.000607734824914508
"829",41.9,0.000267767217607995,0.000111024363290704,0.000248729726003937,0.000601239380188428
"830",41.95,0.000264872579979346,0.000109818387292706,0.000246039312452128,0.000594807222188536
"831",42,0.000262006863865697,0.000108624590467415,0.000243375815301489,0.00058843782590692
"832",42.05,0.000259169813445797,0.000107442862201592,0.000240738995682975,0.000582130669267229
"833",42.1,0.000256361174695241,0.000106273092723412,0.000238128616422765,0.000575885233132778
"834",42.15,0.00025358069538069,0.000105115173098201,0.000235544442036386,0.000569701001314182
"835",42.2,0.000250828125053946,0.000103968995224151,0.000232986238722714,0.000563577460576345
"836",42.25,0.00024810321504595,0.000102834451828037,0.000230453774357927,0.00055751410064494
"837",42.3,0.000245405718460697,0.000101711436460922,0.000227946818489362,0.000551510414212328
"838",42.35,0.000242735390169053,0.000100599843493865,0.000225465142329315,0.000545565896942961
"839",42.4,0.000240091986802479,9.9499568113614e-05,0.000223008518748747,0.000539680047478229
"840",42.45,0.000237475266746679,9.84105063182988e-05,0.000220576722270937,0.000533852367440833
"841",42.5,0.000234884990135169,9.73325549131189e-05,0.000218169529065056,0.000528082361438622
"842",42.55,0.000232320918842752,9.626561150603e-05,0.000215786716939686,0.000522369537067969
"843",42.6,0.000229782816478937,9.52095745034244e-05,0.000213428065336264,0.00051671340491664
"844",42.65,0.00022727044838125,9.41643431058053e-05,0.000211093355322458,0.000511113478566176
"845",42.7,0.000224783581608506,9.31298173034669e-05,0.000208782369585502,0.000505569274593857
"846",42.75,0.000222321984933984,9.21058978721638e-05,0.000206494892425452,0.000500080312574153
"847",42.8,0.000219885428838557,9.10924863687893e-05,0.000204230709748407,0.000494646115079798
"848",42.85,0.000217473685503728,9.00894851270396e-05,0.000201989609059645,0.00048926620768235
"849",42.9,0.000215086528804623,8.90967972530884e-05,0.000199771379456737,0.000483940118952385
"850",42.95,0.000212723734302907,8.81143266212549e-05,0.000197575811622587,0.000478667380459233
"851",43,0.000210385079239643,8.71419778696718e-05,0.000195402697818428,0.00047344752677031
"852",43.05,0.000208070342528105,8.61796563959618e-05,0.000193251831876783,0.000468280095450088
"853",43.1,0.000205779304746521,8.52272683529064e-05,0.000191123009194367,0.000463164627058622
"854",43.15,0.000203511748130743,8.42847206441132e-05,0.000189016026724929,0.00045810066514968
"855",43.2,0.000201267456566914,8.33519209197001e-05,0.000186930682972094,0.000453087756268576
"856",43.25,0.000199046215584031,8.24287775719649e-05,0.000184866777982122,0.000448125449949548
"857",43.3,0.000196847812346499,8.151519973107e-05,0.000182824113336652,0.00044321329871284
"858",43.35,0.000194672035646602,8.06110972607187e-05,0.000180802492145391,0.000438350858061368
"859",43.4,0.000192518675896961,7.9716380753845e-05,0.000178801719038782,0.000433537686477105
"860",43.45,0.000190387525122921,7.88309615282988e-05,0.000176821600160623,0.00042877334541708
"861",43.5,0.000188278376954919,7.79547516225423e-05,0.000174861943160667,0.000424057399309081
"862",43.55,0.000186191026620803,7.7087663791349e-05,0.000172922557187186,0.00041938941554704
"863",43.6,0.000184125270938093,7.62296115014979e-05,0.000171003252879486,0.000414768964486039
"864",43.65,0.000182080908306228,7.53805089274848e-05,0.000169103842360414,0.000410195619437087
"865",43.7,0.000180057738698789,7.45402709472381e-05,0.000167224139228842,0.000405668956661583
"866",43.75,0.000178055563655642,7.37088131378295e-05,0.0001653639585521,0.00040118855536543
"867",43.8,0.000176074186275091,7.28860517712006e-05,0.0001635231168584,0.000396753997692924
"868",43.8500000000001,0.00017411341120599,7.20719038098956e-05,0.000161701432129246,0.000392364868720354
"869",43.9,0.000172173044639816,7.12662869027963e-05,0.000159898723791803,0.000388020756449312
"870",43.95,0.000170252894302709,7.04691193808598e-05,0.00015811481271124,0.000383721251799712
"871",44,0.000168352769447518,6.96803202528781e-05,0.000156349521183087,0.000379465948602636
"872",44.05,0.000166472480845781,6.88998092012304e-05,0.000154602672925543,0.000375254443592838
"873",44.1,0.000164611840779715,6.81275065776514e-05,0.000152874093071774,0.000371086336401057
"874",44.15,0.000162770663034162,6.73633333990045e-05,0.000151163608162205,0.000366961229546064
"875",44.2,0.000160948762888522,6.66072113430631e-05,0.000149471046136783,0.000362878728426482
"876",44.25,0.000159145957108671,6.58590627443016e-05,0.000147796236327232,0.000358838441312382
"877",44.3,0.000157362063938858,6.51188105896979e-05,0.000146139009449312,0.000354839979336669
"878",44.35,0.000155596903093582,6.43863785145395e-05,0.000144499197595038,0.00035088295648623
"879",44.4,0.00015385029574945,6.36616907982399e-05,0.000142876634224903,0.000346966989592869
"880",44.4500000000001,0.000152122064537045,6.2944672360172e-05,0.000141271154160105,0.000343091698324085
"881",44.5,0.000150412033532748,6.22352487555029e-05,0.000139682593574744,0.000339256705173604
"882",44.55,0.000148720028250565,6.15333461710391e-05,0.000138110789988022,0.000335461635451718
"883",44.6,0.000147045875633949,6.08388914210894e-05,0.000136555582256441,0.000331706117275481
"884",44.6500000000001,0.0001453894040476,6.01518119433295e-05,0.000135016810565987,0.000327989781558669
"885",44.6999999999999,0.00014375044326928,5.94720357946895e-05,0.000133494316424333,0.000324312262001637
"886",44.75,0.000142128824481567,5.87994916472302e-05,0.00013198794265299,0.000320673195080882
"887",44.8,0.000140524380263689,5.81341087840632e-05,0.000130497533379527,0.000317072220038608
"888",44.85,0.000138936944583272,5.74758170952517e-05,0.000129022934029728,0.000313508978871978
"889",44.9,0.000137366352788121,5.68245470737374e-05,0.000127563991319771,0.000309983116322278
"890",44.9500000000001,0.000135812441598008,5.61802298112827e-05,0.000126120553248429,0.000306494279863951
"891",45,0.000134275049096442,5.55427969944184e-05,0.000124692469089245,0.000303042119693451
"892",45.05,0.000132754014722432,5.49121809004011e-05,0.000123279589382713,0.000299626288717941
"893",45.1000000000001,0.000131249179262267,5.42883143931909e-05,0.000121881765928477,0.000296246442543892
"894",45.15,0.000129760384841302,5.36711309194405e-05,0.000120498851777531,0.000292902239465554
"895",45.2000000000001,0.000128287474915718,5.30605645044894e-05,0.000119130701224413,0.000289593340453245
"896",45.25,0.000126830294264315,5.24565497483822e-05,0.000117777169799417,0.000286319409141583
"897",45.3,0.000125388688980292,5.18590218218882e-05,0.000116438114260806,0.000283080111817539
"898",45.35,0.000123962506463042,5.12679164625469e-05,0.000115113392587036,0.000279875117408431
"899",45.4,0.000122551595409955,5.06831699707213e-05,0.000113802863968998,0.000276704097469789
"900",45.4500000000001,0.000121155805808201,5.01047192056563e-05,0.000112506388802237,0.000273566726173063
"901",45.5,0.000119774988926576,4.95325015815724e-05,0.000111223828679233,0.000270462680293339
"902",45.55,0.000118408997307291,4.89664550637481e-05,0.000109955046381638,0.000267391639196829
"903",45.6,0.000117057684757819,4.84065181646347e-05,0.000108699905872563,0.000264353284828362
"904",45.65,0.00011572090634274,4.78526299399819e-05,0.000107458272288869,0.000261347301698761
"905",45.7,0.000114398518375581,4.73047299849705e-05,0.000106230011933456,0.0002583733768721
"906",45.75,0.000113090378410688,4.67627584303668e-05,0.000105014992267584,0.000255431199952915
"907",45.8,0.000111796345235103,4.62266559386908e-05,0.000103813081903196,0.000252520463073327
"908",45.85,0.000110516278860457,4.56963637003996e-05,0.000102624150595276,0.000249640860880097
"909",45.9,0.000109250040514868,4.51718234300802e-05,0.000101448069234185,0.000246792090521571
"910",45.95,0.000107997492634865,4.46529773626653e-05,0.000100284709838053,0.000243973851634608
"911",46,0.000106758498857329,4.41397682496611e-05,9.91339455451699e-05,0.000241185846331418
"912",46.05,0.000105532924011431,4.36321393553883e-05,9.79956506063868e-05,0.000238427779186327
"913",46.1,0.000104320634110615,4.31300344532417e-05,9.686970037755e-05,0.000235699357222508
"914",46.15,0.000103121496344578,4.26333978219666e-05,9.57559713119504e-05,0.000233000289898649
"915",46.2,0.000101935379071272,4.21421742419434e-05,9.46543409527775e-05,0.000230330289095543
"916",46.25,0.000100762151808935,4.16563089915004e-05,9.35646879256193e-05,0.000227689069102682
"917",46.3,9.96016852281253e-05,4.11757478432292e-05,9.24868919309557e-05,0.000225076346604749
"918",46.3500000000001,9.84538511437929e-05,4.07004370603269e-05,9.14208337366917e-05,0.000222491840668102
"919",46.4000000000001,9.73185225073606e-05,4.02303233929494e-05,9.03663951707055e-05,0.00021993527272722
"920",46.4499999999999,9.61955733988269e-05,3.97653540745803e-05,8.93234591134137e-05,0.00021740636657108
"921",46.5,9.5084879018886e-05,3.93054768184145e-05,8.82919094903567e-05,0.000214904848329509
"922",46.5500000000001,9.3986315681093e-05,3.88506398137687e-05,8.72716312648284e-05,0.000212430446459553
"923",46.5999999999999,9.28997608040317e-05,3.84007917224983e-05,8.62625104305092e-05,0.000209982891731767
"924",46.65,9.18250929034884e-05,3.79558816754248e-05,8.52644340041069e-05,0.00020756191721644
"925",46.7,9.0762191584705e-05,3.75158592688029e-05,8.42772900180728e-05,0.000205167258269927
"926",46.75,8.97109375345958e-05,3.70806745607784e-05,8.3300967513287e-05,0.000202798652520814
"927",46.8,8.8671212514027e-05,3.66502780678797e-05,8.23353565318019e-05,0.00020045583985616
"928",46.85,8.76428993501075e-05,3.62246207615192e-05,8.13803481095995e-05,0.00019813856240768
"929",46.9,8.66258819285112e-05,3.5803654064515e-05,8.04358342693784e-05,0.000195846564537936
"930",46.95,8.56200451858181e-05,3.53873298476258e-05,7.95017080133617e-05,0.000193579592826496
"931",47.0000000000001,8.46252751018825e-05,3.49756004261036e-05,7.85778633161294e-05,0.000191337396056082
"932",47.0499999999999,8.36414586922492e-05,3.45684185562721e-05,7.76641951174985e-05,0.000189119725198764
"933",47.0999999999999,8.26684840005508e-05,3.41657374321026e-05,7.67605993153877e-05,0.000186926333402042
"934",47.1500000000001,8.1706240090987e-05,3.37675106818305e-05,7.58669727587577e-05,0.000184756975975045
"935",47.1999999999999,8.07546170408042e-05,3.33736923645764e-05,7.49832132405553e-05,0.000182611410374668
"936",47.25,7.9813505932783e-05,3.29842369669769e-05,7.4109219490665e-05,0.000180489396191666
"937",47.2999999999999,7.88827988478122e-05,3.2599099399856e-05,7.32448911689435e-05,0.000178390695136879
"938",47.35,7.79623888574207e-05,3.22182349948849e-05,7.23901288582156e-05,0.000176315071027298
"939",47.3999999999999,7.70521700164138e-05,3.1841599501289e-05,7.1544834057369e-05,0.000174262289772314
"940",47.4499999999999,7.61520373554665e-05,3.14691490825444e-05,7.07089091744105e-05,0.000172232119359808
"941",47.5000000000001,7.52618868738017e-05,3.11008403131118e-05,6.98822575196018e-05,0.00017022432984237
"942",47.55,7.43816155318831e-05,3.07366301751836e-05,6.90647832986115e-05,0.000168238693323505
"943",47.6,7.35111212441145e-05,3.03764760554373e-05,6.82563916056731e-05,0.000166274983943789
"944",47.6500000000001,7.26503028716075e-05,3.0020335741822e-05,6.74569884168085e-05,0.00016433297786713
"945",47.7,7.17990602149632e-05,2.96681674203557e-05,6.66664805830657e-05,0.000162412453267009
"946",47.7499999999999,7.0957294007073e-05,2.93199296719348e-05,6.58847758237751e-05,0.000160513190312705
"947",47.8,7.01249059059727e-05,2.897558146917e-05,6.51117827198572e-05,0.000158634971155594
"948",47.8499999999999,6.93017984877315e-05,2.86350821732409e-05,6.43474107071626e-05,0.000156777579915479
"949",47.8999999999999,6.84878752393357e-05,2.82983915307535e-05,6.35915700698103e-05,0.000154940802666853
"950",47.9500000000001,6.76830405516551e-05,2.79654696706342e-05,6.28441719336014e-05,0.000153124427425302
"951",47.9999999999999,6.68871997124168e-05,2.76362771010336e-05,6.21051282594434e-05,0.000151328244133882
"952",48.0500000000001,6.61002588991872e-05,2.73107747062353e-05,6.13743518367806e-05,0.000149552044649459
"953",48.1,6.53221251724557e-05,2.69889237436123e-05,6.06517562771229e-05,0.000147795622729245
"954",48.1500000000001,6.45527064686734e-05,2.66706858405675e-05,5.99372560075305e-05,0.000146058774017174
"955",48.2,6.37919115933874e-05,2.63560229915186e-05,5.92307662641922e-05,0.000144341296030465
"956",48.2500000000001,6.30396502143639e-05,2.60448975548813e-05,5.85322030859901e-05,0.000142642988146098
"957",48.3000000000001,6.22958328547841e-05,2.57372722500867e-05,5.78414833081374e-05,0.000140963651587435
"958",48.35,6.15603708864396e-05,2.54331101546016e-05,5.71585245558127e-05,0.000139303089410778
"959",48.4000000000001,6.08331765229833e-05,2.51323747009758e-05,5.64832452378494e-05,0.000137661106492024
"960",48.4499999999999,6.01141628132193e-05,2.48350296739084e-05,5.58155645404605e-05,0.000136037509513361
"961",48.4999999999999,5.9403243634394e-05,2.45410392073187e-05,5.5155402420968e-05,0.000134432106949938
"962",48.5500000000001,5.87003336855678e-05,2.4250367781453e-05,5.45026796016045e-05,0.000132844709056667
"963",48.6000000000001,5.80053484809942e-05,2.39629802199977e-05,5.38573175633252e-05,0.000131275127855007
"964",48.6500000000001,5.73182043435303e-05,2.36788416872092e-05,5.32192385396491e-05,0.000129723177119793
"965",48.6999999999999,5.66388183980994e-05,2.33979176850682e-05,5.25883655105495e-05,0.00012818867236613
"966",48.75,5.596710856517e-05,2.31201740504432e-05,5.19646221963605e-05,0.000126671430836302
"967",48.8000000000001,5.53029935542971e-05,2.28455769522834e-05,5.1347933051742e-05,0.00012517127148678
"968",48.8499999999999,5.46463928576742e-05,2.25740928888192e-05,5.07382232596554e-05,0.000123688014975222
"969",48.8999999999999,5.39972267437202e-05,2.23056886847787e-05,5.01354187253734e-05,0.00012222148364752
"970",48.9499999999999,5.33554162507239e-05,2.20403314886326e-05,4.95394460705423e-05,0.000120771501524944
"971",48.9999999999999,5.27208831805072e-05,2.17779887698483e-05,4.89502326272648e-05,0.000119337894291293
"972",49.05,5.20935500921227e-05,2.1518628316161e-05,4.8367706432213e-05,0.000117920489280098
"973",49.1,5.14733402956043e-05,2.12622182308699e-05,4.77917962207924e-05,0.000116519115461909
"974",49.15,5.08601778457247e-05,2.10087269301399e-05,4.72224314213143e-05,0.00011513360343157
"975",49.2000000000001,5.02539875358209e-05,2.0758123140333e-05,4.66595421492297e-05,0.00011376378539562
"976",49.2499999999999,4.96546948916347e-05,2.05103758953496e-05,4.6103059201379e-05,0.000112409495159693
"977",49.3,4.90622261651892e-05,2.02654545339862e-05,4.55529140502764e-05,0.000111070568115978
"978",49.35,4.84765083287191e-05,2.0023328697318e-05,4.50090388384436e-05,0.000109746841230767
"979",49.4,4.78974690686169e-05,1.97839683260907e-05,4.44713663727596e-05,0.000108438153032015
"980",49.4500000000001,4.7325036779425e-05,1.95473436581334e-05,4.3939830118854e-05,0.000107144343596977
"981",49.5,4.67591405578668e-05,1.93134252257895e-05,4.34143641955365e-05,0.000105865254539907
"982",49.5499999999998,4.61997101969026e-05,1.90821838533606e-05,4.28949033692503e-05,0.000104600728999784
"983",49.6000000000001,4.56466761798268e-05,1.88535906545693e-05,4.23813830485648e-05,0.00010335061162811
"984",49.65,4.50999696744215e-05,1.86276170300475e-05,4.18737392787205e-05,0.000102114748576813
"985",49.7,4.45595225271017e-05,1.84042346648233e-05,4.13719087361672e-05,0.000100892987486097
"986",49.7499999999999,4.4025267257145e-05,1.81834155258449e-05,4.08758287231813e-05,9.96851774724741e-05
"987",49.7999999999998,4.34971370509168e-05,1.79651318595046e-05,4.03854371624793e-05,9.8491169116749e-05
"988",49.8499999999999,4.29750657561638e-05,1.77493561891928e-05,3.99006725918946e-05,9.73108144521446e-05
"989",49.8999999999999,4.24589878763255e-05,1.75360613128616e-05,3.94214741590725e-05,9.61439669524413e-05
"990",49.9499999999999,4.19488385648857e-05,1.73252203006068e-05,3.89477816162027e-05,9.49904815201881e-05
"991",49.9999999999999,4.14445536197577e-05,1.71168064922654e-05,3.84795353147836e-05,9.38502144749679e-05
"992",50.0500000000001,4.09460694777099e-05,1.69107934950319e-05,3.80166762004235e-05,9.27230235417295e-05
"993",50.0999999999999,4.04533232088362e-05,1.67071551810943e-05,3.75591458076851e-05,9.16087678392052e-05
"994",50.1499999999999,3.99662525110289e-05,1.65058656852736e-05,3.71068862549328e-05,9.05073078683125e-05
"995",50.2,3.94847957045318e-05,1.63068994026982e-05,3.66598402392548e-05,8.94185055007173e-05
"996",50.2499999999999,3.90088917265035e-05,1.61102309864828e-05,3.62179510313938e-05,8.8342223967399e-05
"997",50.3000000000002,3.85384801256068e-05,1.59158353454212e-05,3.57811624707045e-05,8.72783278472597e-05
"998",50.3500000000001,3.80735010566738e-05,1.57236876417114e-05,3.53494189601802e-05,8.62266830558827e-05
"999",50.4000000000001,3.76138952753548e-05,1.55337632886755e-05,3.4922665461466e-05,8.51871568342384e-05
"1000",50.4500000000002,3.71596041328432e-05,1.53460379485127e-05,3.45008474899415e-05,8.41596177375428e-05
"1001",50.4999999999999,3.67105695706245e-05,1.51604875300631e-05,3.40839111098278e-05,8.31439356241542e-05
"1002",50.55,3.62667341152419e-05,1.49770881865813e-05,3.36718029293097e-05,8.21399816444909e-05
"1003",50.6000000000002,3.58280408731325e-05,1.47958163135387e-05,3.3264470095723e-05,8.11476282300892e-05
"1004",50.6500000000001,3.53944335254741e-05,1.4616648546433e-05,3.2861860290754e-05,8.01667490826736e-05
"1005",50.7000000000002,3.49658563230616e-05,1.44395617586108e-05,3.24639217256645e-05,7.91972191632732e-05
"1006",50.7499999999998,3.45422540812501e-05,1.42645330591187e-05,3.20706031365809e-05,7.82389146814764e-05
"1007",50.8000000000001,3.41235721748873e-05,1.40915397905525e-05,3.16818537797732e-05,7.72917130846459e-05
"1008",50.8499999999998,3.37097565333426e-05,1.39205595269459e-05,3.12976234270237e-05,7.63554930473355e-05
"1009",50.9000000000002,3.33007536354929e-05,1.37515700716442e-05,3.09178623609564e-05,7.54301344605971e-05
"1010",50.9500000000001,3.2896510504828e-05,1.35845494552274e-05,3.05425213704771e-05,7.45155184215403e-05
"1011",51.0000000000001,3.24969747045153e-05,1.34194759334188e-05,3.01715517461774e-05,7.36115272227897e-05
"1012",51.0499999999998,3.21020943325526e-05,1.325632798503e-05,2.98049052758187e-05,7.27180443421249e-05
"1013",51.1000000000001,3.17118180169186e-05,1.30950843099073e-05,2.94425342398167e-05,7.1834954432103e-05
"1014",51.15,3.13260949107986e-05,1.29357238269092e-05,2.90843914067944e-05,7.09621433098377e-05
"1015",51.1999999999999,3.09448746877975e-05,1.27782256718806e-05,2.87304300291243e-05,7.00994979467374e-05
"1016",51.2499999999997,3.05681075372214e-05,1.26225691956557e-05,2.83806038385337e-05,6.92469064583835e-05
"1017",51.3000000000001,3.01957441593758e-05,1.24687339620698e-05,2.80348670417281e-05,6.84042580944381e-05
"1018",51.35,2.98277357609201e-05,1.23166997459944e-05,2.76931743160635e-05,6.7571443228662e-05
"1019",51.3999999999998,2.94640340502199e-05,1.21664465313728e-05,2.73554808052205e-05,6.67483533489204e-05
"1020",51.4499999999999,2.91045912327611e-05,1.20179545092822e-05,2.70217421149336e-05,6.59348810473121e-05
"1021",51.5000000000001,2.87493600065968e-05,1.18712040760107e-05,2.66919143087523e-05,6.51309200103663e-05
"1022",51.5499999999999,2.83982935578154e-05,1.17261758311435e-05,2.63659539038223e-05,6.43363650092737e-05
"1023",51.6000000000001,2.80513455560435e-05,1.15828505756641e-05,2.60438178666982e-05,6.35511118901837e-05
"1024",51.6500000000001,2.7708470149997e-05,1.14412093100777e-05,2.57254636092025e-05,6.2775057564604e-05
"1025",51.7000000000002,2.73696219630442e-05,1.13012332325389e-05,2.54108489842953e-05,6.20080999998144e-05
"1026",51.7499999999998,2.70347560888259e-05,1.11629037370045e-05,2.5099932281997e-05,6.12501382093989e-05
"1027",51.8000000000002,2.6703828086872e-05,1.1026202411386e-05,2.47926722253086e-05,6.05010722437619e-05
"1028",51.8499999999997,2.63767939783119e-05,1.08911110357411e-05,2.44890279662183e-05,5.97608031808441e-05
"1029",51.9000000000003,2.60536102415322e-05,1.07576115804447e-05,2.41889590816612e-05,5.90292331167134e-05
"1030",51.9499999999999,2.57342338079675e-05,1.06256862044155e-05,2.38924255696006e-05,5.83062651564428e-05
"1031",51.9999999999999,2.54186220578217e-05,1.04953172533143e-05,2.35993878450463e-05,5.75918034048258e-05
"1032",52.0499999999998,2.51067328159056e-05,1.03664872577922e-05,2.33098067361814e-05,5.68857529573448e-05
"1033",52.1000000000003,2.47985243474523e-05,1.02391789317287e-05,2.30236434804671e-05,5.61880198910784e-05
"1034",52.1500000000002,2.44939553540033e-05,1.0113375170502e-05,2.27408597208157e-05,5.54985112557642e-05
"1035",52.2000000000001,2.41929849692852e-05,9.9890590492534e-06,2.24614175017524e-05,5.48171350648272e-05
"1036",52.2500000000002,2.3895572755155e-05,9.86621382118333e-06,2.21852792656431e-05,5.4143800286559e-05
"1037",52.2999999999997,2.36016786975625e-05,9.74482291585338e-06,2.19124078489375e-05,5.34784168353255e-05
"1038",52.3499999999999,2.3311263202531e-05,9.62486993749747e-06,2.1642766478429e-05,5.28208955628093e-05
"1039",52.4,2.30242870922041e-05,9.5063386633604e-06,2.13763187675768e-05,5.21711482493923e-05
"1040",52.45,2.27407116008854e-05,9.38921304203476e-06,2.11130287128212e-05,5.15290875955172e-05
"1041",52.4999999999999,2.24604983711307e-05,9.27347719181948e-06,2.0852860689948e-05,5.08946272131575e-05
"1042",52.5500000000003,2.21836094498649e-05,9.15911539908969e-06,2.05957794504759e-05,5.02676816173388e-05
"1043",52.5999999999999,2.1910007284543e-05,9.04611211668516e-06,2.0341750118085e-05,4.96481662177509e-05
"1044",52.6500000000001,2.16396547193057e-05,8.93445196229722e-06,2.00907381850403e-05,4.90359973103417e-05
"1045",52.7000000000002,2.1372514991215e-05,8.82411971688919e-06,1.98427095086905e-05,4.84310920690851e-05
"1046",52.7500000000002,2.11085517264802e-05,8.71510032311348e-06,1.95976303079562e-05,4.78333685377202e-05
"1047",52.8000000000001,2.0847728936733e-05,8.60737888374965e-06,1.93554671598664e-05,4.7242745621597e-05
"1048",52.85,2.05900110153255e-05,8.50094066015217e-06,1.9116186996114e-05,4.66591430795643e-05
"1049",52.8999999999997,2.03353627336659e-05,8.39577107071442e-06,1.88797570996475e-05,4.60824815159386e-05
"1050",52.9499999999999,2.00837492375686e-05,8.29185568933944e-06,1.86461451012769e-05,4.55126823725013e-05
"1051",53.0000000000002,1.98351360436589e-05,8.18918024393325e-06,1.84153189763292e-05,4.49496679206097e-05
"1052",53.0500000000004,1.95894890357817e-05,8.08773061490052e-06,1.81872470413078e-05,4.43933612533132e-05
"1053",53.0999999999997,1.93467744614548e-05,7.9874928336595e-06,1.7961897950595e-05,4.38436862775667e-05
"1054",53.1499999999997,1.91069589283326e-05,7.88845308116102e-06,1.77392406931624e-05,4.33005677064576e-05
"1055",53.1999999999999,1.88700094007345e-05,7.79059768643534e-06,1.75192445893424e-05,4.2763931051578e-05
"1056",53.2499999999998,1.86358931961676e-05,7.69391312513654e-06,1.73018792875944e-05,4.22337026153754e-05
"1057",53.3000000000003,1.84045779818859e-05,7.59838601810304e-06,1.70871147613054e-05,4.17098094835836e-05
"1058",53.3500000000003,1.81760317714977e-05,7.50400312993786e-06,1.68749213056346e-05,4.11921795177555e-05
"1059",53.4000000000002,1.79502229215695e-05,7.41075136758824e-06,1.66652695343556e-05,4.06807413477842e-05
"1060",53.4499999999996,1.77271201282848e-05,7.31861777894823e-06,1.64581303767494e-05,4.01754243645427e-05
"1061",53.4999999999999,1.750669242411e-05,7.22758955146472e-06,1.62534750745044e-05,3.9676158712536e-05
"1062",53.5500000000004,1.72889091745152e-05,7.13765401076618e-06,1.60512751786668e-05,3.91828752826709e-05
"1063",53.6000000000002,1.70737400746968e-05,7.04879861929308e-06,1.58515025465935e-05,3.86955057050277e-05
"1064",53.6500000000004,1.68611551463288e-05,6.96101097494014e-06,1.56541293389313e-05,3.82139823416905e-05
"1065",53.7000000000005,1.66511247343644e-05,6.87427880971991e-06,1.54591280166433e-05,3.77382382796885e-05
"1066",53.7500000000002,1.64436195038418e-05,6.78858998842824e-06,1.52664713380388e-05,3.72682073239402e-05
"1067",53.8000000000004,1.6238610436721e-05,6.70393250732338e-06,1.50761323558327e-05,3.68038239902679e-05
"1068",53.8499999999999,1.60360688287657e-05,6.6202944928233e-06,1.4888084414246e-05,3.63450234985042e-05
"1069",53.9000000000004,1.58359662864155e-05,6.53766420020012e-06,1.47023011460982e-05,3.58917417655785e-05
"1070",53.9499999999998,1.5638274723736e-05,6.4560300123066e-06,1.45187564699723e-05,3.5443915398772e-05
"1071",54.0000000000002,1.54429663593325e-05,6.37538043828787e-06,1.43374245873442e-05,3.50014816888878e-05
"1072",54.0499999999995,1.52500137133557e-05,6.29570411233198e-06,1.41582799798009e-05,3.45643786036268e-05
"1073",54.1000000000002,1.50593896044695e-05,6.21698979240436e-06,1.39812974062201e-05,3.4132544780871e-05
"1074",54.1499999999996,1.48710671469107e-05,6.1392263590212e-06,1.38064519000378e-05,3.37059195221747e-05
"1075",54.2000000000005,1.46850197475014e-05,6.06240281400317e-06,1.36337187664705e-05,3.32844427861424e-05
"1076",54.2499999999997,1.45012211027679e-05,5.9865082792737e-06,1.34630735798375e-05,3.2868055182047e-05
"1077",54.3000000000006,1.43196451959953e-05,5.91153199563076e-06,1.32944921808224e-05,3.24566979632967e-05
"1078",54.3499999999995,1.41402662944051e-05,5.83746332156989e-06,1.31279506738501e-05,3.20503130211785e-05
"1079",54.4000000000006,1.39630589462531e-05,5.7642917320744e-06,1.29634254243889e-05,3.16488428784175e-05
"1080",54.4500000000002,1.37879979780624e-05,5.69200681746186e-06,1.28008930563787e-05,3.12522306830394e-05
"1081",54.5000000000004,1.3615058491777e-05,5.62059828219787e-06,1.26403304495849e-05,3.086042020205e-05
"1082",54.5500000000003,1.34442158620184e-05,5.55005594375271e-06,1.24817147370492e-05,3.04733558153446e-05
"1083",54.5999999999994,1.3275445733324e-05,5.48036973145071e-06,1.23250233025222e-05,3.00909825095741e-05
"1084",54.6499999999997,1.31087240174161e-05,5.41152968533236e-06,1.21702337779251e-05,2.97132458720759e-05
"1085",54.6999999999995,1.2944026890521e-05,5.34352595503772e-06,1.20173240408583e-05,2.93400920849182e-05
"1086",54.7500000000005,1.2781330790667e-05,5.27634879868093e-06,1.18662722120898e-05,2.89714679188908e-05
"1087",54.8000000000005,1.26206124150574e-05,5.20998858175609e-06,1.1717056653114e-05,2.86073207276653e-05
"1088",54.8499999999997,1.24618487174176e-05,5.14443577603278e-06,1.15696559636858e-05,2.82475984418927e-05
"1089",54.8999999999996,1.23050169053939e-05,5.07968095847292e-06,1.14240489794033e-05,2.78922495634163e-05
"1090",54.9500000000001,1.21500944379796e-05,5.01571481015924e-06,1.12802147693154e-05,2.75412231595433e-05
"1091",55.0000000000003,1.19970590229512e-05,4.95252811522831e-06,1.113813263354e-05,2.71944688573385e-05
"1092",55.0500000000007,1.18458886143259e-05,4.89011175981202e-06,1.09977821008998e-05,2.68519368379602e-05
"1093",55.0999999999998,1.16965614098567e-05,4.82845673099544e-06,1.08591429265958e-05,2.65135778310836e-05
"1094",55.1499999999997,1.15490558485243e-05,4.76755411577314e-06,1.07221950898755e-05,2.61793431093111e-05
"1095",55.1999999999995,1.14033506080882e-05,4.70739510003034e-06,1.05869187917581e-05,2.58491844827169e-05
"1096",55.2499999999995,1.12594246026267e-05,4.64797096751934e-06,1.04532944527473e-05,2.55230542933612e-05
"1097",55.3000000000001,1.11172569801151e-05,4.58927309885247e-06,1.0321302710582e-05,2.52009054098928e-05
"1098",55.3499999999999,1.09768271200301e-05,4.53129297050545e-06,1.01909244180092e-05,2.48826912222056e-05
"1099",55.3999999999993,1.08381146309566e-05,4.47402215382231e-06,1.00621406405609e-05,2.45683656361005e-05
"1100",55.4500000000001,1.07010993482318e-05,4.41745231403576e-06,9.93493265436451e-06,2.42578830680289e-05
"1101",55.4999999999998,1.05657613316224e-05,4.36157520930115e-06,9.80928194398426e-06,2.39511984399089e-05
"1102",55.5500000000003,1.04320808629845e-05,4.30638268972399e-06,9.68517020024729e-06,2.36482671739018e-05
"1103",55.6,1.03000384439899e-05,4.25186669641452e-06,9.56257931813068e-06,2.33490451873363e-05
"1104",55.65,1.01696147938364e-05,4.19801926053612e-06,9.44149139463393e-06,2.3053488887594e-05
"1105",55.6999999999993,1.00407908470073e-05,4.144832502374e-06,9.3218887266969e-06,2.27615551671054e-05
"1106",55.7500000000007,9.91354775102335e-06,4.09229863040113e-06,9.20375380911142e-06,2.24732013983276e-05
"1107",55.7999999999993,9.78786686426093e-06,4.04040994037155e-06,9.08706933249388e-06,2.21883854288691e-05
"1108",55.8499999999996,9.66372975371764e-06,3.98915881439203e-06,8.9718181812091e-06,2.19070655764944e-05
"1109",55.8999999999998,9.54111819288142e-06,3.9385377200367e-06,8.85798343139043e-06,2.16292006243617e-05
"1110",55.9499999999996,9.42001415955907e-06,3.88853920944512e-06,8.74554834892236e-06,2.13547498161665e-05
"1111",56.0000000000002,9.30039983374741e-06,3.83915591843794e-06,8.63449638746246e-06,2.10836728513811e-05
"1112",56.0500000000009,9.1822575955299e-06,3.79038056564326e-06,8.52481118648717e-06,2.08159298805495e-05
"1113",56.1,9.06557002298259e-06,3.74220595162703e-06,8.41647656934628e-06,2.0551481500602e-05
"1114",56.1500000000009,8.95031989008988e-06,3.69462495802755e-06,8.30947654132646e-06,2.02902887501914e-05
"1115",56.2000000000002,8.83649016471883e-06,3.64763054671424e-06,8.20379528776929e-06,2.00323131051592e-05
"1116",56.2500000000002,8.72406400655847e-06,3.60121575893217e-06,8.09941717215668e-06,1.97775164739225e-05
"1117",56.2999999999999,8.6130247651259e-06,3.55537371447424e-06,7.99632673425864e-06,1.95258611930096e-05
"1118",56.3499999999991,8.50335597776234e-06,3.51009761084923e-06,7.89450868827126e-06,1.92773100225723e-05
"1119",56.3999999999999,8.39504136765503e-06,3.46538072246079e-06,7.7939479209792e-06,1.90318261419553e-05
"1120",56.4499999999992,8.28806484189429e-06,3.42121639980099e-06,7.69462948995063e-06,1.87893731453442e-05
"1121",56.5000000000003,8.18241048951186e-06,3.37759806863616e-06,7.59653862171471e-06,1.85499150373691e-05
"1122",56.55,8.07806257958713e-06,3.33451922922096e-06,7.4996607100024e-06,1.8313416228862e-05
"1123",56.6000000000009,7.97500555931843e-06,3.29197345549812e-06,7.40398131395458e-06,1.80798415325327e-05
"1124",56.6499999999991,7.87322405216633e-06,3.249954394328e-06,7.30948615639739e-06,1.78491561588076e-05
"1125",56.6999999999995,7.77270285595436e-06,3.20845576470057e-06,7.21616112207762e-06,1.76213257115706e-05
"1126",56.7500000000004,7.67342694105406e-06,3.16747135698246e-06,7.12399225597682e-06,1.73963161840935e-05
"1127",56.7999999999999,7.57538144853979e-06,3.12699503215151e-06,7.03296576159718e-06,1.71740939548981e-05
"1128",56.850000000001,7.47855168836653e-06,3.08702072104091e-06,6.94306799926871e-06,1.69546257836675e-05
"1129",56.9000000000006,7.38292313759571e-06,3.04754242360327e-06,6.85428548450121e-06,1.6737878807267e-05
"1130",56.9500000000009,7.28848143859488e-06,3.008554208164e-06,6.76660488631187e-06,1.65238205357037e-05
"1131",57.0000000000003,7.19521239729369e-06,2.97005021069799e-06,6.68001302560521e-06,1.63124188482129e-05
"1132",57.0500000000005,7.10310198142629e-06,2.93202463410075e-06,6.59449687354034e-06,1.61036419893133e-05
"1133",57.0999999999991,7.0121363188179e-06,2.89447174747788e-06,6.51004354993939e-06,1.58974585649601e-05
"1134",57.1500000000008,6.92230169565358e-06,2.85738588542734e-06,6.42664032167941e-06,1.56938375386588e-05
"1135",57.1999999999993,6.83358455481667e-06,2.82076144735036e-06,6.34427460114877e-06,1.54927482277338e-05
"1136",57.2499999999993,6.74597149417156e-06,2.78459289673973e-06,6.26293394465228e-06,1.52941602994719e-05
"1137",57.2999999999996,6.65944926493331e-06,2.74887476050373e-06,6.18260605089657e-06,1.50980437674605e-05
"1138",57.350000000001,6.57400477000702e-06,2.7136016282778e-06,6.10327875944761e-06,1.49043689878569e-05
"1139",57.3999999999995,6.4896250623718e-06,2.67876815175473e-06,6.02494004922972e-06,1.47131066557581e-05
"1140",57.4499999999996,6.40629734344358e-06,2.64436904400602e-06,5.94757803700471e-06,1.45242278015212e-05
"1141",57.5,6.32400896150322e-06,2.6103990788304e-06,5.87118097591195e-06,1.43377037872319e-05
"1142",57.5499999999994,6.2427474101037e-06,2.57685309009375e-06,5.79573725398876e-06,1.41535063031238e-05
"1143",57.6000000000008,6.16250032649706e-06,2.54372597107716e-06,5.72123539270935e-06,1.39716073640426e-05
"1144",57.65,6.08325549010257e-06,2.5110126738422e-06,5.64766404556207e-06,1.37919793060028e-05
"1145",57.6999999999987,6.00500082094965e-06,2.47870820858569e-06,5.57501199660297e-06,1.36145947826859e-05
"1146",57.7499999999991,5.92772437816575e-06,2.44680764301322e-06,5.5032681590515e-06,1.34394267620408e-05
"1147",57.8000000000004,5.85141435847677e-06,2.41530610171777e-06,5.43242157389749e-06,1.32664485229112e-05
"1148",57.849999999999,5.77605909471541e-06,2.38419876556179e-06,5.36246140851588e-06,1.30956336516806e-05
"1149",57.8999999999992,5.70164705432911e-06,2.35348087105908e-06,5.29337695528074e-06,1.29269560389155e-05
"1150",57.9500000000006,5.62816683793817e-06,2.32314770977743e-06,5.22515763022606e-06,1.27603898761223e-05
"1151",58.0000000000002,5.55560717788519e-06,2.29319462773781e-06,5.15779297169856e-06,1.25959096524832e-05
"1152",58.0499999999991,5.48395693679288e-06,2.26361702481696e-06,5.09127263901814e-06,1.24334901516106e-05
"1153",58.0999999999991,5.41320510615099e-06,2.23441035416219e-06,5.02558641116549e-06,1.22731064483678e-05
"1154",58.1500000000002,5.3433408049161e-06,2.20557012161133e-06,4.96072418548153e-06,1.21147339057168e-05
"1155",58.2000000000014,5.27435327811958e-06,2.17709188511635e-06,4.89667597637462e-06,1.19583481715857e-05
"1156",58.2500000000004,5.20623189549258e-06,2.14897125417384e-06,4.83343191404341e-06,1.18039251757723e-05
"1157",58.2999999999991,5.13896615009544e-06,2.12120388925747e-06,4.77098224320396e-06,1.16514411268591e-05
"1158",58.3499999999987,5.0725456569766e-06,2.09378550126267e-06,4.70931732184412e-06,1.15008725091932e-05
"1159",58.3999999999998,5.006960151836e-06,2.06671185095319e-06,4.64842761998228e-06,1.13521960798769e-05
"1160",58.4500000000013,4.94219948970569e-06,2.03997874841474e-06,4.58830371844183e-06,1.12053888657959e-05
"1161",58.4999999999985,4.87825364364345e-06,2.01358205251417e-06,4.52893630763804e-06,1.10604281606772e-05
"1162",58.5500000000008,4.81511270341412e-06,1.98751767035355e-06,4.47031618635325e-06,1.09172915221183e-05
"1163",58.6000000000013,4.7527668742472e-06,1.96178155675569e-06,4.41243426058304e-06,1.0775956768789e-05
"1164",58.650000000001,4.69120647553606e-06,1.93636971372579e-06,4.35528154232819e-06,1.06364019775005e-05
"1165",58.7000000000001,4.63042193959254e-06,1.91127818993583e-06,4.29884914843805e-06,1.04986054803993e-05
"1166",58.7499999999993,4.57040381040198e-06,1.88650308020918e-06,4.24312829945424e-06,1.03625458621617e-05
"1167",58.7999999999997,4.51114274239183e-06,1.86204052501096e-06,4.18811031846715e-06,1.02282019572192e-05
"1168",58.8499999999991,4.45262949921765e-06,1.83788670994553e-06,4.1337866299884e-06,1.00955528470219e-05
"1169",58.9000000000012,4.39485495254574e-06,1.81403786525263e-06,4.08014875882035e-06,9.96457785729511e-06
"1170",58.9499999999991,4.33781008087881e-06,1.79049026532132e-06,4.02718832896542e-06,9.83525655539198e-06
"1171",59.0000000000005,4.2814859683445e-06,1.76724022818866e-06,3.97489706250106e-06,9.7075687475622e-06
"1172",59.0500000000012,4.22587380355654e-06,1.74428411506834e-06,3.9232667785221e-06,9.58149447638496e-06
"1173",59.1000000000006,4.17096487843898e-06,1.72161832986417e-06,3.87228939204881e-06,9.4570140181175e-06
"1174",59.1500000000015,4.11675058708083e-06,1.69923931869606e-06,3.82195691296328e-06,9.33410788011263e-06
"1175",59.1999999999996,4.06322242461304e-06,1.67714356943534e-06,3.77226144496642e-06,9.21275679828625e-06
"1176",59.249999999999,4.01037198606955e-06,1.6553276112335e-06,3.72319518452034e-06,9.09294173454859e-06
"1177",59.3000000000014,3.95819096528756e-06,1.63378801406714e-06,3.67475041982699e-06,8.97464387432401e-06
"1178",59.3500000000009,3.90667115381329e-06,1.61252138828517e-06,3.62691952981201e-06,8.85784462408276e-06
"1179",59.4000000000011,3.85580443979604e-06,1.59152438415134e-06,3.57969498309772e-06,8.74252560884629e-06
"1180",59.4500000000005,3.8055828069262e-06,1.57079369140478e-06,3.53306933701683e-06,8.62866866979134e-06
"1181",59.5,3.75599833336142e-06,1.5503260388158e-06,3.48703523661526e-06,8.51625586182744e-06
"1182",59.5499999999991,3.70704319067571e-06,1.5301181937511e-06,3.44158541367626e-06,8.40526945122571e-06
"1183",59.6000000000017,3.65870964280969e-06,1.5101669617395e-06,3.39671268574548e-06,8.29569191325007e-06
"1184",59.6500000000011,3.61099004505188e-06,1.49046918605056e-06,3.35240995518502e-06,8.18750592985876e-06
"1185",59.7000000000006,3.56387684299625e-06,1.47102174726334e-06,3.30867020820537e-06,8.0806943873515e-06
"1186",59.7499999999997,3.51736257154347e-06,1.45182156285328e-06,3.26548651393791e-06,7.97524037411554e-06
"1187",59.7999999999991,3.47143985389529e-06,1.43286558677621e-06,3.22285202350106e-06,7.87112717835592e-06
"1188",59.8500000000007,3.42610140056321e-06,1.4141508090584e-06,3.18075996907974e-06,7.76833828585785e-06
"1189",59.8999999999989,3.38134000839579e-06,1.39567425539412e-06,3.13920366302206e-06,7.66685737779104e-06
"1190",59.9500000000003,3.33714855959057e-06,1.3774329867371e-06,3.0981764969218e-06,7.56666832847905e-06
"1191",60.0000000000006,3.29352002075435e-06,1.35942409891181e-06,3.05767194074578e-06,7.46775520327789e-06
