"speed","origin","r=1","r=1.2","r=1.4"
"1",0.5,5.3267394046223e-10,6.3060688267109e-10,7.4294462493835e-11,8.99764051734991e-12
"2",0.55,9.6194472304546e-10,1.13820582113054e-09,1.34992758590048e-10,1.64578335879257e-11
"3",0.6,1.64738738945098e-09,1.94828855253454e-09,2.325216804822e-10,2.8526218608621e-11
"4",0.65,2.69830763787016e-09,3.18968155408053e-09,3.82940753954744e-10,4.72589930479884e-11
"5",0.7,4.25508325444336e-09,5.02773255786445e-09,6.07021195677983e-10,7.53359334666037e-11
"6",0.75,6.49413496896955e-09,7.67012307272244e-09,9.31045031650963e-10,1.16172588163971e-10
"7",0.8,9.63309501461353e-09,1.13729056911465e-08,1.38764603385109e-09,1.74039791032987e-10
"8",0.85,1.39361331382133e-08,1.64467186874652e-08,2.01668676039808e-09,2.54189828818376e-10
"9",0.9,1.97194007946249e-08,2.32631316677131e-08,2.8661659906204e-09,3.62988574544516e-10
"10",0.95,2.7356555501833e-08,3.22610775785859e-08,3.99315090285191e-09,5.08052888256493e-10
"11",1,3.72843287755906e-08,4.39533281551275e-08,5.46472844052054e-09,6.98392581236784e-10
"12",1.05,5.0008102656205e-08,5.89329718296388e-08,7.35897044361817e-09,9.44556240535593e-10
"13",1.1,6.61074615473596e-08,7.78798551929773e-08,9.76590728170042e-09,1.25878021615248e-09
"14",1.15,8.62416878758169e-08,1.01566951257099e-07,1.27885049058845e-08,1.65514008281521e-09
"15",1.2,1.1115517192514e-07,1.30866619983843e-07,1.65436404364082e-08,2.1497039014024e-09
"16",1.25,1.4168270807433e-07,1.66756728794225e-07,2.11630716153892e-08,2.76068662111471e-09
"17",1.3,1.78754651565099e-07,2.10326603033789e-07,2.67943956781965e-08,3.50860498204707e-09
"18",1.35,2.23401911814206e-07,2.62782778625208e-07,3.36019934285325e-08,4.41643229844311e-09
"19",1.4,2.76760760166912e-07,3.25454531374734e-07,4.17679545394894e-08,5.50975252526225e-09
"20",1.45,3.40077431843694e-07,3.99799159602064e-07,5.14929803434422e-08,6.81691303444265e-09
"21",1.5,4.14712503655864e-07,4.87406998923581e-07,6.29972606158301e-08,8.36917555211959e-09
"22",1.55,5.02145030849337e-07,5.90006150128544e-07,7.65213211001734e-08,1.02008647338099e-08
"23",1.6,6.03976428173618e-07,7.09466903139735e-07,9.23268387626863e-08,1.23495138809803e-08
"24",1.65,7.21934081960028e-07,8.47805842038997e-07,1.1069742200347e-07,1.4856007329287e-08
"25",1.7,8.57874681625338e-07,1.00718961805952e-06,1.31939353286505e-07,1.776471906593e-08
"26",1.75,1.01378726059144e-06,1.18993837929737e-06,1.56382291881687e-07,2.11236471608601e-08
"27",1.8,1.19179593812591e-06,1.39852884767214e-06,1.84379934638228e-07,2.49845436238748e-08
"28",1.85,1.39416235506043e-06,1.63559703536849e-06,2.16310632929305e-07,2.94030393268122e-08
"29",1.9,1.62328779773315e-06,1.90394059461644e-06,2.52577964122361e-07,3.44387636570142e-08
"30",1.95,1.88171500582634e-06,2.20652079621669e-06,2.93611256137528e-07,4.0155458594863e-08
"31",2,2.17212966103132e-06,2.54646413368881e-06,3.39866063857964e-07,4.66210869344467e-08
"32",2.05,2.49736155466989e-06,2.92706355131492e-06,3.91824596350067e-07,5.39079343921857e-08
"33",2.1,2.86038543353356e-06,3.35177929566898e-06,4.49996094038588e-07,6.20927053734953e-08
"34",2.15,3.26432152427226e-06,3.82423939146478e-06,5.1491715516115e-07,7.12566121922381e-08
"35",2.2,3.71243573767065e-06,4.34823974372343e-06,5.87152010998751e-07,8.14854575617628e-08
"36",2.25,4.20813955509588e-06,4.92774386935585e-06,6.67292749543279e-07,9.28697101996925e-08
"37",2.3,4.75498960028601e-06,5.56688226227886e-06,7.55959487419847e-07,1.05504573411325e-07
"38",2.35,5.35668690047444e-06,6.269951397137e-06,8.53800490031032e-07,1.19490046538451e-07
"39",2.4,6.01707584161424e-06,7.04141237758624e-06,9.61492240031729e-07,1.3493097918162e-07
"40",2.45,6.74014282317918e-06,7.88588923591498e-06,1.07973945437739e-06,1.51937118124333e-07
"41",2.5,7.53001461867566e-06,8.80816689153166e-06,1.20927505031528e-06,1.70623146907317e-07
"42",2.55,8.39095644860573e-06,9.81318877653979e-06,1.35086006080745e-06,1.91108718019933e-07
"43",2.6,9.32736977317507e-06,1.09060541372533e-05,1.50528349998669e-06,2.13518477693875e-07
"44",2.65,1.03437898125443e-05,1.20920150210779e-05,1.67336217935135e-06,2.37982083301646e-07
"45",2.7,1.14448828028797e-05,1.33764729587027e-05,1.85594047550343e-06,2.64634213378775e-07
"46",2.75,1.263544299687e-05,1.47649753520076e-05,2.05389005032553e-06,2.93614570304562e-07
"47",2.8,1.39203894177435e-05,1.6263211578508e-05,2.26810952457705e-06,3.25067875690991e-07
"48",2.85,1.53047623761442e-05,1.78770088235152e-05,2.4995241059684e-06,3.59143858543709e-07
"49",2.9,1.67937197595106e-05,1.96123276515121e-05,2.74908517284405e-06,3.95997236272351e-07
"50",2.95,1.83925331038461e-05,2.14752573285084e-05,3.01776981467143e-06,4.35787688640119e-07
"51",3,2.01065834579784e-05,2.34720109073696e-05,3.30658033059245e-06,4.78679824754501e-07
"52",3.05,2.19413570505791e-05,2.56089200882977e-05,3.61654368734956e-06,5.24843143212131e-07
"53",3.1,2.39024407703547e-05,2.78924298667895e-05,3.94871093794656e-06,5.74451985521279e-07
"54",3.15,2.59955174699267e-05,3.0329092981507e-05,4.30415660244874e-06,6.27685482935245e-07
"55",3.2,2.82263611039997e-05,3.29255641745692e-05,4.68397801236496e-06,6.84727496838938e-07
"56",3.25,3.06008317124599e-05,3.56885942768149e-05,5.08929462008864e-06,7.45766552839428e-07
"57",3.3,3.31248702590756e-05,3.86250241305983e-05,5.52124727490321e-06,8.10995768718894e-07
"58",3.35,3.58044933364594e-05,4.17417783626568e-05,5.98099746708241e-06,8.80612776415607e-07
"59",3.4,3.86457877479326e-05,4.50458590195446e-05,6.46972654163565e-06,9.54819638205014e-07
"60",3.45,4.16549049768759e-05,4.85443390780525e-05,6.98863488326582e-06,1.033822757259e-06
"61",3.5,4.48380555540822e-05,5.22443558429359e-05,7.5389410741174e-06,1.11783278276653e-06
"62",3.55,4.82015033335353e-05,5.61531042441519e-05,8.12188102590329e-06,1.2070645098039e-06
"63",3.6,5.17515596869272e-05,6.0277830045667e-05,8.73870708800165e-06,1.30173677414682e-06
"64",3.65,5.54945776271041e-05,6.46258229777329e-05,9.39068713311736e-06,1.40207234222036e-06
"65",3.7,5.9436945870482e-05,6.92044098043498e-05,1.00791036220995e-05,1.50829779638599e-06
"66",3.75,6.3585082848322e-05,7.40209473374406e-05,1.08052526495031e-05,1.62064341576761e-06
"67",3.8,6.79454306765748e-05,7.90828154090448e-05,1.15704429714737e-05,1.7393430528207e-06
"68",3.85,7.25244490938345e-05,8.43974098126203e-05,1.23759950175258e-05,1.86463400585067e-06
"69",3.9,7.73286093767279e-05,8.99721352242951e-05,1.32232398877714e-05,1.99675688768755e-06
"70",3.95,8.23643882418768e-05,9.58143981146664e-05,1.41135183371393e-05,2.13595549072548e-06
"71",4,8.76382617433449e-05,0.000101931599661482,1.50481797481105e-05,2.28247664853574e-06
"72",4.05,9.31566991742608e-05,0.000108331128673264,1.60285810934746e-05,2.43657009426241e-06
"73",4.1,9.8926156981076e-05,0.000115020354533659,1.70560858905883e-05,2.5984883160095e-06
"74",4.15,0.000104953072698686,0.000122006620176021,1.81320631485988e-05,2.76848640942802e-06
"75",4.2,0.000111243858914379,0.000129297235097417,1.92578863100648e-05,2.94682192771037e-06
"76",4.25,0.000117804897268355,0.000136899468420971,2.04349321883842e-05,3.13375472919854e-06
"77",4.3,0.000124642532498283,0.000144820542015153,2.166457990241e-05,3.32954682281123e-06
"78",4.35,0.000131763066535109,0.000153067623678295,2.29482098096042e-05,3.53446221149284e-06
"79",4.4,0.000139172752657086,0.000161647820396336,2.42872024390525e-05,3.74876673388612e-06
"80",4.45,0.00014687778970871,0.000170568171681458,2.5682937425627e-05,3.97272790442707e-06
"81",4.5,0.000154884316390991,0.000179835642998975,2.71367924465564e-05,4.20661475205937e-06
"82",4.55,0.000163198405629236,0.000189457119289528,2.86501421616256e-05,4.45069765776177e-06
"83",4.6,0.000171826059024229,0.000199439398593302,3.02243571581956e-05,4.70524819108029e-06
"84",4.65,0.00018077320139245,0.00020978918578269,3.18608029021973e-05,4.97053894585279e-06
"85",4.7,0.000190045675400704,0.000220513086409507,3.35608386962213e-05,5.24684337531148e-06
"86",4.75,0.00019964923630024,0.000231617600672527,3.5325816645784e-05,5.53443562674441e-06
"87",4.8,0.000209589546765229,0.000243109117510837,3.71570806348206e-05,5.8335903758945e-06
"88",4.85,0.00021987217184016,0.000254993908828175,3.90559653114156e-05,6.14458266127035e-06
"89",4.9,0.000230502574000468,0.000267278123853101,4.10237950847424e-05,6.46768771853936e-06
"90",4.95,0.000241486108330463,0.000279967783639582,4.30618831341534e-05,6.80318081517035e-06
"91",5,0.000252828017822364,0.000293068775712245,4.51715304313182e-05,7.15133708548813e-06
"92",5.05,0.000264533428799984,0.000306586848860255,4.73540247762713e-05,7.51243136629873e-06
"93",5.1,0.000276607346470379,0.00032052760808352,4.96106398482005e-05,7.88673803324017e-06
"94",5.15,0.000289054650606511,0.000334896509694584,5.1942634271758e-05,8.27453083800864e-06
"95",5.2,0.000301880091363761,0.000349698856579349,5.43512506996525e-05,8.6760827466065e-06
"96",5.25,0.00031508828523286,0.000364939793619422,5.68377149122313e-05,9.09166577875346e-06
"97",5.3,0.000328683711131592,0.000380624303278688,5.94032349347361e-05,9.52155084859833e-06
"98",5.35,0.000342670706637396,0.000396757201356376,6.20490001728709e-05,9.96600760686423e-06
"99",5.4,0.000357053464362764,0.00041334313290867,6.47761805672901e-05,1.04253042845552e-05
"100",5.45,0.000371836028475116,0.00043038656834064,6.75859257675768e-05,1.0899707538349e-05
"101",5.5,0.000387022291362617,0.000447891799670032,7.04793643262471e-05,1.1389482297794e-05
"102",5.55,0.000402615990447195,0.000465862936964208,7.34576029132796e-05,1.18948916144264e-05
"103",5.6,0.000418620705145822,0.000484303904951289,7.65217255516392e-05,1.24161965129177e-05
"104",5.65,0.000435039853980906,0.000503218439806335,7.9672792874223e-05,1.29536558443571e-05
"105",5.7,0.000451876691840458,0.000522610086113157,8.29118414026328e-05,1.35075261417723e-05
"106",5.75,0.00046913430738853,0.000542482194002162,8.62398828481361e-05,1.40780614779837e-05
"107",5.8,0.000486815620626179,0.000562837916464387,8.96579034351519e-05,1.46655133258847e-05
"108",5.85,0.000504923380603128,0.000583680206841723,9.31668632475629e-05,1.52701304212373e-05
"109",5.9,0.000523460163280018,0.000605011816493074,9.67676955981259e-05,1.58921586280642e-05
"110",5.95,0.000542428369541077,0.000626835292636072,0.000100461306421222,1.65318408067197e-05
"111",6,0.000561830223356794,0.000649152976363717,0.000104248573689156,1.71894166847104e-05
"112",6.05,0.00058166777009609,0.000671967000835192,0.000108130346852191,1.78651227303401e-05
"113",6.1,0.000601942874987286,0.000695279289639895,0.000112107446302469,1.85591920292422e-05
"114",6.15,0.000622657221727058,0.000719091555333584,0.000116180662861939,1.92718541638637e-05
"115",6.2,0.000643812311236404,0.00074340529814536,0.000120350757294409,2.00033350959575e-05
"116",6.25,0.000665409460562533,0.000768221804854084,0.000124618459841773,2.0753857052138e-05
"117",6.3,0.000687449801925458,0.000793542147832648,0.000128984469784475,2.15236384125485e-05
"118",6.35,0.000709934281907938,0.000819367184258413,0.000133449455026224,2.23128936026885e-05
"119",6.4,0.00073286366078732,0.000845697555487971,0.000138014051702971,2.31218329884406e-05
"120",6.45,0.0007562385120077,0.000872533686594279,0.0001426788638161,2.39506627743371e-05
"121",6.5,0.000780059221790745,0.000899875786064083,0.000147444462889813,2.47995849050995e-05
"122",6.55,0.000804325988883358,0.000927723845653431,0.000152311387652618,2.56687969704833e-05
"123",6.6,0.000829038824440375,0.000956077640399004,0.000157280143742837,2.65584921134535e-05
"124",6.65,0.000854197552040262,0.000984936728782815,0.00016235120343802,2.74688589417157e-05
"125",6.7,0.000879801807831823,0.00101430045304783,0.000167525005408142,2.84000814426235e-05
"126",6.75,0.000905851040809747,0.0010441679396619,0.000172801954492417,2.93523389014772e-05
"127",6.8,0.000932344513216806,0.00107453809992728,0.000178182421499573,3.03258058232299e-05
"128",6.85,0.000959281301070442,0.00110540963073315,0.000183666743031399,3.13206518576096e-05
"129",6.9,0.000986660294811362,0.00113678101544806,0.000189255221329354,3.23370417276648e-05
"130",6.95,0.00101448020007177,0.00116865052494962,0.000194948124144025,3.33751351617387e-05
"131",7,0.00104273953856075,0.00120101621878842,0.000200745684627202,3.44350868288727e-05
"132",7.05,0.00107143664906435,0.00123387594648306,0.000206648101246305,3.55170462776372e-05
"133",7.1,0.00110056968855762,0.00126722734894342,0.000212655537720914,3.66211578783859e-05
"134",7.15,0.00113013663342628,0.00130106786001881,0.000218768122981117,3.77475607689259e-05
"135",7.2,0.00116013528079509,0.0013353947081681,0.000224985951147391,3.88963888035944e-05
"136",7.25,0.0011905632499604,0.0013702049182484,0.0002313090815317,4.00677705057293e-05
"137",7.3,0.00122141798392411,0.00140549531341917,0.000237737538659513,4.12618290235184e-05
"138",7.35,0.00125269675102628,0.00144126251715854,0.0002442713123124,4.24786820892105e-05
"139",7.4,0.00128439664667364,0.0014775029553884,0.000250910357590888,4.37184419816694e-05
"140",7.45,0.00131651459516117,0.00151421285870508,0.000257654594997215,4.49812154922477e-05
"141",7.5,0.00134904735158394,0.00155138826471225,0.000264503910537634,4.62671038939571e-05
"142",7.55,0.00138199150383647,0.00158902502045262,0.00027145815584391,4.75762029139093e-05
"143",7.6,0.00141534347469653,0.0016271187849352,0.000278517148313628,4.89086027090006e-05
"144",7.65,0.00144909952399087,0.00166566503175471,0.000285680671268949,5.02643878448068e-05
"145",7.7,0.00148325575083963,0.00170465905179969,0.000292948474133405,5.16436372776609e-05
"146",7.75,0.00151780809597695,0.0017440959560461,0.000300320272626371,5.30464243398777e-05
"147",7.8,0.00155275234414464,0.00178397067843288,0.000307795748974796,5.44728167280901e-05
"148",7.85,0.00158808412655612,0.00182427797881628,0.000315374552141795,5.59228764946608e-05
"149",7.9,0.00162379892342789,0.00186501244599939,0.000323056298071705,5.73966600421325e-05
"150",7.95,0.00165989206657553,0.00190616850083382,0.000330840569951184,5.88942181206731e-05
"151",8,0.00169635874207146,0.00194774039938992,0.000338726918485934,6.0415595828479e-05
"152",8.05,0.00173319399296164,0.0019897222361924,0.000346714862192649,6.1960832615091e-05
"153",8.1,0.00177039272203842,0.00203210794751808,0.000354803887705749,6.3529962287581e-05
"154",8.15,0.00180794969466664,0.00207489131475239,0.000362993450098482,6.51230130195624e-05
"155",8.2,0.00184585954166038,0.00211806596780147,0.000371282973217975,6.67400073629815e-05
"156",8.25,0.00188411676220742,0.00216162538855664,0.000379671850033801,6.83809622626397e-05
"157",8.3,0.00192271572683884,0.00220556291440807,0.000388159442999635,7.00458890733993e-05
"158",8.35,0.00196165068044092,0.00224987174180444,0.000396745084427574,7.17347935800264e-05
"159",8.4,0.00200091574530678,0.00229454492985558,0.000405428076874693,7.34476760196174e-05
"160",8.45,0.00204050492422501,0.00233957540397492,0.000414207693541404,7.51845311065613e-05
"161",8.5,0.00208041210360272,0.00238495595955867,0.000423083178681189,7.69453480599857e-05
"162",8.55,0.00212063105662041,0.00243067926569891,0.000432053748021289,7.87301106336332e-05
"163",8.6,0.00216115544641612,0.0024767378689274,0.000441118589193916,8.05387971481198e-05
"164",8.65,0.00220197882929623,0.00252312419698734,0.000450276862177561,8.23713805255165e-05
"165",8.7,0.00224309465797065,0.00256983056263007,0.000459527699747981,8.42278283262058e-05
"166",8.75,0.00228449628480964,0.00261684916743405,0.00046887020793844,8.61081027879553e-05
"167",8.8,0.00232617696512011,0.00266417210564315,0.000478303466508786,8.80121608671564e-05
"168",8.85,0.00236812986043886,0.00271179136802156,0.000487826529422954,8.9939954282173e-05
"169",8.9,0.00241034804184049,0.00275969884572271,0.000497438425334468,9.18914295587435e-05
"170",8.95,0.00245282449325767,0.00280788633416941,0.000507138158079546,9.38665280773834e-05
"171",9,0.0024955521148115,0.0028563455369427,0.000516924707177391,9.58651861227312e-05
"172",9.05,0.00253852372614973,0.00290506806967688,0.00052679702833728,9.7887334934784e-05
"173",9.1,0.00258173206979069,0.00295404546395804,0.000536754053972025,9.99329007619635e-05
"174",9.15,0.00262516981447084,0.00300326917122398,0.000546794693717443,0.000102001804915962
"175",9.2,0.00266882955849369,0.00305273056666272,0.000556917834957411,0.00010409396382831
"176",9.25,0.00271270383307828,0.0031024209531076,0.000567122343354154,0.000106209289108602
"177",9.3,0.00275678510570503,0.00315233156492646,0.000577407063383353,0.000108347687604348
"178",9.35,0.00280106578345706,0.00320245357190278,0.00058777081887371,0.000110509061462364
"179",9.4,0.00284553821635512,0.00325277808310654,0.0005982124135506,0.000112693308191671
"180",9.45,0.0028901947006842,0.00330329615075265,0.00060873063158344,0.000114900320727834
"181",9.5,0.00293502748231009,0.00335399877404504,0.0006193242381364,0.000117129987498698
"182",9.55,0.00298002875998392,0.0034048769030041,0.000629991979922128,0.000119382192491444
"183",9.6,0.00302519068863322,0.00345592144227578,0.000640732585758106,0.000121656815320944
"184",9.65,0.00307050538263765,0.00350712325492028,0.000651544767125311,0.000123953731299327
"185",9.7,0.00311596491908774,0.00355847316617857,0.000662427218728836,0.000126272811506723
"186",9.75,0.0031615613410252,0.00360996196721481,0.000673378619060134,0.000128613922863132
"187",9.8,0.00320728666066315,0.00366158041883308,0.000684397630960564,0.00013097692820135
"188",9.85,0.00325313286258473,0.00371331925516663,0.000695482902185902,0.000133361686340912
"189",9.9,0.00329909190691881,0.003765169187338,0.000706633065971522,0.000135768052163002
"190",9.95,0.00334515573249119,0.00381712090708854,0.000717846741597913,0.000138195876686265
"191",10,0.00339131625995012,0.00386916509037559,0.000729122534956249,0.000140645007143482
"192",10.05,0.00343756539486469,0.00392129240093614,0.000740459039113702,0.000143115287059057
"193",10.1,0.0034838950307949,0.00397349349381524,0.00075185483487821,0.000145606556327254
"194",10.15,0.00353029705233214,0.004025759018858,0.000763308491362411,0.000148118651291152
"195",10.2,0.00357676333810892,0.0040780796241638,0.000774818566546478,0.000150651404822254
"196",10.25,0.0036232857637768,0.0041304459595014,0.000786383607839556,0.000153204646400711
"197",10.3,0.00366985620495123,0.00418284867968382,0.000798002152639571,0.000155778202196108
"198",10.35,0.00371646654012247,0.00423527844790175,0.000809672728891119,0.000158371895148772
"199",10.4,0.00376310865353146,0.00428772593901439,0.000821393855641194,0.000160985545051543
"200",10.45,0.00380977443800974,0.00434018184279678,0.000833164043592524,0.000163618968631976
"201",10.5,0.00385645579778249,0.00439263686714236,0.000844981795654245,0.000166271979634924
"202",10.55,0.00390314465123376,0.00444508174122009,0.000856845607489703,0.000168944388905452
"203",10.6,0.00394983293363315,0.00449750721858498,0.000868753968061144,0.000171636004472045
"204",10.65,0.00399651259982312,0.00454990408024125,0.000880705360171089,0.000174346631630071
"205",10.7,0.00404317562686611,0.00460226313765738,0.00089269826100015,0.000177076073025436
"206",10.75,0.00408981401665089,0.00465457523573211,0.000904731142641106,0.000179824128738424
"207",10.8,0.00413641979845731,0.00470683125571085,0.000916802472629031,0.000182590596367645
"208",10.85,0.00418298503147899,0.00475902211805162,0.000928910714467271,0.000185375271114079
"209",10.9,0.00422950180730321,0.00481113878524006,0.000941054328149083,0.000188177945865156
"210",10.95,0.00427596225234751,0.00486317226455286,0.000953231770674771,0.000190998411278853
"211",11,0.00432235853025252,0.00491511361076892,0.000965441496564109,0.000193836455867751
"212",11.05,0.00436868284423042,0.00496695392882801,0.000977681958363922,0.00019669186608303
"213",11.1,0.00441492743936877,0.00501868437643621,0.000989951607150627,0.000199564426398357
"214",11.15,0.00446108460488902,0.00507029616661782,0.0010022488930276,0.000202453919393637
"215",11.2,0.00450714667635972,0.00512178057021338,0.00101457226561718,0.000205360125838586
"216",11.25,0.00455310603786361,0.00517312891832333,0.00102692017454725,0.000208282824776101
"217",11.3,0.00459895512411875,0.00522433260469718,0.00103929106993213,0.000211221793605384
"218",11.35,0.00464468642255305,0.00527538308806777,0.00105168340284776,0.000214176808164798
"219",11.4,0.00469029247533221,0.00532627189443042,0.00106409562580099,0.000217147642814412
"220",11.45,0.00473576588134068,0.00537699061926686,0.00107652619319287,0.000220134070518214
"221",11.5,0.00478109929811556,0.00542753092971367,0.00108897356177579,0.000223135862925957
"222",11.55,0.00482628544373328,0.00547788456667516,0.00110143619110444,0.000226152790454613
"223",11.6,0.00487131709864894,0.0055280433468806,0.00111391254398039,0.0002291846223694
"224",11.65,0.00491618710748811,0.0055779991648857,0.00112640108689028,0.000232231126864358
"225",11.7,0.00496088838079122,0.00562774399501836,0.00113890029043742,0.000235292071142449
"226",11.75,0.00500541389671037,0.00567726989326866,0.00115140862976683,0.000238367221495154
"227",11.8,0.00504975670265857,0.00572656899912317,0.00116392458498351,0.00024145634338154
"228",11.85,0.00509390991691146,0.00577563353734361,0.00117644664156405,0.000244559201506771
"229",11.9,0.00513786673016149,0.00582445581968988,0.00118897329076124,0.000247675559900041
"230",11.95,0.00518162040702475,0.00587302824658778,0.00120150303000183,0.000250805181991916
"231",12,0.00522516428750038,0.00592134330874138,0.00121403436327736,0.000253947830691033
"232",12.05,0.00526849178838282,0.00596939358869029,0.00122656580152782,0.00025710326846018
"233",12.1,0.00531159640462696,0.00601717176231208,0.00123909586301831,0.000260271257391689
"234",12.15,0.00535447171066633,0.00606467060026992,0.00125162307370853,0.000263451559282154
"235",12.2,0.0053971113616846,0.00611188296940597,0.00126414596761508,0.000266643935706443
"236",12.25,0.00543950909484052,0.00615880183408042,0.00127666308716647,0.000269848148090986
"237",12.3,0.00548165873044655,0.00620542025745689,0.00128917298355101,0.00027306395778632
"238",12.35,0.00552355417310142,0.00625173140273414,0.00130167421705721,0.000276291126138877
"239",12.4,0.00556518941277688,0.0062977285343247,0.00131416535740703,0.000279529414561997
"240",12.45,0.00560655852585891,0.00634340501898063,0.00132664498408167,0.000282778584606151
"241",12.5,0.00564765567614374,0.00638875432686691,0.00133911168664008,0.000286038398028354
"242",12.55,0.00568847511578887,0.00643377003258265,0.00135156406502996,0.000289308616860761
"243",12.6,0.00572901118621966,0.0064784458161309,0.00136400072989157,0.000292589003478428
"244",12.65,0.00576925831899149,0.0065227754638371,0.00137642030285393,0.000295879320666224
"245",12.7,0.00580921103660823,0.00656675286921693,0.00138882141682378,0.000299179331684885
"246",12.75,0.00584886395329708,0.00661037203379381,0.00140120271626705,0.000302488800336194
"247",12.8,0.00588821177574043,0.00665362706786677,0.00141356285748298,0.000305807491027279
"248",12.85,0.00592724930376492,0.00669651219122896,0.00142590050887083,0.000309135168834019
"249",12.9,0.00596597143098827,0.00673902173383746,0.00143821435118921,0.000312471599563541
"250",12.95,0.00600437314542433,0.00678115013643492,0.00145050307780809,0.000315816549815812
"251",13,0.00604244953004657,0.00682289195112342,0.00146276539495341,0.0003191697870443
"252",13.05,0.00608019576331082,0.00686424184189142,0.00147500002194436,0.000322531079615713
"253",13.1,0.0061176071196374,0.00690519458509397,0.00148720569142346,0.000325900196868797
"254",13.15,0.00615467896985326,0.00694574506988712,0.00149938114957924,0.000329276909172185
"255",13.2,0.00619140678159467,0.00698588829861685,0.00151152515636173,0.000332660987981306
"256",13.25,0.00622778611967084,0.00702561938716333,0.00152363648569076,0.000336052205894323
"257",13.3,0.006263812646389,0.00706493356524097,0.00153571392565707,0.000339450336707122
"258",13.35,0.00629948212184157,0.00710382617665494,0.00154775627871623,0.000342855155467323
"259",13.4,0.00633479040415572,0.00714229267951482,0.00155976236187553,0.000346266438527326
"260",13.45,0.00636973344970609,0.00718032864640593,0.00157173100687379,0.000349683963596378
"261",13.5,0.006404307313291,0.00721792976451905,0.00158366106035411,0.000353107509791663
"262",13.55,0.00643850814827287,0.00725509183573922,0.00159555138402977,0.000356536857688411
"263",13.6,0.0064723322066832,0.00729181077669409,0.00160740085484307,0.000359971789369018
"264",13.65,0.00650577583929285,0.00732808261876273,0.00161920836511743,0.000363412088471188
"265",13.7,0.00653883549564808,0.00736390350804537,0.00163097282270258,0.000366857540235083
"266",13.75,0.0065715077240729,0.00739926970529488,0.00164269315111309,0.000370307931549483
"267",13.8,0.0066037891716384,0.00743417758581055,0.00165436828966014,0.000373763050996962
"268",13.85,0.00663567658409943,0.00746862363929488,0.00166599719357667,0.00037722268889807
"269",13.9,0.00666716680579947,0.0075026044696742,0.00167757883413593,0.000380686637354533
"270",13.95,0.00669825677954402,0.00753611679488354,0.00168911219876361,0.000384154690291458
"271",14,0.00672894354644329,0.00756915744661672,0.00170059629114335,0.000387626643498555
"272",14.05,0.0067592242457246,0.00760172337004214,0.00171203013131606,0.000391102294670377
"273",14.1,0.00678909611451516,0.00763381162348506,0.00172341275577278,0.000394581443445568
"274",14.15,0.00681855648759592,0.00766541937807705,0.00173474321754138,0.000398063891445137
"275",14.2,0.00684760279712679,0.00769654391737331,0.00174602058626702,0.000401549442309756
"276",14.25,0.00687623257234415,0.00772718263693854,0.00175724394828655,0.000405037901736072
"277",14.3,0.00690444343923099,0.007757333043902,0.00176841240669688,0.000408529077512059
"278",14.35,0.00693223312016042,0.00778699275648261,0.00177952508141735,0.000412022779551393
"279",14.4,0.00695959943351301,0.00781615950348464,0.00179058110924626,0.000415518819926869
"280",14.45,0.00698654029326871,0.00784483112376467,0.00180157964391155,0.000419017012902852
"281",14.5,0.00701305370857377,0.00787300556567067,0.00181251985611583,0.000422517174966781
"282",14.55,0.00703913778328338,0.00790068088645373,0.00182340093357565,0.000426019124859711
"283",14.6,0.0070647907154805,0.00792785525165322,0.00183422208105527,0.000429522683605922
"284",14.65,0.00709001079697161,0.00795452693445599,0.00184498252039493,0.000433027674541581
"285",14.7,0.00711479641275978,0.00798069431503036,0.00185568149053368,0.000436533923342472
"286",14.75,0.00713914604049581,0.00800635587983555,0.00186631824752687,0.000440041258050796
"287",14.8,0.00716305824990791,0.00803151022090731,0.00187689206455846,0.000443549509101054
"288",14.85,0.0071865317022106,0.00805615603512017,0.00188740223194805,0.000447058509345016
"289",14.9,0.00720956514949317,0.00808029212342735,0.00189784805715293,0.000450568094075767
"290",14.95,0.00723215743408868,0.00810391739007868,0.00190822886476506,0.000454078101050879
"291",15,0.0072543074879236,0.00812703084181738,0.00191854399650313,0.000457588370514659
"292",15.05,0.00727601433184902,0.00814963158705624,0.00192879281119985,0.000461098745219532
"293",15.1,0.00729727707495379,0.00817171883503399,0.00193897468478439,0.000464609070446536
"294",15.15,0.00731809491386024,0.00819329189495232,0.00194908901026024,0.00046811919402495
"295",15.2,0.00733846713200293,0.00821435017509438,0.00195913519767843,0.000471628966351048
"296",15.25,0.00735839309889118,0.00823489318192533,0.00196911267410627,0.000475138240406016
"297",15.3,0.00737787226935565,0.00825492051917546,0.00197902088359169,0.00047864687177301
"298",15.35,0.00739690418277975,0.00827443188690675,0.00198885928712327,0.000482154718653377
"299",15.4,0.00741548846231628,0.00829342708056321,0.0019986273625859,0.000485661641882047
"300",15.45,0.00743362481408989,0.00831190599000587,0.00200832460471248,0.000489167504942113
"301",15.5,0.00745131302638588,0.0083298685985329,0.00201795052503143,0.000492672173978588
"302",15.55,0.00746855296882579,0.00834731498188539,0.00202750465181016,0.000496175517811363
"303",15.6,0.00748534459153046,0.0083642453072396,0.00203698652999479,0.000499677407947377
"304",15.65,0.00750168792427084,0.00838065983218608,0.00204639572114592,0.000503177718591997
"305",15.7,0.00751758307560732,0.00839655890369636,0.00205573180337072,0.00050667632665963
"306",15.75,0.00753303023201783,0.00841194295707767,0.00206499437125139,0.000510173111783561
"307",15.8,0.00754802965701542,0.00842681251491645,0.00207418303577,0.000513667956325047
"308",15.85,0.00756258169025558,0.00844116818601096,0.00208329742422989,0.000517160745381658
"309",15.9,0.00757668674663405,0.00845501066429381,0.00209233718017368,0.000520651366794885
"310",15.95,0.00759034531537541,0.00846834072774478,0.00210130196329793,0.000524139711157027
"311",16,0.00760355795911289,0.00848115923729451,0.00211019144936458,0.000527625671817355
"312",16.05,0.00761632531296009,0.00849346713571968,0.00211900533010927,0.000531109144887573
"313",16.1,0.00762864808357481,0.00850526544653003,0.00212774331314656,0.000534590029246594
"314",16.15,0.00764052704821563,0.00851655527284804,0.0021364051218722,0.000538068226544617
"315",16.2,0.0076519630537916,0.00852733779628135,0.00214499049536244,0.000541543641206533
"316",16.25,0.00766295701590546,0.00853761427578892,0.00215349918827055,0.000545016180434679
"317",16.3,0.00767350991789093,0.008547386046541,0.00216193097072065,0.000548485754210922
"318",16.35,0.00768362280984438,0.00855665451877366,0.00217028562819877,0.000551952275298108
"319",16.4,0.00769329680765137,0.00856542117663829,0.00217856296144141,0.00055541565924088
"320",16.45,0.00770253309200847,0.00857368757704652,0.00218676278632155,0.000558875824365867
"321",16.5,0.00771133290744075,0.00858145534851102,0.00219488493373228,0.00056233269178127
"322",16.55,0.00771969756131532,0.00858872618998271,0.002202929249468,0.000565786185375835
"323",16.6,0.00772762842285145,0.00859550186968482,0.00221089559410343,0.000569236231817253
"324",16.65,0.00773512692212737,0.00860178422394404,0.00221878384287037,0.000572682760549954
"325",16.7,0.00774219454908451,0.00860757515601963,0.00222659388553238,0.000576125703792361
"326",16.75,0.00774883285252926,0.00861287663493041,0.00223432562625734,0.000579564996533563
"327",16.8,0.00775504343913273,0.00861769069428044,0.00224197898348813,0.000583000576529449
"328",16.85,0.00776082797242892,0.00862201943108363,0.00224955388981133,0.000586432384298299
"329",16.9,0.0077661881718115,0.00862586500458767,0.00225705029182412,0.000589860363115858
"330",16.95,0.00777112581152976,0.00862922963509772,0.00226446814999946,0.000593284459009876
"331",17,0.00777564271968393,0.00863211560280036,0.00227180743854951,0.000596704620754164
"332",17.05,0.00777974077722015,0.00863452524658788,0.00227906814528751,0.000600120799862127
"333",17.1,0.00778342191692571,0.00863646096288363,0.00228625027148802,0.000603532950579838
"334",17.15,0.00778668812242444,0.00863792520446856,0.00229335383174583,0.000606941029878622
"335",17.2,0.00778954142717301,0.00863892047930937,0.00230037885383328,0.000610344997447175
"336",17.25,0.00779198391345813,0.00863944934938869,0.00230732537855637,0.000613744815683236
"337",17.3,0.0077940177113951,0.00863951442953751,0.00231419345960953,0.00061714044968481
"338",17.35,0.00779564499792803,0.00863911838627033,0.00232098316342924,0.000620531867240959
"339",17.4,0.0077968679958319,0.0086382639366232,0.00232769456904637,0.000623919038822168
"340",17.45,0.0077976889727168,0.00863695384699512,0.00233432776793764,0.000627301937570301
"341",17.5,0.00779811024003474,0.00863519093199298,0.00234088286387582,0.000630680539288149
"342",17.55,0.00779813415208909,0.00863297805328049,0.00234735997277918,0.000634054822428589
"343",17.6,0.00779776310504706,0.00863031811843124,0.00235375922255993,0.000637424768083356
"344",17.65,0.0077969995359555,0.00862721407978627,0.00236008075297183,0.000640790359971448
"345",17.7,0.00779584592176007,0.00862366893331643,0.00236632471545704,0.000644151584427158
"346",17.75,0.00779430477832834,0.00861968571748979,0.00237249127299225,0.000647508430387764
"347",17.8,0.00779237865947676,0.00861526751214429,0.00237858059993414,0.000650860889380865
"348",17.85,0.00779007015600189,0.0086104174373661,0.00238459288186422,0.000654208955511388
"349",17.9,0.00778738189471614,0.00860513865237365,0.00239052831543314,0.000657552625448271
"350",17.95,0.00778431653748807,0.00859943435440783,0.00239638710820449,0.000660891898410827
"351",18,0.00778087678028771,0.00859330777762846,0.00240216947849815,0.00066422677615481
"352",18.05,0.00777706535223692,0.00858676219201731,0.00240787565523327,0.000667557262958174
"353",18.1,0.00777288501466499,0.00857980090228785,0.00241350587777091,0.000670883365606555
"354",18.15,0.00776833856016984,0.00857242724680201,0.00241906039575636,0.000674205093378469
"355",18.2,0.00776342881168486,0.00856464459649412,0.00242453946896124,0.000677522458030247
"356",18.25,0.0077581586215516,0.00855645635380222,0.00242994336712544,0.000680835473780706
"357",18.3,0.00775253087059858,0.008547865951607,0.00243527236979891,0.000684144157295569
"358",18.35,0.00774654846722618,0.00853887685217842,0.00244052676618329,0.000687448527671648
"359",18.4,0.00774021434649814,0.00852949254613044,0.00244570685497361,0.000690748606420792
"360",18.45,0.00773353146923941,0.00851971655138377,0.00245081294419991,0.000694044417453606
"361",18.5,0.00772650282114084,0.00850955241213696,0.00245584535106892,0.000697335987062964
"362",18.55,0.00771913141187062,0.00849900369784596,0.00246080440180584,0.00070062334390731
"363",18.6,0.00771142027419286,0.00848807400221233,0.00246569043149625,0.000703906518993754
"364",18.65,0.00770337246309322,0.00847676694218023,0.00247050378392819,0.000707185545660991
"365",18.7,0.00769499105491183,0.00846508615694228,0.00247524481143448,0.000710460459562026
"366",18.75,0.00768627914648367,0.00845303530695458,0.00247991387473524,0.000713731298646736
"367",18.8,0.00767723985428646,0.00844061807296089,0.00248451134278076,0.000716998103144252
"368",18.85,0.00766787631359616,0.00842783815502609,0.0024890375925947,0.0007202609155452
"369",18.9,0.00765819167765034,0.00841469927157918,0.00249349300911762,0.000723519780583774
"370",18.95,0.00764818911681939,0.00840120515846581,0.00249787798505097,0.000726774745219687
"371",19,0.00763787181778562,0.00838735956801045,0.00250219292070149,0.000730025858619965
"372",19.05,0.00762724298273061,0.00837316626808843,0.00250643822382612,0.000733273172140634
"373",19.1,0.00761630582853064,0.00835862904120781,0.00251061430947739,0.00073651673930827
"374",19.15,0.00760506358596041,0.00834375168360121,0.00251472159984938,0.000739756615801454
"375",19.2,0.00759351949890514,0.00832853800432782,0.0025187605241243,0.000742992859432104
"376",19.25,0.00758167682358105,0.00831299182438539,0.00252273151831959,0.000746225530126726
"377",19.3,0.00756953882776447,0.00829711697583266,0.00252663502513573,0.00074945468990756
"378",19.35,0.00755710879002943,0.0082809173009219,0.00253047149380477,0.00075268040287365
"379",19.4,0.00754438999899397,0.00826439665124199,0.00253424137993942,0.000755902735181832
"380",19.45,0.00753138575257515,0.00824755888687185,0.00253794514538304,0.000759121755027661
"381",19.5,0.00751809935725284,0.00823040787554439,0.00254158325806026,0.000762337532626258
"382",19.55,0.0075045341273424,0.00821294749182104,0.00254515619182848,0.000765550140193119
"383",19.6,0.00749069338427617,0.0081951816162769,0.00254866442633014,0.000768759651924852
"384",19.65,0.00747658045589398,0.00817711413469647,0.0025521084468458,0.00077196614397989
"385",19.7,0.00746219867574258,0.00815874893728018,0.00255548874414817,0.000775169694459151
"386",19.75,0.00744755138238416,0.00814008991786157,0.00255880581435699,0.000778370383386672
"387",19.8,0.00743264191871384,0.00812114097313529,0.00256206015879475,0.000781568292690216
"388",19.85,0.00741747363128637,0.00810190600189587,0.00256525228384348,0.000784763506181855
"389",19.9,0.00740204986965188,0.00808238890428733,0.00256838270080241,0.000787956109538548
"390",19.95,0.00738637398570077,0.00806259358106362,0.00257145192574661,0.000791146190282696
"391",20,0.00737044933301783,0.00804252393285988,0.00257446047938665,0.000794333837762707
"392",20.05,0.0073542792662455,0.00802218385947468,0.00257740888692931,0.000797519143133555
"393",20.1,0.00733786714045635,0.00800157725916304,0.00258029767793923,0.000800702199337348
"394",20.15,0.00732121631053486,0.00798070802794037,0.00258312738620175,0.000803883101083914
"395",20.2,0.00730433013056825,0.0079595800588973,0.00258589854958672,0.000807061944831398
"396",20.25,0.00728721195324673,0.00793819724152541,0.00258861170991341,0.000810238828766883
"397",20.3,0.00726986512927291,0.00791656346105385,0.00259126741281662,0.000813413852787048
"398",20.35,0.00725229300678039,0.00789468259779677,0.00259386620761377,0.000816587118478848
"399",20.4,0.00723449893076172,0.0078725585265117,0.00259640864717327,0.000819758729100233
"400",20.45,0.00721648624250549,0.00785019511576873,0.00259889528778392,0.000822928789560924
"401",20.5,0.00719825827904266,0.00782759622733054,0.00260132668902558,0.00082609740640321
"402",20.55,0.00717981837260214,0.00780476571554321,0.00260370341364094,0.000829264687782825
"403",20.6,0.00716116985007549,0.00778170742673784,0.00260602602740854,0.000832430743449858
"404",20.65,0.00714231603249091,0.00775842519864297,0.00260829509901696,0.00083559568472974
"405",20.7,0.00712326023449629,0.00773492285980759,0.00261051119994023,0.000838759624504282
"406",20.75,0.00710400576385144,0.00771120422903506,0.00261267490431446,0.000841922677192795
"407",20.8,0.00708455592092947,0.00768727311482749,0.00261478678881577,0.000845084958733268
"408",20.85,0.00706491399822721,0.00766313331484084,0.00261684743253936,0.000848246586563637
"409",20.9,0.0070450832798847,0.00763878861535064,0.00261885741687989,0.000851407679603124
"410",20.95,0.00702506704121373,0.00761424279072814,0.0026208173254132,0.000854568358233668
"411",21,0.00700486854823539,0.00758949960292708,0.00262272774377912,0.000857728744281435
"412",21.05,0.00698449105722653,0.00756456280098079,0.00262458925956576,0.000860888960998427
"413",21.1,0.00696393781427522,0.00753943612050981,0.00262640246219491,0.000864049133044183
"414",21.15,0.00694321205484501,0.00751412328323975,0.00262816794280891,0.000867209386467577
"415",21.2,0.00692231700334811,0.00748862799652949,0.00262988629415864,0.00087036984868872
"416",21.25,0.00690125587272739,0.00746295395290968,0.00263155811049295,0.000873530648480969
"417",21.3,0.00688003186404702,0.00743710482963123,0.00263318398744934,0.000876691915953033
"418",21.35,0.00685864816609193,0.00741108428822417,0.00263476452194595,0.000879853782531205
"419",21.4,0.00683710795497592,0.00738489597406636,0.0026363003120749,0.000883016380941695
"420",21.45,0.0068154143937584,0.00735854351596231,0.00263779195699692,0.000886179845193088
"421",21.5,0.00679357063206956,0.00733203052573188,0.00263924005683733,0.000889344310558918
"422",21.55,0.00677157980574428,0.00730536059780885,0.00264064521258335,0.000892509913560366
"423",21.6,0.00674944503646427,0.00727853730884929,0.00264200802598268,0.000895676791949077
"424",21.65,0.00672716943140879,0.00725156421734962,0.00264332909944351,0.000898845084690115
"425",21.7,0.00670475608291356,0.00722444486327439,0.00264460903593577,0.00090201493194504
"426",21.75,0.00668220806813809,0.00719718276769353,0.00264584843889381,0.000905186475055113
"427",21.8,0.00665952844874116,0.00716978143242923,0.0026470479121203,0.000908359856524654
"428",21.85,0.00663672027056443,0.00714224433971211,0.00264820805969155,0.000911535220004512
"429",21.9,0.00661378656332429,0.00711457495184686,0.00264932948586415,0.000914712710275691
"430",21.95,0.00659073034031157,0.00708677671088705,0.00265041279498295,0.000917892473233117
"431",22,0.00656755459809938,0.0070588530383192,0.0026514585913903,0.000921074655869533
"432",22.05,0.0065442623162587,0.00703080733475591,0.00265246747933674,0.000924259406259556
"433",22.1,0.00652085645708203,0.0070026429796381,0.00265344006289295,0.000927446873543874
"434",22.15,0.00649733996531455,0.00697436333094606,0.00265437694586301,0.000930637207913587
"435",22.2,0.00647371576789321,0.00694597172491944,0.00265527873169905,0.000933830560594705
"436",22.25,0.00644998677369332,0.00691747147578607,0.00265614602341717,0.000937027083832796
"437",22.3,0.00642615587328274,0.00688886587549933,0.00265697942351473,0.000940226930877784
"438",22.35,0.00640222593868364,0.00686015819348427,0.00265777953388889,0.000943430255968906
"439",22.4,0.0063781998231415,0.00683135167639212,0.00265854695575653,0.000946637214319825
"440",22.45,0.00635408036090172,0.00680244954786332,0.00265928228957547,0.0009498479621039
"441",22.5,0.00632987036699321,0.00677345500829883,0.00265998613496692,0.000953062656439612
"442",22.55,0.00630557263701946,0.00674437123463972,0.00266065909063936,0.000956281455376155
"443",22.6,0.00628118994695653,0.0067152013801549,0.00266130175431363,0.000959504517879187
"444",22.65,0.00625672505295823,0.00668594857423696,0.00266191472264929,0.000962732003816741
"445",22.7,0.00623218069116817,0.0066566159222059,0.00266249859117236,0.000965964073945306
"446",22.75,0.00620755957753881,0.00662720650512085,0.00266305395420428,0.000969200889896063
"447",22.8,0.00618286440765726,0.0065977233795995,0.00266358140479215,0.000972442614161296
"448",22.85,0.00615809785657788,0.00656816957764531,0.00266408153464022,0.000975689410080964
"449",22.9,0.00613326257866153,0.00653854810648225,0.00266455493404272,0.00097894144182944
"450",22.95,0.00610836120742137,0.00650886194839709,0.00266500219181788,0.000982198874402424
"451",23,0.00608339635537524,0.00647911406058913,0.00266542389524317,0.000985461873604015
"452",23.05,0.00605837061390449,0.00644930737502723,0.00266582062999192,0.000988730606033964
"453",23.1,0.00603328655311908,0.0064194447983141,0.00266619298007102,0.000992005239075082
"454",23.15,0.00600814672172901,0.00638952921155771,0.00266654152775995,0.000995285940880837
"455",23.2,0.005982953646922,0.00635956347024972,0.00266686685355098,0.000998572880363105
"456",23.25,0.00595770983424719,0.00632955040415098,0.00266716953609064,0.0010018662271801
"457",23.3,0.00593241776750495,0.0062994928171837,0.00266745015212232,0.00100516615172449
"458",23.35,0.00590707990864265,0.00626939348733057,0.00266770927643016,0.00100847282511164
"459",23.4,0.00588169869765626,0.00623925516654042,0.00266794748178403,0.00101178641916808
"460",23.45,0.00585627655249786,0.00620908058064052,0.00266816533888578,0.00101510710642013
"461",23.5,0.00583081586898874,0.00617887242925535,0.00266836341631664,0.00101843506008268
"462",23.55,0.00580531902073822,0.00614863338573171,0.00266854228048573,0.00102177045404814
"463",23.6,0.00577978835906805,0.00611836609707018,0.00266870249557979,0.00102511346287561
"464",23.65,0.00575422621294227,0.0060880731838628,0.00266884462351409,0.00102846426178017
"465",23.7,0.00572863488890245,0.00605775724023674,0.00266896922388434,0.00103182302662236
"466",23.75,0.00570301667100828,0.00602742083380409,0.00266907685391988,0.00103518993389785
"467",23.8,0.00567737382078345,0.00599706650561753,0.00266916806843789,0.00103856516072727
"468",23.85,0.00565170857716658,0.00596669677013181,0.00266924341979881,0.0010419488848462
"469",23.9,0.0056260231564674,0.00593631411517097,0.00266930345786271,0.00104534128459536
"470",23.95,0.00560031975232778,0.0059059210019012,0.00266934872994692,0.00104874253891094
"471",24,0.00557460053568783,0.00587551986480928,0.00266937978078463,0.00105215282731514
"472",24.05,0.00554886765475671,0.00584511311168635,0.00266939715248459,0.00105557232990686
"473",24.1,0.00552312323498837,0.00581470312361723,0.0026694013844919,0.00105900122735256
"474",24.15,0.00549736937906186,0.00578429225497487,0.00266939301354982,0.00106243970087728
"475",24.2,0.00547160816686633,0.00575388283341996,0.00266937257366265,0.00106588793225588
"476",24.25,0.00544584165549053,0.00572347715990578,0.00266934059605958,0.00106934610380438
"477",24.3,0.00542007187921681,0.00569307750868788,0.00266929760915968,0.00107281439837154
"478",24.35,0.00539430084951949,0.00566268612733879,0.00266924413853774,0.00107629299933056
"479",24.4,0.00536853055506753,0.00563230523676745,0.0026691807068913,0.00107978209057096
"480",24.45,0.00534276296173148,0.00560193703124346,0.00266910783400849,0.00108328185649066
"481",24.5,0.00531700001259451,0.00557158367842592,0.00266902603673698,0.00108679248198817
"482",24.55,0.00529124362796761,0.0055412473193968,0.00266893582895382,0.00109031415245501
"483",24.6,0.00526549570540877,0.00551093006869887,0.00266883772153629,0.00109384705376824
"484",24.65,0.00523975811974605,0.0054806340143779,0.0026687322223337,0.00109739137228319
"485",24.7,0.00521403272310459,0.00545036121802923,0.00266861983614004,0.00110094729482636
"486",24.75,0.00518832134493731,0.00542011371484848,0.0026685010646677,0.00110451500868846
"487",24.8,0.00516262579205943,0.00538989351368647,0.00266837640652198,0.00110809470161762
"488",24.85,0.00513694784868662,0.00535970259710811,0.00266824635717657,0.00111168656181278
"489",24.9,0.00511128927647654,0.00532954292145523,0.00266811140894994,0.00111529077791724
"490",24.95,0.00508565181457418,0.00529941641691338,0.00266797205098252,0.00111890753901233
"491",25,0.00506003717966037,0.0052693249875823,0.00266782876921489,0.00112253703461128
"492",25.05,0.00503444706600376,0.00523927051155013,0.00266768204636669,0.00112617945465327
"493",25.1,0.00500888314551609,0.00520925484097134,0.00266753236191652,0.00112983498949759
"494",25.15,0.00498334706781063,0.00517927980214803,0.00266738019208256,0.00113350382991795
"495",25.2,0.00495784046026378,0.00514934719561486,0.00266722600980408,0.00113718616709703
"496",25.25,0.00493236492807982,0.00511945879622725,0.00266707028472377,0.00114088219262106
"497",25.3,0.00490692205435851,0.00508961635325295,0.00266691348317087,0.00114459209847471
"498",25.35,0.00488151340016582,0.0050598215904668,0.00266675606814508,0.00114831607703595
"499",25.4,0.00485614050460738,0.00503007620624864,0.00266659849930127,0.00115205432107123
"500",25.45,0.00483080488490487,0.00500038187368437,0.00266644123293496,0.00115580702373071
"501",25.5,0.00480550803647503,0.00497074024066986,0.00266628472196858,0.00115957437854367
"502",25.55,0.00478025143301142,0.00494115293001792,0.00266612941593845,0.00116335657941409
"503",25.6,0.00475503652656881,0.00491162153956808,0.00266597576098254,0.00116715382061632
"504",25.65,0.00472986474765008,0.00488214764229908,0.00266582419982895,0.00117096629679096
"505",25.7,0.00470473750529558,0.00485273278644414,0.00266567517178506,0.00117479420294084
"506",25.75,0.004679656187175,0.00482337849560882,0.00266552911272747,0.00117863773442721
"507",25.8,0.00465462215968154,0.00479408626889147,0.00266538645509259,0.00118249708696595
"508",25.85,0.00462963676802836,0.0047648575810061,0.00266524762786793,0.00118637245662405
"509",25.9,0.00460470133634735,0.00473569388240778,0.00266511305658407,0.00119026403981617
"510",25.95,0.00457981716778997,0.00470659659942022,0.00266498316330727,0.00119417203330131
"511",26,0.00455498554463035,0.00467756713436584,0.00266485836663277,0.00119809663417973
"512",26.05,0.00453020772837028,0.00464860686569784,0.00266473908167874,0.00120203803988983
"513",26.1,0.00450548495984637,0.00461971714813458,0.00266462572008083,0.00120599644820536
"514",26.15,0.00448081845933901,0.00459089931279593,0.00266451868998733,0.0012099720572326
"515",26.2,0.00445620942668331,0.00456215466734172,0.00266441839605504,0.00121396506540779
"516",26.25,0.00443165904138187,0.00453348449611206,0.00266432523944561,0.00121797567149458
"517",26.3,0.00440716846271923,0.00450489006026956,0.00266423961782258,0.00122200407458176
"518",26.35,0.00438273882987816,0.00447637259794345,0.00266416192534892,0.00122605047408093
"519",26.4,0.00435837126205756,0.00444793332437535,0.00266409255268524,0.0012301150697245
"520",26.45,0.00433406685859193,0.00441957343206683,0.00266403188698843,0.00123419806156359
"521",26.5,0.00430982669907246,0.00439129409092851,0.00266398031191098,0.00123829964996631
"522",26.55,0.00428565184346965,0.00436309644843083,0.00266393820760074,0.00124242003561589
"523",26.6,0.00426154333225726,0.00433498162975632,0.00266390595070127,0.00124655941950919
"524",26.65,0.00423750218653778,0.00430695073795324,0.00266388391435271,0.00125071800295511
"525",26.7,0.00421352940816924,0.00427900485409079,0.00266387246819309,0.00125489598757327
"526",26.75,0.00418962597989323,0.00425114503741548,0.00266387197836025,0.00125909357529274
"527",26.8,0.0041657928654643,0.00422337232550895,0.00266388280749415,0.00126331096835087
"528",26.85,0.00414203100978046,0.00419568773444689,0.00266390531473974,0.00126754836929229
"529",26.9,0.00411834133901488,0.00416809225895928,0.00266393985575019,0.00127180598096795
"530",26.95,0.00409472476074873,0.00414058687259159,0.00266398678269073,0.00127608400653435
"531",27,0.00407118216410497,0.00411317252786721,0.00266404644424284,0.00128038264945282
"532",27.05,0.00404771441988332,0.00408585015645084,0.00266411918560886,0.00128470211348888
"533",27.1,0.00402432238069607,0.00405862066931278,0.00266420534851713,0.00128904260271183
"534",27.15,0.00400100688110485,0.00403148495689429,0.00266430527122744,0.00129340432149427
"535",27.2,0.0039777687377583,0.00400444388927365,0.002664419288537,0.0012977874745119
"536",27.25,0.00395460874953059,0.00397749831633321,0.00266454773178673,0.00130219226674324
"537",27.3,0.00393152769766068,0.00395064906792705,0.00266469092886798,0.00130661890346963
"538",27.35,0.00390852634589239,0.0039238969540495,0.0026648492042296,0.00131106759027514
"539",27.4,0.00388560544061514,0.00389724276500427,0.00266502287888547,0.00131553853304675
"540",27.45,0.00386276571100542,0.00387068727157418,0.00266521227042227,0.00132003193797451
"541",27.5,0.00384000786916879,0.00384423122519158,0.0026654176930077,0.00132454801155182
"542",27.55,0.0038173326102826,0.00381787535810922,0.00266563945739905,0.0013290869605758
"543",27.6,0.00379474061273914,0.00379162038357166,0.00266587787095203,0.00133364899214777
"544",27.65,0.00377223253828938,0.00376546699598711,0.00266613323762998,0.00133823431367377
"545",27.7,0.00374980903218719,0.00373941587109972,0.00266640585801343,0.00134284313286521
"546",27.75,0.00372747072333393,0.00371346766616221,0.00266669602930991,0.00134747565773957
"547",27.8,0.0037052182244235,0.00368762302010884,0.00266700404536411,0.0013521320966212
"548",27.85,0.00368305213208776,0.00366188255372869,0.00266733019666829,0.00135681265814219
"549",27.9,0.00366097302704225,0.00363624686983912,0.00266767477037304,0.00136151755124331
"550",27.95,0.00363898147423223,0.00361071655345956,0.00266803805029824,0.00136624698517503
"551",28,0.00361707802297896,0.00358529217198536,0.00266842031694432,0.00137100116949862
"552",28.05,0.00359526320712624,0.00355997427536187,0.00266882184750386,0.00137578031408732
"553",28.1,0.00357353754518711,0.00353476339625851,0.00266924291587326,0.00138058462912755
"554",28.15,0.00355190154049075,0.00350966005024302,0.00266968379266485,0.00138541432512025
"555",28.2,0.0035303556813295,0.00348466473595569,0.00267014474521911,0.0013902696128822
"556",28.25,0.00350890044110594,0.00345977793528354,0.00267062603761716,0.00139515070354749
"557",28.3,0.00348753627848013,0.00343500011353454,0.00267112793069346,0.00140005780856898
"558",28.35,0.00346626363751679,0.0034103317196117,0.00267165068204872,0.00140499113971986
"559",28.4,0.00344508294783257,0.00338577318618708,0.00267219454606307,0.00140995090909526
"560",28.45,0.00342399462474326,0.00336132492987565,0.00267275977390927,0.00141493732911388
"561",28.5,0.00340299906941099,0.003336987351409,0.00267334661356633,0.00141995061251975
"562",28.55,0.00338209666899126,0.0033127608358088,0.00267395530983311,0.00142499097238398
"563",28.6,0.00336128779678004,0.00328864575256012,0.0026745861043422,0.00143005862210652
"564",28.65,0.00334057281236056,0.00326464245578439,0.00267523923557396,0.00143515377541811
"565",28.7,0.00331995206175009,0.00324075128441215,0.00267591493887067,0.0014402766463821
"566",28.75,0.00329942587754643,0.00321697256235544,0.00267661344645087,0.00144542744939644
"567",28.8,0.0032789945790743,0.00319330659867985,0.0026773349874238,0.00145060639919566
"568",28.85,0.00325865847253139,0.00316975368777625,0.00267807978780406,0.00145581371085288
"569",28.9,0.00323841785113427,0.00314631410953203,0.00267884807052631,0.00146104959978188
"570",28.95,0.00321827299526393,0.003122988129502,0.00267964005546012,0.0014663142817392
"571",29,0.00319822417261109,0.00309977599907883,0.00268045595942495,0.00147160797282622
"572",29.05,0.00317827163832114,0.00307667795566294,0.00268129599620521,0.0014769308894914
"573",29.1,0.00315841563513876,0.00305369422283204,0.00268216037656546,0.00148228324853234
"574",29.15,0.00313865639355216,0.00303082501050996,0.00268304930826565,0.00148766526709809
"575",29.2,0.00311899413193696,0.00300807051513516,0.00268396299607649,0.00149307716269133
"576",29.25,0.00309942905669967,0.00298543091982846,0.00268490164179488,0.00149851915317058
"577",29.3,0.00307996136242066,0.00296290639456034,0.00268586544425941,0.00150399145675254
"578",29.35,0.00306059123199681,0.00294049709631754,0.00268685459936593,0.00150949429201429
"579",29.4,0.00304131883678359,0.00291820316926908,0.0026878693000832,0.00151502787789564
"580",29.45,0.00302214433673672,0.00289602474493164,0.00268890973646856,0.00152059243370136
"581",29.5,0.00300306788055328,0.00287396194233419,0.00268997609568362,0.00152618817910356
"582",29.55,0.00298408960581239,0.00285201486818207,0.00269106856201012,0.00153181533414395
"583",29.6,0.00296520963911522,0.00283018361702024,0.00269218731686565,0.00153747411923616
"584",29.65,0.00294642809622454,0.00280846827139585,0.00269333253881953,0.00154316475516805
"585",29.7,0.0029277450822037,0.0027868689020201,0.00269450440360863,0.00154888746310404
"586",29.75,0.00290916069155499,0.00276538556792931,0.00269570308415325,0.00155464246458738
"587",29.8,0.00289067500835739,0.00274401831664522,0.00269692875057301,0.00156042998154247
"588",29.85,0.00287228810640377,0.00272276718433448,0.0026981815702027,0.00156625023627712
"589",29.9,0.0028540000493374,0.00270163219596741,0.00269946170760817,0.00157210345148483
"590",29.95,0.00283581089078778,0.00268061336547583,0.00270076932460219,0.00157798985024704
"591",30,0.00281772067450597,0.00265971069591014,0.00270210458026033,0.00158390965603537
"592",30.05,0.00279972943449904,0.00263892417959552,0.00270346763093673,0.0015898630927138
"593",30.1,0.00278183719516397,0.00261825379828726,0.00270485863027994,0.00159585038454089
"594",30.15,0.00276404397142086,0.0025976995233252,0.00270627772924871,0.00160187175617191
"595",30.2,0.00274634976884533,0.00257726131578737,0.00270772507612766,0.00160792743266096
"596",30.25,0.00272875458380028,0.00255693912664259,0.00270920081654302,0.00161401763946308
"597",30.3,0.0027112584035669,0.00253673289690225,0.00271070509347827,0.00162014260243629
"598",30.35,0.00269386120647495,0.00251664255777114,0.00271223804728968,0.00162630254784359
"599",30.4,0.00267656296203223,0.00249666803079738,0.00271379981572185,0.00163249770235496
"600",30.45,0.00265936363105331,0.00247680922802131,0.00271539053392321,0.00163872829304922
"601",30.5,0.00264226316578759,0.00245706605212352,0.00271701033446132,0.00164499454741597
"602",30.55,0.00262526151004633,0.00243743839657188,0.00271865934733826,0.00165129669335734
"603",30.6,0.00260835859932921,0.00241792614576757,0.00272033770000582,0.00165763495918979
"604",30.65,0.00259155436094976,0.00239852917519014,0.00272204551738062,0.0016640095736458
"605",30.7,0.00257484871416024,0.00237924735154161,0.00272378292185919,0.0016704207658755
"606",30.75,0.00255824157027555,0.00236008053288952,0.00272555003333289,0.00167686876544823
"607",30.8,0.00254173283279636,0.00234102856880895,0.00272734696920281,0.00168335380235403
"608",30.85,0.0025253223975314,0.00232209130052365,0.0027291738443944,0.00168987610700509
"609",30.9,0.00250901015271892,0.00230326856104596,0.00273103077137222,0.00169643591023707
"610",30.95,0.00249279597914727,0.00228456017531585,0.00273291786015435,0.00170303344331035
"611",31,0.00247667975027467,0.00226596596033884,0.00273483521832682,0.00170966893791124
"612",31.05,0.00246066133234806,0.0022474857253229,0.00273678295105783,0.00171634262615302
"613",31.1,0.00244474058452113,0.00222911927181431,0.00273876116111194,0.00172305474057698
"614",31.15,0.00242891735897145,0.00221086639383245,0.00274076994886394,0.00172980551415326
"615",31.2,0.00241319150101672,0.00219272687800354,0.00274280941231282,0.00173659518028168
"616",31.25,0.00239756284923017,0.00217470050369325,0.00274487964709534,0.00174342397279242
"617",31.3,0.00238203123555499,0.00215678704313838,0.00274698074649966,0.00175029212594658
"618",31.35,0.00236659648541797,0.00213898626157733,0.00274911280147868,0.00175719987443666
"619",31.4,0.00235125841784215,0.00212129791737953,0.00275127590066327,0.00176414745338689
"620",31.45,0.00233601684555861,0.00210372176217384,0.0027534701303753,0.00177113509835344
"621",31.5,0.00232087157511736,0.00208625754097579,0.00275569557464059,0.00177816304532455
"622",31.55,0.0023058224069973,0.00206890499231376,0.00275795231520152,0.00178523153072044
"623",31.6,0.00229086913571526,0.00205166384835413,0.00276024043152964,0.00179234079139318
"624",31.65,0.00227601154993412,0.00203453383502517,0.00276256000083796,0.00179949106462632
"625",31.7,0.00226124943257008,0.00201751467214006,0.00276491109809311,0.0018066825881345
"626",31.75,0.00224658256089888,0.00200060607351861,0.0027672937960273,0.00181391560006273
"627",31.8,0.00223201070666121,0.00198380774710799,0.00276970816515009,0.00182119033898572
"628",31.85,0.00221753363616714,0.00196711939510235,0.00277215427375992,0.00182850704390689
"629",31.9,0.0022031511103996,0.00195054071406128,0.00277463218795545,0.00183586595425726
"630",31.95,0.00218886288511699,0.00193407139502723,0.0027771419716467,0.00184326730989423
"631",32,0.00217466871095482,0.00191771112364181,0.002779683686566,0.00185071135110007
"632",32.05,0.00216056833352639,0.00190145958026094,0.00278225739227861,0.00185819831858035
"633",32.1,0.0021465614935226,0.00188531644006895,0.00278486314619326,0.00186572845346206
"634",32.15,0.00213264792681077,0.00186928137319156,0.00278750100357233,0.00187330199729162
"635",32.2,0.00211882736453254,0.00185335404480776,0.0027901710175419,0.0018809191920327
"636",32.25,0.00210509953320083,0.00183753411526053,0.00279287323910146,0.00188858028006373
"637",32.3,0.0020914641547959,0.00182182124016655,0.00279560771713347,0.00189628550417534
"638",32.35,0.00207792094686039,0.00180621507052471,0.00279837449841263,0.00190403510756747
"639",32.4,0.00206446962259352,0.00179071525282362,0.00280117362761487,0.0019118293338463
"640",32.45,0.00205110989094428,0.00177532142914792,0.00280400514732612,0.00191966842702096
"641",32.5,0.0020378414567037,0.00176003323728357,0.00280686909805086,0.0019275526315
"642",32.55,0.0020246640205962,0.00174485031082197,0.00280976551822027,0.00193548219208756
"643",32.6,0.00201157727937,0.00172977227926303,0.00281269444420025,0.0019434573539794
"644",32.65,0.00199858092588661,0.00171479876811716,0.00281565591029911,0.00195147836275858
"645",32.7,0.00198567464920932,0.00169992939900615,0.00281864994877498,0.0019595454643909
"646",32.75,0.00197285813469086,0.0016851637897629,0.00282167658984292,0.00196765890522007
"647",32.8,0.00196013106406005,0.00167050155453017,0.00282473586168179,0.00197581893196265
"648",32.85,0.00194749311550752,0.00165594230385819,0.00282782779044076,0.00198402579170262
"649",32.9,0.0019349439637706,0.00164148564480115,0.00283095240024565,0.00199227973188571
"650",32.95,0.00192248328021714,0.00162713118101271,0.00283410971320477,0.00200058100031342
"651",33,0.00191011073292852,0.00161287851284036,0.0028372997494147,0.00200892984513675
"652",33.05,0.00189782598678171,0.00159872723741867,0.00284052252696551,0.00201732651484955
"653",33.1,0.00188562870353035,0.00158467694876162,0.00284377806194587,0.00202577125828162
"654",33.15,0.00187351854188502,0.00157072723785372,0.00284706636844774,0.00203426432459146
"655",33.2,0.0018614951575925,0.00155687769274011,0.00285038745857076,0.00204280596325861
"656",33.25,0.00184955820351419,0.00154312789861566,0.00285374134242634,0.00205139642407576
"657",33.3,0.00183770732970355,0.00152947743791289,0.00285712802814133,0.00206003595714037
"658",33.35,0.00182594218348272,0.00151592589038903,0.0028605475218615,0.00206872481284604
"659",33.4,0.00181426240951815,0.00150247283321182,0.00286399982775453,0.00207746324187342
"660",33.45,0.00180266764989538,0.00148911784104445,0.0028674849480128,0.0020862514951808
"661",33.5,0.00179115754419296,0.00147586048612934,0.0028710028828557,0.00209508982399419
"662",33.55,0.00177973172955535,0.00146270033837094,0.00287455363053166,0.00210397847979718
"663",33.6,0.00176838984076511,0.00144963696541755,0.00287813718731984,0.00211291771432019
"664",33.65,0.00175713151031401,0.00143666993274199,0.00288175354753142,0.00212190777952944
"665",33.7,0.00174595636847343,0.00142379880372138,0.00288540270351052,0.00213094892761538
"666",33.75,0.00173486404336378,0.00141102313971585,0.00288908464563476,0.00214004141098074
"667",33.8,0.00172385416102305,0.00139834250014622,0.00289279936231549,0.00214918548222813
"668",33.85,0.00171292634547454,0.00138575644257074,0.00289654683999755,0.00215838139414711
"669",33.9,0.0017020802187937,0.00137326452276079,0.00290032706315876,0.0021676293997008
"670",33.95,0.00169131540117408,0.0013608662947756,0.00290414001430893,0.0021769297520121
"671",34,0.00168063151099245,0.00134856131103597,0.00290798567398847,0.00218628270434921
"672",34.05,0.00167002816487307,0.00133634912239703,0.00291186402076672,0.00219568851011085
"673",34.1,0.00165950497775109,0.00132422927822002,0.00291577503123978,0.00220514742281081
"674",34.15,0.00164906156293512,0.0013122013264431,0.00291971868002791,0.002214659696062
"675",34.2,0.00163869753216894,0.00130026481365119,0.0029236350878679,0.00222422558355999
"676",34.25,0.00162841249569245,0.00128841928514486,0.0029276438416462,0.00223384533906591
"677",34.3,0.00161820606230162,0.00127666428500824,0.00293168514495625,0.00224351921638889
"678",34.35,0.00160807783940782,0.00126499935617607,0.00293575896448044,0.00225324746936774
"679",34.4,0.00159802743309618,0.00125342404049968,0.00293986526490633,0.00226303035185222
"680",34.45,0.0015880544481832,0.00124193787881216,0.00294400400892164,0.00227286811768356
"681",34.5,0.0015781584882735,0.00123054041099252,0.00294817515720866,0.00228276102067438
"682",34.55,0.00156833915581583,0.00121923117602896,0.00295237866843832,0.00229270931458799
"683",34.6,0.00155859605215822,0.00120800971208125,0.00295661449926379,0.00230271325311701
"684",34.65,0.00154892877760237,0.00119687555654212,0.0029608826043136,0.00231277308986134
"685",34.7,0.0015393369314572,0.00118582824609786,0.00296518293618432,0.0023228890783054
"686",34.75,0.00152982011209167,0.00117486731678794,0.0029695154454328,0.0023330614717947
"687",34.8,0.0015203779169868,0.00116399230406376,0.00297388008056792,0.00234329052351166
"688",34.85,0.00151100994278688,0.00115320274284654,0.00297827678804183,0.00235357648645073
"689",34.9,0.00150171578534994,0.00114249816758431,0.00298270551224086,0.00236391961339275
"690",34.95,0.00149249503979749,0.00113187811230801,0.00298716619547572,0.0023743201568785
"691",35,0.00148334730056339,0.00112134211068682,0.00299165877797147,0.00238477836918149
"692",35.05,0.00147427216144211,0.00111088969608252,0.00299618319785677,0.00239529450227997
"693",35.1,0.00146526921563613,0.00110052040160304,0.00300073939115281,0.00240586880782813
"694",35.15,0.0014563380558026,0.0010902337601552,0.00300532729176162,0.00241650153712631
"695",35.2,0.00144747827409937,0.00108002930449658,0.00300994683145399,0.00242719294109062
"696",35.25,0.00143868946223015,0.00106990656728658,0.00301459793985672,0.00243794327022143
"697",35.3,0.00142997121148901,0.0010598650811366,0.00301928054443956,0.00244875277457113
"698",35.35,0.0014213231128042,0.00104990437865952,0.00302399457050144,0.00245962170371084
"699",35.4,0.00141274475678114,0.00104002399251823,0.00302873994115631,0.00247055030669638
"700",35.45,0.00140423573374484,0.00103022345547347,0.00303351657731838,0.00248153883203305
"701",35.5,0.00139579563378146,0.00102050230043082,0.00303832439768684,0.00249258752763961
"702",35.55,0.00138742404677935,0.0010108600604869,0.00304316331873007,0.00250369664081122
"703",35.6,0.00137912056246922,0.00100129626897482,0.00304803325466929,0.0025148664181813
"704",35.65,0.00137088477046373,0.000991810459508814,0.00305293411746161,0.00252609710568248
"705",35.7,0.0013627162602964,0.000982402166028136,0.00305786581678265,0.00253738894850632
"706",35.75,0.00135461462145981,0.000973070922840192,0.00306282826000845,0.00254874219106213
"707",35.8,0.00134657944344307,0.000963816264662884,0.00306782135219696,0.00256015707693455
"708",35.85,0.00133861031576883,0.000954637726666268,0.00307284499606883,0.00257163384884005
"709",35.9,0.00133070682802934,0.000945534844513406,0.00307789909198775,0.00258317274858227
"710",35.95,0.00132286856992216,0.000936507154400525,0.00308298353794015,0.00259477401700625
"711",36,0.00131509513128497,0.000927554193096436,0.00308809822951426,0.00260643789395134
"712",36.05,0.00130738610212992,0.000918675497981232,0.00309324305987872,0.00261816461820296
"713",36.1,0.00129974107267721,0.000909870607084276,0.0030984179197605,0.00262995442744311
"714",36.15,0.00129215963338818,0.000901139059121487,0.00310362269742223,0.00264180755819963
"715",36.2,0.00128464137499764,0.000892480393531903,0.00310885727863896,0.00265372424579403
"716",36.25,0.00127718588854569,0.000883894150513594,0.00311412154667428,0.00266570472428817
"717",36.3,0.00126979276540887,0.00087537987105884,0.00311941538225589,0.00267774922642947
"718",36.35,0.00126246159733072,0.000866937096988674,0.00312473866355045,0.00268985798359475
"719",36.4,0.00125519197645175,0.000858565370986721,0.00313009126613793,0.0027020312257327
"720",36.45,0.0012479834953388,0.000850264236632383,0.00313547306298521,0.00271426918130488
"721",36.5,0.00124083574701384,0.000842033238433379,0.00314088392441921,0.00272657207722529
"722",36.55,0.00123374832498218,0.000833871921857606,0.00314632371809918,0.00273894013879835
"723",36.6,0.00122672082326007,0.000825779833364375,0.00315179230898853,0.00275137358965549
"724",36.65,0.00121975283640179,0.000817756520435008,0.00315728955932594,0.00276387265169006
"725",36.7,0.00121284395952612,0.0008098015316028,0.00316281532859582,0.00277643754499075
"726",36.75,0.00120599378834231,0.00080191441648234,0.00316836947349813,0.00278906848777333
"727",36.8,0.00119920191917547,0.000794094725798252,0.00317395184791756,0.00280176569631075
"728",36.85,0.00119246794899138,0.000786342011413288,0.00317956230289198,0.00281452938486159
"729",36.9,0.00118579147542083,0.000778655826355833,0.00318520068658035,0.00282735976559674
"730",36.95,0.00117917209678338,0.000771035724846816,0.00319086684422981,0.00284025704852441
"731",37,0.00117260941211061,0.000763481262326018,0.00319656061814226,0.00285322144141329
"732",37.05,0.00116610302116886,0.000755991995477793,0.0032022818476401,0.00286625314971393
"733",37.1,0.00115965252448141,0.000748567482256247,0.00320803036903142,0.00287935237647826
"734",37.15,0.00115325752335019,0.000741207281909781,0.00321380601557442,0.00289251932227721
"735",37.2,0.00114691761987702,0.000733910955005132,0.00321960861744122,0.00290575418511651
"736",37.25,0.00114063241698423,0.000726678063450815,0.00322543800168088,0.00291905716035033
"737",37.3,0.00113440151843497,0.00071950817052004,0.00323129399218182,0.00293242844059315
"738",37.35,0.00112822452885284,0.000712400840873049,0.00323717640963352,0.00294586821562947
"739",37.4,0.0011221010537412,0.000705355640578955,0.00324308507148743,0.00295937667232148
"740",37.45,0.0011160306995019,0.000698372137137024,0.00324901979191734,0.00297295399451466
"741",37.5,0.00111001307345361,0.000691449899497416,0.0032549803817789,0.00298660036294119
"742",37.55,0.00110404778384967,0.000684588498081454,0.00326096664856849,0.00300031595512122
"743",37.6,0.00109813443989543,0.000677787504801329,0.00326697839638138,0.00301410094526187
"744",37.65,0.00109227265176523,0.000671046493079324,0.00327301542586919,0.00302795550415405
"745",37.7,0.00108646203061888,0.000664365037866524,0.00327907753419656,0.0030418797990669
"746",37.75,0.0010807021886177,0.000657742715661052,0.00328516451499723,0.00305587399363991
"747",37.8,0.00107499273894015,0.000651179104525786,0.00329127615832927,0.00306993824777271
"748",37.85,0.00106933329579704,0.000644673784105622,0.00329738253046661,0.00308407271751237
"749",37.9,0.00106372347444629,0.000638226335644234,0.00330354279157266,0.00309827755493826
"750",37.95,0.00105816289120726,0.000631836342000373,0.00330972706312431,0.00311255290804443
"751",38,0.00105265116347475,0.000625503387663733,0.00331593512041528,0.00312689892061938
"752",38.05,0.00104718790973252,0.000619227058770282,0.00332216673492926,0.00314131573212331
"753",38.1,0.00104177274956643,0.000613006943117238,0.00332842167429083,0.00315580347756265
"754",38.15,0.00103640530367722,0.000606842630177501,0.00333469970221573,0.00317036228736202
"755",38.2,0.00103108519389285,0.000600733711113732,0.00334100057846032,0.00318499228723334
"756",38.25,0.00102581204318052,0.000594679778791915,0.00334732405877041,0.00319969359804228
"757",38.3,0.00102058547565828,0.000588680427794567,0.00335366989482925,0.00321446633567179
"758",38.35,0.00101540511660624,0.000582735254433456,0.0033600378342049,0.00322931061088291
"759",38.4,0.00101027059247752,0.000576843856761959,0.00336642762029689,0.00324422652917253
"760",38.45,0.00100518153090869,0.00057100583458695,0.00337283899228202,0.0032592141906283
"761",38.5,0.00100013756073005,0.000565220789480346,0.00337927168505963,0.00327427368978049
"762",38.55,0.000995138311975357,0.000559488324790196,0.003385725429196,0.00328940511545085
"763",38.6,0.000990183415891371,0.000553808045651393,0.00339219995086818,0.00330460855059833
"764",38.65,0.000985272504946993,0.000548179558996016,0.003398694971807,0.00331988407216175
"765",38.7,0.000980405212842092,0.000542602473563265,0.0034052102092394,0.00333523175089914
"766",38.75,0.000975581174516001,0.000537076399909014,0.00341174537583015,0.00335065165122408
"767",38.8,0.000970800026155702,0.00053160095041501,0.00341830017962273,0.00336614383103847
"768",38.85,0.000966061405203699,0.000526175739297685,0.00342487432397967,0.00338167884940842
"769",38.9,0.000961364950365587,0.000520800382616629,0.00343146750752212,0.00339731559108259
"770",38.95,0.000956710301617295,0.000515474498282655,0.00343807942406872,0.00341302474433646
"771",39,0.000952097100212084,0.000510197706065589,0.00344470976257388,0.00342880633928323
"772",39.05,0.000947524988687199,0.00050496962760163,0.0034513582070654,0.00344466039863833
"773",39.1,0.000942993610870289,0.000499789886400442,0.00345802443658131,0.0034605869375318
"774",39.15,0.000938502611885492,0.000494658107851834,0.00346470812510623,0.00347658596331694
"775",39.2,0.000934051638159314,0.000489573919232199,0.00347140894150696,0.00349265747537533
"776",39.25,0.000929640337426167,0.00048453694971052,0.00347812654946755,0.00350880146491828
"777",39.3,0.000925268358733712,0.000479546830354147,0.00348486060742365,0.00352501791478434
"778",39.35,0.000920935352447902,0.00047460319413421,0.00349161076849634,0.0035413067992332
"779",39.4,0.000916640970257795,0.000469705675930723,0.00349837668042529,0.00355766808373566
"780",39.45,0.00091238486518011,0.00046485391253739,0.00350515798550146,0.00357410172475981
"781",39.5,0.000908166691563542,0.000460047542666096,0.00351195432049906,0.00359060766955318
"782",39.55,0.000903986105092872,0.000455286206951134,0.0035187653166071,0.00360718585592105
"783",39.6,0.000899842762792799,0.000450569547953086,0.00352559059936032,0.00362383621200065
"784",39.65,0.000895736323031583,0.000445897210162455,0.00353242978856962,0.00364055865603142
"785",39.7,0.000891666445524468,0.000441268840003005,0.003539282498252,0.00365735309612111
"786",39.75,0.000887632791336883,0.000436684085834814,0.00354614833655995,0.00367421943000781
"787",39.8,0.000883635022887431,0.000432142597957061,0.00355302690571046,0.00369115754481777
"788",39.85,0.000879672803950702,0.00042764402861054,0.00355991780191344,0.00370816731681902
"789",39.9,0.000875745799659848,0.0004231880319799,0.00356682061529982,0.00372524861117082
"790",39.95,0.000871853676509014,0.000418774264195636,0.00357373492984923,0.00374240128166882
"791",40,0.000867996102355543,0.000414402383335823,0.00358066032331717,0.00375962517048581
"792",40.05,0.000864172746422039,0.000410072049427587,0.00358759636716194,0.00377692010790826
"793",40.1,0.000860383279298218,0.000405782924448342,0.00359454262647114,0.00379428591206844
"794",40.15,0.000856627372942615,0.000401534672326762,0.00360149865988791,0.00381172238867218
"795",40.2,0.000852904700684124,0.000397326958943543,0.00360846401953679,0.0038292293307221
"796",40.25,0.000849214937223361,0.000393159452131896,0.00361543825094936,0.00384680651823656
"797",40.3,0.000845557758633902,0.000389031821677837,0.00362242089298967,0.00386445371796396
"798",40.35,0.00084193284236336,0.000384943739320241,0.00362941147777933,0.00388217068309265
"799",40.4,0.000838339867234311,0.000380894878750661,0.00363640953062254,0.0038999571529563
"800",40.45,0.000834778513445096,0.000376884915612941,0.00364341456993096,0.00391781285273478
"801",40.5,0.000831248462570488,0.000372913527502615,0.00365042610714831,0.00393573749315035
"802",40.55,0.00082774939756222,0.000368980393966074,0.00365744364667508,0.00395373077015954
"803",40.6,0.000824281002749425,0.000365085196499559,0.00366446668579306,0.00397179236464021
"804",40.65,0.000820842963838919,0.000361227618547928,0.00367149471458983,0.00398992194207412
"805",40.7,0.000817434967915401,0.000357407345503219,0.00367852721588338,0.00400811915222509
"806",40.75,0.000814056703441539,0.00035362406470303,0.00368556366514674,0.00402638362881234
"807",40.8,0.000810707860257957,0.000349877465428709,0.00369260353043265,0.00404471498917937
"808",40.85,0.000807388129583128,0.00034616723890334,0.00369964627229841,0.00406311283395834
"809",40.9,0.000804097204013172,0.000342493078289553,0.00370669134373094,0.00408157674672969
"810",40.95,0.000800834777521586,0.000338854678687163,0.00371373819007205,0.00410010629367752
"811",41,0.000797600545458866,0.000335251737130599,0.00372078624894397,0.00411870102324022
"812",41.05,0.000794394204552088,0.000331683952586204,0.00372783495017513,0.00413736046575658
"813",41.1,0.000791215452904405,0.000328151025949327,0.00373486867909426,0.00415608413310764
"814",41.15,0.000788063989994472,0.000324652660041262,0.0037419168855171,0.00417487151835396
"815",41.2,0.000784939516675824,0.000321188559606021,0.00374896397612702,0.00419372209536851
"816",41.25,0.000781841735176203,0.000317758431306948,0.00375600934884398,0.00421263531846515
"817",41.3,0.000778770349096828,0.000314361983723176,0.00376305239343002,0.00423161062202292
"818",41.35,0.000775725063411637,0.000310998927345933,0.00377009249141807,0.00425064742010595
"819",41.4,0.000772705584466467,0.00030766897457468,0.00377712901604151,0.00426974510607929
"820",41.45,0.000769711619978225,0.000304371839713125,0.00378416133216449,0.0042889030522205
"821",41.5,0.000766742879034022,0.000301107238965082,0.00379118879621297,0.00430812060932718
"822",41.55,0.000763799072090273,0.000297874890430173,0.00379821075610678,0.00432739710632065
"823",41.6,0.000760879910971814,0.000294674514099435,0.00380522655119249,0.00434673184984549
"824",41.65,0.000757985108870963,0.000291505831850737,0.00381223551217743,0.00436612412386549
"825",41.7,0.000755114380346598,0.000288368567444105,0.00381923696106465,0.0043855731892558
"826",41.75,0.000752267441323244,0.000285262446516908,0.00382623021108909,0.00440507828339131
"827",41.8,0.000749444009090117,0.000282187196578894,0.00383321456665508,0.00442463861973193
"828",41.85,0.000746643802300247,0.000279142547007157,0.00384018932327491,0.00444425338740398
"829",41.9,0.000743866540969532,0.000276128229040919,0.00384715376750897,0.00446392175077872
"830",41.95,0.000741111946475877,0.000273143975776243,0.00385410717690727,0.00448364284904761
"831",42,0.000738379741558307,0.000270189522160597,0.00386104881995253,0.00450340049904429
"832",42.05,0.000735669650316145,0.000267264604987345,0.00386797795600474,0.00452322430378031
"833",42.1,0.000732981398208183,0.000264368962890081,0.00387489383524764,0.00454309810517198
"834",42.15,0.000730314712051928,0.000261502336336901,0.00388179569863677,0.00456302093738474
"835",42.2,0.000727669320022865,0.000258664467624541,0.00388868277784961,0.00458299180723944
"836",42.25,0.000725044951653761,0.000255855100872425,0.00389555429523742,0.00460300969377201
"837",42.3,0.000722445900115242,0.000253073982016613,0.00390240946377936,0.00462307354779172
"838",42.35,0.000719862760204212,0.000250320858803658,0.00390924748703857,0.00464318229143743
"839",42.4,0.000717299840838981,0.000247595480784356,0.00391606755912069,0.0046633348177326
"840",42.45,0.000714756876974364,0.000244897599307416,0.00392286886463451,0.00468352999013891
"841",42.5,0.000712233604919881,0.000242226967513041,0.00392965057865511,0.00470376664210892
"842",42.55,0.000709729762339457,0.000239583340326416,0.00393641186668964,0.00472404357663813
"843",42.6,0.00070724508825117,0.000236966474451124,0.00394315188464562,0.00474435956581648
"844",42.65,0.000704779323027092,0.000234376128362455,0.003949869778802,0.00476471335037967
"845",42.7,0.000702332208393217,0.000231812062300672,0.00395656468578303,0.00478510363926066
"846",42.75,0.000699903487429485,0.000229274038264163,0.00396323573253527,0.00480552910914171
"847",42.8,0.000697492904569881,0.000226761820002555,0.00396988203630726,0.00482598840400677
"848",42.85,0.000695100205602655,0.000224275173009723,0.00397650270463288,0.00484648013469558
"849",42.9,0.000692725137670626,0.000221813864516747,0.00398309683531753,0.00486700287845862
"850",42.95,0.000690367449271598,0.000219377663484795,0.00398966351642795,0.00488755517851427
"851",43,0.000688026890258881,0.000216966340597938,0.00399620182628553,0.004908135543608
"852",43.05,0.000685703211841948,0.000214579668255911,0.00400271083346313,0.00492874244757398
"853",43.1,0.000683396166587182,0.00021221742056681,0.00400918959678579,0.00494937432889992
"854",43.15,0.000681105508418742,0.000209879373339698,0.00401563716533525,0.0049700295902953
"855",43.2,0.000678830992619585,0.000207565304077214,0.00402205257845832,0.00499070659826306
"856",43.25,0.000676572375832584,0.000205274991968067,0.00402843486577965,0.00501140368267607
"857",43.3,0.000674329416061803,0.000203008217879519,0.00403478304721839,0.00503211913635794
"858",43.35,0.000672101872673874,0.00020076476434978,0.0040410961330095,0.00505285121466935
"859",43.4,0.000669889506399548,0.000198544415580384,0.00404737312372933,0.00507359813509987
"860",43.45,0.000667692079335358,0.000196346957428495,0.0040536130103259,0.0050943580768662
"861",43.5,0.000665509354945448,0.000194172177399182,0.00405981477415394,0.005115129180517
"862",43.55,0.000663341098063546,0.00019201986463765,0.00406597738701462,0.00513590954754506
"863",43.6,0.000661187074895057,0.000189889809921399,0.00407209981120054,0.00515669724000755
"864",43.65,0.000659047053019348,0.000187781805652378,0.00407818099954559,0.00517749028015444
"865",43.7,0.000656920801392179,0.000185695645849094,0.00408421989548017,0.00519828665006599
"866",43.75,0.000654808090348263,0.000183631126138657,0.00409021543309177,0.00521908429129999
"867",43.8,0.000652708691604022,0.000181588043748814,0.00409616653719104,0.00523988110454925
"868",43.8500000000001,0.000650622378260493,0.000179566197499951,0.00410207212338348,0.00526067494930986
"869",43.9,0.000648548924806396,0.000177565387797048,0.00410793109814702,0.00528146364356114
"870",43.95,0.000646488107121346,0.000175585416621593,0.0041137423589152,0.00530224496345781
"871",44,0.000644439702479292,0.000173626087523506,0.00411950479416677,0.00532301664303495
"872",44.05,0.000642403489552055,0.000171687205612997,0.004125217283521,0.00534377637392672
"873",44.1,0.000640379248413102,0.000169768577552412,0.0041308786978397,0.00536452180509933
"874",44.15,0.000638366760541445,0.000167870011548059,0.00413648022935215,0.00538525054259917
"875",44.2,0.000636365808825732,0.000165991317341998,0.00414203605099552,0.00540596014931649
"876",44.25,0.000634376177568521,0.000164132306203817,0.00414753735868292,0.00542664814476614
"877",44.3,0.000632397652490729,0.000162292790922393,0.00415298298939389,0.00544731200488507
"878",44.35,0.000630430020736236,0.000160472585797622,0.00415837177195801,0.00546794916184835
"879",44.4,0.000628473070876694,0.00015867150663213,0.0041637025271971,0.00548855700390422
"880",44.4500000000001,0.000626526592916508,0.000156889370722987,0.00416897406807431,0.00550913287522831
"881",44.5,0.000624590378297991,0.000155125996853387,0.00417418519985068,0.00552967407579907
"882",44.55,0.000622664219906688,0.000153381205284309,0.00417933472024901,0.00555017786129439
"883",44.6,0.000620747912076904,0.000151654817746194,0.0041844214196251,0.0055706414430102
"884",44.6500000000001,0.00061884125059739,0.000149946657430575,0.00418944408114679,0.00559106198780268
"885",44.6999999999999,0.000616944032717226,0.000148256548981737,0.00419440148098035,0.00561143661805374
"886",44.75,0.00061505605715185,0.000146584318488312,0.00419929238848516,0.00563176241166246
"887",44.8,0.000613177124089317,0.000144929793474939,0.00420411556641569,0.00565203640206074
"888",44.85,0.000611307035196679,0.000143292802893852,0.004208869771132,0.00567225557825697
"889",44.9,0.000609445593626565,0.00014167317711649,0.00421355375281793,0.00569241688490642
"890",44.9500000000001,0.000607592604023956,0.000140070747925114,0.00421816625570769,0.00571250936070359
"891",45,0.000605747872533096,0.000138485348504407,0.00422270601832049,0.005732545544049
"892",45.05,0.000603911206804589,0.000136916813433061,0.00422717177370371,0.00575251442659733
"893",45.1000000000001,0.000602082416002673,0.000135364978675383,0.00423156224968431,0.00577241277687706
"894",45.15,0.000600261310812661,0.000133829681572903,0.00423587616912873,0.00579223731986011
"895",45.2000000000001,0.000598447703448521,0.000132310760835956,0.00424011225021129,0.00581198473721645
"896",45.25,0.000596641407660665,0.000130808056535298,0.00424426920669132,0.00583165166760211
"897",45.3,0.000594842238743833,0.000129321410093699,0.00424834574819859,0.00585123470698208
"898",45.35,0.000593050013545211,0.000127850664277558,0.0042523405805278,0.00587073040898862
"899",45.4,0.000591264550472651,0.000126395663188527,0.00425625240594149,0.00589013528531598
"900",45.4500000000001,0.000589485669503025,0.000124956252255103,0.0042600799234818,0.00590944580615253
"901",45.5,0.000587713192190806,0.000123532278224289,0.00426382182929095,0.00592865840065067
"902",45.55,0.000585946941676693,0.000122123589153198,0.00426747681694056,0.00594776945743616
"903",45.6,0.000584186742696442,0.000120730034400709,0.00427104357776967,0.00596677532515684
"904",45.65,0.000582432421589822,0.000119351464619126,0.00427452080123161,0.00598567231307197
"905",45.7,0.000580683806309667,0.000117987731745825,0.00427790717524955,0.00600445669168299
"906",45.75,0.000578940726431097,0.000116638688994936,0.00428120138658098,0.00602312469340644
"907",45.8,0.000577203013160825,0.000115304190849027,0.00428440212119072,0.00604167251328948
"908",45.85,0.000575470499346617,0.000113984093050809,0.00428750806463275,0.00606009630976905
"909",45.9,0.000573743019486809,0.000112678252594833,0.00429051790244067,0.00607839220547547
"910",45.95,0.000572020409739987,0.000111386527719224,0.00429343032052682,0.00609655628808054
"911",46,0.000570302507934726,0.000110108777897427,0.0042962440055898,0.00611458461119124
"912",46.05,0.000568589153579431,0.00010884486382995,0.00429895764553056,0.0061324731952896
"913",46.1,0.000566880187872272,0.000107594647436147,0.0043015699298769,0.00615021802871901
"914",46.15,0.000565175453711202,0.00010635799184601,0.00430407955021617,0.00616781506871761
"915",46.2,0.00056347479570402,0.00010513476139196,0.0043064852006363,0.00618526024249955
"916",46.25,0.000561778060178547,0.000103924821600695,0.00430878557817469,0.00620254944838349
"917",46.3,0.000560085095192817,0.000102728039185016,0.00431097938327529,0.00621967855697036
"918",46.3500000000001,0.000558395750545346,0.000101544282035704,0.00431306532025337,0.00623664341236888
"919",46.4000000000001,0.000556709877785447,0.000100373419213402,0.00431504209776794,0.00625343983347063
"920",46.4499999999999,0.000555027330223556,9.92153209405189e-05,0.00431690842930175,0.00627006361527375
"921",46.5,0.000553347962941606,9.80698585931477e-05,0.00431866303364864,0.00628651053025648
"922",46.5500000000001,0.000551671632803437,9.69369046930343e-05,0.00432030463540797,0.00630277632979926
"923",46.5999999999999,0.000549998198465199,9.58163328995435e-05,0.00432183196548603,0.00631885674565669
"924",46.65,0.000548327520385722,9.47080180016324e-05,0.00432324376160431,0.00633474749147912
"925",46.7,0.000546659460836983,9.36118359099043e-05,0.00432453876881426,0.00635044426438271
"926",46.75,0.000544993883914443,9.25276636486244e-05,0.00432571574001828,0.0063659427465692
"927",46.8,0.000543330655547439,9.1455379347799e-05,0.0043267734364969,0.00638123860699408
"928",46.85,0.000541669643509518,9.03948622352663e-05,0.00432771062844177,0.00639632750308378
"929",46.9,0.000540010717428726,8.93459926288166e-05,0.00432852609549414,0.00641120508250028
"930",46.95,0.000538353748797853,8.83086519283351e-05,0.00432921862728868,0.00642586698495403
"931",47.0000000000001,0.000536698610984606,8.72827226079672e-05,0.00432978702400227,0.0064403088440637
"932",47.0499999999999,0.000535045179241741,8.62680882083361e-05,0.00433023009690745,0.0064545262892621
"933",47.0999999999999,0.00053339333071706,8.52646333287384e-05,0.0043305427404001,0.00646851494774877
"934",47.1500000000001,0.000531742944463375,8.42722436194244e-05,0.00433073163562121,0.00648227044648646
"935",47.1999999999999,0.000530093901448359,8.32908057738764e-05,0.0043307917129873,0.00649578841424243
"936",47.25,0.000528446084564218,8.23202075210966e-05,0.00433072183377097,0.00650906448367294
"937",47.2999999999999,0.000526799378637363,8.13603376179818e-05,0.0043305208731669,0.00652209429344916
"938",47.35,0.000525153670437815,8.04110858416552e-05,0.00433018772086648,0.00653487349042507
"939",47.3999999999999,0.000523508848688597,7.94723429819033e-05,0.00432972128163469,0.00654739773184395
"940",47.4499999999999,0.000521864804074852,7.85440008335708e-05,0.0043291204758889,0.00655966268758445
"941",47.5000000000001,0.000520221429252875,7.76259521890391e-05,0.00432838424027899,0.00657166404244275
"942",47.55,0.000518578618858971,7.67180908307218e-05,0.00432751152826881,0.00658339749845076
"943",47.6,0.000516936269518043,7.5820311523565e-05,0.00432650131071784,0.00659485877722817
"944",47.6500000000001,0.000515294279852084,7.49325100076172e-05,0.00432535257646349,0.00660604362236684
"945",47.7,0.000513652550488409,7.40545829906146e-05,0.00432406433290282,0.00661694780184537
"946",47.7499999999999,0.00051201098406765,7.31864281405836e-05,0.00432263560657374,0.00662756711047298
"947",47.8,0.000510369485251557,7.23279440784991e-05,0.00432106544373502,0.00663789334382982
"948",47.8499999999999,0.000508727960730566,7.1479030370977e-05,0.00431935291094461,0.00664793039327326
"949",47.8999999999999,0.000507086319231032,7.06395875229626e-05,0.00431749709563597,0.00665767014197711
"950",47.9500000000001,0.000505444471522313,6.98095169705004e-05,0.00431549710669181,0.00666710851701107
"951",47.9999999999999,0.000503802330423503,6.89887210735155e-05,0.00431335207501465,0.00667624148485211
"952",48.0500000000001,0.000502159810809852,6.81771031085983e-05,0.00431106115409396,0.0066850650539572
"953",48.1,0.000500516829619015,6.73745672618979e-05,0.00430862352056927,0.00669357527734807
"954",48.1500000000001,0.000498873305856829,6.6581018621964e-05,0.0043060383747885,0.00670176825520805
"955",48.2,0.000497229160602912,6.57963631726917e-05,0.00430330494136155,0.00670964013748647
"956",48.2500000000001,0.000495584317015823,6.50205077862496e-05,0.00430042246970804,0.00671718712650917
"957",48.3000000000001,0.000493938700337976,6.42533602160873e-05,0.00429739023459912,0.00672440547959177
"958",48.35,0.000492292237900117,6.3494829089937e-05,0.00429420753669262,0.0067312915116534
"959",48.4000000000001,0.000490644859125502,6.27448239028759e-05,0.00429087370306111,0.00673784159782778
"960",48.4499999999999,0.000488996495533692,6.20032550104253e-05,0.0042873880877123,0.00674405217606856
"961",48.4999999999999,0.000487347080743907,6.12700336216538e-05,0.0042837500721012,0.00674991974974691
"962",48.5500000000001,0.000485696550478096,6.05450717923598e-05,0.00427995906563383,0.0067554408902372
"963",48.6000000000001,0.000484044842563519,5.98282824182629e-05,0.00427601450616149,0.00676061223948859
"964",48.6500000000001,0.000482391896934942,5.91195792282276e-05,0.00427191586046547,0.00676543051257934
"965",48.6999999999999,0.000480737655636427,5.84188767775395e-05,0.00426766262473144,0.00676989250025058
"966",48.75,0.000479082062822658,5.77260904411985e-05,0.0042632543250132,0.00677399507141656
"967",48.8000000000001,0.000477425064759895,5.70411364072755e-05,0.00425869051768516,0.00677773517564835
"968",48.8499999999999,0.000475766609826411,5.63639316702797e-05,0.00425397078988307,0.00678110984562752
"969",48.8999999999999,0.000474106648512495,5.56943940245622e-05,0.00424909475993249,0.00678411619956755
"970",48.9499999999999,0.000472445133420015,5.50324420577776e-05,0.00424406207776459,0.00678675144359848
"971",48.9999999999999,0.000470782019261493,5.4377995144366e-05,0.00423887242531881,0.00678901287411304
"972",49.05,0.000469117262858691,5.37309734390684e-05,0.00423352551693166,0.00679089788007022
"973",49.1,0.000467450823140745,5.30912978704968e-05,0.00422802109971161,0.00679240394525356
"974",49.15,0.000465782661141746,5.24588901347131e-05,0.00422235895389919,0.00679352865048115
"975",49.2000000000001,0.000464112739997895,5.18336726888747e-05,0.00421653889321222,0.00679426967576406
"976",49.2499999999999,0.000462441024944104,5.12155687448971e-05,0.00421056076517548,0.00679462480241029
"977",49.3,0.000460767483310077,5.06045022631536e-05,0.00420442445143445,0.0067945919150714
"978",49.35,0.000459092084515929,5.00003979462286e-05,0.00419812986805294,0.00679416900372882
"979",49.4,0.000457414800067223,4.94031812326882e-05,0.00419167696579384,0.00679335416561682
"980",49.4500000000001,0.000455735603549511,4.88127782908977e-05,0.00418506573038285,0.0067921456070796
"981",49.5,0.000454054470622345,4.82291160128788e-05,0.00417829618275494,0.00679054164535977
"982",49.5499999999998,0.000452371379012724,4.76521220081922e-05,0.00417136837928266,0.00678854071031508
"983",49.6000000000001,0.000450686308508012,4.70817245978618e-05,0.00416428241198665,0.00678614134606162
"984",49.65,0.000448999240948375,4.65178528083588e-05,0.00415703840872776,0.00678334221254034
"985",49.7,0.000447310160218544,4.59604363655738e-05,0.00414963653338,0.00678014208700478
"986",49.7499999999999,0.000445619052239159,4.54094056888789e-05,0.00414207698598497,0.00677653986542761
"987",49.7999999999998,0.000443925904957458,4.48646918851828e-05,0.0041343600028866,0.0067725345638239
"988",49.8499999999999,0.000442230708337498,4.4326226743057e-05,0.00412648585684669,0.00676812531948888
"989",49.8999999999999,0.000440533454349772,4.37939427268795e-05,0.00411845130599109,0.00676331139214846
"990",49.9499999999999,0.00043883413696028,4.32677729710206e-05,0.00411026378825499,0.00675809216502002
"991",49.9999999999999,0.000437132752119047,4.27476512740634e-05,0.00410192014519313,0.00675246714578282
"992",50.0500000000001,0.000435429297748078,4.22335120930636e-05,0.004093420795994,0.00674643596745514
"993",50.0999999999999,0.000433723773728816,4.1725290537857e-05,0.00408476619654078,0.00673999838917792
"994",50.1499999999999,0.000432016181888912,4.12229223653701e-05,0.00407595683940504,0.00673315429690222
"995",50.2,0.000430306525988605,4.07263439740115e-05,0.00406699325382057,0.00672590370398072
"996",50.2499999999999,0.000428594811706455,4.02354923980733e-05,0.00405787600563601,0.00671824675166107
"997",50.3000000000002,0.000426881046624501,3.9750305302162e-05,0.00404860569724635,0.0067101837094803
"998",50.3500000000001,0.000425165240213008,3.92707209757038e-05,0.00403918296750456,0.00670171497556059
"999",50.4000000000001,0.000423447403814492,3.87966783274356e-05,0.00402960849161113,0.00669284107680392
"1000",50.4500000000002,0.000421727550627349,3.83281168799727e-05,0.00401988298098361,0.00668356266898682
"1001",50.4999999999999,0.000420005695688903,3.78649767644016e-05,0.00401000718310516,0.00667388053675403
"1002",50.55,0.000418281855857867,3.74071987148904e-05,0.00399998188135185,0.00666379559351061
"1003",50.6000000000002,0.000416556049796389,3.69547240633702e-05,0.00398980789480003,0.00665330681629147
"1004",50.6500000000001,0.000414828297951508,3.65074947342292e-05,0.00397948607801264,0.00664241949387844
"1005",50.7000000000002,0.000413098622536054,3.60654532390356e-05,0.00396901732080473,0.00663113287057677
"1006",50.7499999999998,0.000411367047509178,3.56285426713299e-05,0.00395840254798965,0.00661944837173708
"1007",50.8000000000001,0.000409633598556184,3.51967067014058e-05,0.00394764271910375,0.00660736754941923
"1008",50.8499999999998,0.000407898303068131,3.47698895711906e-05,0.00393673882811275,0.00659489208168335
"1009",50.9000000000002,0.000406161190120613,3.43480360890813e-05,0.00392569190309632,0.0065820237717804
"1010",50.9500000000001,0.000404422290452426,3.39310916249024e-05,0.0039145030059154,0.00656876454724808
"1011",51.0000000000001,0.000402681636443438,3.35190021048236e-05,0.00390317323185816,0.00655511645890823
"1012",51.0499999999998,0.000400939262092226,3.31117140063669e-05,0.00389170370926847,0.00654108167977111
"1013",51.1000000000001,0.000399195202993098,3.27091743534111e-05,0.00388009559915454,0.00652666250384498
"1014",51.15,0.00039744949631286,3.23113307112747e-05,0.00386835009478051,0.00651186134485541
"1015",51.1999999999999,0.000395702180766932,3.19181311817847e-05,0.00385646842123841,0.00649668073487258
"1016",51.2499999999997,0.0003939532965952,3.15295243984158e-05,0.00384445183500362,0.00648112332285162
"1017",51.3000000000001,0.000392202885537367,3.11454595214479e-05,0.00383230162347224,0.00646519187308555
"1018",51.35,0.000390450990808009,3.07658862331799e-05,0.00382001910448246,0.00644888926357507
"1019",51.3999999999998,0.000388697657071087,3.03907547331423e-05,0.00380760562581805,0.00643221848431451
"1020",51.4499999999999,0.000386942930414175,3.00200157333729e-05,0.00379506256469666,0.0064151826354987
"1021",51.5000000000001,0.000385186858322358,2.96536204537258e-05,0.0037823913272425,0.00639778492565265
"1022",51.5499999999999,0.000383429489651684,2.92915206172039e-05,0.00376959334794331,0.00638002866968527
"1023",51.6000000000001,0.000381670874602294,2.89336684453242e-05,0.00375667008909255,0.00636191728687042
"1024",51.6500000000001,0.000379911064691289,2.85800166535353e-05,0.00374362304021793,0.00634345429875903
"1025",51.7000000000002,0.000378146384004645,2.82305184466466e-05,0.00373045371749541,0.00632464332702268
"1026",51.7499999999998,0.000376384343827429,2.78851275143148e-05,0.00371716366315057,0.00630548809123399
"1027",51.8000000000002,0.000374621270941936,2.75437980265286e-05,0.00370375444484618,0.00628599240658354
"1028",51.8499999999997,0.000372857221855305,2.72064846291881e-05,0.00369022765505957,0.00626616018154137
"1029",51.9000000000003,0.000371092254251058,2.68731424396324e-05,0.00367658491044513,0.00624599541545792
"1030",51.9499999999999,0.000369326426960495,2.65437270423007e-05,0.00366282785118961,0.00622550219611824
"1031",51.9999999999999,0.000367559799933301,2.6218194484325e-05,0.00364895814035265,0.00620468469724031
"1032",52.0499999999998,0.000365792434208398,2.58965012712414e-05,0.00363497746320084,0.00618354717593213
"1033",52.1000000000003,0.000364024391884273,2.5578604362677e-05,0.00362088752652989,0.00616209397010178
"1034",52.1500000000002,0.000362255736089356,2.52644611681125e-05,0.00360669005797972,0.00614032949583008
"1035",52.2000000000001,0.000360486530951956,2.49540295426323e-05,0.00359238680533929,0.00611825824470295
"1036",52.2500000000002,0.000358716841570263,2.46472677827469e-05,0.00357797953584543,0.00609588478111281
"1037",52.2999999999997,0.00035694673398212,2.43441346222319e-05,0.00356347003547384,0.00607321373952794
"1038",52.3499999999999,0.000355176275134568,2.4044589227987e-05,0.00354886010822289,0.00605024982173355
"1039",52.4,0.000353405532853493,2.37485911959615e-05,0.00353415157539321,0.00602699779405099
"1040",52.45,0.000351634575812937,2.34561005470738e-05,0.00351934627486,0.00600346248453293
"1041",52.4999999999999,0.000349863473504444,2.31670777231837e-05,0.00350444606034157,0.00597964878014211
"1042",52.5500000000003,0.0003480922962063,2.28814835830916e-05,0.00348945280066346,0.00595556162391476
"1043",52.5999999999999,0.000346321114952798,2.25992793985817e-05,0.00347436837901965,0.00593120601211325
"1044",52.6500000000001,0.000344550001503225,2.232042685046e-05,0.00345919469222883,0.00590658699136706
"1045",52.7000000000002,0.00034277902831115,2.20448880246755e-05,0.00344393364999094,0.00588170965581226
"1046",52.7500000000002,0.000341008268493423,2.17726254084299e-05,0.00342858717413963,0.00585657914422471
"1047",52.8000000000001,0.000339237795799318,2.15036018863397e-05,0.00341315719789468,0.00583120063715544
"1048",52.85,0.000337467684579628,2.12377807366203e-05,0.00339764566511304,0.00580557935406806
"1049",52.8999999999997,0.000335698009755848,2.09751256273092e-05,0.00338205452954045,0.00577972055048319
"1050",52.9499999999999,0.000333928846789313,2.07156006125054e-05,0.00336638575406252,0.00575362951513013
"1051",53.0000000000002,0.000332160271650543,2.04591701286628e-05,0.00335064130995819,0.00572731156711219
"1052",53.0500000000004,0.000330392360788502,2.02057989908892e-05,0.00333482317615331,0.00570077205308376
"1053",53.0999999999997,0.00032862519110006,1.99554523892914e-05,0.00331893333847718,0.00567401634444561
"1054",53.1499999999997,0.000326858839899398,1.97080958853294e-05,0.00330297378892047,0.0056470498345572
"1055",53.1999999999999,0.000325093384887811,1.94636954082391e-05,0.00328694652489855,0.00561987793597454
"1056",53.2499999999998,0.000323328904123378,1.92222172514475e-05,0.00327085354851627,0.00559250607770828
"1057",53.3000000000003,0.000321565475990841,1.89836280690271e-05,0.00325469686583721,0.00556493970250871
"1058",53.3500000000003,0.000319803179171776,1.87478948721984e-05,0.00323847848615904,0.00553718256145547
"1059",53.4000000000002,0.000318042092614708,1.85149850258294e-05,0.00322220042129166,0.00550924351278841
"1060",53.4499999999996,0.000316282295505599,1.82848662449923e-05,0.00320586468484271,0.00548112633112339
"1061",53.4999999999999,0.000314523867238385,1.80575065915262e-05,0.00318947329150767,0.00545283648762671
"1062",53.5500000000004,0.000312766887385911,1.78328744706574e-05,0.00317302825636828,0.00542437945410095
"1063",53.6000000000002,0.000311011435670908,1.76109386276209e-05,0.00315653159419593,0.00539576070046987
"1064",53.6500000000004,0.000309257591937192,1.73916681443117e-05,0.00313998531876238,0.00536698569230293
"1065",53.7000000000005,0.000307505436121298,1.71750324359883e-05,0.00312339144215992,0.00533805988838427
"1066",53.7500000000002,0.000305755048224176,1.69610012479795e-05,0.00310675197412768,0.00530898873832141
"1067",53.8000000000004,0.000304006508283206,1.67495446524243e-05,0.00309006892138685,0.00527977768019895
"1068",53.8499999999999,0.000302259896344608,1.6540633045057e-05,0.00307334428698591,0.00525043213827995
"1069",53.9000000000004,0.000300515292435863,1.63342371419837e-05,0.00305658006965219,0.00522095752074937
"1070",53.9499999999998,0.000298772776538858,1.6130327976538e-05,0.00303977826315704,0.00519135921751266
"1071",54.0000000000002,0.000297032428562789,1.59288768960991e-05,0.00302294085568543,0.00516164259803411
"1072",54.0499999999995,0.000295294328317976,1.5729855559006e-05,0.00300606982922136,0.00513181300923506
"1073",54.1000000000002,0.000293558555489413,1.55332359314308e-05,0.00298916715893784,0.0051018757734332
"1074",54.1499999999996,0.000291825189611274,1.53389902843481e-05,0.00297223481260352,0.00507183618634366
"1075",54.2000000000005,0.000290094310041068,1.51470911904549e-05,0.00295527474999349,0.00504169951512099
"1076",54.2499999999997,0.000288365995934926,1.49575115212006e-05,0.0029382889223186,0.00501147099646719
"1077",54.3000000000006,0.000286640326222385,1.47702244437507e-05,0.00292127927165781,0.00498115583477851
"1078",54.3499999999995,0.000284917379582474,1.45852034180768e-05,0.00290424773041119,0.0049507592003624
"1079",54.4000000000006,0.000283197234419179,1.4402422193965e-05,0.00288719622075484,0.00492028622769146
"1080",54.4500000000002,0.000281479968838343,1.42218548081635e-05,0.00287012665411807,0.00488974201373062
"1081",54.5000000000004,0.000279765660623957,1.40434755814478e-05,0.00285304093066286,0.00485913161630163
"1082",54.5500000000003,0.000278052524999952,1.38672591157926e-05,0.00283594093878293,0.00482846005251597
"1083",54.5999999999994,0.000276344362906607,1.36931802915246e-05,0.0028188285546112,0.00479773229725583
"1084",54.6499999999997,0.000274639389369282,1.35212142645069e-05,0.00280170564154022,0.00476695328171121
"1085",54.6999999999995,0.000272937680661051,1.33513364633755e-05,0.00278457404975793,0.00473612789197722
"1086",54.7500000000005,0.000271239312623012,1.31835225867533e-05,0.00276743561579151,0.00470526096769814
"1087",54.8000000000005,0.000269544360643778,1.30177486005414e-05,0.00275029216206932,0.00467435730077595
"1088",54.8499999999997,0.000267852899638872,1.28539907351847e-05,0.00273314549649044,0.00464342163412452
"1089",54.8999999999996,0.000266165004030848,1.26922254829895e-05,0.00271599741201027,0.00461245866048344
"1090",54.9500000000001,0.000264480747729896,1.253242959547e-05,0.00269884968623933,0.00458147302128692
"1091",55.0000000000003,0.000262800204114746,1.23745800807054e-05,0.00268170408105389,0.00455046930558417
"1092",55.0500000000007,0.000261123446013985,1.22186542007175e-05,0.00266456234221921,0.00451945204901246
"1093",55.0999999999998,0.000259450545687997,1.20646294688892e-05,0.00264742619902757,0.00448842573282643
"1094",55.1499999999997,0.000257781574811049,1.19124836473779e-05,0.00263029736394645,0.0044573947829743
"1095",55.1999999999995,0.000256116604454242,1.17621947445913e-05,0.0026131775322838,0.00442636356923358
"1096",55.2499999999995,0.000254455705068535,1.16137410126498e-05,0.00259606838186251,0.00439533640439102
"1097",55.3000000000001,0.000252798946468405,1.14671009448909e-05,0.0025789715727097,0.00436431754347668
"1098",55.3499999999999,0.000251146397816005,1.13222532733984e-05,0.00256188874675946,0.00433331118304862
"1099",55.3999999999993,0.000249498127605556,1.1179176966535e-05,0.00254482152756604,0.00430232146052278
"1100",55.4500000000001,0.00024785420364837,1.10378512265134e-05,0.00252777152003175,0.00427135245355467
"1101",55.4999999999998,0.000246214693058467,1.08982554870011e-05,0.00251074031014898,0.00424040817947127
"1102",55.5500000000003,0.000244579662238187,1.07603694107076e-05,0.00249372946475013,0.00420949259474144
"1103",55.6,0.000242949176864805,1.06241728870404e-05,0.00247674053127567,0.00417860959450237
"1104",55.65,0.000241323301877142,1.04896460297436e-05,0.00245977503754997,0.004147763012123
"1105",55.6999999999993,0.000239702101462973,1.0356769174588e-05,0.00244283449157303,0.00411695661881816
"1106",55.7500000000007,0.000238085639046552,1.02255228770531e-05,0.00242592038132088,0.00408619412329988
"1107",55.7999999999993,0.00023647397727715,1.00958879100774e-05,0.002409034174564,0.00405547917148194
"1108",55.8499999999996,0.000234867178017117,9.96784526175474e-06,0.00239217731868797,0.00402481534620856
"1109",55.8999999999998,0.000233265302331456,9.84137613313649e-06,0.00237535124053711,0.00399420616704404
"1110",55.9499999999996,0.000231668410477066,9.71646193599314e-06,0.00235855734626172,0.00396365509008753
"1111",56.0000000000002,0.000230076561892712,9.59308429061888e-06,0.00234179702117976,0.00393316550783197
"1112",56.0500000000009,0.000228489815189522,9.47122502366279e-06,0.00232507162965081,0.00390274074906258
"1113",56.1,0.000226908228141778,9.35086616596963e-06,0.00230838251495977,0.00387238407878952
"1114",56.1500000000009,0.00022533185767801,9.23198995043064e-06,0.00229173099921029,0.00384209869821409
"1115",56.2000000000002,0.000223760759873056,9.11457880989485e-06,0.00227511838323452,0.00381188774473996
"1116",56.2500000000002,0.00022219498993981,8.99861537504408e-06,0.00225854594650596,0.00378175429200439
"1117",56.2999999999999,0.000220634602222051,8.88408247233706e-06,0.00224201494706965,0.00375170134995485
"1118",56.3499999999991,0.000219079650187294,8.7709631219429e-06,0.00222552662147855,0.00372173186495017
"1119",56.3999999999999,0.00021753018642015,8.65924053570144e-06,0.00220908218474097,0.00369184871989444
"1120",56.4499999999992,0.000215986262616342,8.54889811511981e-06,0.00219268283028065,0.00366205473440569
"1121",56.5000000000003,0.000214447929576593,8.43991944934943e-06,0.00217632972990089,0.00363235266500329
"1122",56.55,0.000212915237201638,8.33228831323337e-06,0.00216002403376585,0.00360274520533739
"1123",56.6000000000009,0.000211388234486861,8.2259886653174e-06,0.00214376687038303,0.00357323498643051
"1124",56.6499999999991,0.000209866969518115,8.12100464593554e-06,0.00212755934660345,0.0035438245769607
"1125",56.6999999999995,0.000208351489467046,8.0173205752513e-06,0.00211140254762114,0.00351451648355268
"1126",56.7500000000004,0.000206841840587786,7.91492095138635e-06,0.00209529753699211,0.00348531315111241
"1127",56.7999999999999,0.000205338068213318,7.81379044851769e-06,0.00207924535665428,0.00345621696317137
"1128",56.850000000001,0.000203840216752293,7.71391391499847e-06,0.00206324702695655,0.00342723024225469
"1129",56.9000000000006,0.000202348329686686,7.61527637152865e-06,0.00204730354670114,0.00339835525028005
"1130",56.9500000000009,0.000200862449569155,7.5178630092984e-06,0.00203141589318681,0.00336959418896441
"1131",57.0000000000003,0.000199382618021357,7.42165918818962e-06,0.00201558502226625,0.00334094920026205
"1132",57.0500000000005,0.000197908875732154,7.32665043496352e-06,0.00199981186840598,0.0033124223668126
"1133",57.0999999999991,0.000196441262456589,7.23282244149364e-06,0.00198409734475828,0.00328401571241529
"1134",57.1500000000008,0.000194979817014664,7.14016106298067e-06,0.00196844234323427,0.0032557312025098
"1135",57.1999999999993,0.000193524577291295,7.04865231623887e-06,0.00195284773459321,0.00322757074469014
"1136",57.2499999999993,0.000192074642239241,6.95828237792533e-06,0.001937314368526,0.0031995361892114
"1137",57.2999999999996,0.000190631923478468,6.86903758285858e-06,0.00192184307375744,0.00317162932953346
"1138",57.350000000001,0.000189195518475548,6.78090442230612e-06,0.00190643465814683,0.00314385190286416
"1139",57.3999999999995,0.000187765461374684,6.69386954231794e-06,0.00189108990879968,0.00311620559072465
"1140",57.4499999999996,0.000186341785386467,6.60791974203812e-06,0.00187580959217872,0.00308869201951525
"1141",57.5,0.000184924522789652,6.52304197208384e-06,0.00186059445422961,0.00306131276110911
"1142",57.5499999999994,0.000183513704932602,6.43922333290284e-06,0.00184544522050547,0.00303406933344496
"1143",57.6000000000008,0.000182109362235093,6.35645107315105e-06,0.00183036259629764,0.00300696320113143
"1144",57.65,0.000180711524190848,6.27471258811313e-06,0.00181534726677628,0.00297999577606967
"1145",57.6999999999987,0.000179320219369645,6.19399541809644e-06,0.0018003998971284,0.00295316841807118
"1146",57.7499999999991,0.000177935475420214,6.11428724687187e-06,0.00178552113270621,0.00292648243549396
"1147",57.8000000000004,0.000176557319073349,6.0355759001272e-06,0.0017707115991796,0.00289993908588546
"1148",57.849999999999,0.000175185776145175,5.95784934392897e-06,0.00175597190269181,0.00287353957663028
"1149",57.8999999999992,0.000173820871540369,5.88109568318362e-06,0.0017413026300161,0.00284728506559863
"1150",57.9500000000006,0.000172462629256277,5.80530316015058e-06,0.00172670434872359,0.00282117666181323
"1151",58.0000000000002,0.000171111072386858,5.73046015294634e-06,0.00171217760735028,0.00279521542611322
"1152",58.0499999999991,0.000169766223126736,5.65655517405712e-06,0.00169772293556662,0.00276940237182046
"1153",58.0999999999991,0.00016842810277576,5.58357686888168e-06,0.0016833408443534,0.00274373846541531
"1154",58.1500000000002,0.000167096731743751,5.51151401428713e-06,0.00166903182618078,0.00271822462721541
"1155",58.2000000000014,0.000165772129555368,5.44035551717353e-06,0.00165479635518934,0.0026928617320555
"1156",58.2500000000004,0.000164454314855231,5.37009041305573e-06,0.00164063488737464,0.0026676506099709
"1157",58.2999999999991,0.000163143305413068,5.30070786464993e-06,0.00162654786077274,0.00264259204687954
"1158",58.3499999999987,0.000161839118129353,5.23219716049056e-06,0.00161253569565157,0.00261768678527141
"1159",58.3999999999998,0.000160541769040978,5.164547713552e-06,0.001598598794703,0.00259293552489598
"1160",58.4500000000013,0.000159251273327162,5.09774905988767e-06,0.001584737543238,0.00256833892345151
"1161",58.4999999999985,0.000157967645315548,5.03179085728299e-06,0.00157095230938399,0.0025438975972748
"1162",58.5500000000008,0.000156690898487948,4.9666628838952e-06,0.00155724344427869,0.00251961212202086
"1163",58.6000000000013,0.000155421045487524,4.90235503697221e-06,0.00154361128227947,0.00249548303336638
"1164",58.650000000001,0.000154158098124705,4.83885733151106e-06,0.00153005614115911,0.00247151082768494
"1165",58.7000000000001,0.000152902067384096,4.7761598989735e-06,0.00151657832231234,0.0024476959627373
"1166",58.7499999999993,0.000151652963431298,4.71425298600199e-06,0.00150317811096113,0.00242403885835528
"1167",58.7999999999997,0.000150410795619886,4.65312695314984e-06,0.00148985577636163,0.00240053989712426
"1168",58.8499999999991,0.000149175572498627,4.59277227362909e-06,0.00147661157201334,0.00237719942506516
"1169",58.9000000000012,0.000147947301818496,4.53317953205508e-06,0.00146344573586588,0.00235401775230776
"1170",58.9499999999991,0.000146725990540467,4.4743394232353e-06,0.00145035849053357,0.00233099515377333
"1171",59.0000000000005,0.000145511644842377,4.41624275091997e-06,0.00143735004349973,0.00230813186983434
"1172",59.0500000000012,0.000144304270127194,4.35888042662751e-06,0.0014244205873355,0.00228542810699525
"1173",59.1000000000006,0.000143103871030352,4.30224346843191e-06,0.00141157029990802,0.00226288403854975
"1174",59.1500000000015,0.00014191045142758,4.24632299978158e-06,0.00139879934459339,0.00224049980524167
"1175",59.1999999999996,0.00014072401444307,4.19111024834098e-06,0.00138610787049247,0.00221827551592606
"1176",59.249999999999,0.00013954456245713,4.13659654481612e-06,0.00137349601264054,0.00219621124821458
"1177",59.3000000000014,0.000138372097114532,4.08277332182031e-06,0.00136096389222358,0.00217430704912772
"1178",59.3500000000009,0.00013720661933282,4.02963211274558e-06,0.00134851161679327,0.00215256293573977
"1179",59.4000000000011,0.000136048129310182,3.97716455062219e-06,0.00133613928047647,0.00213097889580926
"1180",59.4500000000005,0.000134896626534121,3.92536236702322e-06,0.0013238469641924,0.00210955488841788
"1181",59.5,0.000133752109789684,3.87421739095719e-06,0.00131163473586403,0.00208829084459442
"1182",59.5499999999991,0.000132614577168032,3.82372154778414e-06,0.00129950265063217,0.00206718666793829
"1183",59.6000000000017,0.000131484026074826,3.77386685813299e-06,0.00128745075106663,0.00204624223523314
"1184",59.6500000000011,0.000130360453239164,3.7246454368509e-06,0.00127547906738206,0.00202545739706358
"1185",59.7000000000006,0.000129243854721746,3.67604949192815e-06,0.00126358761764455,0.0020048319784109
"1186",59.7499999999997,0.000128134225923863,3.62807132346806e-06,0.00125177640798594,0.00198436577925718
"1187",59.7999999999991,0.000127031561596031,3.58070332264978e-06,0.00124004543281296,0.00196405857517562
"1188",59.8500000000007,0.000125935855846736,3.53393797070599e-06,0.00122839467501668,0.00194391011791641
"1189",59.8999999999989,0.000124846628005839,3.48776783791957e-06,0.00121682410618316,0.0019239201359897
"1190",59.9500000000003,0.00012376481899859,3.44218558260465e-06,0.00120533368679666,0.00190408833523101
"1191",60.0000000000006,0.000122689947131188,3.39718395013734e-06,0.00119392336645164,0.00188441439937686
