"speed","origin","r=1","r=1.2","r=1.4"
"1",0.5,0.000189466823051052,1.04294121374402e-05,2.54543521077838e-06,6.34782871661872e-07
"2",0.55,0.000247896064838707,1.4180240528071e-05,3.48737390507357e-06,8.76355763775617e-07
"3",0.6,0.000315463374624602,1.87431843065746e-05,4.64286424507834e-06,1.17517062334276e-06
"4",0.65,0.000392595593095597,2.41938419227026e-05,6.03416450370607e-06,1.5378232285465e-06
"5",0.7,0.000479240537127149,3.06052503382178e-05,7.68318518152861e-06,1.97091388119706e-06
"6",0.75,0.000575343651282301,3.80476577507228e-05,9.61140571848057e-06,2.48102041581384e-06
"7",0.8,0.000680764087021903,4.65883433517085e-05,1.18398038653304e-05,3.07467445870784e-06
"8",0.85,0.000795281070626811,5.62914764068486e-05,1.43887958375438e-05,3.75834049595698e-06
"9",0.9,0.000918602109657029,6.72180085180513e-05,1.7278185744079e-05,4.53839739402184e-06
"10",0.95,0.00105037084513635,7.94255940954565e-05,2.0527123059852e-05,5.421122080222e-06
"11",1,0.00119017338310695,9.29685349557602e-05,2.41540671213687e-05,6.41267513881701e-06
"12",1.05,0.00133754631181775,0.000107897745651203,2.81767577889353e-05,7.5190881162482e-06
"13",1.1,0.00149198339851422,0.000124260736675338,3.26121915484872e-05,8.74625235906231e-06
"14",1.15,0.00165294203871098,0.000142101613124705,3.74766024301251e-05,1.00999092321431e-05
"15",1.2,0.0018198497462163,0.000161461086746161,4.27854472050919e-05,1.15856415845322e-05
"16",1.25,0.00199211034439033,0.000182376499586898,4.85533943925823e-05,1.32088663463396e-05
"17",1.3,0.00216910982681907,0.00020488185770202,5.47943166657364e-05,1.49748281537759e-05
"18",1.35,0.00235022199199381,0.000229007873573396,6.15212862948754e-05,1.68885939107423e-05
"19",1.4,0.00253481389036265,0.000254782016061057,6.87465733072822e-05,1.89550482051075e-05
"20",1.45,0.00272225094944982,0.000282228566850879,7.64816460781107e-05,2.1178889506115e-05
"21",1.5,0.00291190180245548,0.000311368682484115,8.47371740973218e-05,2.35646270765393e-05
"22",1.55,0.00310314283590714,0.00034222046115926,9.35230326838471e-05,2.61165785394588e-05
"23",1.6,0.00329536244205593,0.000374799013587679,0.000102848309441078,2.8838868044974e-05
"24",1.65,0.00348796496285902,0.000409116537263569,0.000112721312267862,3.17354249870154e-05
"25",1.7,0.00368037431455385,0.000445182393578101,0.000123149578756877,3.48099832246434e-05
"26",1.75,0.00387203728270477,0.000483003187268528,0.000134139886827921,3.80660807660308e-05
"27",1.8,0.00406242647840868,0.000522582847746796,0.000145698266457567,4.15070598767083e-05
"28",1.85,0.00425104294748161,0.000563922711899819,0.000157830012379064,4.5136067576689e-05
"29",1.9,0.00443741842599626,0.000607021607995968,0.000170539697637512,4.89560564938286e-05
"30",1.95,0.00462111723751077,0.00065187594037009,0.000183831187895324,5.29697860432536e-05
"31",2,0.00480173782969394,0.000698479774593131,0.000197707656392037,5.71798239049358e-05
"32",2.05,0.00497891395076577,0.000746824922862837,0.000212171599470695,6.15885477735401e-05
"33",2.1,0.00515231546917468,0.000796901029379127,0.000227224852590424,6.61981473565325e-05
"34",2.15,0.00532164884315313,0.000848695655492413,0.000242868606751544,7.10106265982506e-05
"35",2.2,0.00548665725014154,0.000902194364435201,0.000259101153611947,7.60278061092023e-05
"36",2.25,0.00564712038945566,0.000957380805467443,0.000275926841603702,8.12513257813027e-05
"37",2.3,0.00580285397489225,0.0010142367972842,0.000293342900765204,8.66826475710843e-05
"38",2.35,0.00595370893712989,0.00107274241055069,0.000311348114525644,9.23230584341458e-05
"39",2.4,0.0060995703586785,0.00113287604944487,0.00032994070799764,9.81736733952411e-05
"40",2.45,0.00624035616668608,0.00119461453210097,0.000349118365640129,0.000104235438739455
"41",2.5,0.00637601561103959,0.00125793316986043,0.000368878248963787,0.000110509135310897
"42",2.55,0.00650652755683998,0.00132280584524723,0.000389217014242175,0.000116995381906254
"43",2.6,0.00663189862144618,0.00138920508859555,0.000410130830194936,0.000123694638751367
"44",2.65,0.00675216118683972,0.00145710215326685,0.000431615395612234,0.00013060721104982
"45",2.7,0.00686737131806151,0.00152646708940189,0.00045366595689228,0.000137733252593231
"46",2.75,0.00697760661792186,0.00159726881616146,0.000476277325466238,0.000145072769423637
"47",2.8,0.0070829640471237,0.00166947519241639,0.000499443895087127,0.000152625623539016
"48",2.85,0.00718355773740651,0.00174305308585423,0.000523159658961373,0.000160391536633565
"49",2.9,0.00727951682338315,0.00181796844047579,0.000547418226703706,0.000168370093864933
"50",2.95,0.00737099407019389,0.00189418634246045,0.000572212841097849,0.00017656074764115
"51",3,0.00745812063006126,0.0019716710843838,0.000597536394647184,0.000184962821420445
"52",3.05,0.00754106908792377,0.00205038622777624,0.000623381445901124,0.000193575513517658
"53",3.1,0.00762000804630471,0.00213029466401483,0.000649740235544375,0.00020239790091136
"54",3.15,0.00769511127738107,0.00221135867354489,0.000676604702237675,0.000211428943046214
"55",3.2,0.00776655606511293,0.00229353998343113,0.000703966498199765,0.000220667485625488
"56",3.25,0.00783452167308118,0.0023767998232413,0.000731817004521649,0.000230112264389024
"57",3.3,0.00789918794252103,0.00246109897926826,0.000760147346205164,0.000239761908872248
"58",3.35,0.00796073402269849,0.00254639784709904,0.000788948406918982,0.000249614946142212
"59",3.4,0.00801933723366587,0.00263265648254162,0.000818210843466082,0.000259669804506878
"60",3.45,0.00807517205956559,0.00271983465092265,0.000847925099957588,0.000269924817194199
"61",3.5,0.0081284092690459,0.00280789187477105,0.000878081421688739,0.000280378225997797
"62",3.55,0.00817921515800384,0.00289678747990417,0.000908669868713439,0.000291028184886291
"63",3.6,0.00822775090877988,0.00298648063993492,0.000939680329114626,0.000301872763573573
"64",3.65,0.00827417205908052,0.00307693041921973,0.000971102531968276,0.000312909951047563
"65",3.7,0.00831862807328424,0.00316809581426809,0.00100292605999951,0.000324137659055154
"66",3.75,0.00836126200837472,0.00325993579363617,0.00103514036192988,0.000335553725541315
"67",3.8,0.00840221026651852,0.00335240933632741,0.00106773476451524,0.000347155918040444
"68",3.85,0.00844160242624111,0.00344547546872429,0.00110069848427442,0.000358941937018299
"69",3.9,0.00847956114423074,0.00353909330007597,0.00113402063890901,0.00037090941916295
"70",3.95,0.00851620211999213,0.00363322205656742,0.00116769025841528,0.000383055940623413
"71",4,0.00855164355087934,0.00372782111399599,0.00120169629588941,0.000395379020194715
"72",4.05,0.00858596840914816,0.00382285002908194,0.00123602763802776,0.00040787612244832
"73",4.1,0.00861928131853554,0.00391826856944,0.00127067311532398,0.000420544660806975
"74",4.15,0.00865167079885044,0.00401403674223917,0.00130562151196546,0.000433382000563128
"75",4.2,0.00868321893010775,0.00411011482157821,0.00134086157543137,0.000446385461840236
"76",4.25,0.00871400155108919,0.00420646337460479,0.00137638202579529,0.00045955232249636
"77",4.3,0.00874408847722397,0.00430304328640587,0.00141217156473534,0.000472879820969531
"78",4.35,0.00877354373344698,0.00439981578369758,0.00144821888425507,0.000486365159064531
"79",4.4,0.00880242579815524,0.00449674245734233,0.00148451267511847,0.000500005504680764
"80",4.45,0.0088307878548251,0.00459378528372137,0.0015210416350028,0.000513797994480992
"81",4.5,0.00885867804827018,0.00469090664499051,0.00155779447637283,0.000527739736500823
"82",4.55,0.00888613974291119,0.00478806934824697,0.00159475993408055,0.00054182781269888
"83",4.6,0.00891321178079034,0.00488523664363511,0.00163192677269422,0.000556059281447658
"84",4.65,0.00893992873739563,0.00498237224141834,0.00166928379356094,0.000570431179965163
"85",4.7,0.00896632117366396,0.00507944032804497,0.00170681984160707,0.000584940526687462
"86",4.75,0.0089924158828058,0.00517640558123467,0.00174452381188051,0.000599584323582344
"87",4.8,0.00901823613084068,0.00527323318411284,0.00178238465583968,0.000614359558404358
"88",4.85,0.00904380188995288,0.00536988883841921,0.00182039138739322,0.000629263206891523
"89",4.9,0.0090691300639703,0.0054663387768172,0.00185853308869521,0.000644292234904066
"90",4.95,0.00909423470544158,0.00556254977433,0.00189679891570032,0.000659443600505591
"91",5,0.00911912722393536,0.00565848915892905,0.0019351781034836,0.000674714255987105
"92",5.05,0.0091438165853147,0.00575412482130033,0.00197365997132935,0.000690101149834397
"93",5.1,0.00916830950185171,0.0058494252238135,0.00201223392759402,0.000705601228639262
"94",5.15,0.00919261061314128,0.00594435940871843,0.0020508894743474,0.000721211438955127
"95",5.2,0.0092167226578534,0.00603889700559359,0.00208961621179718,0.000736928729097655
"96",5.25,0.00924064663643028,0.00613300823807005,0.00212840384250125,0.000752750050890918
"97",5.3,0.00926438196488907,0.00622666392985459,0.0021672421753725,0.000768672361359782
"98",5.35,0.00928792661993629,0.00631983551007515,0.00220612112948089,0.000784692624369149
"99",5.4,0.00931127727563527,0.00641249501797122,0.00224503073765724,0.000800807812210722
"100",5.45,0.00933442943189587,0.00650461510695156,0.00228396114990345,0.000817014907137995
"101",5.5,0.00935737753507621,0.00659616904804091,0.00232290263661387,0.00083331090285018
"102",5.55,0.00938011509100156,0.0066871307327376,0.0023618455916121,0.000849692805925781
"103",5.6,0.00940263477071494,0.00677747467530251,0.0024007805350081,0.000866157637206568
"104",5.65,0.00942492850927974,0.00686717601450059,0.00243969811587982,0.000882702433132699
"105",5.7,0.00944698759795665,0.00695621051481477,0.00247858911478405,0.000899324247029754
"106",5.75,0.00946880277007594,0.00704455456715218,0.00251744444610074,0.000916020150348452
"107",5.8,0.00949036428092269,0.00713218518906205,0.00255625516021527,0.000932787233857825
"108",5.85,0.00951166198194691,0.0072190800244842,0.00259501244554297,0.000949622608792652
"109",5.9,0.0095326853896031,0.0073052173430467,0.00263370763040024,0.000966523407955937
"110",5.95,0.00955342374911573,0.00739057603893073,0.00267233218472634,0.000983486786777226
"111",6,0.00957386609345684,0.00747513562932047,0.00271087772166029,0.00100050992432757
"112",6.05,0.00959400129781241,0.0075588762524551,0.00274933599897676,0.00101759002429196
"113",6.1,0.00961381812980309,0.00764177866530001,0.0027876989203852,0.00103472431589996
"114",6.15,0.00963330529571364,0.00772382424085353,0.00282595853669609,0.00105191005481549
"115",6.2,0.00965245148297454,0.00780499496510528,0.00286410704685846,0.00106914452398639
"116",6.25,0.00967124539912744,0.00788527343366192,0.00290213679887235,0.00108642503445474
"117",6.3,0.00968967580749542,0.00796464284805537,0.00294004029058021,0.00110374892612862
"118",6.35,0.00970773155976721,0.00804308701174854,0.00297781017034101,0.00112111356851614
"119",6.4,0.00972540162569461,0.00812059032585307,0.00301543923759063,0.00113851636142258
"120",6.45,0.00974267512009057,0.00819713778457308,0.00305292044329248,0.00115595473561146
"121",6.5,0.00975954132730612,0.00827271497038877,0.00309024689028154,0.00117342615343014
"122",6.55,0.00977598972335391,0.00834730804899326,0.00312741183350578,0.00119092810940103
"123",6.6,0.00979200999583632,0.00842090376399557,0.00316440868016804,0.00120845813077898
"124",6.65,0.00980759206182761,0.0084934894314025,0.00320123098977209,0.00122601377807567
"125",6.7,0.00982274495063145,0.00856505293389161,0.00323787247407599,0.00124359264555181
"126",6.75,0.00983742136492145,0.00863558271488732,0.00327432699695611,0.0012611923616779
"127",6.8,0.00985163085142152,0.00870506777245168,0.00331058857418505,0.00127881058956431
"128",6.85,0.00986536438768754,0.00877349765300111,0.00334665137312654,0.00129644502736136
"129",6.9,0.00987861324409143,0.00884086244485999,0.00338250971235046,0.00131409340863032
"130",6.95,0.00989136899209238,0.0089071527716617,0.00341815806117096,0.00133175350268578
"131",7,0.00990362351128166,0.00897235978560751,0.00345359103911069,0.0013494231149105
"132",7.05,0.00991536899529054,0.00903647516059315,0.00348880341529396,0.00136710008704302
"133",7.1,0.00992659795664561,0.00909949108521273,0.00352379010777175,0.00138478229743913
"134",7.15,0.00993730323065001,0.0091614002556495,0.00355854618278125,0.00140246766130767
"135",7.2,0.00994747797836403,0.00922219586846234,0.00359306685394273,0.0014201541309214
"136",7.25,0.00995711568875399,0.00928187161327686,0.00362734748139633,0.00143783969580367
"137",7.3,0.00996621018007352,0.00934042166538953,0.00366138357088134,0.00145552238289152
"138",7.35,0.00997475560053728,0.0093978406782931,0.0036951707727606,0.00147320025667592
"139",7.4,0.00998274642834322,0.00945412377613119,0.00372870488099236,0.00149087141931971
"140",7.45,0.00999017747109565,0.00950926654608973,0.0037619818320521,0.00150853401075397
"141",7.5,0.00999704386467813,0.00956326503073264,0.00379499770380662,0.0015261862087535
"142",7.55,0.0100033410716214,0.0096161157202889,0.00382774871434269,0.00154382622899184
"143",7.6,0.0100090648790096,0.00966781554489793,0.00386023122075258,0.00156145232507669
"144",7.65,0.0100142113959634,0.00971836186681982,0.00389244171787848,0.00157906278856617
"145",7.7,0.0100187770507381,0.00976775247261697,0.00392437683701817,0.00159665594896653
"146",7.75,0.0100227585874703,0.00981598556531314,0.00395603334459375,0.00161423017371201
"147",7.8,0.0100261530626063,0.00986305975653605,0.00398740814078567,0.00163178386812726
"148",7.85,0.0100289578410407,0.009908974058649,0.00401849825813392,0.00164931547537304
"149",7.9,0.0100311705919946,0.00995372787687726,0.00404930086010828,0.00166682347637564
"150",7.95,0.0100327892846589,0.00999732100143433,0.00407981323964956,0.00168430638974063
"151",8,0.0100338121836257,0.0100397535996533,0.00411003281768354,0.00170176277165146
"152",8.05,0.0100342378441325,0.0100810262081278,0.00413995714160948,0.00171919121575339
"153",8.1,0.0100340651071389,0.0101211397248683,0.00416958388376484,0.0017365903530234
"154",8.15,0.0100332930942543,0.0101600954014761,0.00419891083986787,0.00175395885162637
"155",8.2,0.0100319212025373,0.0101978948353425,0.00422793592743975,0.00177129541675822
"156",8.25,0.0100299490991815,0.0102345399618734,0.00425665718420776,0.00178859879047644
"157",8.3,0.0100273767161039,0.0102700330467471,0.00428507276649104,0.0018058677515184
"158",8.35,0.0100242042444512,0.0103043766782061,0.00431318094757044,0.00182310111510804
"159",8.4,0.0100204321290367,0.0103375737593881,0.0043409801160439,0.00184029773275124
"160",8.45,0.0100160610627205,0.010369627500699,0.00436846877416868,0.00185745649202057
"161",8.5,0.010011091980745,0.0104005414122316,0.00439564553619176,0.00187457631632946
"162",8.55,0.0100055260550364,0.0104303192962327,0.00442250912666996,0.00189165616469667
"163",8.6,0.00999936468848145,0.0104589652396216,0.00444905837878068,0.00190869503150114
"164",8.65,0.00999260950919017,0.010486483606563,0.00447529223262476,0.00192569194622776
"165",8.7,0.00998526236475189,0.010512879031097,0.00450120973352249,0.00194264597320447
"166",8.75,0.00997732531649296,0.0105381564098285,0.00452681003030406,0.00195955621133106
"167",8.8,0.00996880063374365,0.0105623208946786,0.00455209237359535,0.00197642179380003
"168",8.85,0.00995969078812073,0.0105853778857001,0.00457705611410031,0.00199324188780989
"169",8.9,0.00994999844783216,0.0106073330239596,0.00460170070088089,0.00201001569427135
"170",8.95,0.0099397264720096,0.0106281921844871,0.00462602567963549,0.00202674244750656
"171",9,0.00992887790507397,0.0106479614692973,0.00465003069097699,0.00204342141494198
"172",9.05,0.00991745597113909,0.0106666472004811,0.0046737154687111,0.00206005189679504
"173",9.1,0.00990546406845772,0.0106842559133726,0.00469707983811615,0.00207663322575503
"174",9.15,0.0098929057639142,0.0107007943497895,0.00472012371422506,0.00209316476665843
"175",9.2,0.00987978478756734,0.010716269451352,0.00474284710011025,0.00210964591615916
"176",9.25,0.00986610502724714,0.0107306883528782,0.00476525008517246,0.00212607610239381
"177",9.3,0.00985187052320829,0.0107440583758596,0.00478733284343409,0.00214245478464247
"178",9.35,0.0098370854628434,0.0107563870220167,0.00480909563183794,0.00215878145298513
"179",9.4,0.00982175417545846,0.0107676819669367,0.00483053878855185,0.00217505562795412
"180",9.45,0.00980588112711289,0.0107779510537922,0.00485166273128021,0.00219127686018282
"181",9.5,0.00978947091552622,0.0107872022871451,0.00487246795558267,0.00220744473005094
"182",9.55,0.00977252826505337,0.0107954438268332,0.00489295503320096,0.00222355884732647
"183",9.6,0.00975505802173002,0.0108026839819424,0.00491312461039425,0.00223961885080487
"184",9.65,0.00973706514838976,0.0108089312048641,0.0049329774062836,0.00225562440794534
"185",9.7,0.00971855471985408,0.0108141940854386,0.00495251421120622,0.00227157521450475
"186",9.75,0.0096995319181966,0.0108184813451852,0.00497173588507988,0.00228747099416931
"187",9.8,0.00968000202808225,0.0108218018316194,0.00499064335577803,0.00230331149818416
"188",9.85,0.00965997043218243,0.0108241645126572,0.00500923761751618,0.00231909650498124
"189",9.9,0.0096394426066668,0.0108255784711068,0.00502751972924988,0.00233482581980548
"190",9.95,0.00961842411677218,0.0108260528992489,0.00504549081308476,0.0023504992743397
"191",10,0.00959692061244916,0.010825597093504,0.00506315205269912,0.00236611672632826
"192",10.05,0.00957493782408663,0.0108242204491884,0.0050805046917793,0.00238167805919968
"193",10.1,0.00955248155831464,0.0108219324553588,0.00509755003246837,0.00239718318168856
"194",10.15,0.00952955769388556,0.0108187426897436,0.00511428943382839,0.00241263202745674
"195",10.2,0.00950617217763369,0.010814660813764,0.00513072431031653,0.00242802455471411
"196",10.25,0.00948233102051331,0.0108096965676419,0.00514685613027543,0.00244336074583903
"197",10.3,0.0094580402937151,0.0108038597655961,0.00516268641443817,0.0024586406069987
"198",10.35,0.00943330612486062,0.0107971602911262,0.00517821673444784,0.00247386416776951
"199",10.4,0.00940813469427476,0.0107896080923836,0.00519344871139233,0.0024890314807576
"200",10.45,0.00938253223133585,0.0107812131776301,0.00520838401435426,0.00250414262121969
"201",10.5,0.00935650501090295,0.0107719856107826,0.00522302435897649,0.00251919768668446
"202",10.55,0.00933005934982006,0.0107619355070449,0.00523737150604333,0.00253419679657443
"203",10.6,0.00930320160349673,0.0107510730286252,0.00525142726007758,0.00254914009182864
"204",10.65,0.00927593816256452,0.010739408380539,0.00526519346795371,0.00256402773452616
"205",10.7,0.00924827544960888,0.0107269518064979,0.00527867201752729,0.00257885990751056
"206",10.75,0.00922021991597574,0.0107137135848819,0.00529186483628068,0.00259363681401552
"207",10.8,0.00919177803865232,0.010699704024797,0.00530477388998541,0.00260835867729154
"208",10.85,0.00916295631722133,0.0106849334622152,0.00531740118138103,0.00262302574023408
"209",10.9,0.00913376127088814,0.0106694122561983,0.00532974874887082,0.00263763826501302
"210",10.95,0.00910419943557986,0.0106531507852037,0.00534181866523428,0.00265219653270367
"211",11,0.00907427736111602,0.010636159443472,0.00535361303635655,0.00266670084291935
"212",11.05,0.00904400160844967,0.0106184486374956,0.00536513399997487,0.00268115151344565
"213",11.1,0.00901337874697838,0.0106000287825675,0.005376383724442,0.00269554887987653
"214",11.15,0.00898241535192429,0.0105809102994103,0.00538736440750687,0.00270989329525221
"215",11.2,0.00895111800178239,0.0105611036108833,0.00539807827511223,0.00272418512969899
"216",11.25,0.00891949327583608,0.0105406191387688,0.00540852758020965,0.00273842477007108
"217",11.3,0.00888754775173942,0.010519467300635,0.00541871460159153,0.00275261261959457
"218",11.35,0.00885528800316496,0.0104976585067762,0.00542864164274047,0.00276674909751341
"219",11.4,0.00882272059751638,0.0104752031572282,0.00543831103069574,0.00278083463873771
"220",11.45,0.00878985209370514,0.0104521116388595,0.00544772511493701,0.00279486969349423
"221",11.5,0.00875668903999013,0.0104283943225366,0.00545688626628522,0.0028088547269792
"222",11.55,0.00872323797187941,0.0104040615603621,0.00546579687582064,0.00282279021901352
"223",11.6,0.00868950541009336,0.0103791236829863,0.00547445935381807,0.00283667666370034
"224",11.65,0.00865549785858807,0.0103535909969902,0.00548287612869908,0.00285051456908515
"225",11.7,0.00862122180263816,0.010327473782339,0.00549104964600128,0.00286430445681833
"226",11.75,0.00858668370697826,0.0103007822899062,0.00549898236736471,0.00287804686182024
"227",11.8,0.00855189001400195,0.0102735267390668,0.00550667676953494,0.00289174233194893
"228",11.85,0.00851684714201755,0.0102457173153581,0.00551413534338326,0.00290539142767039
"229",11.9,0.00848156148355961,0.0102173641682091,0.00552136059294345,0.00291899472173153
"230",11.95,0.00844603940375533,0.010188477408735,0.00552835503446542,0.00293255279883572
"231",12,0.00841028723874494,0.0101590671075983,0.00553512119548539,0.00294606625532114
"232",12.05,0.00837431129415516,0.0101291432929345,0.0055416616139126,0.00295953569884172
"233",12.1,0.00833811784362475,0.0100987159483408,0.0055479788371325,0.00297296174805097
"234",12.15,0.0083017131273814,0.0100677950109286,0.00555407542112628,0.00298634503228837
"235",12.2,0.00826510335086886,0.0100363903694376,0.00555995392960659,0.00299968619126873
"236",12.25,0.00822829468342362,0.0100045118624108,0.00556561693316938,0.00301298587477413
"237",12.3,0.00819129325700009,0.00997216927642989,0.00557106700846186,0.00302624474234886
"238",12.35,0.00815410516494342,0.00993937234440971,0.00557630673736619,0.00303946346299695
"239",12.4,0.0081167364608092,0.00990613074395117,0.00558133870619909,0.00305264271488265
"240",12.45,0.00807919315722895,0.00987245409575139,0.00558616550492701,0.00306578318503366
"241",12.5,0.00804148122482073,0.00983835196207052,0.00559078972639683,0.00307888556904718
"242",12.55,0.0080036065911439,0.00980383384525396,0.00559521396558197,0.00309195057079873
"243",12.6,0.00796557513969718,0.00976890918630943,0.00559944081884376,0.00310497890215386
"244",12.65,0.00792739270895913,0.00973358736353762,0.00560347288320787,0.00311797128268258
"245",12.7,0.00788906509147036,0.00969787769121584,0.00560731275565574,0.00313092843937658
"246",12.75,0.00785059803295646,0.00966178941833362,0.00561096303243091,0.00314385110636934
"247",12.8,0.00781199723149078,0.00962533172737925,0.00561442630835987,0.00315674002465888
"248",12.85,0.00777326833669655,0.00958851373317663,0.00561770517618761,0.00316959594183337
"249",12.9,0.00773441694898711,0.00955134448177137,0.00562080222592747,0.00318241961179944
"250",12.95,0.00769544861884383,0.0095138329493652,0.00562372004422521,0.00319521179451325
"251",13,0.00765636884613059,0.00947598804129805,0.00562646121373719,0.00320797325571429
"252",13.05,0.00761718307944431,0.0094378185910766,0.00562902831252248,0.00322070476666182
"253",13.1,0.00757789671550056,0.00939933335944878,0.00563142391344871,0.00323340710387406
"254",13.15,0.00753851509855358,0.00936054103352304,0.0056336505836115,0.00324608104887002
"255",13.2,0.00749904351984992,0.00932145022593175,0.00563571088376739,0.00325872738791395
"256",13.25,0.00745948721711491,0.00928206947403779,0.00563760736778001,0.00327134691176237
"257",13.3,0.00741985137407132,0.0092424072391835,0.00563934258207939,0.00328394041541381
"258",13.35,0.00738014111998933,0.00920247190598112,0.00564091906513419,0.00329650869786094
"259",13.4,0.00734036152926723,0.00916227178164399,0.00564233934693678,0.00330905256184538
"260",13.45,0.00730051762104206,0.00912181509535752,0.00564360594850088,0.00332154451372925
"261",13.5,0.00726061435882943,0.00908110999768933,0.0056447213813717,0.00333404185360616
"262",13.55,0.00722065665019198,0.00904016456003745,0.00564568814714834,0.00334651720344961
"263",13.6,0.00718064934643566,0.00899898677411621,0.00564650873701838,0.00335897137858603
"264",13.65,0.00714059724233315,0.00895758455147851,0.00564718563130431,0.00337140519690137
"265",13.7,0.00710050507587386,0.00891596572307413,0.00564772129902189,0.00338381947861046
"266",13.75,0.00706037752803975,0.00887413803884302,0.00564811819744999,0.00339621504602854
"267",13.8,0.00702021922260638,0.00883210916734294,0.00564837877171201,0.00340859272334514
"268",13.85,0.00698003472596848,0.00878988669541065,0.00564850545436848,0.00342095333640016
"269",13.9,0.00693982854698952,0.00874747812785586,0.00564850066502087,0.00343329771246216
"270",13.95,0.00689960513687455,0.0087048908871872,0.00564834505327546,0.00344562668000876
"271",14,0.00685936888906573,0.0086621323133696,0.00564808452331783,0.00345794106850916
"272",14.05,0.00681912413916003,0.00861920966361212,0.00564769969904749,0.00347024170820879
"273",14.1,0.00677887516484837,0.00857613011218576,0.00564719294447411,0.00348252942991585
"274",14.15,0.00673862618587571,0.00853290075027026,0.00564656660882801,0.00349480506478996
"275",14.2,0.00669838136402152,0.00848952858582955,0.0056458230262271,0.00350706944413269
"276",14.25,0.00665814480309995,0.00844602054351474,0.0056449645153538,0.00351932339917997
"277",14.3,0.00661792054897936,0.0084023834645943,0.0056439933791417,0.00353156776089636
"278",14.35,0.00657771258962043,0.00835862410691062,0.00564291190447183,0.00354380335977112
"279",14.4,0.00653752485513246,0.00831474914486223,0.00564172236187846,0.00355603102561603
"280",14.45,0.00649736121784726,0.00827076516941111,0.0056404270052641,0.00356825158736491
"281",14.5,0.00645722549241019,0.00822667868811445,0.00563902807162368,0.0035804658728748
"282",14.55,0.00641712143588776,0.0081824961251801,0.0056375277807777,0.00359267470872874
"283",14.6,0.00637705274789129,0.00813822382154524,0.00563592833511417,0.00360487892004007
"284",14.65,0.00633702307071621,0.0080938680349775,0.0056342319193392,0.00361707933025835
"285",14.7,0.00629703598949649,0.00804943494019804,0.00563244070023612,0.00362927676097659
"286",14.75,0.00625709503237358,0.00800493062902585,0.00563055682643283,0.00364147203173997
"287",14.8,0.00621720367067972,0.00796036111054283,0.00562858242817747,0.00365366595985587
"288",14.85,0.00617736531913476,0.00791573231127894,0.005626519617122,0.00366585936020527
"289",14.9,0.00613758333605638,0.00787105007541688,0.0056243704861137,0.00367805304505525
"290",14.95,0.00609786102358308,0.00782632016501576,0.00562213710899437,0.00369024782387288
"291",15,0.00605820162790954,0.00778154826025317,0.00561982154040709,0.00370244450314003
"292",15.05,0.00601860833953395,0.00773673995968507,0.0056174258156104,0.00371464388616946
"293",15.1,0.00597908429351694,0.00769190078052302,0.00561495195029978,0.00372684677292179
"294",15.15,0.00593963256975155,0.00764703615892822,0.00561240194043615,0.00373905395982353
"295",15.2,0.00590025619324405,0.00760215145032172,0.00560977776208146,0.00375126623958596
"296",15.25,0.00586095813440494,0.00755725192971039,0.00560708137124103,0.00376348440102497
"297",15.3,0.0058217413093501,0.00751234279202821,0.00560431470371259,0.00377570922888156
"298",15.35,0.00578260858021137,0.00746742915249213,0.00560147967494185,0.00378794150364321
"299",15.4,0.00574356275545643,0.00742251604697228,0.00559857817988453,0.00380018200136591
"300",15.45,0.00570460659021743,0.00737760843237587,0.00559561209287456,0.00381243149349675
"301",15.5,0.00566574278662827,0.00733271118704444,0.00559258326749847,0.0038246907466972
"302",15.55,0.00562697399416984,0.00728782911116384,0.00558949353647576,0.00383696052266682
"303",15.6,0.00558830281002318,0.00724296692718661,0.00558634471154507,0.00384924157796742
"304",15.65,0.00554973177943009,0.00719812928026626,0.00558313858335615,0.00386153466384774
"305",15.7,0.00551126339606088,0.00715332073870302,0.00557987692136738,0.0038738405260683
"306",15.75,0.00547290010238894,0.00710854579440062,0.00557656147374872,0.00388615990472664
"307",15.8,0.00543464429007179,0.00706380886333364,0.00557319396729003,0.00389849353408278
"308",15.85,0.00539649830033843,0.00701911428602515,0.00556977610731463,0.00391084214238481
"309",15.9,0.00535846442438251,0.006974466328034,0.00556630957759781,0.00392320645169457
"310",15.95,0.00532054490376114,0.00692986918045159,0.00556279604029047,0.00393558717771344
"311",16,0.00528274193079905,0.0068853269604076,0.00555923713584743,0.00394798502960804
"312",16.05,0.00524505764899779,0.00684084371158428,0.00555563448296057,0.00396040070983589
"313",16.1,0.00520749415344972,0.00679642340473904,0.00555198967849654,0.00397283491397095
"314",16.15,0.00517005349125646,0.00675206993823482,0.00554830429743891,0.00398528833052895
"315",16.2,0.00513273766195167,0.00670778713857801,0.00554457989283472,0.00399776164079243
"316",16.25,0.00509554861792777,0.00666357876096344,0.00554081799574525,0.00401025551863554
"317",16.3,0.00505848826486643,0.00661944848982621,0.00553702011520104,0.00402277063034838
"318",16.35,0.00502155846217257,0.00657539993939994,0.00553318773816075,0.00403530763446101
"319",16.4,0.0049847610234116,0.00653143665428116,0.00552932232947412,0.00404786718156682
"320",16.45,0.00494809771674973,0.00648756210999939,0.00552542533184865,0.00406044991414553
"321",16.5,0.0049115702653971,0.00644377971359284,0.00552149816582006,0.00407305646638539
"322",16.55,0.00487518034805346,0.00640009280418911,0.00551754222972625,0.00408568746400486
"323",16.6,0.00483892959935624,0.0063565046535908,0.0055135588996849,0.00409834352407347
"324",16.65,0.00480281961033083,0.00631301846686568,0.00550954952957442,0.0041110252548319
"325",16.7,0.00476685192884281,0.00626963738294111,0.00550551545101817,0.00412373325551126
"326",16.75,0.00473102806005188,0.00622636447520233,0.005501457973372,0.00413646811615139
"327",16.8,0.00469534946686746,0.0061832027520946,0.00549737838371482,0.00414923041741828
"328",16.85,0.00465981757040563,0.00614015515772862,0.00549327794684225,0.00416202073042036
"329",16.9,0.00462443375044724,0.0060972245724891,0.0054891579052632,0.0041748396165238
"330",16.95,0.00458919934589715,0.00605441381364635,0.00548501947919934,0.00418768762716665
"331",17,0.00455411565524416,0.00601172563597029,0.00548086386658725,0.00420056530367175
"332",17.05,0.00451918393702174,0.00596916273234702,0.00547669224308334,0.00421347317705843
"333",17.1,0.0044844054102693,0.00592672773439744,0.00547250576207136,0.00422641176785286
"334",17.15,0.00444978125499365,0.00588442321309778,0.00546830555467237,0.00423938158589711
"335",17.2,0.00441531261263088,0.0058422516794018,0.00546409272975723,0.00425238313015668
"336",17.25,0.00438100058650809,0.00580021558486446,0.00545986837396137,0.00426541688852669
"337",17.3,0.00434684624230516,0.00575831732226676,0.00545563355170196,0.00427848333763648
"338",17.35,0.00431285060851621,0.00571655922624166,0.00545138930519716,0.00429158294265257
"339",17.4,0.00427901467691074,0.00567494357390075,0.00544713665448764,0.00430471615708015
"340",17.45,0.00424533940299416,0.00563347258546153,0.00544287659746009,0.00431788342256272
"341",17.5,0.00421182570646778,0.00559214842487509,0.00543861010987279,0.00433108516868015
"342",17.55,0.00417847447168797,0.005550973200454,0.00543433814538304,0.00434432181274483
"343",17.6,0.00414528654812447,0.00550994896550025,0.0054300616355766,0.00435759375959608
"344",17.65,0.00411226275081764,0.00546907771893294,0.00542578148999882,0.0043709014013927
"345",17.7,0.00407940386083462,0.00542836140591574,0.00542149859618756,0.00438424511740349
"346",17.75,0.00404671062572425,0.00538780191848375,0.00541721381970785,0.00439762527379591
"347",17.8,0.00401418375997062,0.00534740109616971,0.00541292800418815,0.00441104222342272
"348",17.85,0.00398182394544523,0.00530716072662939,0.00540864197135817,0.00442449630560649
"349",17.9,0.00394963183185752,0.00526708254626597,0.0054043565210883,0.00443798784592213
"350",17.95,0.00391760803720384,0.00522716824085318,0.00540007243143044,0.00445151715597717
"351",18,0.00388575314821457,0.00518741944615728,0.0053957904586603,0.00446508453318997
"352",18.05,0.00385406772079954,0.00514783774855746,0.00539151133732108,0.00447869026056567
"353",18.1,0.00382255228049142,0.00510842468566474,0.00538723578026853,0.00449233460646989
"354",18.15,0.00379120732288716,0.00506918174693907,0.0053829644787172,0.00450601782440016
"355",18.2,0.00376003331408734,0.00503011037430463,0.0053786981022881,0.00451974015275508
"356",18.25,0.00372903069113335,0.00499121196276311,0.00537443729905742,0.00453350181460109
"357",18.3,0.00369819986244232,0.00495248786100489,0.00537018269560655,0.00454730301743687
"358",18.35,0.00366754120823973,0.00491393937201797,0.00536593489707316,0.00456112890816996
"359",18.4,0.00363705508098971,0.00487556775369459,0.00536169448720349,0.00457500969980113
"360",18.45,0.00360674180582277,0.00483737421943537,0.00535746202840557,0.00458893055884591
"361",18.5,0.00357660168096113,0.00479935993875086,0.00535323806180368,0.00460289162812479
"362",18.55,0.00354663497814137,0.00476152603786046,0.00534902310729365,0.00461689303367627
"363",18.6,0.00351684194303458,0.00472387360028854,0.00534481766359928,0.00463093488450663
"364",18.65,0.00348722279566364,0.00468640366745772,0.0053406222083297,0.00464501727233714
"365",18.7,0.00345777773081794,0.00464911723927912,0.00533643719803765,0.0046591402713488
"366",18.75,0.00342850691846513,0.00461201527473963,0.00533226306827872,0.00467330393792457
"367",18.8,0.00339941050416018,0.004575098692486,0.00532810023367153,0.00468750831038905
"368",18.85,0.0033704886094514,0.00453836837140573,0.00532394908795876,0.00470175340874561
"369",18.9,0.00334174133228364,0.00450182515120459,0.00531981000406911,0.0047160392344111
"370",18.95,0.00331316874739843,0.00446546983298084,0.00531568333418006,0.00473036576994792
"371",19,0.00328477090673111,0.00442930317979592,0.00531156940978163,0.00474473297879368
"372",19.05,0.00325654783980494,0.00439332591724169,0.00530746854174084,0.00475914080498831
"373",19.1,0.00322849955412206,0.00435753873400399,0.00530338102036713,0.00477358917289874
"374",19.15,0.00320062603555133,0.00432194228242255,0.00529930711547859,0.00478807798694108
"375",19.2,0.00317292724871302,0.00428653717904726,0.00529524707646903,0.00480260713130035
"376",19.25,0.0031454031373603,0.00425132400519054,0.00529120113237591,0.00481717646964791
"377",19.3,0.00311805362475747,0.00421630330747592,0.00528716949194909,0.00483178584485638
"378",19.35,0.00309087861405501,0.00418147559838276,0.00528315234372052,0.00484643507871235
"379",19.4,0.00306387798866126,0.00414684135678693,0.00527914985607462,0.00486112397162665
"380",19.45,0.0030370516126109,0.00411240102849758,0.00527516217731973,0.00487585230234253
"381",19.5,0.00301039933092999,0.00407815502678982,0.0052711894357603,0.00489061982764152
"382",19.55,0.00298392096999779,0.0040441037329333,0.00526723173976998,0.00490542628204719
"383",19.6,0.0029576163379051,0.00401024749671671,0.00526328917786571,0.00492027137752683
"384",19.65,0.00293148522480936,0.00397658663696807,0.0052593618187826,0.00493515480319109
"385",19.7,0.0029055274032862,0.00394312144207079,0.00525544971154987,0.0049500762249917
"386",19.75,0.0028797426286777,0.00390985217047558,0.00525155288556765,0.00496503528541728
"387",19.8,0.00285413063943717,0.00387677905120796,0.00524767135068483,0.00498003160318737
"388",19.85,0.00282869115747054,0.00384390228437158,0.00524380509727789,0.0049950647729448
"389",19.9,0.00280342388847427,0.00381122204164711,0.00523995409633076,0.00501013436494638
"390",19.95,0.00277832852226981,0.00377873846678684,0.00523611829951576,0.00502523992475213
"391",20,0.00275340473313465,0.00374645167610488,0.00523229763927561,0.00504038097291308
"392",20.05,0.00272865218012985,0.00371436175896289,0.00522849202890658,0.00505555700465784
"393",20.1,0.00270407050742416,0.00368246877825147,0.0052246922339426,0.00507076748957788
"394",20.15,0.00267965934461458,0.00365077277086705,0.00522091638709616,0.00508601187131189
"395",20.2,0.00265541830704359,0.00361927374818434,0.00521715521586751,0.00510128956722917
"396",20.25,0.00263134699611274,0.00358797169652426,0.00521340855782129,0.00511659996811223
"397",20.3,0.00260744499959288,0.00355686657761744,0.0052096762318095,0.00513194243783884
"398",20.35,0.00258371189193089,0.00352595832906314,0.00520595803806223,0.00514731631306353
"399",20.4,0.00256014723455293,0.00349524686478373,0.00520225375827968,0.00516272090289885
"400",20.45,0.00253675057616419,0.00346473207547457,0.0051985631557257,0.00517815548859646
"401",20.5,0.00251352145304526,0.00343441382904942,0.0051948859753228,0.00519361932322831
"402",20.55,0.00249045938934494,0.0034042919710813,0.00519122194374874,0.005209111631368
"403",20.6,0.00246756389736969,0.00337436632523875,0.00518757076953469,0.00522463160877263
"404",20.65,0.00244483447786955,0.00334463669371766,0.00518393214316505,0.00524017842206523
"405",20.7,0.00242227062032067,0.00331510285766841,0.00518030573717903,0.00525575120841807
"406",20.75,0.00239987180320444,0.00328576457761862,0.00517669120627391,0.00527134907523708
"407",20.8,0.00237763749428308,0.00325662159389118,0.00517308818741024,0.00528697109984745
"408",20.85,0.00235556715087196,0.00322767362701793,0.00516949629991887,0.00530261632918097
"409",20.9,0.00233366022010842,0.00319892037814864,0.0051659151456099,0.00531828377946491
"410",20.95,0.00231191613921724,0.00317036152945555,0.00516234430888377,0.00533397243591322
"411",21,0.00229033433577276,0.00314199674453334,0.00515878335684428,0.00534968125241984
"412",21.05,0.00226891422795754,0.00311382566879459,0.0051552318394139,0.0053654091512547
"413",21.1,0.00224765522481778,0.00308584792986073,0.0051516892894512,0.00538115502276265
"414",21.15,0.00222655672651536,0.00305806313794853,0.00514815522287065,0.00539691772506546
"415",21.2,0.00220561812457649,0.00303047088625197,0.0051446291387647,0.00541269608376741
"416",21.25,0.00218483880213719,0.00300307075131978,0.00514111051952837,0.00542848889166468
"417",21.3,0.00216421813418538,0.00297586229342845,0.00513759883098634,0.00544429490845884
"418",21.35,0.00214375548779967,0.00294884505695071,0.00513409352252253,0.00546011286047485
"419",21.4,0.00212345022238504,0.00292201857071974,0.00513059402721248,0.00547594144038391
"420",21.45,0.00210330168990509,0.00289538234838876,0.00512709976195835,0.00549177930693145
"421",21.5,0.00208330923511119,0.00286893588878636,0.0051236101276268,0.00550762508467074
"422",21.55,0.00206347219576843,0.00284267867626737,0.00512012450918975,0.00552347736370238
"423",21.6,0.0020437899028783,0.00281661018105933,0.00511664227586809,0.00553933469942021
"424",21.65,0.00202426168089828,0.00279072985960469,0.00511316278127849,0.00555519561226385
"425",21.7,0.00200488684795824,0.00276503715489858,0.00510968536358327,0.00557105858747848
"426",21.75,0.00198566471607377,0.00273953149682229,0.00510620934564355,0.00558692207488212
"427",21.8,0.00196659459135631,0.00271421230247252,0.00510273403517569,0.00560278448864103
"428",21.85,0.0019476757742203,0.00268907897648622,0.00509925872491111,0.00561864420705337
"429",21.9,0.00192890755958719,0.0026641309113613,0.00509578269275952,0.00563449957234197
"430",21.95,0.00191028923708642,0.00263936748777303,0.00509230520197576,0.00565034889045635
"431",22,0.00189182009125344,0.00261478807488626,0.00508882550133027,0.00566619043088455
"432",22.05,0.00187349940172463,0.00259039203066345,0.00508534282528323,0.00568202242647545
"433",22.1,0.00185532644342935,0.00256617870216854,0.0050818563941625,0.00569784307327172
"434",22.15,0.00183730048677892,0.00254214742586669,0.00507836541434551,0.00571365053035421
"435",22.2,0.00181942079785279,0.00251829752791984,0.005074869078445,0.00572943530197527
"436",22.25,0.00180168663858172,0.0024946283244783,0.00507136656549888,0.00574521067695269
"437",22.3,0.00178409726692807,0.00247113912196818,0.00506785704116424,0.00576096711611334
"438",22.35,0.00176665193706333,0.00244782921737485,0.00506433965791546,0.00577670262937778
"439",22.4,0.00174934989954264,0.00242469789852232,0.00506081355524667,0.00579241518911468
"440",22.45,0.00173219040147669,0.00240174444434872,0.00505727785987867,0.00580810273006431
"441",22.5,0.00171517268670066,0.00237896812517777,0.00505373168597003,0.00582376314927689
"442",22.55,0.00169829599594051,0.00235636820298632,0.00505017413533306,0.00583939430606687
"443",22.6,0.00168155956697648,0.00233394393166808,0.00504660429765406,0.00585499402198325
"444",22.65,0.00166496263480386,0.00231169455729336,0.00504302125071842,0.00587056008079687
"445",22.7,0.00164850443179111,0.00228961931836503,0.00503942406064042,0.00588609022850499
"446",22.75,0.00163218418783528,0.00226771744607072,0.00503581178209785,0.005901582173354
"447",22.8,0.00161600113051476,0.0022459881645311,0.00503218345857148,0.00591703358588061
"448",22.85,0.00159995448523951,0.00222443069104459,0.0050285381225895,0.00593244209897238
"449",22.9,0.00158404347539859,0.00220304423632819,0.00502487479597698,0.0059478053079479
"450",22.95,0.00156826732250515,0.00218182800475471,0.00502119249011042,0.0059631207706576
"451",23,0.00155262524633892,0.00216078119458629,0.00501749020617739,0.00597838600760535
"452",23.05,0.00153711646508615,0.00213990299820437,0.00501376693544139,0.00599359850209189
"453",23.1,0.00152174019547703,0.00211919260233593,0.00501002165951195,0.0060087557003804
"454",23.15,0.00150649565292069,0.00209864918827631,0.00500625335062007,0.00602385501188499
"455",23.2,0.00149138205163772,0.00207827193210835,0.00500246097189889,0.00603889380938258
"456",23.25,0.00147639860479031,0.00205806000491819,0.0049986434776699,0.00605386942924897
"457",23.3,0.00146154452460993,0.00203801257300738,0.00499479981373447,0.00606877917171946
"458",23.35,0.00144681902252275,0.00201812879810177,0.00499092891767086,0.00608362030117482
"459",23.4,0.00143222130927259,0.00199840783755687,0.00498702971913683,0.00609839004645311
"460",23.45,0.00141775059504166,0.00197884884455981,0.00498310114017762,0.00611308560118797
"461",23.5,0.00140340608956894,0.00195945096832802,0.0049791420955396,0.00612770412417383
"462",23.55,0.00138918700226632,0.00194021335430455,0.00497515149298948,0.00614224273975896
"463",23.6,0.00137509254233253,0.00192113514435018,0.00497112823363909,0.00615669853826643
"464",23.65,0.00136112191886474,0.00190221547693215,0.00496707121227573,0.00617106857644393
"465",23.7,0.00134727434096814,0.00188345348730976,0.00496297931769822,0.00618534987794278
"466",23.75,0.0013335490178632,0.00186484830771681,0.00495885143305848,0.00619953943382677
"467",23.8,0.00131994515899084,0.0018463990675408,0.00495468643620875,0.00621363420311126
"468",23.85,0.00130646197411555,0.00182810489349904,0.00495048320005439,0.00622763111333302
"469",23.9,0.00129309867342628,0.00180996490981171,0.00494624059291228,0.00624152706115133
"470",23.95,0.00127985446763541,0.0017919782383718,0.00494195747887479,0.00625531891298095
"471",24,0.00126672856807556,0.00177414399891206,0.00493763271817924,0.00626900350565692
"472",24.05,0.00125372018679445,0.00175646130916894,0.00493326516758289,0.00628257764713225
"473",24.1,0.00124082853664772,0.00173892928504357,0.0049288536807434,0.00629603811720837
"474",24.15,0.00122805283138984,0.00172154704075981,0.00492439710860468,0.00630938166829894
"475",24.2,0.00121539228576302,0.00170431368901942,0.00491989429978816,0.0063226050262274
"476",24.25,0.00120284611558418,0.00168722834115431,0.00491533993778751,0.00633570489105836
"477",24.3,0.00119041353783013,0.001670290107276,0.00491074118932922,0.00634867793796343
"478",24.35,0.00117809377072075,0.00165349809642227,0.00490609274005036,0.0063615208181214
"479",24.4,0.00116588603380039,0.00163685141670104,0.00490139343329966,0.00637423015965325
"480",24.45,0.00115378954801742,0.00162034917543145,0.00489664211213769,0.0063868025685921
"481",24.5,0.00114180353580202,0.00160399047928233,0.00489183761975876,0.00639923462988821
"482",24.55,0.0011299272211421,0.00158777443440793,0.0048869787999177,0.00641152290844922
"483",24.6,0.00111815982965757,0.00157170014658101,0.00488206449736126,0.00642366395021554
"484",24.65,0.00110650058867279,0.00155576672132328,0.00487709355826419,0.00643565428327134
"485",24.7,0.00109494872728739,0.00153997326403336,0.00487206483066966,0.00644749041899053
"486",24.75,0.00108350347644531,0.00152431888011206,0.00486697716493413,0.00645916885321828
"487",24.8,0.00107216406900224,0.00150880267508523,0.00486182941417628,0.00647068606748761
"488",24.85,0.00106092973979143,0.00149342375472404,0.00485662043473008,0.00648203853027105
"489",24.9,0.00104979972568785,0.00147818122516289,0.00485134908660171,0.00649322269826724
"490",24.95,0.0010387732656707,0.0014630741930148,0.00484601423393014,0.00650423501772208
"491",25,0.00102784960088447,0.00144810176548442,0.00484061474545136,0.00651507192578439
"492",25.05,0.00101702797469836,0.00143326305047873,0.00483514949496592,0.0065257298518956
"493",25.1,0.00100630763276417,0.00141855715671528,0.00482961736180961,0.00653620521921298
"494",25.15,0.000995687823072702,0.00140398319382826,0.00482401723132728,0.00654649444606639
"495",25.2,0.000985167796008687,0.00138954027247214,0.0048183479953492,0.00655659394744758
"496",25.25,0.000974746804404217,0.00137522750442318,0.00481260855267028,0.00656650013653184
"497",25.3,0.000964424103590742,0.00136104400267863,0.00480679780953141,0.00657620942623128
"498",25.35,0.000954198951449651,0.00134698888155378,0.00480091468010304,0.00658571823077909
"499",25.4,0.00094407060846143,0.00133306125677682,0.00479495808697067,0.0065950229673442
"500",25.45,0.000934038337753461,0.0013192602455816,0.0047889269616219,0.00660412005767539
"501",25.5,0.000924101405146437,0.00130558496679818,0.00478282024493499,0.00661300592977415
"502",25.55,0.000914259079199451,0.00129203454094147,0.00477663688766851,0.00662167701959542
"503",25.6,0.000904510631253752,0.00127860809029761,0.00477037585095189,0.00663012588033096
"504",25.65,0.000894855335475209,0.00126530473900851,0.00476403610677661,0.00663835673572676
"505",25.7,0.000885292468895475,0.00125212361315425,0.00475761663848767,0.00664636218172327
"506",25.75,0.000875821311451919,0.00123906384083363,0.00475111644127515,0.00665413870361952
"507",25.8,0.000866441146026281,0.00122612455224265,0.00474453452266561,0.00666168280355501
"508",25.85,0.000857151258482127,0.00121330487975119,0.00473786990301281,0.00666899100235602
"509",25.9,0.000847950937701092,0.00120060395797773,0.00473112161598766,0.00667605984140205
"510",25.95,0.000838839475617934,0.00118802092386222,0.00472428870906717,0.00668288588451119
"511",26,0.000829816167254428,0.00117555491673713,0.00471737024402164,0.00668946571984259
"512",26.05,0.000820880310752098,0.00116320507839668,0.00471036529740039,0.00669579596181524
"513",26.1,0.000812031207403845,0.00115097055316428,0.0047032729610152,0.00670187325304099
"514",26.15,0.000803268161684441,0.00113885048795823,0.00469609234242142,0.0067076942662706
"515",26.2,0.000794590481279929,0.00112684403235566,0.00468882256539619,0.00671325570635098
"516",26.25,0.000785997477115971,0.00111495033865477,0.00468146277041378,0.00671855431219226
"517",26.3,0.000777488463385097,0.00110316856193541,0.00467401211511728,0.00672358685874272
"518",26.35,0.000769062757572969,0.00109149786011802,0.00466646977478665,0.0067283501589699
"519",26.4,0.000760719680483571,0.00107993739402081,0.00465883494280255,0.00673284106584633
"520",26.45,0.000752458556263412,0.00106848632741553,0.00465110683110576,0.00673705647433762
"521",26.5,0.000744278712424766,0.0010571438270815,0.00464328467065182,0.00674099332339147
"522",26.55,0.000736179479867879,0.00104590906285813,0.00463536771186027,0.00674464859792537
"523",26.6,0.000728160192902293,0.00103478120769595,0.00462735522505864,0.00674801933081127
"524",26.65,0.000720220189267175,0.00102375943770601,0.00461924650092037,0.00675110260485504
"525",26.7,0.000712358810150751,0.00101284293220797,0.00461104085089654,0.00675389555476896
"526",26.75,0.000704575400208826,0.00100203087377653,0.00460273760764096,0.00675639536913487
"527",26.8,0.000696869307582415,0.000991322448286551,0.00459433612542837,0.00675859929235632
"528",26.85,0.000689239883914493,0.000980716844956726,0.00458583578056527,0.00676050462659722
"529",26.9,0.000681686484365899,0.000970213256391811,0.00457723597179312,0.00676210873370526
"530",26.95,0.000674208467630389,0.000959810878623541,0.00456853612068348,0.00676340903711778
"531",27,0.000666805195948849,0.000949508911150144,0.00455973567202485,0.00676440302374791
"532",27.05,0.000659476035122715,0.000939306556974553,0.00455083409420072,0.00676508824584912
"533",27.1,0.000652220354526581,0.00092920302264131,0.00454183087955865,0.00676546232285575
"534",27.15,0.000645037527120036,0.000919197518272167,0.00453272554476987,0.00676552294319746
"535",27.2,0.000637926929458707,0.000909289257600422,0.00452351763117922,0.00676526786608572
"536",27.25,0.000630887941704568,0.000899477458004014,0.00451420670514497,0.00676469492326966
"537",27.3,0.00062391994763551,0.000889761340537404,0.00450479235836831,0.00676380202075986
"538",27.35,0.000617022334654177,0.000880140129962243,0.00449527420821211,0.00676258714051736
"539",27.4,0.00061019449379607,0.000870613054776829,0.0044856518980086,0.00676104834210611
"540",27.45,0.000603435819737001,0.000861179347244465,0.0044759250973559,0.00675918376430692
"541",27.5,0.000596745710799805,0.000851838243420601,0.00446609350240267,0.0067569916266904
"542",27.55,0.000590123568960422,0.000842588983178901,0.00445615683612113,0.00675447023114754
"543",27.6,0.000583568799853296,0.000833430810236186,0.0044461148485676,0.00675161796337528
"544",27.65,0.000577080812776136,0.000824362972176291,0.00443596731713076,0.0067484332943157
"545",27.7,0.000570659020694048,0.000815384720472865,0.0044257104652582,0.00674491478154661
"546",27.75,0.000564302840243043,0.000806495310511119,0.00441535128161032,0.00674106107062179
"547",27.8,0.000558011691732925,0.000797694001608533,0.00440488605248028,0.00673687089635905
"548",27.85,0.000551784999149609,0.000788980057034576,0.00439431466680951,0.00673234308407453
"549",27.9,0.000545622190156831,0.000780352744029411,0.00438363704191658,0.00672747655076128
"550",27.95,0.000539522696097296,0.000771811333821631,0.00437285312366541,0.0067222703062107
"551",28,0.000533485951993278,0.000763355101645064,0.00436196288661911,0.00671672345407522
"552",28.05,0.000527511396546652,0.000754983326754594,0.00435096633417973,0.00671083519287074
"553",28.1,0.000521598472138395,0.000746695292441082,0.00433986349871329,0.00670460481691732
"554",28.15,0.000515746624827582,0.000738490286045408,0.00432865444166036,0.00669803171721692
"555",28.2,0.000509955304349842,0.000730367598971576,0.00431733925363163,0.0066911153822668
"556",28.25,0.000504223964115324,0.00072232652669898,0.00430591805448864,0.00668385539880737
"557",28.3,0.000498552061206176,0.00071436636879381,0.00429439099340939,0.00667625145250351
"558",28.35,0.000492939056373533,0.000706486428919611,0.0042827582489387,0.00666830332855818
"559",28.4,0.000487384414034039,0.000698686014847032,0.00427102002902332,0.00666001091225744
"560",28.45,0.000481887602265928,0.000690964438462765,0.00425917657103165,0.00665137418944607
"561",28.5,0.000476448092804608,0.000683321015777674,0.00424722814175793,0.00664239324693293
"562",28.55,0.000471065361037869,0.000675755066934183,0.004235175037411,0.00663306827282546
"563",28.6,0.000465738886000619,0.000668265916212887,0.00422301758358743,0.00662339955679271
"564",28.65,0.000460468150369205,0.0006608528920384,0.00421075613522908,0.00661338550672855
"565",28.7,0.000455252640455346,0.000653515326984507,0.00419839107656508,0.006603030572985
"566",28.75,0.000450091846199657,0.000646252557778585,0.00418592282103816,0.00659233337718194
"567",28.8,0.000444985261164761,0.000639063925305307,0.00417335181121541,0.00658129461642064
"568",28.85,0.000439932382528071,0.000631948774609699,0.00416067851868352,0.00656991508959366
"569",28.9,0.000434932711074144,0.000624906454899482,0.00414790344392844,0.00655819569721222
"570",28.95,0.000429985751186715,0.000617936319546783,0.00413502711619969,0.00654613744116096
"571",29,0.000425091010840355,0.000611037726089196,0.00412205009335917,0.00653374142437992
"572",29.05,0.000420248001591809,0.000604210036230213,0.00410897296171483,0.00652100885047432
"573",29.1,0.00041545623857096,0.000597452615839023,0.00409579633583905,0.00650794102325226
"574",29.15,0.000410715240471504,0.000590764834949722,0.00408252085837204,0.0064945393461912
"575",29.2,0.000406024529541295,0.000584146067759945,0.0040691471998103,0.00648080532183345
"576",29.25,0.000401383631572362,0.000577595692628876,0.00405567605828025,0.0064667405511115
"577",29.3,0.000396792075890655,0.000571113092074739,0.00404210815929739,0.00645234673260399
"578",29.35,0.00039224939534547,0.000564697652771706,0.00402844425551091,0.00643762566172315
"579",29.4,0.00038775512629861,0.000558348765546281,0.00401468512643412,0.00642257922983463
"580",29.45,0.000383308808613248,0.000552065825373142,0.00400083157816081,0.00640720942331078
"581",29.5,0.000378909985642538,0.000545848231370481,0.00398688444306788,0.00639151832251857
"582",29.55,0.000374558204217946,0.000539695386794813,0.00397284457950425,0.00637550810074325
"583",29.6,0.00037025301463735,0.00053360669903534,0.00395871287146659,0.00635918102304901
"584",29.65,0.000365993970652857,0.000527581579607765,0.00394449022826185,0.00634253944507826
"585",29.7,0.000361780629458419,0.000521619444147709,0.00393017758415701,0.00632558581179061
"586",29.75,0.000357612551677179,0.000515719712403604,0.0039157758980163,0.00630832265614326
"587",29.8,0.000353489301348623,0.000509881808229187,0.00390128615292619,0.00629075259771445
"588",29.85,0.000349410445915486,0.000504105159575529,0.0038867093558084,0.00627287834127139
"589",29.9,0.000345375556210458,0.000498389198482633,0.00387204653702133,0.00625470267528451
"590",29.95,0.000341384206442684,0.000492733361070642,0.00385729874995008,0.0062362284703898
"591",30,0.000337435974184062,0.000487137087530619,0.00384246707058561,0.00621745867780107
"592",30.05,0.000333530440355343,0.000481599822114935,0.0038275525970932,0.0061983963276738
"593",30.1,0.000329667189212057,0.00047612101312728,0.0038125564493706,0.00617904452742284
"594",30.15,0.000325845808330247,0.000470700112912288,0.00379747976859631,0.00615940645999556
"595",30.2,0.00032206588859202,0.00046533657784479,0.00378232371676818,0.00613948538210266
"596",30.25,0.000318327024170963,0.000460029868318739,0.00376708947623297,0.00611928462240875
"597",30.3,0.000314628812517358,0.000454779448735757,0.00375177824920693,0.00609880757968441
"598",30.35,0.000310970854343253,0.000449584787493342,0.00373639125728801,0.00607805772092216
"599",30.4,0.000307352753607409,0.000444445356972796,0.00372092974096012,0.00605703857941852
"600",30.45,0.000303774117500044,0.000439360633526749,0.00370539495908948,0.00603575375282375
"601",30.5,0.000300234556427498,0.000434330097466459,0.00368978818841402,0.00601420690116215
"602",30.55,0.000296733683996728,0.000429353233048756,0.00367411072302572,0.0059924017448246
"603",30.6,0.000293271116999672,0.000424429528462694,0.00365836387384658,0.00597034206253559
"604",30.65,0.00028984647539751,0.000419558475815951,0.00364254896809856,0.00594803168929718
"605",30.7,0.000286459382304791,0.000414739571120918,0.00362666734876784,0.00592547451431164
"606",30.75,0.000283109463973444,0.00040997231428053,0.00361072037406397,0.00590267447888538
"607",30.8,0.000279796349776696,0.000405256209073849,0.00359470941687411,0.00587963557431618
"608",30.85,0.00027651967219287,0.000400590763141376,0.00357863586421305,0.00585636183976566
"609",30.9,0.000273279066789083,0.000395975487970124,0.00356250111666904,0.00583285736011957
"610",30.95,0.000270074172204864,0.000391409898878458,0.00354630658784629,0.00580912626383775
"611",31,0.000266904630135672,0.0003868935150007,0.00353005370380426,0.00578517272079592
"612",31.05,0.000263770085316316,0.000382425859271504,0.00351374390249415,0.00576100094012144
"613",31.1,0.000260670185504332,0.000378006458410045,0.00349737863319325,0.00573661516802522
"614",31.15,0.00025760458146324,0.000373634842903963,0.00348095935593733,0.00571201968563163
"615",31.2,0.000254572926945741,0.000369310546993114,0.0034644875409514,0.00568721880680835
"616",31.25,0.00025157487867687,0.000365033108653153,0.00344796466807966,0.00566221687599865
"617",31.3,0.000248610096337057,0.000360802069578907,0.0034313922262146,0.00563701826605747
"618",31.35,0.000245678242545133,0.000356616975167559,0.00341477171272585,0.00561162737609342
"619",31.4,0.00024277898284128,0.000352477374501672,0.0033981046328891,0.00558604862931871
"620",31.45,0.000239911985669946,0.000348382820332057,0.0033813924993157,0.00556028647090865
"621",31.5,0.000237076922362676,0.000344332869060442,0.0033646368313829,0.00553434536587256
"622",31.55,0.000234273467120941,0.000340327080722029,0.00334783915466558,0.00550822979693787
"623",31.6,0.000231501296998878,0.00033636501896786,0.00333100100036943,0.0054819426226786
"624",31.65,0.000228760091886037,0.000332446251047077,0.00331412390476632,0.00545549162586768
"625",31.7,0.000226049534490064,0.000328570347789023,0.00329720940863186,0.00542887969867128
"626",31.75,0.000223369310319366,0.000324736883585213,0.00328025905668583,0.00540211137385074
"627",31.8,0.000220719107665734,0.000320945436371172,0.00326327439703548,0.00537519119156032
"628",31.85,0.000218098617586967,0.000317195587608181,0.00324625698062252,0.0053481236973441
"629",31.9,0.000215507533889453,0.000313486922264882,0.00322920836067351,0.00532091344015631
"630",31.95,0.000212945553110734,0.000309819028798766,0.00321213009215458,0.0052935649704071
"631",32,0.00021041237450207,0.000306191499137596,0.00319502373123037,0.00526608283803478
"632",32.05,0.000207907700010972,0.000302603928660678,0.00317789083472768,0.00523847159060555
"633",32.1,0.000205431234263743,0.000299055916180084,0.00316073295960411,0.0052107357714422
"634",32.15,0.000202982684548,0.00029554706392176,0.00314355166242192,0.0051828799177826
"635",32.2,0.000200561760795206,0.000292076977506556,0.00312634849882755,0.00515490855896919
"636",32.25,0.000198168175563179,0.000288645265931171,0.00310912502303673,0.00512682621467019
"637",32.3,0.000195801644018627,0.000285251541549032,0.00309188278732588,0.00509863739313381
"638",32.35,0.000193461883919684,0.000281895420051112,0.00307462334152983,0.00507034658947609
"639",32.4,0.000191148615598426,0.000278576520446634,0.00305734823254581,0.00504195828400286
"640",32.45,0.000188861561943444,0.000275294465043792,0.00304005900384476,0.00501347694056754
"641",32.5,0.00018660044838238,0.000272048879430328,0.00302275719498905,0.00498490700496402
"642",32.55,0.000184365002864515,0.000268839392454135,0.00300544434115809,0.00495625290335682
"643",32.6,0.000182154955843355,0.000265665636203751,0.00298812197268077,0.00492751904074768
"644",32.65,0.000179970040259235,0.000262527245988837,0.00297079161457593,0.00489870979948011
"645",32.7,0.00017780999152196,0.000259423860320613,0.00295345478610057,0.0048698295377819
"646",32.75,0.000175674547493459,0.000256355120892264,0.00293611300030603,0.00484088258834621
"647",32.8,0.00017356344847045,0.00025332067255927,0.00291876776360216,0.00481187325695102
"648",32.85,0.000171476437167175,0.000250320163319779,0.00290142057533021,0.00478280582111848
"649",32.9,0.000169413258698108,0.000247353244294878,0.0028840729273437,0.0047536845288128
"650",32.95,0.000167373660560751,0.000244419569708905,0.00286672630359828,0.00472451359717852
"651",33,0.00016535739261842,0.000241518796869698,0.00284938217975005,0.00469529721131787
"652",33.05,0.000163364207083097,0.000238650586148859,0.00283204202276292,0.00466603952310852
"653",33.1,0.000161393858498297,0.000235814600961983,0.00281470729052463,0.0046367446500608
"654",33.15,0.000159446103721987,0.000233010507748891,0.00279737943147216,0.00460741667421534
"655",33.2,0.000157520701909549,0.000230237975953864,0.00278005988422601,0.00457805964108029
"656",33.25,0.000155617414496773,0.000227496678005858,0.0027627500772338,0.00454867755860865
"657",33.3,0.000153736005182899,0.000224786289298727,0.00274545142842304,0.00451927439621522
"658",33.35,0.00015187623991372,0.000222106488171463,0.00272816534486346,0.00448985408383338
"659",33.4,0.000150037886864701,0.000219456955888414,0.00271089322243839,0.00446042051101106
"660",33.45,0.000148220716424179,0.000216837376619542,0.0026936364455259,0.00443097752604632
"661",33.5,0.0001464245011766,0.00021424743742068,0.00267639638668929,0.00440152893516174
"662",33.55,0.000144649015885796,0.000211686828213794,0.00265917440637691,0.00437207850171743
"663",33.6,0.000142894037478343,0.000209155241767291,0.00264197185263179,0.00434262994546282
"664",33.65,0.000141159345026945,0.000206652373676308,0.00262479006081054,0.00431318694182611
"665",33.7,0.000139444719733895,0.000204177922343071,0.00260763035331194,0.00428375312124186
"666",33.75,0.000137749944914576,0.00020173158895723,0.0025904940393149,0.00425433206851546
"667",33.8,0.000136074805981043,0.000199313077476272,0.00257338241452616,0.00422492732222496
"668",33.85,0.00013441909042564,0.000196922094605918,0.00255629676093717,0.00419554237415898
"669",33.9,0.000132782587804692,0.000194558349780588,0.0025392383465907,0.00416618066879075
"670",33.95,0.000131165089722261,0.000192221555143885,0.00252220842535679,0.00413684560278775
"671",34,0.000129566389813949,0.000189911425529109,0.00250520823671796,0.004107540524556
"672",34.05,0.00012798628373079,0.000187627678439833,0.00248823900556401,0.00407826873381925
"673",34.1,0.000126424569123184,0.000185370034030503,0.00247130194199594,0.00404903348123179
"674",34.15,0.00012488104562491,0.00018313821508708,0.00245439824113911,0.00401983796802449
"675",34.2,0.000123355514837201,0.000180931947007737,0.00243752908296559,0.00399068534568391
"676",34.25,0.000121847780312893,0.000178750957783608,0.00242069563212574,0.00396157871566348
"677",34.3000000000001,0.000120357647540627,0.000176594977979557,0.0024038990377885,0.00393252112912588
"678",34.35,0.000118884923929156,0.000174463740715054,0.00238714043349105,0.00390351558671719
"679",34.4,0.000117429418791665,0.000172356981645018,0.00237042093699682,0.00387456503837012
"680",34.45,0.000115990943330234,0.000170274438940826,0.00235374165016284,0.00384567238313839
"681",34.5,0.000114569310620302,0.000168215853271264,0.00233710365881521,0.00381684046905874
"682",34.55,0.000113164335595262,0.000166180967783626,0.00232050803263359,0.00378807209304236
"683",34.6,0.000111775835031092,0.000164169528084819,0.00230395582504382,0.0037593700007934
"684",34.65,0.000110403627531078,0.000162181282222556,0.00228744807311923,0.00373073688675494
"685",34.7,0.000109047533510608,0.000160215980666592,0.00227098579748989,0.00370217539408106
"686",34.75,0.00010770737518204,0.000158273376290049,0.00225457000226024,0.00367368811463485
"687",34.8,0.000106382976539648,0.000156353224350778,0.0022382016749346,0.00364527758901121
"688",34.85,0.000105074163344642,0.000154455282472805,0.00222188178635066,0.00361694630658433
"689",34.9,0.000103780763110269,0.000152579310627848,0.00220561129062075,0.00358869670557862
"690",34.95,0.000102502605086996,0.000150725071116898,0.00218939112508077,0.00356053117316286
"691",35,0.000101239520247756,0.000148892328551862,0.00217322221024657,0.00353245204556643
"692",35.05,9.99913412732904e-05,0.00014708084983729,0.00215710544977782,0.00350446160821749
"693",35.1,9.87579025375614e-05,0.000145290404152179,0.00214104173044917,0.00347656209590208
"694",35.1500000000001,9.75390400932379e-05,0.000143520762931824,0.00212503192212831,0.00344875569294326
"695",35.2000000000001,9.63345916572873e-05,0.000141771699849794,0.0021090768777615,0.00342104453340065
"696",35.25,9.51443965966146e-05,0.000140042990799929,0.00209317743336542,0.00339343070128818
"697",35.3000000000001,9.39682959137979e-05,0.000138334413878445,0.00207733440802601,0.00336591623081049
"698",35.3500000000001,9.28061322329198e-05,0.000136645749366125,0.00206154860390404,0.0033385031066175
"699",35.4,9.16577497854514e-05,0.000134976779710566,0.00204582080624674,0.0033111932640753
"700",35.45,9.05229943962394e-05,0.000133327289508519,0.00203015178340608,0.00328398858955399
"701",35.5,8.94017134695637e-05,0.000131697065488305,0.00201454228686292,0.00325689092073106
"702",35.55,8.82937559752918e-05,0.00013008589649233,0.00199899305125746,0.00322990204691023
"703",35.6,8.71989724351001e-05,0.000128493573459656,0.00198350479442532,0.00320302370935464
"704",35.65,8.61172149087801e-05,0.000126919889408669,0.00196807821743934,0.00317625760163383
"705",35.7,8.50483369806453e-05,0.000125364639419845,0.00195271400465725,0.00314960536998472
"706",35.75,8.39921937459945e-05,0.000123827620618569,0.00193741282377434,0.00312306861368457
"707",35.8,8.29486417976879e-05,0.000122308632158082,0.00192217532588189,0.00309664888543689
"708",35.85,8.19175392127756e-05,0.000120807475202465,0.00190700214553021,0.00307034769176824
"709",35.9,8.08987455392362e-05,0.000119323952909754,0.0018918939007972,0.00304416649343669
"710",35.9500000000001,7.98921217827862e-05,0.000117857870415121,0.00187685119336143,0.00301810670585051
"711",36,7.88975303937793e-05,0.000116409034814149,0.00186187460858011,0.00299216969949692
"712",36.05,7.79148352541791e-05,0.000114977255146185,0.00184696471557141,0.00296635680038009
"713",36.1000000000001,7.69439016646314e-05,0.000113562342377804,0.00183212206730151,0.00294066929046829
"714",36.15,7.59845963316157e-05,0.000112164109386349,0.0018173472006758,0.00291510840814953
"715",36.2000000000001,7.50367873546622e-05,0.000110782370943549,0.00180264063663399,0.00288967534869443
"716",36.25,7.41003442136952e-05,0.00010941694369927,0.00178800288024981,0.00286437126472765
"717",36.2999999999999,7.31751377564095e-05,0.000108067646165298,0.00177343442083387,0.00283919726670496
"718",36.35,7.22610401857704e-05,0.00010673429869926,0.00175893573204077,0.00281415442339771
"719",36.3999999999999,7.13579250475899e-05,0.000105416723488638,0.00174450727197981,0.00278924376238315
"720",36.45,7.04656672181625e-05,0.000104114744534822,0.00173014948332862,0.00276446627053965
"721",36.5,6.95841428920278e-05,0.000102828187637333,0.00171586279345093,0.00273982289454811
"722",36.55,6.87132295697752e-05,0.000101556880378072,0.00170164761451678,0.002715314541397
"723",36.6,6.78528060459625e-05,0.000100300652105701,0.00168750434362632,0.00269094207889242
"724",36.65,6.70027523971029e-05,9.90593339201045e-05,0.00167343336293632,0.00266670633617163
"725",36.7,6.61629499697482e-05,9.78327586569535e-05,0.00165943503978961,0.00264260810422042
"726",36.75,6.53332813686368e-05,9.66207608723416e-05,0.00164550972684701,0.00261864813639295
"727",36.8000000000001,6.45136304449467e-05,9.54231768275428e-05,0.00163165776222209,0.00259482714893501
"728",36.85,6.37038822846255e-05,9.42398444738562e-05,0.00161787946961826,0.00257114582150934
"729",36.9,6.2903923196792e-05,9.30706034375271e-05,0.00160417515846811,0.00254760479772273
"730",36.95,6.2113640702234e-05,9.19152950047809e-05,0.00159054512407501,0.00252420468565506
"731",37.0000000000001,6.13329235219917e-05,9.07737621069562e-05,0.00157698964775695,0.00250094605838975
"732",37.0499999999999,6.05616615660177e-05,8.96458493057231e-05,0.00156350899699221,0.0024778294545451
"733",37.0999999999999,5.9799745921907e-05,8.85314027783777e-05,0.00155010342556669,0.00245485537880586
"734",37.1500000000001,5.90470688437431e-05,8.74302703032804e-05,0.00153677317372353,0.00243202430245622
"735",37.2,5.83035237410024e-05,8.63423012453536e-05,0.00152351846831404,0.00240933666391223
"736",37.25,5.75690051675344e-05,8.52673465416663e-05,0.00151033952294997,0.00238679286925379
"737",37.2999999999999,5.6843408810648e-05,8.42052586871477e-05,0.00149723653815767,0.00236439329275692
"738",37.3500000000001,5.61266314802607e-05,8.31558917203683e-05,0.00148420970153329,0.00234213827742479
"739",37.4,5.54185710981474e-05,8.21191012094437e-05,0.00147125918789946,0.00232002813551831
"740",37.45,5.47191266872409e-05,8.10947442379884e-05,0.00145838515946264,0.0022980631490846
"741",37.5,5.40281983610475e-05,8.00826793912158e-05,0.00144558776597205,0.00227624357048503
"742",37.5500000000001,5.33456873131248e-05,7.90827667421044e-05,0.00143286714487928,0.0022545696229211
"743",37.6000000000001,5.26714958066441e-05,7.80948678376666e-05,0.00142022342149881,0.0022330415009585
"744",37.65,5.20055271640315e-05,7.71188456853078e-05,0.00140765670916919,0.002211659371049
"745",37.7000000000001,5.13476857566894e-05,7.61545647392823e-05,0.00139516710941499,0.00219042337205012
"746",37.75,5.06978769948103e-05,7.52018908872614e-05,0.00138275471210953,0.00216933361574267
"747",37.7999999999999,5.00560073172446e-05,7.42606914369584e-05,0.00137041959563764,0.00214839018734482
"748",37.8499999999999,4.94219841814732e-05,7.33308351028865e-05,0.00135816182705932,0.00212759314602411
"749",37.9000000000001,4.87957160536465e-05,7.24121919931913e-05,0.00134598146227355,0.00210694252540613
"750",37.9499999999999,4.81771123987124e-05,7.15046335965923e-05,0.00133387854618246,0.00208643833408022
"751",37.9999999999999,4.75660836705962e-05,7.06080327693817e-05,0.00132185311285532,0.00206608055610113
"752",38.05,4.6962541302495e-05,6.9722263722568e-05,0.00130990518569322,0.00204586915148833
"753",38.1,4.63663976972297e-05,6.88472020090843e-05,0.00129803477759351,0.00202580405672098
"754",38.1499999999999,4.57775662176749e-05,6.79827245110921e-05,0.00128624189111414,0.00200588518522933
"755",38.1999999999999,4.51959611772669e-05,6.71287094273769e-05,0.00127452651863801,0.00198611242788215
"756",38.2499999999999,4.46214978305957e-05,6.62850362608505e-05,0.00126288864253722,0.00196648565347046
"757",38.3,4.40540923640667e-05,6.54515858061338e-05,0.00125132823533703,0.00194700470918696
"758",38.3500000000001,4.34936618866421e-05,6.46282401372382e-05,0.00123984525987957,0.00192766942110135
"759",38.4,4.29401244206567e-05,6.38148825953378e-05,0.00122843966948724,0.00190847959463129
"760",38.4500000000001,4.23933988927019e-05,6.30113977766213e-05,0.00121711140812543,0.00188943501500877
"761",38.5,4.18534051246091e-05,6.22176715202737e-05,0.00120586041056546,0.00187053544774276
"762",38.55,4.13200638244722e-05,6.14335908964951e-05,0.00119468660254611,0.00185178063907614
"763",38.6000000000001,4.07932965777777e-05,6.06590441946607e-05,0.0011835899009354,0.00183317031643903
"764",38.65,4.0273025838593e-05,5.98939209115474e-05,0.00117257021389131,0.00181470418889701
"765",38.7,3.97591749208225e-05,5.9138111739644e-05,0.00116162744102184,0.00179638194759423
"766",38.7500000000001,3.92516679895562e-05,5.83915085555786e-05,0.00115076147354466,0.00177820326619239
"767",38.8,3.87504300524749e-05,5.76540044086119e-05,0.00113997219444566,0.00176016780130425
"768",38.85,3.82553869513323e-05,5.69254935092281e-05,0.0011292594786369,0.00174227519292238
"769",38.9000000000001,3.7766465353515e-05,5.62058712178221e-05,0.00111862319311371,0.00172452506484306
"770",38.9499999999999,3.72835927436727e-05,5.54950340334738e-05,0.00110806319711093,0.00170691702508513
"771",39.0000000000001,3.68066974154024e-05,5.47928795827861e-05,0.00109757934225786,0.0016894506663031
"772",39.05,3.63357084630454e-05,5.40993066088715e-05,0.00108717147273314,0.00167212556619669
"773",39.1,3.58705557735007e-05,5.34142149603481e-05,0.00107683942541743,0.00165494128791327
"774",39.1499999999999,3.54111700181572e-05,5.27375055804943e-05,0.00106658303004616,0.00163789738044687
"775",39.2000000000002,3.49574826448626e-05,5.20690804964413e-05,0.00105640210936044,0.0016209933790308
"776",39.2499999999999,3.45094258699918e-05,5.14088428084975e-05,0.0010462964792576,0.00160422880552616
"777",39.2999999999999,3.40669326705427e-05,5.07566966794985e-05,0.00103626594893964,0.00158760316880364
"778",39.3499999999999,3.36299367763463e-05,5.01125473243091e-05,0.00102631032106151,0.0015711159651217
"779",39.3999999999999,3.31983726623197e-05,4.94763009993742e-05,0.00101642939187768,0.0015547666784986
"780",39.45,3.27721755407873e-05,4.88478649923567e-05,0.00100662295138755,0.00153855478107922
"781",39.5000000000001,3.23512813538805e-05,4.82271476118753e-05,0.000996890783479769,0.001522479733497
"782",39.55,3.19356267659948e-05,4.76140581773128e-05,0.000987232666075152,0.00150654098523026
"783",39.5999999999999,3.15251491563199e-05,4.70085070087185e-05,0.000977648371268456,0.00149073797495355
"784",39.65,3.1119786611429e-05,4.64104054167838e-05,0.000968137665468683,0.00147507013088352
"785",39.7,3.07194779179485e-05,4.58196656929223e-05,0.00095870030953838,0.00145953687111996
"786",39.7500000000001,3.03241625552749e-05,4.52362010994067e-05,0.000949336058931222,0.00144413760398115
"787",39.8000000000002,2.9933780688372e-05,4.46599258596094e-05,0.000940044663828539,0.00142887172833434
"788",39.8500000000001,2.95482731606241e-05,4.40907551483141e-05,0.00093082586927433,0.00141373863392093
"789",39.9,2.91675814867536e-05,4.35286050821087e-05,0.000921679415308838,0.00139873770167634
"790",39.95,2.87916478458095e-05,4.29733927098691e-05,0.000912605037100926,0.001383868304045
"791",40.0000000000002,2.84204150742145e-05,4.24250360033185e-05,0.000903602465078908,0.00136912980529012
"792",40.05,2.80538266588784e-05,4.18834538476706e-05,0.000894671425060051,0.0013545215617984
"793",40.1,2.7691826730362e-05,4.13485660323356e-05,0.000885811638378318,0.0013400429223792
"794",40.15,2.73343600561249e-05,4.08202932417375e-05,0.000877022822011217,0.00132569322855948
"795",40.1999999999998,2.69813720338187e-05,4.02985570461872e-05,0.000868304688704794,0.00131147181487316
"796",40.25,2.66328086846415e-05,3.97832798928328e-05,0.00085965694709713,0.00129737800914537
"797",40.3,2.62886166467704e-05,3.92743850967145e-05,0.000851079301840823,0.00128341113277246
"798",40.3499999999998,2.59487431688326e-05,3.87717968318646e-05,0.000842571453723424,0.00126957050099625
"799",40.4000000000001,2.56131361034456e-05,3.82754401224984e-05,0.000834133099786634,0.00125585542317367
"800",40.45,2.52817439008328e-05,3.77852408343038e-05,0.00082576393344437,0.00124226520304218
"801",40.4999999999998,2.49545156024667e-05,3.7301125665763e-05,0.000817463644598576,0.00122879913897917
"802",40.55,2.46314008347971e-05,3.68230221395864e-05,0.000809231919754184,0.00121545652425748
"803",40.5999999999998,2.43123498030347e-05,3.63508585942188e-05,0.000801068442132484,0.00120223664729625
"804",40.6500000000001,2.39973132849743e-05,3.58845641753938e-05,0.000792972891782553,0.00118913879190612
"805",40.7000000000002,2.36862426249053e-05,3.54240688278043e-05,0.000784944945691904,0.00117616223753107
"806",40.7500000000001,2.33790897275522e-05,3.4969303286811e-05,0.000776984277894979,0.00116330625948457
"807",40.7999999999999,2.30758070520855e-05,3.45201990702403e-05,0.000769090559580436,0.00115057012918159
"808",40.8499999999999,2.27763476061874e-05,3.40766884702557e-05,0.000761263459196931,0.00113795311436607
"809",40.8999999999998,2.24806649401781e-05,3.36387045453086e-05,0.000753502642557514,0.00112545447933413
"810",40.9500000000002,2.21887131411835e-05,3.32061811121399e-05,0.000745807772942148,0.00111307348515216
"811",40.9999999999999,2.19004468273853e-05,3.2779052737893e-05,0.000738178511199439,0.00110080938987165
"812",41.05,2.16158211422822e-05,3.23572547322352e-05,0.000730614515845743,0.00108866144873796
"813",41.0999999999997,2.13347917490579e-05,3.19407231396265e-05,0.000723115443164162,0.0010766289143968
"814",41.1499999999999,2.10573148249581e-05,3.15293947315928e-05,0.000715680947300854,0.00106471103709467
"815",41.2000000000002,2.07833470557539e-05,3.11232069991172e-05,0.00070831068036075,0.00105290706487647
"816",41.2500000000001,2.05128456302413e-05,3.0722098145076e-05,0.000701004292501333,0.00104121624377818
"817",41.3000000000003,2.02457682347887e-05,3.03260070767367e-05,0.000693761432024819,0.00102963781801526
"818",41.3500000000002,1.99820730479595e-05,2.99348733983584e-05,0.000686581745469503,0.00101817103016796
"819",41.4,1.9721718735163e-05,2.95486374038244e-05,0.00067946487769898,0.00100681512136153
"820",41.4499999999999,1.94646644433685e-05,2.91672400693611e-05,0.00067241047199026,0.000995569331443112
"821",41.5,1.92108697958716e-05,2.87906230463249e-05,0.000665418170120458,0.000984432899154594
"822",41.5500000000001,1.89602948871096e-05,2.84187286540529e-05,0.000658487612451997,0.000973405062301637
"823",41.6000000000002,1.87129002775234e-05,2.80514998727756e-05,0.000651618438016291,0.000962485057918681
"824",41.6499999999998,1.84686469884784e-05,2.76888803366066e-05,0.000644810284596243,0.000951672122430541
"825",41.6999999999999,1.82274964972166e-05,2.73308143265731e-05,0.000638062788806845,0.000940965491809532
"826",41.75,1.79894107318888e-05,2.69772467637545e-05,0.00063137558617521,0.000930364401730233
"827",41.7999999999998,1.77543520666074e-05,2.66281232024457e-05,0.000624748311218447,0.00091986808771941
"828",41.8500000000003,1.7522283316556e-05,2.62833898233951e-05,0.000618180597520366,0.000909475785302699
"829",41.9000000000002,1.72931677331626e-05,2.59429934271308e-05,0.000611672077807278,0.000899186730148517
"830",41.9500000000002,1.70669689992907e-05,2.56068814273038e-05,0.000605222384021555,0.000889000158207091
"831",41.9999999999999,1.68436512245083e-05,2.52750018441417e-05,0.000598831147394729,0.000878915305847516
"832",42.0499999999997,1.66231789403803e-05,2.49473032979273e-05,0.000592497998518577,0.000868931409990314
"833",42.1000000000001,1.64055170958229e-05,2.46237350025633e-05,0.000586222567415289,0.000859047708237397
"834",42.15,1.61906310525042e-05,2.43042467591977e-05,0.000580004483606347,0.00084926343899876
"835",42.2,1.59784865802718e-05,2.39887889498829e-05,0.000573843376179538,0.000839577841615097
"836",42.2499999999998,1.57690498526513e-05,2.3677312531332e-05,0.000567738873855374,0.000829990156478372
"837",42.3000000000003,1.55622874423689e-05,2.33697690287043e-05,0.000561690605051641,0.000820499625148332
"838",42.3499999999997,1.53581663169442e-05,2.30661105294888e-05,0.00055569819794738,0.000811105490467109
"839",42.3999999999997,1.51566538342853e-05,2.27662896773831e-05,0.000549761280544361,0.000801806996668843
"840",42.4499999999999,1.49577177383771e-05,2.24702596663056e-05,0.000543879480728734,0.000792603389488606
"841",42.4999999999999,1.4761326154981e-05,2.21779742344168e-05,0.000538052426330447,0.000783493916266907
"842",42.5500000000001,1.45674475873848e-05,2.18893876582086e-05,0.000532279745181576,0.000774477826051588
"843",42.5999999999997,1.43760509122045e-05,2.16044547466657e-05,0.00052656106517366,0.000765554369697368
"844",42.6500000000004,1.41871053752073e-05,2.13231308354505e-05,0.000520896014313087,0.000756722799961539
"845",42.6999999999998,1.40005805872171e-05,2.10453717812055e-05,0.00051528422077632,0.000747982371598812
"846",42.7500000000003,1.38164465200019e-05,2.07711339558221e-05,0.000509725312961987,0.000739332341450689
"847",42.7999999999999,1.36346735022716e-05,2.05003742408673e-05,0.000504218919543495,0.000730771968535349
"848",42.8499999999997,1.34552322156546e-05,2.02330500219739e-05,0.000498764669518203,0.000722300514132056
"849",42.9000000000003,1.32780936907551e-05,1.9969119183343e-05,0.00049336219225585,0.00071391724186484
"850",42.9500000000004,1.31032293032435e-05,1.97085401022917e-05,0.000488011117544532,0.000705621417783311
"851",43.0000000000003,1.29306107699708e-05,1.94512716438297e-05,0.000482711075633129,0.000697412310440275
"852",43.05,1.2760210145138e-05,1.91972731553117e-05,0.000477461697269842,0.000689289190967563
"853",43.1000000000001,1.25919998165007e-05,1.89465044611379e-05,0.000472262613733839,0.000681251333149353
"854",43.1500000000003,1.24259525016139e-05,1.86989258575075e-05,0.000467113456855161,0.00067329801349314
"855",43.1999999999999,1.22620412441168e-05,1.84544981072266e-05,0.000462013859012459,0.000665428511298471
"856",43.2500000000002,1.21002394100418e-05,1.82131824345474e-05,0.000456963453083968,0.000657642108722761
"857",43.3,1.19405206841904e-05,1.79749405201006e-05,0.000451961872291157,0.000649938090846233
"858",43.3500000000001,1.17828590665141e-05,1.77397344958301e-05,0.000447008749751543,0.000642315745733123
"859",43.4,1.16272288685578e-05,1.75075269400173e-05,0.000442103717096293,0.000634774364491975
"860",43.4499999999996,1.14736047099274e-05,1.72782808723334e-05,0.000437246399077039,0.000627313241333143
"861",43.4999999999997,1.1321961514793e-05,1.70519597489426e-05,0.000432436379301234,0.000619931673624275
"862",43.5500000000005,1.11722745084404e-05,1.68285274576694e-05,0.000427671569168807,0.000612628961944238
"863",43.6,1.10245192138522e-05,1.66079483132083e-05,0.000422957811470466,0.000605404410134861
"864",43.6500000000001,1.08786714483079e-05,1.63901870523541e-05,0.000418287688660295,0.000598257325349815
"865",43.7,1.07347073200531e-05,1.61752088293315e-05,0.000413663617368271,0.000591187018103279
"866",43.7500000000003,1.05926032249743e-05,1.59629792111293e-05,0.000409085147766267,0.000584192802315296
"867",43.8000000000001,1.0452335843327e-05,1.57534641729075e-05,0.00040455190701366,0.000577273995356152
"868",43.8499999999998,1.03138821364842e-05,1.5546630093431e-05,0.000400063534669983,0.000570429918088296
"869",43.8999999999998,1.01772193437277e-05,1.53424437505643e-05,0.000395619674533355,0.000563659894906955
"870",43.9500000000004,1.00423249790742e-05,1.51408723168095e-05,0.000391219972722799,0.000556963253778953
"871",43.9999999999997,9.90917682813452e-06,1.49418833548945e-05,0.000386864077076951,0.00055033932441985
"872",44.0499999999998,9.7777529449893e-06,1.47454448133768e-05,0.000382551636934437,0.000543787445747513
"873",44.0999999999997,9.64803164912905e-06,1.45515250223417e-05,0.000378282303050902,0.000537306954825956
"874",44.1500000000003,9.51999152239803e-06,1.43600926891012e-05,0.000374055727570266,0.000530897194263437
"875",44.2000000000001,9.39361140599119e-06,1.41711168939679e-05,0.000369871564021396,0.000524557510409305
"876",44.2499999999994,9.26887039746374e-06,1.39845670860432e-05,0.000365729467326008,0.000518287253382618
"877",44.2999999999995,9.14574784778553e-06,1.38004130790692e-05,0.000361629093812915,0.000512085777099937
"878",44.35,9.02422335842854e-06,1.36186250473255e-05,0.000357570101235329,0.000505952439301743
"879",44.4000000000005,8.90427677847874e-06,1.3439173521558e-05,0.000353552148789364,0.000499886601577085
"880",44.4499999999995,8.78588820178142e-06,1.32620293849545e-05,0.000349574897133244,0.000493887629386965
"881",44.4999999999996,8.66903796410483e-06,1.30871638691435e-05,0.000345638008406187,0.00048795489208573
"882",44.5499999999998,8.55370664036428e-06,1.29145485502795e-05,0.000341741146248162,0.000482087762942658
"883",44.6000000000006,8.43987504184423e-06,1.27441553451212e-05,0.000337883975818211,0.000476285619160628
"884",44.6499999999997,8.32752421347446e-06,1.25759565071874e-05,0.00033406616381316,0.000470547841894731
"885",44.7000000000004,8.21663543110477e-06,1.24099246229064e-05,0.000330287378484777,0.00046487381626807
"886",44.7499999999998,8.10719019885484e-06,1.22460326078751e-05,0.000326547289657943,0.000459262931388696
"887",44.8,7.99917024644185e-06,1.20842537030797e-05,0.000322845568746522,0.000453714580362724
"888",44.85,7.89255752658013e-06,1.1924561471222e-05,0.000319181888770125,0.000448228160308515
"889",44.8999999999997,7.78733421237985e-06,1.17669297930406e-05,0.0003155559243693,0.000442803072368226
"890",44.9499999999999,7.68348269478533e-06,1.16113328636868e-05,0.000311967351820524,0.000437438721718842
"891",45.0000000000001,7.5809855800449e-06,1.14577451891457e-05,0.000308415849050744,0.000432134517582302
"892",45.0499999999997,7.47982568719989e-06,1.13061415826816e-05,0.000304901095651053,0.000426889873234161
"893",45.1000000000007,7.37998604559924e-06,1.11564971613194e-05,0.000301422772889738,0.000421704206011115
"894",45.1500000000006,7.28144989246029e-06,1.10087873423904e-05,0.000297980563725422,0.000416576937318514
"895",45.1999999999993,7.18420067042861e-06,1.0862987840075e-05,0.0002945741528187,0.000411507492635466
"896",45.25,7.08822202517502e-06,1.07190746619969e-05,0.000291203226543589,0.000406495301519528
"897",45.3000000000008,6.99349780303942e-06,1.05770241058845e-05,0.000287867472999161,0.000401539797611535
"898",45.3499999999998,6.90001204867043e-06,1.04368127562232e-05,0.000284566582019599,0.000396640418637952
"899",45.3999999999993,6.807749002697e-06,1.02984174809523e-05,0.000281300245183944,0.00039179660641266
"900",45.4500000000003,6.71669309944065e-06,1.01618154282197e-05,0.000278068155825867,0.000387007806838659
"901",45.5000000000001,6.62682896464776e-06,1.00269840231635e-05,0.000274870009042767,0.000382273469908679
"902",45.5499999999993,6.53814141322999e-06,9.89390096470374e-06,0.000271705501703776,0.000377593049704068
"903",45.5999999999996,6.45061544704578e-06,9.7625442223914e-06,0.000268574332457864,0.000372966004393736
"904",45.6499999999992,6.36423625271084e-06,9.63289203329937e-06,0.000265476201741646,0.000368391796232576
"905",45.6999999999999,6.27898919941101e-06,9.50492289891317e-06,0.000262410811785942,0.000363869891557955
"906",45.7500000000005,6.1948598367654e-06,9.3786155820948e-06,0.000259377866622836,0.000359399760786859
"907",45.8000000000008,6.11183389269164e-06,9.25394910404693e-06,0.000256377072091537,0.000354980878411187
"908",45.8500000000003,6.02989727130691e-06,9.13090274132779e-06,0.000253408135844244,0.000350612722992973
"909",45.9000000000007,5.94903605084314e-06,9.00945602288493e-06,0.000250470767351302,0.000346294777158459
"910",45.9500000000005,5.86923648160064e-06,8.88958872714395e-06,0.000247564677906525,0.000342026527592326
"911",46.0000000000006,5.79048498390467e-06,8.77128087909886e-06,0.000244689580631447,0.000337807465030214
"912",46.0500000000007,5.71276814610018e-06,8.65451274745735e-06,0.000241845190479826,0.000333637083489803
"913",46.1000000000003,5.63607272256164e-06,8.53926484180608e-06,0.000239031224241606,0.000329514883293281
"914",46.1500000000009,5.5603856317232e-06,8.42551790980399e-06,0.000236247535722186,0.000325440367329478
"915",46.2000000000004,5.48569395414199e-06,8.31325293442298e-06,0.000233493479285565,0.000321413065716363
"916",46.2500000000006,5.41198493056398e-06,8.20245113118985e-06,0.000230769075992964,0.000317432415607062
"917",46.3000000000008,5.33924596003189e-06,8.09309394548909e-06,0.000228073996527245,0.000313498006354748
"918",46.3499999999997,5.26746459800194e-06,7.9851630498766e-06,0.000225407957889283,0.000309609331978281
"919",46.3999999999993,5.19662855447861e-06,7.87864034141804e-06,0.000222770685120411,0.000305765915300773
"920",46.4500000000005,5.12672569218249e-06,7.77350793907462e-06,0.00022016190675608,0.00030196728219167
"921",46.5000000000003,5.05774402473602e-06,7.66974818111359e-06,0.000217581353773232,0.00029821296520441
"922",46.5499999999992,4.98967171485563e-06,7.56734362252587e-06,0.000215028759254354,0.000294502498112347
"923",46.5999999999991,4.92249707257687e-06,7.46627703249135e-06,0.00021250385825716,0.000290835419512277
"924",46.6500000000009,4.85620855350078e-06,7.3665313918736e-06,0.000210006387756415,0.000287211271911103
"925",46.6999999999997,4.79079475706143e-06,7.26808989074468e-06,0.000207536086615003,0.00028362960171192
"926",46.7500000000003,4.72624442478817e-06,7.17093592589928e-06,0.000205092695567118,0.000280089959198343
"927",46.8000000000008,4.66254643862763e-06,7.07505309845727e-06,0.000202675957209296,0.000276591898520655
"928",46.8500000000001,4.59968981925458e-06,6.98042521144689e-06,0.000200285615993482,0.000273134977679919
"929",46.9000000000008,4.53766372440708e-06,6.8870362674227e-06,0.000197921417997338,0.000269718758512013
"930",46.9499999999988,4.476457447258e-06,6.79487046613623e-06,0.000195583111904463,0.000266342806672288
"931",47.000000000001,4.41606041476937e-06,6.70391220217865e-06,0.000193270447367534,0.000263006691617916
"932",47.0499999999997,4.35646218611868e-06,6.61414606272994e-06,0.000190983176226728,0.000259709986592861
"933",47.1,4.29765245107866e-06,6.52555682523598e-06,0.000188721052155326,0.000256452268608976
"934",47.1500000000005,4.23962102847188e-06,6.43812945519636e-06,0.000186483830657665,0.000253233118429925
"935",47.1999999999999,4.18235786461143e-06,6.35184910392949e-06,0.000184271269065649,0.000250052120553068
"936",47.2500000000009,4.12585303176336e-06,6.26670110636837e-06,0.000182083126535166,0.000246908863191288
"937",47.2999999999991,4.07009672664265e-06,6.1826709789052e-06,0.000179919164043202,0.000243802938255452
"938",47.350000000001,4.01507926889515e-06,6.09974441721304e-06,0.000177779144381645,0.000240733941334869
"939",47.3999999999987,3.96079109964313e-06,6.01790729416147e-06,0.000175662832157421,0.000237701471680095
"940",47.4500000000007,3.90722277998713e-06,5.93714565766448e-06,0.000173569993783561,0.000234705132182122
"941",47.5000000000003,3.85436498959209e-06,5.85744572865404e-06,0.00017150039747754,0.000231744529355118
"942",47.5499999999998,3.80220852522992e-06,5.77879389898579e-06,0.000169453813255437,0.00022881927331558
"943",47.6000000000013,3.75074429937383e-06,5.70117672942143e-06,0.000167430012927308,0.00022592897776328
"944",47.6500000000011,3.69996333880566e-06,5.62458094762888e-06,0.000165428770092252,0.000223073259961813
"945",47.7000000000005,3.6498567832212e-06,5.54899344617783e-06,0.000163449860132599,0.000220251740717969
"946",47.7500000000001,3.60041588386973e-06,5.47440128058512e-06,0.000161493060208638,0.000217464044361937
"947",47.8000000000012,3.55163200220056e-06,5.40079166736918e-06,0.000159558149252845,0.000214709798726865
"948",47.8499999999985,3.50349660853458e-06,5.32815198214074e-06,0.000157644907964327,0.000211988635128791
"949",47.8999999999994,3.4560012807252e-06,5.25646975767563e-06,0.000155753118802071,0.000209300188344955
"950",47.9500000000015,3.40913770287432e-06,5.18573268206939e-06,0.000153882565979624,0.000206644096594215
"951",48.000000000001,3.36289766403455e-06,5.11592859686943e-06,0.000152033035458487,0.000204020001515711
"952",48.0499999999984,3.3172730569277e-06,5.04704549523032e-06,0.000150204314941413,0.000201427548147464
"953",48.1000000000011,3.27225587668258e-06,4.97907152009668e-06,0.000148396193865752,0.00019886638490513
"954",48.1499999999999,3.22783821960996e-06,4.91199496244076e-06,0.00014660846339757,0.000196336163561913
"955",48.1999999999996,3.18401228194305e-06,4.84580425944653e-06,0.000144840916423681,0.00019383653922561
"956",48.2500000000014,3.14077035863626e-06,4.78048799278023e-06,0.00014309334754532,0.000191367170318045
"957",48.3000000000017,3.09810484216228e-06,4.7160348868572e-06,0.000141365553071073,0.00018892771855353
"958",48.3499999999993,3.05600822131668e-06,4.65243380711842e-06,0.000139657324227982,0.000186517848916866
"959",48.3999999999996,3.01447308003893e-06,4.58967375833072e-06,0.000137968447879531,0.000184137229641424
"960",48.4500000000007,2.97349209626184e-06,4.52774388292844e-06,0.000136298767127173,0.000181785532187992
"961",48.5000000000015,2.93305804075654e-06,4.46663345934701e-06,0.000134648059726246,0.000179462431222537
"962",48.5500000000018,2.89316377599692e-06,4.4063319003848e-06,0.000133016124450682,0.000177167604594258
"963",48.599999999999,2.85380225504072e-06,4.34682875158857e-06,0.000131402832547807,0.000174900733313781
"964",48.6499999999988,2.81496652041208e-06,4.28811368964013e-06,0.000129807897136704,0.000172661501530645
"965",48.6999999999985,2.77664970301874e-06,4.23017652079388e-06,0.000128231167146064,0.000170449522303649
"966",48.7500000000001,2.73884502105884e-06,4.17300717929755e-06,0.000126672487520577,0.000168264627050929
"967",48.7999999999982,2.70154577895933e-06,4.11659572585945e-06,0.000125131595467648,0.000166106531289759
"968",48.8499999999989,2.66474536630409e-06,4.06093234609897e-06,0.000123608330759285,0.000163974761007328
"969",48.9000000000002,2.62843725680272e-06,4.00600734905732e-06,0.00012210255204037,0.000161869096834901
"970",48.9499999999991,2.59261500725198e-06,3.95181116569619e-06,0.000120614051619963,0.000159789242190166
"971",49.0000000000006,2.5572722565081e-06,3.89833434741134e-06,0.000119142648895929,0.000157734902135299
"972",49.0499999999991,2.52240272449061e-06,3.84556756459315e-06,0.000117688164854312,0.000155705785138333
"973",49.0999999999991,2.48800021117021e-06,3.79350160516154e-06,0.000116250422060103,0.000153701602606837
"974",49.1499999999998,2.45405859559417e-06,3.74212737315684e-06,0.000114829244649018,0.00015172206886639
"975",49.2000000000008,2.42057183490776e-06,3.69143588732332e-06,0.000113424458318566,0.000149766901138147
"976",49.2500000000012,2.38753396339237e-06,3.64141827971708e-06,0.000112035901502273,0.000147835819516739
"977",49.2999999999989,2.35493909151451e-06,3.59206579432935e-06,0.000110663380251947,0.000145928546948158
"978",49.3499999999995,2.32278140497975e-06,3.54336978571599e-06,0.000109306736508301,0.000144044809207291
"979",49.3999999999986,2.29105516381545e-06,3.49532171766984e-06,0.000107965801989521,0.000142184334876536
"980",49.45,2.25975470144044e-06,3.44791316187211e-06,0.000106640410361676,0.000140346855323023
"981",49.5000000000022,2.22887442376668e-06,3.4011357965912e-06,0.000105330396309552,0.000138532104677118
"982",49.5499999999976,2.19840880830278e-06,3.35498140538345e-06,0.000104035596214509,0.000136739819810444
"983",49.6000000000014,2.16835240325049e-06,3.30944187578214e-06,0.000102755847947429,0.000134969740312908
"984",49.6500000000007,2.13869982666025e-06,3.26450919807505e-06,0.000101490990860963,0.000133221608472621
"985",49.7000000000011,2.10944576553768e-06,3.22017546400671e-06,0.000100240865779208,0.000131495169252384
"986",49.7499999999979,2.08058497500607e-06,3.17643286556468e-06,9.90053149893012e-05,0.000129790170268906
"987",49.8000000000011,2.05211227744688e-06,3.13327369373138e-06,9.77841822316127e-05,0.000128106361770189
"988",49.8500000000022,2.02402256168446e-06,3.09069033730215e-06,9.65773126913681e-05,0.000126443496614988
"989",49.9000000000008,1.99631078214555e-06,3.04867528166424e-06,9.53845529887452e-05,0.000124801330250257
"990",49.9499999999982,1.96897195804814e-06,3.00722110761922e-06,9.42057511697579e-05,0.000123179620689811
"991",49.9999999999994,1.94200117259521e-06,2.96632049021215e-06,9.30407566968247e-05,0.000121578128492776
"992",50.0500000000006,1.91539357218574e-06,2.92596619758585e-06,9.18894204399188e-05,0.000119996616742551
"993",50.1000000000013,1.88914436562173e-06,2.88615108982845e-06,9.07515946669233e-05,0.00011843485102506
"994",50.1500000000024,1.86324882333243e-06,2.84686811784609e-06,8.96271330343103e-05,0.000116892599407531
"995",50.2000000000004,1.83770227660973e-06,2.80811032225174e-06,8.85158905778997e-05,0.000115369632417463
"996",50.2500000000015,1.81250011684264e-06,2.76987083225183e-06,8.74177237031728e-05,0.000113865723021077
"997",50.3000000000008,1.78763779477807e-06,2.73214286457201e-06,8.63324901763336e-05,0.000112380646602878
"998",50.3500000000003,1.76311081977174e-06,2.69491972236705e-06,8.5260049114545e-05,0.000110914180944168
"999",50.400000000003,1.73891475905926e-06,2.65819479416066e-06,8.42002609766579e-05,0.000109466106202326
"1000",50.4500000000024,1.71504523703859e-06,2.62196155280174e-06,8.31529875540576e-05,0.000108036204890329
"1001",50.499999999997,1.69149793454854e-06,2.58621355441393e-06,8.21180919609578e-05,0.00010662426185561
"1002",50.5500000000006,1.66826858815869e-06,2.55094443736157e-06,8.10954386248209e-05,0.000105230064259171
"1003",50.600000000001,1.6453529894915e-06,2.51614792126405e-06,8.00848932778321e-05,0.000103853401556223
"1004",50.6500000000024,1.62274698451366e-06,2.48181780596255e-06,7.90863229466584e-05,0.000102494065474559
"1005",50.7000000000034,1.60044647286585e-06,2.44794797054436e-06,7.80995959435393e-05,0.000101151849994843
"1006",50.7500000000004,1.5784474071887e-06,2.41453237236082e-06,7.71245818568695e-05,9.98265513302695e-05
"1007",50.7999999999977,1.55674579245406e-06,2.3815650460526e-06,7.6161151541665e-05,9.85179679061616e-05
"1008",50.8499999999969,1.53533768531371e-06,2.34904010260071e-06,7.5209173665303e-05,9.72259003402316e-05
"1009",50.8999999999979,1.51421919345026e-06,2.31695172838027e-06,7.42685149899809e-05,9.5950151422604e-05
"1010",50.9499999999993,1.49338647493653e-06,2.28529418422637e-06,7.33390713396492e-05,9.46905260959799e-05
"1011",50.999999999997,1.47283573760322e-06,2.25406180451193e-06,7.24207055393001e-05,9.34468456454876e-05
"1012",51.0500000000032,1.45256323840591e-06,2.22324899622392e-06,7.151329092819e-05,9.22188766308527e-05
"1013",51.0999999999974,1.43256528282764e-06,2.19285023809291e-06,7.06167425152479e-05,9.10064351744915e-05
"1014",51.1500000000002,1.41283822423857e-06,2.16286007965684e-06,6.97308868629265e-05,8.9809416030867e-05
"1015",51.2000000000038,1.39337846332136e-06,2.13327314042402e-06,6.88556512894266e-05,8.86275364405116e-05
"1016",51.2500000000038,1.37418244746277e-06,2.10408410898416e-06,6.799085868161e-05,8.74606707703628e-05
"1017",51.2999999999982,1.35524667016577e-06,2.07528774214998e-06,6.71364311234978e-05,8.63086675114441e-05
"1018",51.3499999999998,1.33656767046397e-06,2.0468788641018e-06,6.62922391745894e-05,8.51712606935245e-05
"1019",51.4000000000033,1.31814203235972e-06,2.01885236556738e-06,6.54581890361535e-05,8.40483153659371e-05
"1020",51.4499999999969,1.29996638425246e-06,1.99120320298654e-06,6.46341548199526e-05,8.29396573846299e-05
"1021",51.5000000000037,1.28203739836352e-06,1.96392639766967e-06,6.38200241408612e-05,8.18451138667266e-05
"1022",51.5500000000014,1.26435179021169e-06,1.93701703503294e-06,6.30156857429472e-05,8.0764514078288e-05
"1023",51.5999999999959,1.24690631803986e-06,1.91047026375855e-06,6.22210294892239e-05,7.96976891893986e-05
"1024",51.6499999999988,1.22969778228339e-06,1.88428129501788e-06,6.14359463530191e-05,7.86444722564102e-05
"1025",51.6999999999962,1.21272302504707e-06,1.85844540170714e-06,6.06603284094642e-05,7.7604698204424e-05
"1026",51.7500000000009,1.19597892956032e-06,1.83295791764942e-06,5.98940744201834e-05,7.65782038081632e-05
"1027",51.8000000000005,1.17946241967415e-06,1.80781423685977e-06,5.91370672628266e-05,7.55648276751311e-05
"1028",51.849999999997,1.16317045933351e-06,1.78300981277226e-06,5.83892080663947e-05,7.45644102269833e-05
"1029",51.8999999999955,1.1471000520732e-06,1.75854015750244e-06,5.7650393161142e-05,7.35767936820853e-05
"1030",51.950000000004,1.13124824051636e-06,1.73440084111312e-06,5.69205201238416e-05,7.26018220379616e-05
"1031",52.0000000000047,1.11561210588759e-06,1.71058749090207e-06,5.61994873637206e-05,7.16393410543906e-05
"1032",52.0499999999952,1.10018876751037e-06,1.68709579066524e-06,5.54871944168948e-05,7.06891982352849e-05
"1033",52.1000000000032,1.08497538231925e-06,1.66392147998194e-06,5.47835418498256e-05,6.97512428112191e-05
"1034",52.1500000000026,1.06996914440773e-06,1.64106035355401e-06,5.40884312518702e-05,6.88253257239272e-05
"1035",52.1999999999987,1.05516728453038e-06,1.61850826047472e-06,5.34017652254747e-05,6.79112996077317e-05
"1036",52.2499999999956,1.04056706964683e-06,1.59626110356108e-06,5.27234473780737e-05,6.70090187733199e-05
"1037",52.3000000000035,1.02616580245925e-06,1.57431483867562e-06,5.20533823135022e-05,6.61183391908872e-05
"1038",52.3500000000045,1.01196082096753e-06,1.55266547407487e-06,5.13914756237506e-05,6.52391184741499e-05
"1039",52.4000000000014,9.97949498005851e-07,1.53130906972898e-06,5.07376338802939e-05,6.43712158629827e-05
"1040",52.4500000000052,9.84129240803124e-07,1.51024173667709e-06,5.00917646253422e-05,6.35144922073058e-05
"1041",52.4999999999977,9.70497490554965e-07,1.4894596364002e-06,4.94537763642161e-05,6.26688099514825e-05
"1042",52.5500000000036,9.57051721971162e-07,1.4689589801559e-06,4.88235785560604e-05,6.18340331169768e-05
"1043",52.5999999999953,9.43789442874111e-07,1.44873602839065e-06,4.82010816067398e-05,6.10100272879673e-05
"1044",52.6499999999976,9.30708193748468e-07,1.42878709007707e-06,4.75861968592483e-05,6.01966595937266e-05
"1045",52.6999999999989,9.17805547347862e-07,1.40910852213798e-06,4.69788365865935e-05,5.9393798694345e-05
"1046",52.7499999999964,9.05079108271009e-07,1.38969672882323e-06,4.63789139830489e-05,5.8601314764353e-05
"1047",52.799999999994,8.92526512555534e-07,1.3705481611133e-06,4.57863431560439e-05,5.78190794772511e-05
"1048",52.849999999998,8.80145427277541e-07,1.3516593161311e-06,4.52010391181322e-05,5.70469659902057e-05
"1049",52.8999999999958,8.67933550159834e-07,1.33302673656671e-06,4.46229177791811e-05,5.62848489290971e-05
"1050",52.9499999999942,8.55888609170728e-07,1.31464701008734e-06,4.40518959379296e-05,5.55326043727953e-05
"1051",53.0000000000051,8.44008362140639e-07,1.29651676877402e-06,4.3487891274203e-05,5.47901098383627e-05
"1052",53.0499999999998,8.32290596390459e-07,1.27863268857591e-06,4.29308223415073e-05,5.40572442668164e-05
"1053",53.1000000000014,8.20733128332312e-07,1.26099148872213e-06,4.23806085581346e-05,5.3333888006988e-05
"1054",53.1500000000053,8.09333803115388e-07,1.24358993120198e-06,4.18371702002335e-05,5.26199228020289e-05
"1055",53.1999999999973,7.98090494253305e-07,1.22642482021663e-06,4.13004283938319e-05,5.19152317745924e-05
"1056",53.2499999999953,7.87001103251073e-07,1.20949300162985e-06,4.07703051066687e-05,5.12196994118236e-05
"1057",53.300000000005,7.76063559256033e-07,1.192791362455e-06,4.02467214504915e-05,5.05332115516866e-05
"1058",53.3499999999946,7.65275818708449e-07,1.17631683034116e-06,3.97295979161915e-05,4.98556553691125e-05
"1059",53.4000000000037,7.54635864967511e-07,1.16006637302133e-06,3.92188693272059e-05,4.91869193604437e-05
"1060",53.4499999999938,7.44141707997712e-07,1.14403699785257e-06,3.87144547285766e-05,4.85268985323122e-05
"1061",53.5000000000027,7.33791383994215e-07,1.12822575126253e-06,3.82162790907721e-05,4.78754834692483e-05
"1062",53.5500000000064,7.23582955074658e-07,1.11262971829728e-06,3.77242828921405e-05,4.72325367936213e-05
"1063",53.6000000000026,7.13514508928221e-07,1.0972460221034e-06,3.72383734081842e-05,4.65979924090156e-05
"1064",53.6500000000026,7.0358415848863e-07,1.08207182344641e-06,3.6758487584547e-05,4.59717230554229e-05
"1065",53.6999999999967,6.93790041615978e-07,1.0671043202423e-06,3.6284563777369e-05,4.53536254443698e-05
"1066",53.7500000000033,6.8413032076614e-07,1.05234074706989e-06,3.58165111502771e-05,4.47436372260753e-05
"1067",53.8000000000007,6.7460318268721e-07,1.03777837472409e-06,3.53542678612528e-05,4.41416026358174e-05
"1068",53.850000000005,6.65206838091382e-07,1.02341450973137e-06,3.48977763775274e-05,4.3547441820676e-05
"1069",53.8999999999967,6.55939521359945e-07,1.00924649391557e-06,3.44469621852155e-05,4.29610559818838e-05
"1070",53.9499999999973,6.46799490223709e-07,9.95271703925863e-07,3.40017582548419e-05,4.23823471545203e-05
"1071",54.0000000000055,6.37785025473566e-07,9.81487550810464e-07,3.3562098288862e-05,4.18112186494305e-05
"1072",54.0500000000026,6.28894430661653e-07,9.67891479575731e-07,3.3127916714627e-05,4.12475749277547e-05
"1073",54.0999999999986,6.20126031799219e-07,9.54480968739952e-07,3.26991486770521e-05,4.06913215879545e-05
"1074",54.1499999999987,6.11478177072485e-07,9.41253529914338e-07,3.22757300320284e-05,4.01423653538545e-05
"1075",54.2000000000081,6.02949236555195e-07,9.28206707378731e-07,3.18576001878546e-05,3.96006140623591e-05
"1076",54.2500000000057,5.94537601930045e-07,9.15338077670605e-07,3.14446906078857e-05,3.90659766516134e-05
"1077",54.2999999999935,5.86241686200782e-07,9.02645249159529e-07,3.10369421992798e-05,3.8538363148457e-05
"1078",54.3499999999989,5.78059923416162e-07,8.90125861639536e-07,3.06342935595347e-05,3.8017684656517e-05
"1079",54.4000000000047,5.69990768408931e-07,8.77777585944205e-07,3.02366840697153e-05,3.75038533451466e-05
"1080",54.4499999999934,5.62032696519351e-07,8.65598123537858e-07,2.98440536607873e-05,3.69967824372701e-05
"1081",54.4999999999979,5.5418420332153e-07,8.53585206110801e-07,2.94563429764539e-05,3.64963861972997e-05
"1082",54.5500000000024,5.4644380437692e-07,8.41736595215885e-07,2.90734933183913e-05,3.60025799206761e-05
"1083",54.599999999998,5.38810034966283e-07,8.300500818719e-07,2.8695446639432e-05,3.5515279921935e-05
"1084",54.6500000000057,5.31281449830584e-07,8.18523486180377e-07,2.8322145537021e-05,3.5034403548137e-05
"1085",54.7000000000004,5.23856622929913e-07,8.07154656969758e-07,2.7953533247453e-05,3.45598690439634e-05
"1086",54.7499999999983,5.16534147180898e-07,7.95941471406426e-07,2.7589553638964e-05,3.40915957888039e-05
"1087",54.8000000000057,5.09312634218272e-07,7.84881834642464e-07,2.7230151205724e-05,3.36295040373389e-05
"1088",54.8500000000079,5.02190714153157e-07,7.73973679458198e-07,2.68752710620375e-05,3.31735150332826e-05
"1089",54.9000000000027,4.95167035328147e-07,7.63214965899586e-07,2.6524858935607e-05,3.27235509734404e-05
"1090",54.9499999999933,4.88240264081299e-07,7.52603680929059e-07,2.61788611616589e-05,3.2279534997144e-05
"1091",55.000000000005,4.81409084509935e-07,7.42137838075844e-07,2.58372246767719e-05,3.18413911755838e-05
"1092",55.0499999999895,4.74672198252517e-07,7.31815477113769e-07,2.54998970135097e-05,3.14090445022119e-05
"1093",55.0999999999987,4.68028324236856e-07,7.2163466368729e-07,2.51668262932728e-05,3.09824208808987e-05
"1094",55.149999999999,4.61476198479882e-07,7.11593489016303e-07,2.48379612216334e-05,3.05614471173131e-05
"1095",55.2000000000021,4.55014573847653e-07,7.01690069539833e-07,2.45132510815853e-05,3.01460509076664e-05
"1096",55.24999999999,4.48642219845654e-07,6.91922546605948e-07,2.41926457282178e-05,2.97361608293189e-05
"1097",55.3000000000029,4.42357922390607e-07,6.82289086133132e-07,2.38760955823688e-05,2.93317063301177e-05
"1098",55.3499999999878,4.3616048361566e-07,6.72787878322635e-07,2.3563551625866e-05,2.89326177198018e-05
"1099",55.4000000000069,4.30048721632723e-07,6.63417137304941e-07,2.3254965394521e-05,2.85388261585715e-05
"1100",55.4500000000067,4.2402147035254e-07,6.54175100874557e-07,2.29502889739439e-05,2.81502636492981e-05
"1101",55.5000000000015,4.18077579255834e-07,6.45060030149613e-07,2.26494749928046e-05,2.77668630265078e-05
"1102",55.550000000011,4.12215913197821e-07,6.36070209282438e-07,2.23524766176913e-05,2.73885579474404e-05
"1103",55.5999999999876,4.06435352215594e-07,6.27203945174357e-07,2.20592475480325e-05,2.70152828832216e-05
"1104",55.6500000000059,4.0073479130794e-07,6.18459567148038e-07,2.17697420095381e-05,2.66469731081846e-05
"1105",55.699999999999,3.95113140269852e-07,6.09835426703552e-07,2.14839147503339e-05,2.62835646926531e-05
"1106",55.7499999999959,3.89569323472023e-07,6.01329897189875e-07,2.12017201794428e-05,2.59249944921018e-05
"1107",55.8000000000094,3.84102279682872e-07,5.92941373541455e-07,2.09231124770146e-05,2.55712001389965e-05
"1108",55.8499999999961,3.78710961884324e-07,5.84668272005039e-07,2.06480531709386e-05,2.52221200341658e-05
"1109",55.9000000000095,3.73394337069151e-07,5.76509029838043e-07,2.03764958848248e-05,2.48776960919922e-05
"1110",55.9500000000105,3.68151386077806e-07,5.68462105067355e-07,2.01083972780649e-05,2.45378685586545e-05
"1111",56.0000000000116,3.62981103401578e-07,5.60525976196304e-07,1.98437223942622e-05,2.42025447266423e-05
"1112",56.0499999999876,3.57882497013054e-07,5.52699141953373e-07,1.95824186913697e-05,2.38717364420726e-05
"1113",56.0999999999852,3.52854588178145e-07,5.44980121012461e-07,1.93244493903477e-05,2.35453264289351e-05
"1114",56.1499999999878,3.4789641129543e-07,5.37367451754924e-07,1.90697781232427e-05,2.32232731760054e-05
"1115",56.2000000000135,3.43007013714011e-07,5.2985969199849e-07,1.88183545407925e-05,2.290554113297e-05
"1116",56.2499999999896,3.3818545557566e-07,5.22455418763295e-07,1.85701422510306e-05,2.25920467208146e-05
"1117",56.2999999999977,3.33430809623254e-07,5.15153227986042e-07,1.83251072928619e-05,2.22827452367485e-05
"1118",56.3500000000058,3.28742161060974e-07,5.07951734313468e-07,1.80832074166545e-05,2.19775824063598e-05
"1119",56.4000000000015,3.24118607377755e-07,5.00849570839269e-07,1.78444041292462e-05,2.16765044586093e-05
"1120",56.4499999999921,3.19559258185877e-07,4.93845388864105e-07,1.76086593831392e-05,2.13794583473257e-05
"1121",56.4999999999955,3.15063235062481e-07,4.86937857659991e-07,1.7375935571837e-05,2.10863916864639e-05
"1122",56.5499999999847,3.10629671397085e-07,4.80125664243736e-07,1.71461955254279e-05,2.07972527427215e-05
"1123",56.5999999999936,3.06257712226758e-07,4.73407513131324e-07,1.69194025054648e-05,2.05119904273007e-05
"1124",56.6500000000064,3.01946514092566e-07,4.66782126124807e-07,1.66955216270019e-05,2.02305542890063e-05
"1125",56.7000000000066,2.97695244883679e-07,4.60248242080145e-07,1.64745141012145e-05,1.99528945064905e-05
"1126",56.749999999982,2.9350308368749e-07,4.53804616684122e-07,1.6256345938509e-05,1.9678961880841e-05
"1127",56.799999999992,2.89369220636554e-07,4.47450022226272e-07,1.60409820662696e-05,1.94087078279143e-05
"1128",56.8500000000007,2.85292856776812e-07,4.41183247403385e-07,1.58283878697453e-05,1.91420843720128e-05
"1129",56.8999999999888,2.81273203914328e-07,4.35003097090864e-07,1.56185290838839e-05,1.88790441381127e-05
"1130",56.9499999999832,2.77309484471077e-07,4.28908392127874e-07,1.54113718663623e-05,1.86195403446375e-05
"1131",56.9999999999966,2.73400931349805e-07,4.22897969116315e-07,1.52068827711175e-05,1.83635267967811e-05
"1132",57.0499999999854,2.69546787798792e-07,4.16970680219537e-07,1.50050287442559e-05,1.8110957879782e-05
"1133",57.0999999999919,2.65746307264277e-07,4.1112539294196e-07,1.48057771192608e-05,1.78617885513464e-05
"1134",57.1499999999951,2.61998753267257e-07,4.05360989946057e-07,1.46090956134222e-05,1.76159743356263e-05
"1135",57.1999999999814,2.58303399264885e-07,3.99676368845555e-07,1.44149523234157e-05,1.73734713161474e-05
"1136",57.2500000000042,2.54659528514847e-07,3.94070442003094e-07,1.42233157209419e-05,1.71342361288915e-05
"1137",57.3000000000169,2.51066433957988e-07,3.88542136355838e-07,1.40341546493811e-05,1.68982259565371e-05
"1138",57.3500000000206,2.47523418079429e-07,3.83090393207921e-07,1.38474383191027e-05,1.66653985212497e-05
"1139",57.3999999999847,2.44029792787965e-07,3.77714168050877e-07,1.3663136303834e-05,1.6435712078633e-05
"1140",57.4500000000107,2.4058487928006e-07,3.72412430360289e-07,1.34812185361061e-05,1.62091254106318e-05
"1141",57.4999999999891,2.3718800794047e-07,3.67184163448676e-07,1.33016553045873e-05,1.59855978208045e-05
"1142",57.5499999999895,2.3383851819384e-07,3.62028364242864e-07,1.3124417248781e-05,1.57650891263377e-05
"1143",57.6000000000093,2.30535758402094e-07,3.56944043131694e-07,1.29494753560963e-05,1.55475596530346e-05
"1144",57.6500000000091,2.272790857434e-07,3.51930223785296e-07,1.27768009579015e-05,1.53329702290584e-05
"1145",57.6999999999777,2.24067866091033e-07,3.46985942974117e-07,1.26063657255276e-05,1.51212821786347e-05
"1146",57.7499999999785,2.20901473895238e-07,3.4211025039244e-07,1.24381416663841e-05,1.49124573159154e-05
"1147",57.799999999979,2.17779292080304e-07,3.37302208505249e-07,1.22721011208413e-05,1.4706457939814e-05
"1148",57.8499999999907,2.14700711923189e-07,3.325608923666e-07,1.21082167580911e-05,1.45032468275921e-05
"1149",57.8999999999928,2.116651329474e-07,3.27885389461368e-07,1.1946461572775e-05,1.43027872294194e-05
"1150",57.9499999999786,2.08671962810643e-07,3.23274799537325e-07,1.17868088812408e-05,1.41050428624912e-05
"1151",57.999999999978,2.05720617195478e-07,3.18728234441755e-07,1.16292323179182e-05,1.39099779053143e-05
"1152",58.0500000000018,2.02810519706021e-07,3.14244817967293e-07,1.14737058319774e-05,1.3717556992361e-05
"1153",58.1000000000075,1.99941101764576e-07,3.09823685697564e-07,1.13202036839451e-05,1.35277452086894e-05
"1154",58.1499999999954,1.97111802502064e-07,3.0546398484319e-07,1.11687004419518e-05,1.3340508084125e-05
"1155",58.199999999974,1.94322068657581e-07,3.01164874091774e-07,1.10191689833582e-05,1.31558115880161e-05
"1156",58.2500000000037,1.91571354474813e-07,2.96925523452945e-07,1.08715882690474e-05,1.29736221237533e-05
"1157",58.2999999999849,1.88859121613708e-07,2.92745114126861e-07,1.07259318573597e-05,1.27939065242728e-05
"1158",58.3499999999736,1.86184839034504e-07,2.88622838330001e-07,1.0582175353877e-05,1.26166341689238e-05
"1159",58.4000000000234,1.83547982909273e-07,2.84557899163292e-07,1.04402973594932e-05,1.24417663627913e-05
"1160",58.4499999999794,1.80948036536456e-07,2.8054951048478e-07,1.03002702746251e-05,1.22692775389622e-05
"1161",58.5000000000029,1.7838449021857e-07,2.76596896725444e-07,1.01620724050321e-05,1.20991320807614e-05
"1162",58.5500000000081,1.75856841198073e-07,2.72699292794588e-07,1.00256834396694e-05,1.1931300001085e-05
"1163",58.6000000000031,1.733645935472e-07,2.68855943914202e-07,9.89107410434948e-06,1.1765759457359e-05
"1164",58.6499999999854,1.70907258082261e-07,2.65066105490958e-07,9.75822603067832e-06,1.1602467176364e-05
"1165",58.699999999981,1.68484352271738e-07,2.6132904297858e-07,9.62711540116446e-06,1.14413982505588e-05
"1166",58.7499999999834,1.6609540015047e-07,2.57644031749519e-07,9.49772276967576e-06,1.12825231162657e-05
"1167",58.7999999999793,1.63739932230703e-07,2.54010356961731e-07,9.37002492133558e-06,1.11258126773605e-05
"1168",58.8500000000023,1.61417485413087e-07,2.50427313425304e-07,9.24400038818743e-06,1.09712381249132e-05
"1169",58.9000000000152,1.59127602906819e-07,2.46894205483116e-07,9.11962796229224e-06,1.08187710493748e-05
"1170",58.9500000000129,1.56869834140527e-07,2.4341034687715e-07,8.9968866925204e-06,1.06683834067657e-05
"1171",59.0000000000226,1.54643734679236e-07,2.39975060624122e-07,8.87575588164284e-06,1.05200475141932e-05
"1172",59.0499999999879,1.52448866147416e-07,2.36587678900428e-07,8.75621581361731e-06,1.03737360457525e-05
"1173",59.1000000000277,1.50284796136638e-07,2.33247542903269e-07,8.63824480441993e-06,1.02294220273813e-05
"1174",59.150000000018,1.48151098143856e-07,2.29954002758988e-07,8.52182366165988e-06,1.00870788337358e-05
"1175",59.1999999999729,1.46047351475896e-07,2.26706417379175e-07,8.40693267462126e-06,9.94668018279404e-06
"1176",59.250000000037,1.43973141172296e-07,2.23504154345044e-07,8.29355236711139e-06,9.80820013166165e-06
"1177",59.2999999999752,1.41928057949583e-07,2.20346589824834e-07,8.18166351902201e-06,9.67161307379114e-06
"1178",59.3500000000238,1.39911698090259e-07,2.17233108405801e-07,8.07124712278971e-06,9.53689373249004e-06
"1179",59.3999999999758,1.37923663405406e-07,2.14163103039797e-07,7.962284412128e-06,9.40401715932624e-06
"1180",59.4500000000277,1.35963561126633e-07,2.11135974879706e-07,7.85475684892556e-06,9.27295872779645e-06
"1181",59.4999999999656,1.34031003865528e-07,2.08151133220054e-07,7.74864612239502e-06,9.14369415436582e-06
"1182",59.5500000000114,1.32125609508581e-07,2.05207995337914e-07,7.64393414465866e-06,9.0161993778997e-06
"1183",59.6000000000411,1.30247001176545e-07,2.02305986433264e-07,7.54060304985319e-06,8.89045078658046e-06
"1184",59.6500000000125,1.28394807137695e-07,1.99444539498104e-07,7.4386351906262e-06,8.76642498413252e-06
"1185",59.7000000000351,1.26568660736394e-07,1.96623095209139e-07,7.33801313558381e-06,8.64409890024761e-06
"1186",59.7500000000418,1.24768200336975e-07,1.9384110184408e-07,7.23871966736708e-06,8.5234497647422e-06
"1187",59.7999999999819,1.22993069249153e-07,1.91098015169367e-07,7.14073777983653e-06,8.40445510334182e-06
"1188",59.8499999999698,1.21242915656467e-07,1.88393298332493e-07,7.04405067534632e-06,8.28709273365155e-06
"1189",59.9000000000235,1.19517392560036e-07,1.85726421777974e-07,6.94864176284244e-06,8.17134076213826e-06
"1190",59.9499999999904,1.17816157716142e-07,1.83096863153704e-07,6.85449465559925e-06,8.05717758068367e-06
"1191",60.0000000000461,1.16138873555328e-07,1.80504107188702e-07,6.76159316791113e-06,7.94458186188264e-06
