type1,type2,DV1,DV2,MD,MDc,PET,TTC,X15_mins
vru,RB,0.804270886977948,0.0428944473054906,7.22012643442313,7.40577470626786,4.334,4.74778095758255,0
RB,vru,0.0669135920229452,1.25462985043022,2.55766428770547,8.39089994582162,3.06700000000001,8.40785949363342,0
TR,vru,0.310014041346862,5.81276327525367,6.80896754771707,8.47384706138627,3.8,3.2069763307416,1
vru,BT,10.7209312233097,0.57178299857652,1.94380671351431,8.21643274290561,2,2.37428595680173,1
RB,vru,0.105193544056661,1.9723789510624,6.92442624017646,6.7664167233444,4.4,4.15902971255156,1
RB,vru,0.11848533706029,2.22160006988043,5.80564834790517,5.94764235993146,2.8,4.57851337118637,1
BR,vru,0.286247748664046,5.36714528745086,5.08715770831999,8.55303395379139,3.06700000000001,5.68984087213199,1
BR,vru,0.209069339892011,3.92005012297521,3.57201318960455,5.30711970565494,1.46600000000002,3.16993048733889,1
RB,vru,0.120684879607673,2.26284149264387,5.52471708514722,5.8549888985561,2.666,7.07933907731053,1
BR,vru,0.32072795235813,6.01364910671494,5.76345610740007,9.15474464129405,2.46600000000002,5.67061138461701,1
BR,vru,0.262808438992462,4.92765823110867,3.75112416069998,9.63785674992564,2.33300000000002,3.32840817599877,2
BR,vru,0.232598538326517,4.36122259362219,5.35430135003976,6.79724739164479,4.868,4.14269076224295,2
RT,vru,0.19398810032714,3.63727688113387,3.93377508896687,5.78811159932366,2.6,2.06543580101576,2
vru,BR,1.86254732153445,0.0993358571485038,6.18854487960589,8.490523400022,3.6,3.18906643516205,2
RB,vru,0.16283068379005,3.05307532106344,5.33517684457714,5.69380767687053,6.00100000000001,9.45299101387768,3
RB,vru,0.147143397076263,2.75893869517993,1.50050762905826,1.83921973207172,1.734,0.249346431820748,3
BR,vru,0.0756620866337024,1.41866412438192,5.55838278397926,6.36956759707473,7.20099999999999,4.3205976971596,3
TR,vru,0.251022998757659,4.70668122670611,3.9106567453301,7.49846233623018,2.26699999999998,3.14899443485083,3
vru,LR,3.26481387526025,0.174123406680547,6.47705475871226,7.07130062632138,4.53299999999999,6.55638431687857,3
vru,LR,4.3448771078742,0.231726779086624,5.12260678719527,5.48482027809224,2.93299999999999,3.37359208330039,3
LR,vru,0.286234410093469,5.36689518925254,5.82714402980812,6.69391400147562,2.33299999999999,5.52607108217002,3
vru,LR,3.25639263350812,0.1736742737871,5.49291535067276,8.31956641934839,3.06700000000001,6.65352946701197,3
BR,vru,0.217996759711777,4.08743924459582,4.60312647506094,6.60185054970628,2.734,5.16539245429074,3
TR,vru,0.133209434691717,2.49767690046969,3.55965546742567,3.68019942215528,3.267,7.28870627095243,3
RT,vru,0.121475381624514,2.27766340545963,5.05234542258096,7.54272007174952,8.40099999999999,3.95758457607423,3
vru,BR,3.67155291566007,0.195816155501871,5.92112532527119,8.93729309820138,6.06700000000001,4.89051874341875,3
BR,vru,0.198825681376004,3.72798152580008,5.60126008074707,8.32073737003095,4.06700000000001,5.78473932900239,3
vru,BR,3.79558382110525,0.202431137125613,6.07886109181839,7.10599952677315,8.068,5.86148247475601,3
RB,vru,0.0711543453262616,1.3341439748674,1.92941074444822,2.62356057246514,2.46599999999999,0.924096075685817,3
vru,BR,4.01790013301401,0.214288007094081,5.66525542608574,9.31372843594641,4.33400000000001,5.78403233588449,3
vru,BR,3.7215459821943,0.198482452383696,2.96640933589669,6.90184203479474,3.86800000000003,5.5695457187152,3
BR,vru,0.201001466955707,3.7687775054195,6.18786598087208,6.42184938785324,2.6,5.31265637715855,3
BR,vru,0.181862695172214,3.40992553447902,3.82750688391283,6.18154863200885,2.6,2.97550529928381,3
vru,BR,3.58790005719749,0.191354669717199,5.51282519919148,8.08637315003451,3.20099999999999,9.28088092712677,3
BR,vru,0.531294098830703,9.96176435307568,3.29568111131549,8.4518606560879,5.2,6.38252713933263,3
BR,vru,0.173203616628714,3.24756781178839,3.79606984734406,5.80557169656829,3,6.78076226756794,3
vru,BR,7.9635462304265,0.424722465622746,7.11296515231099,2.9397622734841,1.26666666666667,6.99517253737804,3
vru,BR,9.11162401569279,0.485953280836949,11.8091183907802,9.85473565016129,4.06733333333335,9.59976408045502,3
BR,vru,0.107729470420154,2.01992757037789,4.04569999602287,4.70664417984705,5.53466666666667,3.33015101118283,3
vru,BR,2.92353447914026,0.15592183888748,4.51610093066809,4.84280092805333,6,4.49873427545012,3
RT,vru,0.552161326877794,10.3530248789586,9.43782251420637,9.26740667102954,5.33366666666667,1.96352375948836,4
RT,vru,0.0677918587356496,1.27109735129343,4.23995966382561,4.22951802743631,1.93366666666666,2.56062147339633,4
RB,vru,0.0989962671052133,1.85618000822275,5.27134818075118,5.44904634930018,6.068,4.27921405459625,4
RB,vru,0.110119082753724,2.06473280163233,3.57850338695923,3.76308139261701,1.80100000000001,5.62418437670395,4
vru,RL,6.98135085015905,0.372338712008483,5.32690022368826,8.65016464278214,1.13400000000001,4.13396421826592,4
RB,vru,0.0945357547040538,1.77254540070101,1.82142052154048,5.55241437498772,2.6,0.446715725763158,4
TR,vru,0.369032806286871,6.91936511787882,2.12538262229851,4.4954720163618,0.665999999999985,0.972135090382843,4
vru,BR,5.85065893891346,0.312035143408718,1.19157233708455,2.90465305949602,2.66599999999999,6.08022449893911,4
vru,BR,3.11124128501254,0.165932868534002,4.27027589543022,5.18912468904743,6.93299999999999,4.10306914778624,4
RB,vru,0.137135354398714,2.57128789497589,3.80230297100167,3.90400845227129,1.666,3.41715220866061,4
vru,BR,4.95901013188652,0.264480540367281,6.14239279804042,7.87296438513486,2.467,2.42098397801146,4
RT,vru,0.300944576391214,5.64271080733526,2.98799861065857,6.73064464457023,1.8,3.03273024251033,4
RB,vru,0.0631654797798756,1.18435274587267,6.72457257548771,6.95638188088468,5.06699999999998,7.49569965176736,5
vru,BT,4.03809598081786,0.215365118976953,8.36575104314857,9.14891872719691,9.668,9.58985432989014,5
vru,LR,3.40893634468204,0.181809938383042,2.42176421067117,3.13442860511954,1.13400000000001,6.05974340419866,5
RB,vru,0.105484841540306,1.97784077888073,4.96966037780689,4.84579663166492,2.53400000000001,5.13238309797439,5
RB,vru,0.12308425854907,2.30782984779505,3.68949915996146,3.74952204636857,1.8,4.49431476023091,5
RB,vru,0.142111018500446,2.66458159688336,2.46159723541852,2.78378739891727,1.13299999999999,4.21858936551885,5
RT,vru,0.174941534482772,3.28015377155197,6.4158857818328,9.49416832595043,3.66699999999998,3.63988299027181,5
vru,BR,4.42151522713362,0.235814145447126,7.91505143952005,8.34595026060714,8,8.98367047259491,5
vru,BR,1.48443665082243,0.0791699547105296,4.76793637793981,6.60138923062724,8.46700000000001,4.07220122188651,5
BR,vru,0.166727815241332,3.12614653577497,5.98199725630525,7.28499651170945,3.6,6.23564621270867,5
vru,BR,2.24962458423756,0.119979977826003,5.24017134119617,7.60938437274438,4.53500000000001,4.896061867623,5
BR,vru,0.181076798867958,3.39518997877421,3.37463214726736,4.87383255257376,2.267,8.68552477056071,6
RT,vru,0.163974943565178,3.07453019184709,6.09483221008303,6.80899546445188,3.2,7.30826605046914,6
vru,BR,4.12267825454525,0.219876173575747,2.99273069272155,7.06360814297919,1.733,3.3697809830956,6
vru,BT,10.2454261817788,0.546422729694868,2.20312893991179,4.12710548092628,1.333,3.47858202032848,6
vru,BR,3.53234691132518,0.188391835270676,2.58214173764267,6.10113712176078,3.00000000000001,3.0158159878464,6
BR,vru,0.112997868167901,2.11871002814815,1.91451907212942,2.16111129953189,1.33500000000001,0.426140579645844,6
vru,BR,5.45483956581743,0.290924776843596,1.73851969034234,4.7172774327704,1.333,1.64766498602415,6
vru,TB,5.38242260599907,0.287062538986617,2.50613762058695,3.04940725776876,1.467,1.03899785604996,6
vru,RT,0.722650874927761,0.0385413799961473,3.37236259514957,8.35742624176283,2.134,0.642925019305607,6
RT,vru,0.144992029389745,2.71860055105773,4.46490596161423,6.13371846973664,3.66700000000001,2.96511735887406,6
LR,vru,0.31011589927596,5.81467311142425,6.03810744327328,7.9616925280386,2.66700000000001,5.01700631061998,6
RT,vru,0.103422017077584,1.9391628202047,4.73234202601167,9.38241899402735,3.73299999999999,0.454643296593316,6
RB,vru,0.0945631748092118,1.77305952767272,2.55540645886328,4.6877655259763,1.334,2.08221819999196,7
BR,vru,0.198992533603035,3.73111000505691,6.68364220840543,7.50844917821702,2.53299999999999,6.78198443788612,7
vru,RB,1.63885321242263,0.0874055046625405,2.34015998521873,6.92652271541327,2.80100000000002,0.448510168278429,7
BR,vru,0.14410376340069,2.70194556376294,4.68624416643068,5.72566153013042,9.00099999999999,9.14289429139834,7
vru,BT,8.40397128156663,0.448211801683554,1.86154028579531,2.72000360636782,1.06666666666667,2.55403233908392,7
TR,vru,0.149525265336586,2.80359872506099,2.27665455369973,2.7400645430812,2.934,3.50019094685492,7
TR,vru,0.155087849757244,2.90789718294832,2.64645249205067,3.15200455432245,3.133,4.57762598912799,7
vru,BT,18.8536401526356,1.00552747480723,4.05356675015477,6.09462958883344,0.666666666666667,1.92152542536112,7
vru,TB,19.7164181164864,1.05154229954594,3.17314342008268,5.50221625375809,0.400333333333341,3.15339259371657,7
BR,vru,0.213457259684946,4.00232361909274,5.46805938538803,6.5421336330703,3.6,7.86189220913865,7
vru,BR,2.69466284545194,0.143715351757437,2.94047093134398,5.85587751521868,3.6,6.05448546353906,8
BR,vru,0.100746572982968,1.88899824343065,6.75555106930228,8.86854017784132,8.8,7.51872884444954,8
vru,BR,2.25732966921063,0.120390915691234,6.8632755098898,6.86581290145066,3.46700000000001,5.10917512704395,8
BR,vru,0.206953929426085,3.88038617673909,3.63944898191785,5.70910204474871,1.2,0.472041175393929,8
vru,BR,5.20025315354347,0.277346834855652,7.51697071695753,8.41106294487917,8.733,4.86840742536434,8
BR,vru,0.183100327427374,3.43313113926326,2.44067117239685,2.87579749363217,0.8,0.336333787021746,8
RB,vru,0.0993540452411372,1.86288834827132,4.92893716251585,5.26593606403669,2.86700000000001,3.01043619283801,8
RB,vru,0.221169117996029,4.14692096242554,3.46970181428163,3.79854618130547,9.339,5.10807662234689,8
BR,vru,0.180887313120404,3.39163712100757,6.01919605231525,6.62039396198597,3.66599999999999,9.34901208171153,8
BR,vru,0.175161962302033,3.28428679316312,8.56253624598224,9.66114183942819,8.068,9.47109079675455,8
vru,BR,1.56803605924174,0.0836285898262262,6.84845204757927,8.42379246713059,9.46700000000001,6.66962635329332,8
vru,RT,4.08908304467606,0.21808442904939,1.57814278670286,2.18358332959318,0.932999999999993,0.0129148694853633,8
vru,BR,3.34141457941075,0.178208777568573,5.13398576920538,5.60752469156907,8.26700000000001,9.75699148900513,8
vru,BR,2.43863131513245,0.130060336807064,5.517661625988,6.45758120549197,6.801,6.8612505410808,9
vru,BR,1.21359266658661,0.0647249422179527,3.94043496065066,6.03755456289871,7.2,6.24328041335363,9
vru,BT,16.1169383382173,0.85957004470492,5.33485232830126,7.63126109903617,0.667000000000007,1.90642817091511,9
vru,BR,3.098177903838,0.16523615487136,4.79056479696635,7.46070494924362,7.934,7.67726330627831,9
vru,TB,5.56500195903747,0.296800104481999,5.71242490287418,7.95359037248722,1.4,2.06649836776383,9
BR,vru,0.181158210277622,3.39671644270541,6.53871120648004,8.2776315846122,6.53399999999998,4.73915798487742,9
BL,vru,0.212438220508646,3.98321663453712,6.23423892246506,8.35876719690104,2.668,5.87130484326949,9
RB,vru,0.0801005229550154,1.50188480540654,6.55669639693763,6.76065424510764,3.867,5.2407039525789,9
TB,vru,0.204547383517882,3.8352634409603,4.72290245563999,5.74746481285842,2.93299999999999,4.20259601698255,9
RL,vru,0.651112338524063,12.2083563473262,3.06293479096521,6.78698427512755,1.2,4.30178032457316,10
RB,vru,0.149788892093908,2.80854172676077,1.96881607348505,2.60830360330562,0.800999999999991,0.0404848741827104,10
vru,BR,2.65352583993275,0.141521378129747,5.91593342932489,7.93921936898672,4.26700000000001,4.1010345221684,10
BR,vru,0.207844575960466,3.89708579925873,4.97910327325776,6.39783880246887,2.86699999999999,3.47433135100115,10
RB,vru,0.126902354529145,2.37941914742146,4.68287471826636,5.18931873848268,2.66699999999998,9.78121035804771,10
TR,vru,0.275074592730225,5.15764861369172,7.31190683607809,7.67615742671019,7.13399999999998,4.34020169797288,10
TR,vru,0.222122241391195,4.16479202608491,5.54592298447803,6.48187867929172,2.93400000000001,7.63207317534245,10
vru,BR,2.57719567701336,1.03087827080534,5.59670007930778,9.90179832014286,7.53500000000001,6.88550535669692,10
BR,vru,0.978601540908043,2.44650385227011,3.87306016060671,9.15448473382209,5,7.211298651675,10
vru,BT,9.90489461525486,0.528261046146926,5.4726593297736,9.02885744468921,9.86700000000001,5.48359812756097,10
vru,BT,8.8683841779406,0.472980489490165,4.35037692429743,6.38782770965455,7.60099999999999,4.27337598825116,10
vru,RT,1.35482116129088,0.0722571286021805,3.10853802798805,4.81560804916655,4.66599999999999,2.62903864811874,10
vru,BR,0.92614313610469,0.0493943005922501,6.71736758047424,7.56318502224811,6.4,5.95703581027683,10
BR,vru,0.0946119258226412,1.77397360917452,3.92175328119083,7.62118421523942,7.2,8.38467779175599,10
BR,vru,0.216943030104655,4.06768181446228,2.99224809389008,3.93935513310124,1.53299999999999,8.80170362565578,10
vru,BR,2.35434504885259,0.125565069272138,3.37134412689947,3.61908944098236,3.00099999999999,4.25683716494347,10
BR,vru,0.174447331514843,3.2708874659033,5.6480543256528,9.00768527333107,7.468,7.59247533690218,10
vru,LR,2.05839878790003,0.109781268688001,4.74905590664752,9.08426384392838,9.535,4.46095694868819,11
LR,vru,0.170181077071636,3.19089519509317,5.07211193329487,8.36408694690574,8.934,4.35595431319351,11
LR,vru,0.242911781003006,4.55459589380637,3.42248745324025,6.48484658564304,4.068,7.98759735896746,11
vru,LR,6.82215993127846,0.363848529668185,7.90293837271148,9.48295288544439,3.86699999999999,5.44319438596673,11
BR,vru,0.14692876366819,2.75491431877856,3.57973886941455,4.43704800556601,6,9.82192983419843,11
vru,BR,0.688032978266841,0.0366950921742315,6.25536597123748,9.61309493821042,6,9.5695971765234,11
vru,BR,1.39232339804899,0.074257247895946,3.92805378671937,4.95322659654197,8.13500000000001,5.65505063685189,11
RB,vru,0.152012190373528,2.85022856950366,6.78200734453636,7.28815207363917,5.93500000000001,9.60880302554625,11
RT,vru,0.194989272424933,3.65604885796749,3.58452627456883,4.62581853014642,2.06700000000001,2.4864012463835,11
BR,vru,0.16386810889385,3.07252704175968,7.39847051607528,8.44269526965238,9.467,4.97639930730719,11
BR,vru,0.112017476810686,2.10032769020036,4.81704667752494,7.81073234422156,7.067,7.18017124013591,11
TR,vru,0.288513799193784,5.40963373488344,2.11742621647245,4.43431757697256,0.6,3.11150763641256,11
vru,BR,1.60636884588774,0.085673005114013,7.59409607380851,9.018689793518,9.4,4.38024817353507,11
vru,BR,1.49487131508747,0.0797264701379982,4.85157048004741,7.64840084847604,7.4,3.99228339744534,11
vru,BR,1.23270336806625,0.0657441796302002,5.09535026026098,7.7599233539509,8.33400000000001,3.91395256873674,11
vru,TB,7.24726457709991,0.386520777445328,1.5432973561925,2.18065534742605,0.8,0.0282441208754567,11
RT,vru,0.225617778209488,4.2303333414279,3.66854051682029,8.36248699103773,3.2,3.67745892712666,11
vru,BR,1.81528511689994,0.0968152062346636,3.98671743983857,4.76093718500335,3.33299999999999,6.28729194444474,11
RB,vru,0.217454717081755,4.0772759452829,4.82101028206167,7.32079009074365,2,6.37343316176374,11
vru,BR,2.78485089506744,0.148525381070264,3.04305616281168,3.62036955088276,1.534,2.24447311982851,12
vru,BR,3.88270216933524,0.207077449031213,4.48427798862275,6.07922473709486,2.401,4.19984309125882,12
vru,BR,3.1158453663075,0.1661784195364,1.70570980627967,1.99886275229235,1.2,0.0130082872545082,12
vru,RL,27.1132876873729,1.44604200999322,2.58653023404459,4.82738923094918,2.46700000000001,2.31839145918142,12
RL,vru,1.44635676477876,27.1191893396017,4.56238408159916,6.91297719754516,4,4.10938303495772,12
RL,vru,0.319913621701211,5.9983804068977,2.54098119662325,6.19101782908831,2,7.67609674933806,12
vru,BR,8.97250514709958,0.478533607845311,7.68817124888892,9.38793708299025,1.86700000000001,9.84257507442237,12
vru,BR,3.06518971199833,0.163476784639911,6.40417547220274,8.40247390181907,6.067,6.80130295568464,12
vru,TB,9.77449083314884,0.521306177767938,4.63871963052093,5.85056891911136,0.532666666666682,6.27566107000768,12
vru,BR,2.63655612374249,0.140616326599599,4.54525414106639,5.34880034622547,8,3.66034102668303,13
vru,BR,3.02622942663084,0.161398902753645,4.27063672970888,7.48683106851271,9.20099999999999,6.35294587672763,13
RB,vru,0.157857352071274,2.95982535133639,2.90764508695023,3.77065309165596,2.13399999999998,0.564317280179207,13
BR,vru,0.131920723551467,2.47351356659,2.62941615849008,3.18023860896056,2.33299999999999,4.14008503324006,13
vru,RB,13.9163772900451,0.742206788802407,3.88834062666909,6.71339529263344,0.6,4.87386080868135,13
BR,vru,0.311228035532479,5.83552566623398,5.22850508106614,6.98408770431526,2.33500000000001,3.53171205145285,14
RB,vru,0.0722515895893484,1.35471730480028,4.09450894809326,5.17679053532686,2.33300000000002,0.774143679303876,14
vru,BR,4.86641193681421,0.259541969963425,2.66111775988171,7.82377191572463,3.66700000000001,3.82665567508221,14
vru,LR,10.8681676482343,0.579635607905828,6.97674062356952,3.15546248008094,1.8,4.38749991080892,14
BR,vru,0.441016700286269,8.26906313036755,4.51004809139537,5.28890064479848,2.46599999999999,1.19768977549523,14
RT,vru,0.159198791393597,2.98497733862994,5.24681898812716,8.66615049314004,5.73299999999999,3.62690076584498,15
vru,TB,7.34341022103958,0.391648545122111,3.66468096535076,4.34296052872677,4.06700000000001,4.32219932720971,15
vru,BR,2.37786538885768,0.126819487405743,8.40445878717894,9.11763693364285,5.06700000000001,3.45715836293981,15
BR,vru,0.292661785788608,5.4874084835364,3.34309981436667,9.99958489955173,3.066,7.14226936686169,15
RB,vru,0.0299274427260069,0.56113955111263,8.64653020800002,9.17516167473865,9.00100000000002,7.70346323507798,15
BR,vru,0.20529654965536,3.849310306038,6.03956684454281,6.60922734921615,2.53299999999999,9.34659283672926,15
BR,vru,0.215426842951802,4.03925330534629,3.9381974673027,6.70892979536474,2.8,7.01805955152745,15
BR,vru,0.226896059742546,4.25430112017273,3.93909958167446,4.41175632891277,3.80066666666667,5.38168460285028,15
vru,TB,8.46195055360925,0.451304029525827,1.82114514571558,2.46549342398186,2.40099999999999,0.681425951685627,15
BR,vru,0.0885896332228319,1.6610556229281,3.91279721756913,5.65959347851113,4,5.47330455148078,16
vru,BR,4.61083732926357,0.245911324227391,4.22381011313289,5.55200022344011,3.733,5.72616221959248,16
vru,BR,4.11872777454302,0.219665481308961,5.86704276733468,7.68984757196285,6.8,4.7343910086196,16
vru,BR,2.40462598538832,0.12824671922071,3.30956722990824,4.78841993112106,8.2,5.53852723689991,16
TB,vru,0.155208298888669,2.91015560416255,4.01169952934478,4.70283043177905,2.13299999999999,0.763735268459946,16
BR,vru,0.241608033574836,4.53015062952817,3.55625202453792,7.72110485790978,2.93399999999998,4.61031514562647,16
vru,BR,2.93243660803787,0.156396619095353,3.18617840594666,7.67456188561421,4.934,3.59451679080036,16
RT,vru,0.0546304040311054,1.02432007558323,6.42928024383962,6.99926595553952,2.80100000000002,3.24198544796425,16
RB,vru,0.0923108074952746,1.7308276405364,4.82955471454104,4.916742518195,9,4.00767290013563,16
vru,BR,4.27935480035824,0.228232256019106,5.02194110407806,7.77875363146075,2.4,3.40303031357452,16
RT,vru,0.118513190168518,2.22212231565971,6.31966844083413,8.19136250413198,5,4.10460301705215,17
vru,RB,2.11011278419059,0.112539348490165,3.56513247118109,3.47243406571594,1.40099999999999,2.75178059776088,17
RB,vru,0.128961919993414,2.41803599987652,7.0586203960114,7.70483404895777,6.13399999999998,7.05054978909319,17
RB,vru,0.143261957585658,2.68616170473109,4.28051879852809,4.92513459005044,3.53299999999999,6.67744464274909,17
vru,TB,5.31319359947142,0.283370325305143,4.89758639054832,5.75447267074857,7.73499999999998,4.23635430232775,17
vru,TB,9.33701731317141,0.497974256702475,4.43552305497379,5.10551206370114,6.8,4.16948746337711,17
vru,TB,8.77644504243021,0.468077068929611,3.93409907639053,4.51042589768448,4.53399999999995,5.38902942700657,17
vru,BR,1.58487414969607,0.0845266213171236,3.93668292831487,5.35893814846645,6.667,9.02397185056491,18
RB,vru,0.183675068373644,3.44390753200583,7.38144587096245,8.51030299715378,1.86700000000001,9.13500349901946,18
vru,RB,4.17989840798801,0.222927915092694,8.35540477295747,9.164097256295,4.00099999999999,7.12216674667108,18
vru,RB,1.51316117965832,0.0807019295817773,8.94498407964442,9.19696942730062,3.2,5.4889561537467,18
RB,vru,0.422298769117093,7.91810192094549,4.86219313301511,6.2654406530332,1.6,2.6900908799724,19
RB,vru,0.2184085076035,4.09515951756562,3.36040996912129,3.52802586393828,1.468,0.295844202862426,20
RB,vru,0.126118162073508,2.36471553887828,5.37923392393893,6.10257242628363,3.46699999999999,6.0223521507291,20
RT,vru,0.163942361196537,3.07391927243508,5.25897961087836,6.28759628700816,3.6,4.00352834545303,20
vru,BR,2.59957484939249,0.138643991967599,6.99772978695213,8.56212628008626,2.734,6.11400729030758,20
vru,RB,5.65126656080923,0.301400883243159,5.18943876999342,6.18674208512821,0.932999999999993,0.689616761030768,20
TR,vru,0.345490270536985,6.47794257256847,5.02018608716704,9.11779724493932,2.4,3.44164404758051,22
BR,vru,0.214167665787668,4.01564373351877,4.35473113681819,6.27640237674565,3.40099999999999,8.7627800657536,22
vru,RB,1.95455226686285,0.104242787566019,4.68063515134729,9.0103892245494,2.80099999999999,0.732878273482347,22
RB,vru,0.1704476593723,3.19589361323062,5.08015479975552,5.46872191569776,4.53399999999998,7.14107853839017,23
vru,BR,3.31335938840486,0.176712500714926,1.99777722141588,3.55976072438767,1.66700000000001,3.30590277909879,23
BR,vru,0.336349194437067,6.30654739569501,1.70577178548288,4.46279895096664,1.46700000000001,4.14200803698369,23
vru,BR,1.01166783887615,0.0539556180733944,5.46699169426123,7.87202694136989,7.8,2.58216648345673,24
vru,BR,NaN,NaN,7.64259807702973,9.16342506634271,7.8,3.57935066749533,24
BR,vru,0.550725709567415,10.326107054389,5.13718882399132,9.21090612569,3.26700000000001,5.18501361830897,24
RB,vru,0.172856271803202,3.24105509631003,3.41481802035223,4.45458401447494,1.2,9.98553048828822,25
RB,vru,0.161948717554347,3.03653845414401,5.57027271950935,6.59732946175172,2,8.84039549167615,25
RB,vru,0.235225980821744,4.4104871404077,2.27991873254153,2.8426933052998,1.53300000000001,0.507950544606305,25
vru,BR,4.1313091180685,0.220336486296987,3.88378713736492,8.40812371429464,3.93399999999998,7.02760951475575,26
RB,vru,0.0664961047157599,1.2468019634205,2.5378217924361,3.41542907085261,3,0.937233158272087,26
RB,vru,0.197281270361996,3.69902381928742,2.15511395352086,2.62895825182697,2.734,5.32826693274454,26
vru,RB,2.87031505550795,0.153083469627091,4.57575032720153,6.44746314531544,1.86599999999999,4.02860975267986,27
vru,BL,4.45142226824727,0.237409187639855,1.63785352273512,1.96391007307192,1.4,2.08143996628752,27
RB,vru,0.150382033177271,2.81966312207384,3.45428021903184,3.47828409450605,4.4,5.99287615725398,27
vru,RB,6.41355463193642,0.342056247036609,3.49741494383594,6.2642526403135,1.066,4.19851097175935,27
RB,vru,0.185164609059322,3.47183641986228,3.58158002760316,7.75515177996536,1.4,7.17650987390667,27
vru,BR,4.01558054563968,0.214164295767449,2.9954179015217,7.33986148330874,3.2,3.15886715741438,28
LR,vru,0.227842751539617,4.27205159136781,7.92568014523936,9.9842451435026,3.6,5.92427397536887,28
vru,BR,4.33283946840155,0.231084771648082,4.58270354406253,5.42031453458783,3.134,6.53190313729482,29
RB,vru,0.108734827145658,2.03877800898109,4.61162286286894,4.87824163963396,1.4,2.13403819052428,30
vru,BR,4.58164374817441,0.244354333235969,4.3065266961504,5.09653950496371,9.46800000000003,7.0711067753366,31
vru,BR,4.5885915934582,0.244724884984438,6.55833735307219,7.6036527651019,9.53400000000001,4.96318237515954,31
vru,BR,3.01449817289975,0.160773235887987,4.30969237546905,6.76726053289375,2.534,6.68822713356675,32
BR,vru,0.310161641670355,5.81553078131916,4.60967238676438,6.89867942465356,1.267,6.47425604214513,32
vru,BR,3.81373280963568,0.20339908318057,3.51581968639111,3.99932703711879,4.46700000000001,7.95304229319423,32
vru,BR,3.24359640897256,0.172991808478537,7.03007064368142,9.85543178884554,3.73400000000001,4.35843031447801,32
vru,LR,4.14308570489551,0.22096457092776,4.67643869185126,5.37883544909228,1.26699999999998,6.78759297962808,33
RB,vru,0.130053057664317,2.43849483120594,3.78728601568867,4.02916715128422,1.53300000000002,1.92308663591903,33
TR,vru,0.375056424769447,7.03230796442713,4.23451209911084,7.88565047924784,2.26700000000001,3.27849993256746,33
RB,vru,0.180812573142923,3.39023574642981,4.07556807617734,5.08339365148188,1.2,4.83685934577666,36
vru,BR,7.41141892657516,0.395275676084009,7.03983511450822,9.57543763786756,5.2,3.79087849110056,37
vru,BR,6.81357808934552,0.363390831431761,4.92438962183089,6.29362847434695,2.93299999999999,3.88442395273504,37
vru,TR,4.90000845107074,0.261333784057106,5.66749147933503,7.45389756734816,2.6,1.8249913108111,37
vru,BR,1.32907838632448,0.0708841806039723,6.99952860597177,9.41880139264279,6.06699999999999,3.58178846142413,38
vru,TR,4.29119944120724,0.228863970197719,5.07676159707356,7.84419564386372,3.93300000000001,3.64919276012232,38
LR,vru,0.199285331408355,3.73659996390665,5.80872129426346,5.95622208049956,3.26599999999999,2.31683680956521,38
vru,BR,8.26305370344105,0.440696197516856,3.44258396099034,9.31645520353566,1.66700000000001,7.07972106289439,39
vru,TB,5.66377774926837,0.302068146627646,2.38548432932726,3.13126747729232,6.20099999999999,3.66019724386493,41
vru,TR,4.43821200553817,0.236704640295369,8.3498361293067,9.93145669763454,4.26700000000001,9.29156388273386,71
RT,vru,0.277572880091597,5.20449150171744,1.76718051079843,5.54048203726415,1.33466666666667,4.85235938251523,74
vru,BR,7.39380543192658,0.394336289702751,3.6362045768914,4.78349916809606,9.6,2.13670797999395,74
RB,vru,0.0753872132258172,1.41351024798407,3.07414519559581,5.8479997300732,2.934,3.44984733725184,75
vru,RT,1.0750762086497,0.0573373977946505,4.67869057267905,9.19000387205681,6.666,4.50450331988476,76
vru,BR,1.39351628319599,0.0743208684371193,8.13357726591186,8.86142028181062,4.93299999999999,3.87403407157252,76
vru,LR,5.02535231890708,0.268018790341711,4.69598687374202,5.19703909379103,2.53500000000001,4.6869428081957,76
RT,vru,0.124913183285917,2.34212218661094,4.7170677621381,7.04210988791966,5.8,3.40412230206253,76
BR,vru,0.161485031025667,3.02784433173126,6.31115346289545,8.7314201938352,4.33399999999998,4.25905521400329,77
RT,vru,0.119094212531001,2.23301648495627,5.84874146361515,6.14629278127771,9.401,6.2872700578661,77
vru,RB,2.95480086021352,0.157589379211388,5.47981899929709,5.98645623195072,8.13500000000001,7.61650180742586,77
RB,vru,0.163777926746926,3.07083612650486,6.356949395111,9.1106089140511,2.40099999999999,4.38582365886379,78
vru,TB,5.82463017285362,0.310646942552193,3.76162804160288,4.18111558270657,9.20099999999999,5.75691611686249,78
BR,vru,0.217491259802899,4.07796112130436,7.42258579112847,7.82758716113778,3.2,8.78590164108261,78
BR,vru,0.0712787938609332,1.3364773848925,1.08025798861315,6.84348642777226,4.00099999999999,6.16230714941462,79
vru,BR,3.49423658660765,0.186359284619075,4.0370095299603,4.16483373757948,4.00100000000002,3.08569048128193,80
vru,TB,12.2949489868737,0.655730612633266,5.90760283361178,7.21301760145158,2.8,3.20056463431797,81
BR,vru,0.185206148498337,3.47261528434381,5.61071491434441,9.57538826607299,3.466,5.96484141785578,82
vru,RB,4.22878940808112,0.22553543509766,4.5750200899246,6.46682981464834,6.33400000000001,6.81368655852898,82
BR,vru,0.0530758938716648,0.995173010093714,9.07855640543251,9.26082075645252,4.06699999999998,8.71186308372733,82
RB,vru,0.0989920097781278,1.8561001833399,7.25315144384851,7.89536064946231,3.33299999999999,5.1569104067461,82
RB,vru,0.204956230764913,3.84292932684212,1.75706495009095,5.5809252717805,1.93399999999998,0.0865702980954644,82
RB,vru,0.198623899102988,3.72419810818102,4.49559523459384,4.64993983914213,3.06600000000002,3.4656738397175,82
vru,BR,3.7088104205405,0.197803222428827,5.04399621613053,8.26643263273041,4.2,4.82074686855236,82
BR,vru,0.149971428333366,2.81196428125061,5.30052096989244,8.43168935750722,3.40099999999999,7.18692521318055,82
TR,vru,0.202206024589873,3.79136296106011,8.0845496110429,8.62244588998722,5.33299999999999,7.07765795932668,82
BR,vru,0.105284768634407,1.97408941189513,5.77646114076251,6.03953067928769,3.06700000000001,2.53403855396223,82
vru,TR,4.88360963345647,0.260459180451012,1.92501171658602,2.87043857180653,1,0.956876446995211,83
vru,BR,3.66807106944284,0.195630457036952,3.74141478209853,4.5709374713529,7.80100000000002,3.22185144665071,83
BR,vru,0.167854691453306,3.14727546474948,5.12214851749998,8.47605670481588,4.2,3.93013141341866,83
TR,vru,0.202193555887942,3.79112917289891,3.11957619089785,4.97774391086947,2.8,3.39596723138454,83
RB,vru,0.137402578130767,2.57629833995188,1.89301352650892,1.83102776779014,1.86600000000002,0.252397999639653,83
LR,vru,0.186590225940603,3.49856673638631,8.15247380096935,8.43477674581646,4.6,3.94548956132729,83
vru,LR,5.30255147764674,0.282802745474493,4.00436897976611,6.06769598501272,1.4,5.82833888535661,83
RT,vru,0.137337463869834,2.57507744755938,1.33380698964337,2.09842183280982,3.20099999999999,1.6880739846516,83
RB,vru,0.188815011441043,3.54028146451956,2.29027334137885,2.68835585967999,2.33299999999999,4.67772138101338,84
vru,RB,0.0499450241773978,0.374587681330484,3.79719176047021,9.04362959817992,1.133,8.06973027092566,84
RB,vru,0.0816727473050357,1.53136401196942,2.94284070593084,3.12925495129672,2.467,0.81559044153118,85
RT,vru,0.0968950420956765,1.81678203929393,5.10769317065995,6.66538556656825,5.86700000000001,5.59521572385593,85
BR,vru,0.233567079155734,4.37938273417001,5.76315026560323,7.8009859131244,2.66600000000002,3.14660143472211,86
RT,vru,0.17099158089467,3.20609214177506,7.13836299393788,6.35430857238693,3.13400000000001,7.83216874866831,86
RT,vru,0.0769959289174262,1.44367366720174,2.71878544250613,3.4040757562578,6.53299999999999,8.2102820408404,86
LR,vru,0.183615245229436,3.44278584805193,5.3303991637395,5.7032385383907,4.26700000000001,4.21933519976935,86
LR,vru,0.187110261445233,3.50831740209811,4.79862561259277,5.05560040464542,3.20100000000002,4.28674856908318,86
RT,vru,0.112703747784797,2.11319527096495,4.05220470775549,9.30564049504346,1.66700000000001,4.71877413138889,86
RB,vru,0.185033821160443,3.46938414675831,3.74969510452026,5.86113756476113,3.20100000000001,8.00075396009718,87
RB,vru,0.114294972220058,2.1430307291261,3.57139562074098,7.34910057136907,4.13500000000001,8.56023843108177,87
BR,vru,0.206045576382299,3.8633545571681,4.38165310033966,5.01338792078497,6.6,5.57615036947621,87
vru,BR,4.19489543100733,0.223727756320391,6.90890931872776,9.49108891170408,9.534,6.50101416900528,87
RB,vru,0.112355875689485,2.10667266917784,1.07557896618907,1.59367457291379,3.868,1.5053685034782,87
vru,BR,3.78313025488896,0.201766946927411,5.12304549859747,6.22903475442727,3.46700000000001,2.88998256996659,87
vru,RL,6.85011252568568,0.365339334703237,4.04482571811251,5.08086118194309,1.33399999999998,4.35346871577896,87
vru,RB,2.77385305584571,0.147938829645105,1.78094362433625,2.07795445369765,3.93299999999999,4.16096074006619,88
RB,vru,0.0647226348748732,1.21354940390387,3.84488182749561,6.37722828778405,3.8,7.96190054511962,88
RB,vru,0.0837398018299486,1.57012128431154,4.59765620292687,4.54638044181412,4.66700000000001,4.85480312862305,88
RB,vru,0.064091621541455,1.20171790390228,5.48818188706279,5.81627235799787,8.00100000000002,5.688226969022,88
RB,vru,0.0872429504762187,1.6358053214291,4.50440793287173,4.58020181036444,5.33499999999998,4.75342077494277,88
RB,vru,0.228854937431819,4.29103007684661,2.04949903948871,2.53494938822363,1.4,2.43049676578509,88
TB,vru,0.0700390503890873,1.31323219479539,2.11024191335241,3.00666315655815,2.4,0.739787304723234,88
BR,vru,0.315588590655429,5.91728607478929,5.36980631244663,9.02665499627479,2.53299999999999,6.34346089924816,88
BR,vru,0.180663457713666,3.38743983213123,6.46586790306987,7.0918118376866,5.46599999999999,7.95269384115481,88
TR,vru,0.258402903864933,4.84505444746749,1.45624112731736,2.08477163109892,1.80200000000001,1.39944359215773,88
BR,vru,0.148525513519592,2.78485337849236,5.94431371748748,8.65282022768061,6.93699999999999,6.26460362398866,88
BR,vru,0.150410796303238,2.82020243068572,6.51452421662824,9.73707479915569,4.868,4.33409291584726,89
RT,vru,0.126047168885941,2.3633844166114,3.41569180360375,4.51615254439811,7.53299999999999,4.97366420183757,89
LR,vru,0.146407047537461,2.74513214132739,6.86147066282916,8.18062752117897,7.33299999999999,8.87351185178641,89
RB,vru,0.122805943037423,2.30261143195168,2.21228489109358,3.47116804683206,2.001,2.02732794881054,89
vru,LR,7.14362503554246,0.380993335228931,5.37802250349262,7.41263540223624,1.867,6.0695228663673,89
TR,vru,0.306207312763113,5.74138711430837,5.27793697868744,7.88863299263442,2,7.88118259255233,89
RT,vru,0.24218213714259,4.54091507142356,4.48954071701999,3.90845767827135,2.66833333333337,1.30592976941195,89
vru,BR,3.38822216719303,0.180705182250295,6.12552596517642,8.6179842281018,5.53299999999999,4.6252910659145,89
RB,vru,0.0690981685074717,1.29559065951509,1.57535880927672,1.97201824489491,2.26700000000001,0.0424858776608403,89
RB,vru,0.175127666060399,3.28364373863249,1.88794459227088,3.00731202812996,4.13299999999999,1.51741824746769,89
BR,vru,0.199177699468236,3.73458186502942,5.71472013297178,9.90076350031707,7.66600000000002,4.63746413033031,89
vru,BR,6.24060326217719,0.332832173982784,8.41821721782355,6.55771352637773,8.2,8.82867756898239,89
TR,vru,0.203979394841592,3.82461365327986,6.79249693605118,7.11326892556891,5.26600000000002,6.09798925265749,89
BR,vru,0.201510761516277,3.7783267784302,6.71807568443585,7.56690565938905,8.06600000000001,4.87117721865296,89
BR,vru,0.0923984000528014,1.73247000099003,6.10887211285145,7.35372842485017,8.86800000000001,4.3280373030024,90
BR,vru,0.186179079465258,3.49085773997359,6.54324680903001,7.58909346094469,7.60099999999999,8.2286533389762,90
vru,BT,7.57272734935062,0.403878791965366,4.03140127007647,4.85934297267019,1.53399999999998,3.73299430002954,90
vru,BR,3.63420105893301,0.193824056476427,3.14303750219755,3.86427178877958,0.933000000000023,0.619189267611966,90
vru,BR,4.4513289417363,0.237404210225936,4.78631729632533,9.2452632343832,3.46600000000002,4.25836152275161,90
RT,vru,0.0995854193055039,1.8672266119782,4.01286861716017,5.27521222110179,5,4.51512410844937,90
LR,vru,0.262534122095769,4.92251478929567,4.23947599380401,9.05414102438924,5.533,5.12532108000913,90
BR,vru,0.303315066525848,5.68715749735965,2.12924435327168,5.33423293223796,1.466,4.20726349138776,90
RB,vru,0.0466629535973732,0.874930379950748,3.36241256676728,6.56950912945387,5.466,4.73698484930742,90
BR,vru,0.13368952734053,2.50667863763493,1.93322471689242,5.17657328189916,3.00166666666667,4.98558504161566,90
RB,vru,0.227465188505733,4.2649722844825,5.31250017355161,7.03170740815691,2.26700000000001,0.698471478454041,90
vru,BR,4.04703005200676,0.215841602773694,5.08623882608475,5.40040274873965,5.33399999999998,5.47617500674676,90
vru,BR,2.18598684586999,0.116585965113066,4.36279667826577,6.62821267543274,7.00100000000002,6.25159314926303,90
RB,vru,0.14181396779259,2.65901189611106,4.91330673784012,5.32753030292134,6.267,6.95905598005701,91
RB,vru,0.138639266679184,2.5994862502347,2.199955814614,2.48531183195223,4.335,5.14401930751617,91
vru,BR,1.94017429715517,0.103475962514942,4.96899692227631,7.48472966999429,5.666,4.83724427969857,91
vru,BR,2.19863197288168,0.117260371887023,6.06972696904365,7.04719102771287,9.534,5.43748415717175,91
vru,BR,3.29383138255743,0.17567100706973,4.97120186555286,5.85660826776606,5.60099999999999,6.77356010239086,91
vru,BR,1.57808323956729,0.0841644394435889,5.44895199865332,7.52376823435106,4.53266666666667,3.08213102408765,91
RB,vru,0.165526225294414,3.10361672427026,8.38653329223722,9.09302576652372,1.86600000000002,8.58201519452099,91
vru,BR,3.10911876192395,0.165819667302611,4.62409644542168,6.42154427664868,8.8,6.78901319262319,91
vru,BR,2.92447228919245,0.155971855423597,4.74867285588515,5.41167630175428,4.73299999999999,7.74746413019374,91
vru,BR,14.9394440646248,0.796770350113321,2.1024273527205,6.038602759512,0.8,7.18597615015229,91
vru,BR,2.3098505019234,0.123192026769248,2.82219248352573,7.91774160021231,7,5.1855249173796,91
RT,vru,0.0792821166731796,1.48653968762212,5.22902507408347,5.69310631111105,4.26700000000001,3.65810814548951,91
vru,BR,4.37671011240965,0.233424539328514,2.29650671222998,3.02083313076381,2.46733333333332,6.19181584545931,92
vru,TR,2.27842452995076,0.121515974930707,9.62555362559966,9.75537721556218,7.66700000000001,6.4833228698026,92
RB,vru,0.219938653163368,4.12384974681315,5.82316229077809,7.24967876414505,1.6,7.50519254609679,92
RT,vru,0.129047991039588,2.41964983199228,3.81127400605057,5.01156266944247,7.466,5.22005262337715,92
vru,BR,3.95965424851346,0.211181559920718,2.2164831781254,2.66532833582829,1.4,3.83289239951343,92
BR,vru,0.191926917711701,3.5986297070944,3.2343258291451,7.64322705021985,3.26700000000001,7.17877663765489,92
vru,BR,5.24222827518503,0.279585508009868,2.39369463580312,9.01231521396694,2.467,5.44093260436784,92
RB,vru,0.128243498802136,2.40456560254005,7.16227268103953,8.0953601673314,6.6,8.81495329950033,92
RB,vru,0.195538021265092,3.66633789872047,4.17901243317849,4.77327825413856,2.733,6.06534965156414,93
vru,BR,3.12556061654411,0.166696566215686,5.55039220538031,7.47947093723401,2.534,3.1034475124237,93
vru,RB,1.97232397683291,0.105190612097755,2.90372828832063,3.74192920856069,1.534,0.456785943819869,93
vru,BR,5.45327139670381,0.290841141157536,1.71899908937513,4.44228355351437,3.86599999999999,5.78765951579336,93
vru,BR,1.5392459433441,0.0820931169783519,7.02463088089547,7.74337753050311,5.4,3.88312748047738,93
BR,vru,0.119372658733049,2.23823735124467,4.54668601579296,5.0437188415872,4.26699999999999,5.00195185609998,93
vru,BR,1.13556133756034,0.0605632713365516,7.65145921765838,7.62078122313116,5.26700000000001,6.02399521668265,93
BR,vru,0.115782147803644,2.17091527131832,6.6741336353862,7.78225909946384,5.86700000000001,7.40727585734478,93
BR,vru,0.124891091139351,2.34170795886283,4.58300136436288,6.65670048326657,8.13399999999998,4.60489511457237,93
RT,vru,0.15671551423852,2.93841589197225,4.57210441529205,6.26847618581366,8.268,4.28660944641118,93
TR,vru,0.169966841693404,3.18687828175133,7.60925208844265,9.24089350799389,3.66700000000001,6.90262785074597,93
vru,LR,3.88331532639906,0.207110150741283,3.51734069582889,4.13056742354531,1.53299999999999,6.29331589537533,93
vru,BR,1.81668736897304,0.0968899930118955,6.22178244320033,7.16339807277711,5.867,3.47260831289248,94
vru,BR,2.82072833871176,0.150438844731294,5.39141615054566,6.67547994697063,4.333,3.62030914684185,94
vru,RB,2.10695728632189,0.112371055270501,2.98843266728568,6.76793968453077,2.33300000000001,1.35009908568377,94
vru,BR,1.76642002532965,0.0942090680175814,7.31025335937867,9.32701932821241,7.4,4.7336574165651,94
vru,BR,4.74026970265074,0.252814384141373,3.39701896807342,7.20240358233188,3.73400000000001,7.74689939839398,94
vru,BR,1.41697683935797,0.0755720980990915,7.50192141523575,8.17867032029516,5.66700000000001,4.30505673550678,94
vru,BR,1.2943261941662,0.0690307303555306,7.466029252251,8.07127681949526,7.06599999999999,3.86055188283898,94
BR,vru,0.139922136500664,2.62354005938745,3.95462810195648,6.77788798863119,5.86700000000001,4.79983170968027,94
RB,vru,0.276845477955572,5.19085271166697,5.91259139611606,9.72105056525067,2.20100000000001,0.84095179950271,94
RB,vru,0.145768619066121,2.73316160748976,2.47047340256159,2.86310731640318,2.066,6.52518890030597,94
RB,vru,0.122446994348907,2.29588114404201,5.37798840209719,7.00191903310101,2.268,4.64508148832821,94
BR,vru,0.192075971907756,3.60142447327043,4.3050287248643,6.02360087934368,9.26700000000001,5.91911608095005,94
vru,BR,3.49070687003993,0.186171033068796,5.23959176682841,6.23341107511719,2.733,3.61351096032048,95
BR,vru,0.178556383386943,3.34793218850518,5.61422831660617,7.39321656600678,6.067,3.27041122106233,95
BR,vru,0.18983065844777,3.55932484589569,4.27204996010322,5.00187717861599,2.6,5.41463245115837,95
BR,vru,0.165848398832845,3.10965747811585,4.37538148165854,6.97514302538749,6.73500000000001,5.57988063910211,95
BR,vru,0.075690151506817,1.41919034075282,4.97824703193962,6.78880375998606,5.4,9.69999343388731,95
BR,vru,0.145759443264697,2.73298956121307,3.92208512515941,4.2304293602115,6.666,3.10251102048509,95
BR,vru,0.198721350227779,3.72602531677086,5.32875512436213,5.61615727397803,7.934,5.37278349977891,95
BT,vru,0.0752416704138089,1.41078132025892,8.73561509499546,9.2760011422404,8.134,6.62692547808651,95
vru,TB,10.6387164151856,0.567398208809896,2.2099351745103,3.24721594602518,2,1.691726715424,95
RT,vru,0.227404753873719,4.26383913513223,4.88924940826037,8.73412030640018,3.26799999999997,5.00237240314232,95
LR,vru,0.166529575306818,3.12242953700283,4.90204938182441,5.78720096114799,3.467,5.55334713371609,95
vru,BR,4.50244116174777,0.240130195293215,4.28323298565321,5.48526591277751,9.13300000000002,3.98394052621523,95
RT,vru,0.150979160555889,2.83085926042291,2.11298040229061,5.88368660275193,3.19933333333332,0.604996313075211,95
BR,vru,0.177771820602587,3.3332216362985,6.94114779261029,8.67249287456223,4.2,4.50220299236862,96
RB,vru,0.107286796324373,2.01162743108199,3.25014840689352,8.43247582229571,2.8,0.612254496040001,96
vru,BT,14.1063976336164,0.752341207126209,7.54741375401795,4.17888846772849,3.334,4.99667173585187,96
RB,vru,0.184202310088395,3.4537933141574,5.49167762369868,6.24256605989039,2.4,4.4464132710577,96
RB,vru,0.133667579850141,2.50626712219015,5.73561714089779,7.60152329600841,3.73400000000001,6.44150988533475,96
RB,vru,0.163281430139705,3.06152681511946,3.91257572279831,4.22312765518072,7.734,7.47717343792666,96
RB,vru,0.161391076597427,3.02608268620176,4.39465242527807,4.58137175947388,6,7.46269304039223,96
RT,vru,0.033473157873861,0.627621710134893,4.01445528874412,7.36955055725851,9.734,5.43444432661032,96
BR,vru,0.0712003964612252,1.33500743364797,7.18439629483131,7.57306734472504,7.26600000000002,5.82573046204067,96
vru,BR,2.92370855731313,0.1559311230567,4.26580988089101,4.42255653665861,5.4,6.93993694160057,97
vru,BR,3.08162557558253,0.164353364031068,5.6376046223958,6.55597467782026,3.6,3.48700235877643,97
vru,RB,2.33343421781379,0.124449824950069,4.91594573154675,5.88507230696865,2.466,4.14288526103004,97
RT,vru,0.0350702528848641,0.657567241591202,6.18015046315577,8.71495150674066,8.334,8.85026964220066,97
vru,TB,1.28374816872481,0.0684665689986563,7.67084380748641,7.76721864520215,7.06699999999999,6.16402587623127,97
RT,vru,0.165287516671462,3.09914093758991,5.0106514025146,6.03935584485362,9.26700000000001,5.78258954657961,97
RB,vru,0.103967509259042,1.94939079860704,3.40761787558777,8.47310359294748,2.53400000000001,0.583949440513618,97
RB,vru,0.0961940072524892,1.80363763598417,2.32531250050073,5.96570347073097,2.4,0.564716294627415,98
BR,vru,0.28141822580304,5.276591733807,5.82662065100685,9.70959687559136,2.6,3.15358748688464,98
BR,vru,0.171662339111977,3.21866885834956,4.236067566777,6.19651099653896,1.86699999999999,4.29639007324818,98
vru,BR,1.98106720758109,0.105656917737658,8.29035042453595,8.63193541914666,3.134,3.61546089898096,98
RT,vru,0.132089082270675,2.47667029257515,2.30123958275382,3.35578011713648,2.26666666666667,1.26381109187861,98
BR,vru,0.155363367090804,2.91306313295257,8.55219572297249,8.85684956645546,2.86700000000001,3.39355602757637,98
vru,TB,18.0180066176033,0.960960352938843,6.05288225254702,9.1206020505181,0.667000000000007,1.02249457114295,99
TR,vru,0.114495685437935,2.14679410196128,7.43433404945704,9.6560072957219,7.66599999999999,7.31663009504228,99
TR,vru,0.191320113960198,3.58725213675371,5.012365662573,6.42864863466886,3.6,6.69911052286015,99
BR,vru,0.185514687963425,3.47840039931422,5.77745160882471,7.12870485240484,3,3.78403207084741,99
vru,BR,4.46079613300105,0.237909127093389,5.22274143506324,9.35692837086943,3.867,3.63782087338716,100
vru,BR,5.33708355590041,0.284644456314689,5.13884739125591,7.00377497930219,2,3.83554412524408,100
BR,vru,0.210027657930138,3.93801858619008,5.80946657435413,7.51074238342354,2.73299999999999,3.88683656135528,100
RB,vru,0.115572223540311,2.16697919138083,4.04237998976598,3.74645928753005,3.46699999999999,8.98019084381807,101
BR,vru,0.240656852918186,4.51231599221599,2.56551715726334,8.10439488666552,2,3.7818552774267,101
vru,RT,2.77131199634963,0.14780330647198,2.20140560305559,3.90279012553458,9.868,3.90711212243327,101
vru,BR,6.87380173818511,0.366602759369872,5.36489188252598,8.25658036153939,4,8.13581999472284,101
RB,vru,0.169364406007946,3.17558261264899,2.41856361455207,2.79628532555987,5.268,4.81977341874065,101
vru,RB,1.36545710132616,0.0728243787373951,3.51799847548027,5.27873632906056,2.80099999999999,0.813932019149567,101
RB,vru,0.142923749404544,2.67982030133521,6.54372563345962,9.32727387128647,6.93399999999998,8.93933742743995,101
BR,vru,0.152294209105811,2.85551642073396,5.6088929997487,8.82814614088014,6.2,7.5814378691317,102
BR,vru,0.121977143674319,2.28707144389348,2.02662959235449,5.4944008303523,2.734,6.94817344601473,102
RB,vru,0.182626297473536,3.42424307762879,7.20674451999959,9.18752905938781,3.4,5.95160609179767,102
RT,vru,0.236181951675919,4.42841159392348,2.20166192612365,2.92988567409351,2,0.0160778421572705,102
vru,BR,1.26027247752341,0.0672145321345818,4.20223271412449,7.61084227048646,6,8.35199356246314,102
BR,vru,0.107706278334437,2.01949271877069,9.39213474950725,9.54509107229421,4.46699999999999,4.71024818850921,102
RB,vru,0.134595948125341,2.52367402735015,2.47267508531295,2.77948343435376,4.40199999999998,5.63447323109106,102
vru,BR,2.59052236663989,0.138161192887461,7.02638110132373,7.73313419548239,2.46700000000001,3.80724121271017,102
vru,BR,5.90091153946992,0.314715282105062,2.58397160332578,7.12790391666622,2,3.89975302202699,102
BR,vru,0.272578309337688,5.11084330008165,4.78406422934442,9.08518985338461,2.93400000000001,6.55956568263001,102
vru,TR,5.04309933869545,0.268965298063758,5.59738064880083,7.57429232087679,1.66700000000001,7.75655093296862,103
RB,vru,0.0787895562505322,1.47730417969748,3.85759118792333,8.3154997634668,3.734,6.15441693044999,103
RB,vru,0.0944357401099292,1.77067012706117,2.3753532314019,5.45471338665949,2.466,0.45503600454314,103
vru,LR,7.14209202840604,0.380911574848322,3.80428835741013,4.6381429051745,1.46600000000002,4.54228758258343,103
vru,RB,5.81425467581276,0.310093582710014,3.98787728021202,3.24239091105997,0.933999999999999,0.410834654222196,103
vru,BR,3.22367181334615,0.171929163378462,6.64124381250326,7.80966752079686,9.53500000000001,5.47970527923695,103
vru,BR,4.06879361590016,0.217002326181342,3.4083905015686,6.87490656191098,4.133,3.43610770515585,104
BR,vru,0.07873891802509,1.47635471297044,4.99868268558738,7.47290967364015,5.2,4.14500367450878,104
vru,BR,2.61418719321141,0.139423316971275,6.28969011250972,9.03185524925222,4.068,4.27506918718614,104
RB,vru,0.124325779947341,2.33110837401265,4.59712007434371,4.72975347179919,2.2,4.44983798263026,104
RB,vru,0.138684948324295,2.60034278108054,3.04995817628232,3.21000895188087,2.067,0.316181444885309,104
vru,TR,4.91605411971524,0.26218955305148,6.79544660893163,8.47239647024234,3.53500000000001,4.74440707233266,104
vru,BR,3.95906179444834,0.211149962370578,3.39011215375744,5.47788643181248,3.33400000000001,4.12489979949707,104
RT,vru,0.176573684733851,3.31075658875971,5.88449357719082,8.85440915979342,4,2.14868142969001,105
BR,vru,0.164272178588485,3.08010334853409,1.9052922761214,4.14388731083337,1.4,2.26064375050752,105
RT,vru,0.066919626814376,1.25474300276955,3.05680029421534,8.56935365506569,3.93299999999999,3.96994839756931,105
RB,vru,0.172939535434716,3.24261628940092,2.66399577884988,3.4990954086658,1.33400000000001,0.12212248128821,105
RT,vru,0.142587766690372,2.67352062544447,1.86679142503571,2.41724545108759,1.934,0.225528194884309,105
RB,vru,0.190337822993388,3.56883418112603,4.9536990277533,5.80857335344507,4.06700000000001,7.74090679751434,106
RB,vru,0.136829717246055,2.56555719836353,3.52377006155757,3.41463076427124,1,4.08126180431098,106
vru,TR,4.8441700938104,0.258355738336555,3.86802535335283,6.39916634802695,2.13300000000001,4.49716447404266,106
vru,RT,10.9069147666294,0.581702120886903,3.6101593097572,7.40334986033956,2.06566666666666,2.14980453340255,106
TR,vru,0.135057966112643,2.53233686461205,2.92480585959149,3.4319631217869,0.932999999999993,0.263494918917347,106
vru,BR,1.44602269627462,0.0771212104679798,5.58635051446646,6.31998437811135,6.268,4.87000709887107,106
BR,vru,0.147027177827642,2.75675958426829,5.31895160628606,6.64051532342084,6.668,5.45426079275937,106
vru,BR,6.11795642781786,0.326291009483619,4.20489831873025,9.39623216979827,2.667,2.58009265385667,107
RT,vru,0.124702549291948,2.33817279922403,3.18637752286025,6.24991369998301,3.934,3.9147602074939,107
vru,RB,3.65639568009967,0.195007769605316,6.71915253958224,7.14137450102996,6.868,8.91765165405342,107
RB,vru,0.276198385363992,5.17871972557486,2.18091425000038,7.52564539672265,1.933,1.77611387725867,107
RB,vru,0.104758742925524,1.96422642985358,6.58985795690607,7.10972585800671,4.4,5.76449003599624,107
vru,BR,11.2549001917446,0.60026134355971,2.54107156375486,3.56697764784175,0.467,6.39900674093231,107
BR,vru,0.110380505956976,2.0696344866933,6.51352481001495,8.23926342645028,7.067,5.56733692999012,107
vru,BR,1.27700455904672,0.068106909815825,8.75978207041753,9.26132870490769,2.66666666666667,4.96328659623819,107
vru,BR,5.76765448753809,0.307608239335365,4.29341271982391,7.49584759416839,2.2,3.45762577133365,108
vru,LR,4.87326106308116,0.259907256697662,3.42244683042758,7.2592385166075,2.2,4.32627609475431,108
vru,BT,10.2744182784146,1.36992243712195,3.71601165905277,5.96566904140673,6.80100000000002,2.44358212739496,108
vru,RB,10.6557773074331,0.568308123063098,1.89661673202575,2.87392563172643,1.73299999999999,4.35895825947706,108
RL,vru,0.214857762635679,4.02858304941898,1.87122225703723,3.61929652318779,0.8,9.02316307301849,109
vru,BR,4.57350636531096,0.243920339483251,3.61182231183722,7.31891831278152,1.93399999999998,3.0197427119426,109
RB,vru,0.134891396445749,2.5292136833578,5.35890044628672,5.8813226975912,1.4,3.38070422014968,110
RB,vru,1.31890674613979,3.29726686534947,2.86720223263269,5.51513665853166,1.80099999999999,4.43182809372314,110
vru,TR,6.21766530352152,0.331608816187814,11.6441792997736,9.17545936021033,8.068,9.26448914168221,110
RT,vru,0.21462903903016,4.0242944818155,6.90544979163602,9.35164364628325,4.66699999999999,4.36926916549002,110
vru,TB,3.0819588715593,0.164371139816496,5.21096691461354,5.62317666475813,7.334,5.70093574465832,110
BT,vru,0.282903277885352,5.30443646035034,2.22067715173474,2.18101686404806,1.6,5.68248099902957,110
vru,TB,1.87330537753826,0.0999096201353741,4.71398692632874,4.67411521500641,1.93300000000002,4.49577355806922,110
vru,TB,1.86749404408682,0.0995996823512971,5.41183720126029,5.62350986316106,2.13299999999999,4.93848589915818,110
vru,RB,1.76008779401504,0.0938713490141356,3.53594336760486,4.74114300192653,1.867,0.542709549450813,111
RB,vru,0.0428293814265324,0.803050901747483,9.74590869593404,9.96254465351246,7.8,6.12090547590834,111
vru,BR,3.50504933811776,0.186935964699614,2.35255760715891,5.07021185106424,2.93299999999999,5.36743261228465,111
BR,vru,0.0752835399264865,1.41156637362162,8.20199414693914,9.39309676952807,7.068,4.8796240053652,111
BR,vru,0.229419882819754,4.30162280287038,8.04769454996533,9.45104369884301,8.667,4.6957501396882,111
vru,RT,31.3554563323122,1.67229100438998,2.83914409937044,6.66107167242131,3.20099999999999,1.40542292427779,111
vru,TB,4.39837439283492,0.234579967617863,7.38585132558926,8.01227825880557,5.46700000000001,8.51826874590881,111
vru,TB,4.16589059529433,0.222180831749031,4.80556311755635,5.53736555309531,4.6,5.77483339626533,111
vru,BL,1.90856894135723,0.101790343539052,6.02556560736138,9.35548042947108,4.66700000000001,7.67184751295453,111
RB,vru,0.137974699475475,2.58702561516515,5.93689768080155,6.80252013033631,3.333,9.83934869819636,112
BR,vru,0.14608490133995,2.73909190012406,2.21740120467352,2.49201520975478,1.6,0.953243407008888,112
BR,vru,0.0887956776217598,1.664918955408,8.10304877650427,8.5117419148659,4.53399999999998,5.7338272033572,112
vru,BR,5.22123520388254,0.278465877540402,1.92792892224365,2.62002017665807,1.46600000000002,1.11648877907984,113
RB,vru,0.106817560506058,2.00282925948859,1.9423314863995,4.72613600767896,2.267,0.0533904413419586,113
vru,RB,1.25639749260058,0.0670078662720312,5.4887024475515,6.15519423437395,5.33299999999999,3.00502188069997,113
RB,vru,0.0661103382168876,1.23956884156664,5.61996287188391,5.90441583942795,5.33400000000001,2.84763069490134,113
RB,vru,0.159726552980921,2.99487286839227,5.00686077636733,5.48521196089691,4.73299999999999,2.82758959646559,113
RB,vru,0.193406827084063,3.62637800782618,3.01740715109277,3.42014212254009,4.46699999999999,5.42851169915954,114
TR,vru,0.223511612425908,4.19084273298578,6.5245981593412,7.83371654041125,2.866,4.76942059995576,114
RB,vru,0.0773152032193016,1.4496600603619,2.88868847051732,3.07477719353111,1.73299999999999,0.676608304587048,115
vru,BR,4.48068466497638,0.23896984879874,4.89412350662954,8.74929845459104,3.26700000000001,4.51264318304876,116
RT,vru,0.256842539173679,4.81579760950649,3.74700046395666,8.62552048348631,2.934,4.71678504040492,116
RB,vru,0.121538827154145,2.27885300914021,3.5398958462038,4.67781367695547,2.268,2.17589265203924,116
RT,vru,0.156347461116756,2.93151489593917,5.05797556345333,9.77186131526271,3.868,3.4126767603214,116
BR,vru,0.221600596473266,4.15501118387373,3.1277163942423,4.51542623986403,1.13300000000001,3.06176731133832,117
RB,vru,0.191991272547603,3.59983636026756,5.79716582844201,8.12879865450521,2.86700000000001,5.26801489211096,118
vru,BR,4.2104018334392,0.224554764450091,6.04060282265222,6.89031890800118,9.33399999999998,5.84764327041582,118
vru,BR,2.61602637660964,0.139521406752514,6.19866704556153,7.94467809943037,3.066,3.73121068511725,118
LR,vru,0.233887355383041,4.38538791343202,8.03840450055262,9.90959020179517,3.53300000000001,8.79629446240533,118
RT,vru,0.0616291063745388,1.1555457445226,4.46082562589044,5.56865055660684,5.4,4.34423341220983,119
RB,vru,0.15842237032942,2.97041944367662,4.71537751525135,5.29313428013468,3.867,7.82683556132716,119
TR,vru,0.24584290844631,4.60955453336831,9.01662605421439,9.55058391347341,6.06700000000001,4.52978004134092,120
vru,BR,4.1692415252663,0.222359548014203,1.63325310884469,2.24870361439767,2.4,2.82728440881545,120
RT,vru,0.0701298206927165,1.31493413798843,4.28364871708641,6.03526690046658,2.6,4.36759333000685,121
vru,BR,3.3798477118414,0.180258544631541,6.69726975662003,9.60821019344166,3.733,9.88567458913218,122
TR,vru,0.247911164284286,4.64833433033037,5.8879097616521,8.77482346808067,3.66666666666667,5.7793864388628,123
RB,vru,0.176803791531742,3.31507109122015,6.82223713296799,7.35620044841829,8.134,7.57600516820247,123
RB,vru,0.17668042524,3.31275797325001,3.96002007767361,4.36658327131043,5.6,6.07206563268711,123
vru,TR,5.8843520168263,0.313832107564069,5.52974976020419,8.59492632147122,2.333,8.73488019755425,125
vru,BR,4.88381555809434,0.260470163098365,3.24683171050419,5.18661332517155,2.13399999999998,3.11040727296617,125
vru,LR,6.46534210760105,0.344818245738723,8.56871725513305,9.36295439730567,2.66700000000001,7.44206597702252,128
RB,vru,0.0937703590677752,1.75819423252078,8.56369478547091,8.62033088449544,2.33399999999998,4.66746313373919,130
vru,RB,3.33655100860115,0.177949387125395,2.89983928543852,3.67787156307274,0.733999999999954,0.19429992896924,131
vru,BR,5.02068817180077,0.267770035829374,6.96828071957756,9.8088018051192,3.86600000000002,2.28205289963628,132
vru,BR,5.50208135917892,0.293444339156209,1.46754593998556,1.96775571456037,1.8,0.516337900193925,133
LR,vru,0.202856484501983,3.80355908441217,5.87479723018942,7.90338309203957,3.33266666666667,4.35707371787061,134
vru,RB,7.25682028928524,0.387030415428546,7.50940532850869,8.2836391662973,6.60100000000002,6.22700704443879,134
vru,BL,2.75414893401819,0.146887943147637,2.74110653725923,2.99495814328156,9.93299999999999,4.34277729013667,135
vru,TB,4.93897858202265,0.263412191041208,4.38628918325658,4.66677691407632,4.26600000000002,8.67972230950792,136
vru,RB,2.22003738726058,0.118401993987231,4.12362536897352,9.06057176010483,2.6,0.659756991789618,137
RB,vru,0.277099974586491,5.19562452349671,3.16114914263755,7.76543315412124,1.534,4.19501195770665,137
vru,BR,5.14170686762977,0.274224366273588,4.86335622888274,8.53432684553339,2.80166666666666,2.72835398413911,146
vru,RB,4.7336928099652,0.252463616531478,4.83433439983386,5.06550110851903,2.73299999999999,6.97652324493735,146
RB,vru,0.189636283664548,3.55568031871028,1.71655449819199,2.37185452877771,2.06700000000001,6.7300960151518,153
vru,BR,2.72471741339524,0.145318262047746,8.40908956794171,9.2534634753135,3.40099999999999,3.47985837113343,164
vru,LR,5.56574716139728,0.296839848607855,2.67036537969002,3.482881158214,1.53300000000001,2.54224900413336,165
vru,BT,5.77286003607098,0.307885868590452,4.04243739946858,5.69894004353137,1.867,5.26860746729078,165
vru,BR,1.10805519783695,0.0590962772179709,7.26665882093084,7.84206151678421,3.868,2.64722585129306,166
vru,LR,5.18176653784646,0.276360882018478,5.15099634311334,5.47744584073392,2.134,6.64391480532729,174
TR,vru,0.258485444082672,4.8466020765501,3.22436740510715,2.6480898369912,0.532999999999993,0.0665245883572037,174
RT,vru,0.119114620587729,2.23339913601992,6.32128426997566,7.85524541531058,6.133,5.64855325810686,176
vru,LR,5.50379436765844,0.29353569960845,8.67702992249594,9.61667812905322,2.6,4.89880145834891,176
BR,vru,0.0361673530239693,0.678137869199425,2.18301571562666,3.08043129741111,2.60033333333333,2.32447609395409,177
vru,LR,0.633286775563917,0.0337752946967422,8.37883251826807,8.84918651330957,3.53400000000001,5.95862830338223,177
vru,LR,5.08489535668742,0.271194419023329,6.8305790057852,7.83295893195714,1.86700000000001,5.55825715623378,177
vru,LR,4.65354413754099,0.248189020668853,8.36759385124718,9.1920610058042,3.06600000000002,6.97791653559888,178
vru,BL,1.88289699524511,0.100421173079739,2.02876843320478,2.18569434609913,3.801,3.94209836913913,179
vru,RT,1.83870468682217,0.0980642499638493,3.63654671725516,3.52774335289455,2.06700000000001,0.0456499749463878,179
BR,vru,0.120837333307883,2.2656999995228,6.41058963817327,9.3394037258809,4.333,7.05446378025949,179
vru,BR,4.21252355811207,0.22466792309931,5.37032146411327,6.39153216444696,3.53366666666667,8.88286643365823,180
RT,vru,0.197799165361992,3.70873435053736,3.50016861824534,3.68393313342783,2.8,4.81961379328897,180
RB,vru,0.122428481163151,2.29553402180908,3.01239546995225,4.41278123796364,1.33299999999999,4.66017184292583,181
vru,RT,2.74902692097658,0.146614769118751,4.43322540031538,6.08605958831458,3.2,5.81392876395972,181
RB,vru,0.146873546758342,2.75387900171891,3.46123520828257,3.57939091671238,1.06700000000001,3.86473605630347,182
vru,RT,2.89245570959837,0.154264304511913,11.4640715644988,9.2149662915746,8.934,8.38444241285886,182
vru,BR,2.99548662898229,0.159759286879056,8.01068654574579,9.69466088307386,4.26699999999998,5.46979550240544,183
BR,vru,0.152046258263906,2.85086734244824,5.98772622013445,6.44261316519043,4.93300000000001,4.11354730902148,183
BR,vru,0.165218044931876,3.09783834247268,5.91746929380998,6.00083735511728,3.6,8.12456770962802,183
RB,vru,0.131746619318321,2.47024911221851,2.8471022950303,3.08259660122367,2.2,0.553461213907037,183
vru,RB,2.66437215160902,0.142099848085814,3.17308073538216,3.59066196815389,1.06699999999998,0.407669815175561,184
vru,BR,2.09287558881808,0.111620031403631,3.36129632032689,3.96243797446852,2.934,9.9907817192503,184
RB,vru,0.101519969535668,1.90349942879378,2.8758299023191,7.11523310723293,2.53300000000002,0.619688027200894,184
vru,RB,5.54639482607144,0.295807724057143,3.87821679089182,6.98085028791167,1.466,2.91652905380085,185
BR,vru,0.0411618199332729,0.771784123748868,8.29426221785972,8.30338995546864,3.4,5.05518494725904,185
BR,vru,0.164739666588336,3.0888687485313,6.22342163344497,7.59780175391475,2.73266666666665,6.61946953842298,185
RT,vru,0.150348272929573,2.8190301174295,5.38634036838862,6.67491642116062,3.73299999999999,4.43045799011877,185
vru,BR,3.29550703277297,0.175760375081225,5.25975817845144,6.2850377661682,6.66700000000001,8.247424110921,188
vru,BR,21.6410080178572,1.15418709428572,6.99805713534073,9.78225921958733,1,2.29327516236793,188
RB,vru,0.0821114161188451,1.53958905222835,5.14385505028769,5.49374378954565,4,4.85171831175586,188
RB,vru,0.336203747233522,6.30382026062855,11.1408638230311,6.04873805521333,5.066,9.91959061376268,189
vru,BR,3.50062350258501,0.186699920137867,7.51824714231272,9.07682016417649,4.00099999999999,4.14263622016604,190
RT,vru,0.0910921349276458,1.70797752989336,5.10984767498834,6.76489222516863,6.40100000000001,4.59698053727095,190
BR,vru,0.102538082418838,1.92258904535321,7.03156768482488,7.60741610153244,2.93500000000001,6.36793286780413,190
vru,RB,5.00226607897319,0.266787524211904,7.72576082233489,9.40741859787818,2.13299999999999,1.08767051406695,190
TR,vru,NaN,NaN,6.19662985189831,7.45272593200428,4.46699999999998,5.78588256886022,190
vru,BR,2.3559926735612,0.125652942589931,8.62891918644179,9.88810766534466,2.86666666666666,4.20119791341579,191
RB,vru,0.137104483965137,2.57070907434631,5.12990333323553,5.61301537956541,5.66700000000001,7.57728184762185,191
vru,BR,3.23510434184851,0.172538898231921,4.04603120067405,5.05432431293292,4.33299999999999,6.63982069855015,191
vru,BR,5.15473576148701,0.274919240612641,3.19464121213202,8.17028602221935,1.534,5.85700329254096,192
RB,vru,0.0662256706206649,1.24173132413747,6.47445169445887,7.34170115319937,4.93300000000001,3.74909368039871,192
vru,RT,2.01409890488028,0.107418608260281,5.97528558756576,7.59158318429852,7.866,7.19699508763532,193
RB,vru,0.176784424455298,3.31470795853684,6.23550973866054,7.55401697286714,1.73300000000001,8.74316540005649,193
RT,vru,0.232932897167985,4.36749182189972,1.2950164473373,4.60449887542946,1.334,1.30302169499718,193
TR,vru,0.43086544822134,8.07872715415013,2.6015355381143,4.53669439082159,0.866000000000046,2.31705715585316,193
RB,vru,0.134064174770211,2.51370327694146,3.99390612086683,4.93641391756535,3.93400000000001,6.55692518230273,193
RT,vru,0.16587002503815,3.11006296946531,4.70897701053392,9.54873523786701,5.26833333333334,4.97884776753786,194
vru,BR,2.70638652927912,0.144340614894886,2.95246674924213,3.7644351433073,4.13400000000001,4.75471902762111,194
BR,vru,0.224955556092634,4.21791667673689,5.27819528133635,7.29520910001572,8.86700000000001,4.75708202583162,194
vru,BR,5.78388343126133,0.308473783000604,4.6371538998629,9.5277303357234,2.068,4.14191439041341,195
RB,vru,0.197906549299508,3.71074779936578,7.73125603822071,7.81461818607206,7.13299999999999,9.89360338562835,195
RT,vru,0.0758421613836939,1.42204052594426,6.43546238926227,7.5612177829435,4.733,3.46023871894548,196
RT,vru,0.161469202120745,3.02754753976396,4.76734510917888,7.19984417559185,3.4,3.61856582312479,196
RB,vru,0.169236061801998,3.17317615878746,2.13771719333112,2.61824369237438,2,3.57121644739184,196
vru,BL,2.95136711373409,0.157406246065818,1.85259182603316,2.13714392878974,1.266,1.44290542620962,197
BR,vru,0.192358878283464,3.60672896781496,4.02212312527223,5.92976191325924,1.46700000000001,5.8617108495855,197
BR,vru,0.126696423208039,2.37555793515073,8.01812653254454,8.41982733268338,3.73299999999999,5.16183094591466,197
LR,vru,0.201480252429758,3.77775473305797,5.98918622203343,7.97169417507986,3.93400000000001,4.10999235963811,197
RB,vru,0.131131031179933,2.45870683462374,4.98830085931259,8.55217842852424,2.4,0.751372844117327,197
RB,vru,0.180819934639874,3.39037377449764,4.45227614959503,5.28967374216387,3.8,7.05415842081762,198
RB,vru,0.0668580652075759,1.25358872264205,2.66553627591685,2.77918808675747,2.53400000000001,0.740002575496612,198
vru,BR,3.50467077995605,0.186915774930989,8.91683070217984,7.43516004157882,2.26699999999998,5.05546599568668,198
vru,RB,1.9395363101022,0.103441936538784,4.4828041559469,4.42514336852002,1.26699999999998,2.55263642267321,198
vru,BR,3.91702201131331,0.208907840603377,8.01529820628497,9.91231029756303,7.068,4.13692170542133,198
vru,LR,4.36832304513116,0.232977229073662,8.82048723591695,9.65014970624586,3.534,4.77222651551738,199
RB,vru,0.137802289856694,2.583792934813,4.6067296208129,7.92339970765906,9.33333333333333,9.42449224112086,199
vru,LR,6.15612859503951,0.328326858402107,2.18994067669209,2.65856662127554,2.466,3.93190087923427,200
vru,RB,0.735325526537504,0.0392173614153335,6.95674243399624,7.07482992635074,6.80100000000002,2.80112439853407,200
vru,RB,1.28006240990853,0.0682699951951218,5.08078705999131,4.32936482463872,1.6,0.854518449335586,200
RB,vru,0.185640706748981,3.48076325154339,2.83327346770039,3.23758890817814,3.66699999999998,5.55493091214395,201
BR,vru,0.157261536645442,2.94865381210204,6.77372679513762,7.95364075751156,6,7.31256257965541,201
vru,TR,3.71181968851897,0.197963716721012,1.91914876180862,2.70576629352797,1.466,8.33412279174517,201
TR,vru,0.204678681996289,3.83772528743042,1.84381658018657,2.54242044684526,1.333,5.89414067682816,201
RB,vru,0.171575838973001,3.21704698074376,5.09794949182675,5.28351584271069,5.8,5.46339437419015,201
BR,vru,0.199245987450158,3.73586226469047,2.7038251014121,7.44213528329115,3.13300000000002,4.51079380707855,202
vru,BR,7.67111980937587,0.40912638983338,8.59780508163018,9.2168568548734,6.26600000000002,4.00360169626362,202
vru,RB,0.528684031942316,0.0281964817035902,8.38692050907965,8.46653738764289,7.468,4.1194912981289,203
RB,vru,0.104255447588987,1.9547896422935,8.49328671459911,8.7543089977473,3.534,5.5225474416506,203
RB,vru,0.148551998247286,2.78534996713661,4.42973486686262,6.74559241960511,2.734,5.49867720111611,203
RT,vru,0.492232874013222,9.22936638774791,3.81952651907859,4.30494542749284,3.26700000000001,3.65577616302732,203
vru,TB,4.07982349283455,0.217590586284509,4.84005114561262,5.19928067546635,3.93400000000001,4.66017034051971,204
vru,TB,3.86099364882655,0.20591966127075,2.99220851956338,3.49853066802039,2.33400000000001,4.51578553487498,204
vru,BR,3.44607718070284,0.183790782970818,6.81486757199567,8.39882292189793,2.8,3.68247193568572,205
RB,vru,0.194744254583719,3.65145477344473,4.44284134735614,9.96728049395063,5.6,8.32820888284403,205
RB,vru,0.200912036330281,3.76710068119277,3.92117495588788,8.14848192568884,2.333,3.92876401205436,205
vru,BR,3.44678297380627,0.183828425269668,4.81419004603339,6.7822926204838,1.86700000000001,4.20132634593021,207
BR,vru,0.376929280981888,7.0674240184104,3.44940760100591,7.08181980827106,1.66700000000001,2.55729922747674,207
vru,TR,4.28365879979201,0.228461802655574,6.540161246892,7.37967733984388,2,3.8132650838365,207
vru,LR,7.53609284375886,0.401924951667139,4.03118934436387,4.58246236802519,1.8,3.49982256984256,207
vru,RB,2.79987642843588,0.149326742849913,1.75547884456829,7.2567294003126,1.93400000000001,0.392669414463445,208
RB,vru,0.116164152456851,2.17807785856596,3.93484853634803,4.02055758245832,1.26699999999998,3.5931355296868,208
RT,vru,0.133996475890636,2.51243392294942,2.65326757458495,8.09144292022317,1.8,4.37626751080706,209
vru,TR,6.12190142937367,0.326501409566596,7.5300487892646,9.04460372363273,2.866,5.25699414987726,210
vru,LR,6.84680413371259,0.365162887131338,5.47786675842993,7.04855392109059,1.8,3.81607026609411,210
vru,RB,3.75419970668009,0.200223984356272,6.90494668848159,7.69871898870382,6.73399999999998,9.71972456725892,211
TR,vru,0.134178069396033,2.51583880117562,4.21104544978017,2.24586670647884,2.2,6.36176101589629,213
BR,vru,0.232454782177321,4.35852716582477,4.05001108371889,8.91950799137233,4.06700000000001,4.97810065707003,213
BR,vru,0.252151612026838,4.72784272550322,5.09292342050946,8.16602127670273,2.6,4.091667533301,213
RB,vru,0.268487587659098,5.03414226860809,4.806851510311,9.4802044802379,2.2,7.49823797657884,215
BR,vru,0.320706022340956,6.01323791889293,2.8698662271774,5.71261830970272,2.334,7.52725660952505,215
vru,BR,4.12532754167081,0.22001746888911,7.51923060920999,9.31926811172905,3.266,3.86792620662167,215
RB,vru,0.125716429249705,2.35718304843196,4.07085832623851,4.04084280898522,1.26699999999998,3.01358184563031,215
vru,RL,8.28720152436959,0.441984081299711,3.60547882555723,4.51803580393462,1.33299999999999,1.72524447643575,216
RB,vru,0.138680898493502,2.60026684675317,3.24380454814088,3.59590657042014,5.334,5.43482388110028,217
RB,vru,0.279711982239712,5.24459966699459,2.8901835552349,6.15344465339758,1.4,0.310464022626002,218
vru,RB,3.39109032366334,0.180858150595378,5.80567797377133,6.1440998699493,4.533,8.59471074646587,218
vru,RB,3.23636389050683,0.172606074160364,3.23507687972669,3.51902243920203,2.066,8.06432740855537,218
vru,BL,5.15040312600964,0.274688166720514,1.88069597135687,2.27434906698014,1.80099999999999,1.73105824535761,218
vru,TR,4.39089562244143,0.234181099863543,3.192796692966,3.93331794521633,1.334,7.54022805838615,218
vru,RB,2.4185407836957,0.128988841797104,1.53596462297939,4.03756961495078,1.068,0.0646200443831982,219
vru,RB,2.40055667217268,0.128029689182543,2.32741901876496,4.57321650900789,1.334,0.322414949063947,219
TR,vru,0.303263733113154,5.68619499587163,5.42577943295998,7.67128389056066,2.33299999999999,5.9212433412254,219
vru,LR,5.98935954545683,0.319432509091031,4.00267948493157,4.55819119197434,2.8,4.91250535230586,220
vru,BR,4.6242898573454,0.246628792391754,5.89735923565982,7.89352983885739,2.53300000000002,2.5782334522901,220
vru,BR,2.89494977284565,0.154397321218434,2.64412589704886,3.060445156567,4.4,4.043675971557,221
vru,LR,3.39091490910914,0.180848795152487,1.58516327162055,2.82779957901285,1,2.99551134862591,223
RB,vru,0.0756100057547687,1.41768760790191,4.10784420573819,4.38082505373885,3.73500000000001,3.69198273987623,224
vru,BR,8.05716625976808,0.429715533854297,4.05349669465753,6.47499671495426,1.933,3.09032015955221,225
vru,TB,11.8128390742072,0.630018083957716,3.33234867251168,4.53615266141006,1.26700000000001,2.05037067558066,226
BR,vru,0.209985237927466,3.93722321113998,6.38890302734666,6.7378744949199,4.8,9.38284047954413,227
vru,LR,3.68986019736114,0.196792543859261,5.325373443421,7.56587540723616,5.2,2.87875485186356,227
RB,vru,0.0736634268853343,1.38118925410002,4.92321563256542,4.98396111098919,2.46700000000001,3.39477506208579,231
vru,BR,4.82677864787659,0.643570486383546,4.39618506381982,5.32828567488325,1.13300000000002,1.62134234335542,231
vru,BT,3.64629869061995,0.194469263499731,4.0188930736754,4.26965250327565,4.53399999999998,8.38833500410469,255
RT,vru,0.254661493419244,4.77490300161083,5.30145280590982,7.88598064151162,1.666,8.79725954562771,257
vru,LR,5.91849708190036,0.315653177701353,3.30401050282259,4.17924308846385,1.534,4.04503493670115,258
LR,vru,0.240916507452226,4.51718451472924,7.56367149949328,8.44322403496694,5.60099999999999,3.60736846012232,259
vru,BR,4.0156923135528,0.214170256722816,5.01072612518708,6.75726936880237,8.934,5.65194816363609,259
vru,TR,5.99498536348831,0.319732552719377,5.35168105898857,6.29725013769813,1.134,8.8787047258567,260
RB,vru,0.388376291834475,7.2820554718964,2.66193317042227,3.72071294574012,0.933000000000023,3.46999498374663,260
BR,vru,0.108298603333304,2.03059881249946,6.85511401974155,8.50232706991611,5.8,4.9106618521896,261
vru,BR,2.87401267855279,0.153280676189482,8.58364362155847,9.78047813163514,4,3.75086053317819,261
vru,TR,4.37740434805533,0.233461565229618,2.40850952196173,2.05929832958932,3.13299999999999,3.79318788400031,262
BR,vru,0.199404042671303,3.73882580008693,5.129514787112,6.28312012151827,2.13400000000001,4.05280151047624,263
BR,vru,0.299428755647996,2.24571566735997,7.08003793083295,8.57095726477604,1.8,3.19164007613019,265
RT,vru,0.146229854556102,2.74180977292691,2.80257675849031,4.62179389737841,1.66700000000001,1.68756899586204,265
RB,vru,0.178579517459315,3.34836595236215,7.96413195461126,9.59818555458181,2.134,8.95214661965749,266
vru,RT,1.09508179645626,0.0584043624776671,2.86470021204295,4.61764395162087,2.86600000000002,1.7715360790519,268
vru,TB,10.7186119283013,0.571659302842736,2.56011202127242,3.41133611609249,4.334,3.04365230066283,268
RB,vru,0.181504230911511,3.40320432959083,4.26832268205273,4.71791142172415,5.13299999999999,5.79860204897631,268
BR,vru,0.308879781304465,5.79149589945871,4.01206189790461,5.93068617693187,6.86600000000002,4.71087741330541,269
vru,LR,4.06771865203168,0.216944994775023,8.09791945426336,8.52213722487279,8.53300000000001,5.8393984805954,269
vru,LR,4.58673749335586,0.0366938999468469,8.0023181960853,9.87486909115837,6.6,8.702194834966,269
BR,vru,0.178312319598509,3.34335599247204,5.12158032523911,8.45006935333945,3.4,6.68745692128129,270
RB,vru,0.17176730323081,3.22063693557769,4.36813719988773,4.69511690788831,7.33399999999998,7.78669867728199,271
vru,BT,6.29861428350361,0.335926095120192,2.05363781413975,2.61620168522014,0.734000000000015,0.722232775332589,272
BR,vru,0.113083949029233,2.12032404429812,8.84886386334939,8.99579879642955,2.867,4.42584890730661,273
vru,RB,4.06330252978654,0.216709468255282,1.72196059264495,6.92000668318274,2.13300000000001,4.14123050950906,273
BR,vru,0.107099026818068,2.00810675283878,4.50259283673422,5.15317025707612,5.933,7.57012740175424,273
vru,BR,5.23202159357735,0.279041151657459,11.4909578731912,5.83428819294701,3.867,5.33255290481477,273
RB,vru,0.156192158736204,2.92860297630383,2.80971693706014,4.06492376609901,3.6,3.18623841167152,273
RB,vru,0.160555106078356,3.01040823896918,7.68350101569687,9.08863523070048,5.6,4.3398319110383,273
RB,vru,0.164272291282363,3.08010546154431,5.04624745041824,5.24110647846939,1.2,8.33685108346154,274
vru,BR,11.4623488074304,0.611325269729623,3.22945812374942,9.90923013331824,1.46600000000005,4.81821167054041,274
vru,BR,1.82603612067198,0.0973885931025056,8.76999989305842,8.74330087151827,6.46700000000001,3.70811336439996,274
BR,vru,0.204351435602513,3.83158941754713,7.60440468611979,9.2065242624296,8.46700000000001,3.31590455476267,274
RB,vru,0.171593227745518,3.21737302022846,2.85078085651061,4.26851535957836,1.2,5.15711876738604,274
RB,vru,0.113043485218782,2.11956534785215,7.98520404535059,7.47924947901488,7.00099999999999,7.05149350429695,274
RB,vru,0.135133855526461,2.53375979112115,7.06485594140082,7.63918485483777,6.00099999999999,6.55691063565835,274
RB,vru,0.165061488055815,3.09490290104653,4.48564538836601,8.16195225824319,3.33400000000001,5.61814604659412,275
RB,vru,0.133470362839769,2.50256930324568,5.24023203398861,7.84827225887468,3.66700000000001,5.20023961115867,275
vru,BR,7.45165414004778,0.397421554135882,1.53621068360294,2.30729510391547,1.26666666666667,0.818472946618786,275
RB,vru,0.117444321964613,2.2020810368365,5.68035644613927,9.68927396327073,3.067,4.06967888330057,276
BR,vru,0.0700562203147808,1.31355413090214,7.52079709123779,8.94981730983415,2.2,8.06816665818105,276
vru,BR,3.15781624003728,0.168416866135321,3.8742011374776,4.57175269148251,6.93299999999999,8.16205904357134,276
vru,LR,10.4998180152714,0.55999029414781,1.74464660128845,2.55447010571722,1.2,2.84909642059001,276
vru,BR,3.75409656612245,0.200218483526531,4.49630500459086,5.99363076417759,3.4,6.24587168347976,276
RB,vru,0.10853736492148,2.03507559227775,3.37330790953664,4.19522246056283,5.26700000000001,5.16504219659759,276
BR,vru,0.0839579182183201,1.5742109665935,4.86175306559889,5.72171582285291,7.868,5.96302237139265,277
BR,vru,0.159327168322078,2.98738440603897,5.23728189411632,6.86190298923318,9,5.52018220132536,277
BR,vru,0.199559145022012,3.74173396916272,4.63985945484341,5.68260281122916,7.467,4.51214915474952,277
BR,vru,0.197123290970814,3.69606170570277,5.18271028972905,6.17106960387137,2.46666666666667,5.39415369823591,277
vru,TB,5.56000974062698,0.296533852833439,5.12706492761932,6.45349380529652,3,4.68104558693917,277
RB,vru,0.177738724307678,3.33260108076896,3.95900487652166,4.66807518798944,2.26599999999999,3.54287592324191,278
vru,BR,3.57635192204875,0.190738769175933,3.01479554483206,5.4424854170767,0.933333333333333,3.78529126505979,278
BR,vru,0.149430372130411,2.80181947744521,4.9518977757912,6.22643325948866,7.26833333333334,5.60221839452873,278
vru,BR,3.14397047915913,0.167678425555154,5.89791217714929,7.85030185371295,2.73400000000001,3.04303245368806,278
RB,vru,0.175660644474123,3.2936370838898,5.33436521547608,4.32984724089151,2,4.98536391846505,278
vru,BR,2.16022643045099,0.11521207629072,8.12702510863905,9.06655411600333,5.533,3.89059534341331,279
BR,vru,0.247054664721694,4.63227496353177,6.71699873605828,9.37858830434482,3.4,8.16313638098383,279
BR,vru,0.119213987368191,2.23526226315359,6.80807317264734,7.91671688681728,3.866,4.33201138325507,279
BR,vru,0.148685863439231,2.78785993948559,5.9151100686948,6.8604680177526,7.067,7.29882527624448,279
vru,BR,7.55707489291369,0.40304399428873,3.05437461769747,7.80903292408432,1.53366666666667,6.71447179809161,279
RB,vru,0.133142463357689,2.49642118795666,2.11439111947963,2.60808689739751,1.86700000000001,0.29742247475806,280
RB,vru,0.0777836475760464,1.45844339205087,7.63776625785575,8.03856382056211,6.067,9.16501260620852,280
LR,vru,0.200306156650201,3.75574043719127,5.81242343568938,7.65745282980097,3.068,6.24683532499367,280
RB,vru,0.0868202605524375,1.6278798853582,7.04384645128549,8.48403573145866,5.33300000000001,5.03380773447743,280
RB,vru,0.133258680776705,2.49860026456322,2.0122777165884,2.5461276002193,0.867000000000007,0.206854671051636,280
RB,vru,0.0964842845343886,1.80908033501979,6.8809210914916,6.98337325456542,4,7.45003367752436,280
vru,TR,6.96783116499003,0.371617662132802,3.1153445046539,7.49722554299919,1.73299999999999,2.88617146701041,281
TR,vru,0.184905875147357,3.46698515901295,8.85479967481089,9.97665920001771,6.26700000000001,7.54519339403801,281
RB,vru,0.199795242997771,3.7461608062082,3.44596116832094,4.55819957363077,0.866999999999992,3.08020075231065,281
RB,vru,0.147355177410721,2.76290957645101,5.6908948069575,6.64732714876331,4.8,8.18037604931383,281
RB,vru,0.0800242156179029,1.50045404283568,1.83774500249912,4.30718749066817,2.46699999999998,0.610131278293199,281
BR,vru,0.056594704422862,1.06115070792866,6.3669867482723,7.96065069910279,7.20100000000002,4.34470654202998,281
vru,BL,2.49238803269394,0.132927361743677,1.9095233068772,2.26716405343408,2.2,2.6200618253499,281
vru,BR,2.67876132145204,0.142867270477442,6.69944620548874,7.46023003729468,8.66800000000003,3.41284288124543,281
BR,vru,0.127400949198462,2.38876779747117,8.79892104266879,9.28880579179181,9.46800000000003,4.36854786942905,281
RB,vru,0.0454913108211961,0.852962077897428,9.79906366985617,9.92856170778388,5.86633333333334,7.28289894199054,282
RB,vru,0.104024035566352,1.95045066686911,6.65477864667893,6.98508528135046,3.20099999999999,2.81963215439357,282
BR,vru,0.206171267119055,3.86571125848228,3.34193978347565,5.26313782748958,1.934,6.14381889952186,282
TR,vru,0.211778605118796,3.97084884597743,5.51080767656261,5.88477094107028,2.33299999999999,3.61434905870501,282
RB,vru,0.142769231298745,2.67692308685146,6.57506982380508,7.33335642677863,2.8,5.70287414301039,283
RB,vru,0.120806000986873,2.26511251850387,3.09717041039982,3.33366574069827,1.334,3.3763215044896,283
RB,vru,0.353983791259597,6.63719608611745,3.68117777973906,4.19514479720139,9.13299999999999,4.40111524505703,283
vru,BR,2.49159698980203,0.132885172789442,5.87591275929873,7.89580339987294,8.334,4.75528232847799,283
vru,BR,3.38911994804964,0.180753063895981,7.64830675272756,8.07605924836968,6.26699999999999,4.57599045559639,283
vru,RB,2.91028098465739,0.155214985848394,7.71747730257757,7.69597370495313,2.46699999999999,3.46047549229547,283
RT,vru,0.0884431832176128,1.65830968533024,5.83070164643687,7.90270779081733,4.13300000000002,3.64207525636177,283
vru,TB,8.68844723222132,0.463383852385137,3.28530541681195,4.02379808491,5.534,3.87834770800016,283
vru,TB,4.52480778244208,0.241323081730244,3.83944518650266,4.65329080437571,4.866,4.54601040700753,283
vru,TB,4.73858511828373,0.252724539641799,3.29669201810032,4.12298437477785,2.733,4.44783478791621,283
RB,vru,0.338495818720358,6.34679660100671,5.66145065629812,6.60463841404684,2.73400000000001,5.10018491063997,283
RB,vru,0.0927832752742049,1.73968641139134,2.32911001365281,2.66499678225583,2.66700000000001,0.840489728537744,284
vru,BR,3.3502732137675,0.1786812380676,3.80183708829017,4.52603799413541,7.668,7.82401066601063,284
BR,vru,0.125533304499393,2.35374945936362,4.91020388301705,5.44925378326812,8.868,4.66987094269351,284
vru,BR,3.211897418892,0.17130119567424,6.57630169279167,7.55618830888561,9.13299999999999,8.21602358119351,284
BR,vru,0.147204583418082,2.76008593908904,6.32661066485966,6.93175036460745,3.934,3.92470897162259,284
BR,vru,0.0699989169268953,1.31247969237929,6.20913972979225,6.49487150653943,3.6,6.67521600907553,284
vru,BR,3.23567414193775,0.172569287570013,4.86712775782771,5.80626771293711,7.2,8.89357340485196,285
RB,vru,0.142743039684228,2.67643199407927,8.18096814932595,9.01569319945424,7.60099999999999,8.30177034985791,285
RB,vru,0.195343501968523,3.6626906619098,1.74293987407915,9.91352829196686,3,4.43957039075023,285
RB,vru,0.158358788006772,2.96922727512698,3.81924771820786,4.72057688017419,1.26699999999998,9.67915552124012,285
BR,vru,0.163809509381707,3.071428300907,7.00471054063125,8.05692859633516,3.8,4.7352352297684,285
vru,BR,3.71366313503578,0.198062033868575,5.89555104358055,6.91762849734045,9.73400000000001,4.48715158698005,285
vru,BR,5.19073273074573,0.276839078973106,2.39650622750771,3.56655052560355,1.2,2.20332631309959,286
vru,BT,8.868131721445,0.472967025143733,2.35918358810233,3.83454553196948,0.600333333333341,0.871648717261335,286
vru,BT,9.41193616241953,0.501969928662375,2.13831218191979,3.88565290658602,0.466666666666667,1.79819443772865,286
vru,Further inspection,4.28471239731092,0.228517994523249,2.75311612234356,5.53079441200101,0.533333333333333,0.828762598570667,286
RT,vru,0.273069175531781,5.12004704122089,6.14567820128363,9.98713932044284,2.13366666666667,7.5404299292774,287
vru,RL,7.29275490072056,0.38894692803843,2.9117307102255,3.78712700003281,0.733666666666644,1.96636033338917,287
vru,BR,3.51489694201535,0.187461170240819,4.96640768859429,5.81577175806499,3.734,5.68892868632099,287
TR,vru,0.22252636223269,4.17236929186294,2.99483327728433,4.04572116796663,1.73299999999999,2.75100573386512,287
RT,vru,0.845537156158611,15.853821677974,5.19993070925466,7.90351868906354,3.59966666666666,0.393058763394437,287
BR,vru,0.235358715709947,4.4129759195615,3.01166556441809,9.28891019869436,3.73400000000001,7.84590276558587,288
BR,vru,0.155359145210647,2.91298397269962,4.2894109138192,6.02763349622155,9.26700000000001,3.51325369900502,288
BR,vru,0.105305695985988,1.97448179973728,8.18345393707915,8.43330847033448,5.26599999999999,4.62261172365555,288
vru,TR,3.76088533478974,0.200580551188786,5.76536611597179,6.60001310914712,3,2.56800166557465,288
RB,vru,0.134904596140803,2.52946117764006,5.52740516750213,5.56912774239271,1.333,3.34462578267281,288
vru,RL,5.16220558611532,0.275317631259484,7.5775562482688,5.17222401006858,0.733666666666666,0.0156021590063505,289
RT,vru,0.606381723218116,11.3696573103397,12.5610998513706,6.46526197754606,6.668,2.49400340222993,289
RB,vru,0.124557766882831,2.33545812905308,3.03876710033541,3.38140495984984,2.735,2.99454652728099,289
RB,vru,0.154057099193598,2.88857060987997,2.06978633645719,5.72515861779949,1.266,3.53861102521945,289
vru,BR,3.79315736996348,0.202301726398052,7.00316221841118,9.7659262930351,5.40099999999999,6.68287353630022,289
RB,vru,0.146771406727301,2.7519638761369,3.19227600227309,3.86958361170476,4.33399999999998,4.26354814037448,289
RT,vru,0.132957019579074,2.49294411710764,3.75018512265873,6.40185723535856,2.266,3.52894490866574,289
vru,BR,3.6866327579918,0.196620413759563,4.73148971943972,8.85410404110065,3.134,4.60433421347481,289
RB,vru,0.149591701240559,2.80484439826049,7.41586151651241,8.1948832042671,6.66700000000001,7.97541215005047,289
RB,vru,0.150355739750081,2.81917012031401,7.55037748119437,8.33832321294498,6.93299999999999,7.98161454714582,289
vru,BR,2.43861208204585,0.130059311042445,5.42343504649683,5.76143856004346,5.33399999999998,4.52209502065544,289
vru,BL,9.72592737819213,0.518716126836914,3.60417635140153,4.63217716707955,1.2,6.41905418849381,289
vru,BR,3.80367943524697,0.202862903213172,4.84286222978939,7.07409956466573,4.06800000000003,3.0470521752832,290
vru,BR,5.2836383279087,0.281794044155131,0.61817953583178,7.03404041065657,1.734,6.77323220768799,290
RB,vru,0.161398617490321,3.02622407794351,4.93380218111522,5.42177830265255,9.86699999999998,6.62791226923697,290
RB,vru,0.147143311250553,2.75893708594787,3.8233106207664,3.4995962797295,9.268,3.41232911557494,290
RB,vru,0.134795441233156,2.52741452312167,3.78980136771893,4.1848977837442,6.80099999999999,3.99675409232656,290
RB,vru,0.131363458955027,2.46306485540676,3.1245526187341,3.01960267333926,6.53433333333332,2.92522033044319,290
RB,vru,0.176486609087266,3.30912392038624,4.19580162244199,4.70196075398236,5.268,5.2557640877347,290
RB,vru,0.338221258754629,6.3416486016493,3.46384528860953,3.41320476146586,4.86699999999998,5.11904387329769,290
RB,vru,0.183616610657752,3.44281144983286,3.18992265500454,3.51892883559768,2.66699999999998,7.20618004425278,290
RB,vru,0.173119548916971,3.2459915421932,2.86946496981922,2.52425915385932,2.26733333333332,7.00954649378195,290
BR,vru,0.290017908772519,5.43783578948472,4.29533535135104,7.27884137525394,3.866,9.52143761828118,290
BR,vru,0.289187580402648,5.42226713254965,1.81629265643582,5.40409280311767,1.6,5.09714622156882,290
vru,BR,1.54838031777798,0.0825802836148258,3.41867670745857,4.67951126782267,9.66700000000001,8.88258067969793,290
BR,vru,0.0974481431729248,1.82715268449234,3.06711730217434,6.72672523279387,2.33500000000001,5.87101834723279,290
BR,vru,0.394273907317537,7.39263576220382,1.95931094803799,5.92030381595185,4.268,5.77387115066798,291
vru,BR,2.50239519910384,0.133461077285538,3.19354201597294,9.41598446061206,5.66600000000002,5.05702795805475,291
vru,BR,1.68736889476872,0.0899930077209985,5.06501280039834,5.20340767450334,7.20100000000002,5.54574108419535,291
RB,vru,0.174300367826111,3.26813189673958,2.20579339558824,2.69159298405374,2.66600000000002,7.76764807518513,291
RB,vru,0.129899834135463,2.43562189003994,4.09476290492222,4.25067405887222,2.13299999999999,4.84153844665993,291
vru,TB,4.0343760493822,0.215166722633717,1.94810248917828,4.85149453688036,1.268,0.0390648923806273,291
vru,BR,3.23204577344927,0.172375774583961,5.75235142604177,6.57170719034258,3.00099999999999,3.15965775318946,292
vru,RT,1.64562205150411,0.0877665094135528,3.53435386952547,8.18696602891323,7.06699999999998,4.62657515160874,292
BR,vru,0.21535117289716,4.03783449182175,4.65108005569009,8.08861785624164,5.80099999999999,5.58224534790282,293
BR,vru,0.226285817451962,4.24285907722429,5.70167187305704,6.2901263255242,2.6,8.22783741879401,293
vru,BR,3.10515230820753,0.165608123104402,5.73378827825118,6.20666950489524,3.53300000000002,5.48694462584723,293
RB,vru,0.10266811188695,1.92502709788032,4.57542202442208,4.86157556136173,2.267,4.70213069486581,293
RT,vru,0.211905075651261,3.97322016846114,10.9247823146766,2.83665968301023,4.2,3.10390176922723,293
BR,vru,0.225894485206775,4.23552159762704,6.47191130535512,8.17774964788556,2.80100000000002,9.44001299502671,294
BR,vru,0.121784708244436,2.28346327958317,4.30963427389924,6.68989093778609,9.2,3.62842393950764,294
BR,vru,0.183226759325934,3.43550173736125,4.03131418901369,6.09908752280794,4.86699999999998,6.56153797309405,294
RB,vru,0.103833226216412,1.94687299155773,5.68582760693955,5.6733156613407,3.668,4.55112445058254,294
RB,vru,0.169300462290897,3.17438366795431,7.82184206406397,8.18723758832657,8.134,6.2452174776759,294
BR,vru,0.0992015794034144,1.86002961381402,2.39812158077997,2.97836126325557,2.93299999999999,2.71136525123922,294
TR,vru,0.279284225347425,5.23657922526422,4.13669221668927,5.3588879009779,2.53299999999999,7.06833466156039,294
BR,vru,0.124154870555672,2.32790382291886,1.71835164880268,2.42983928830393,1.33300000000001,0.0411197231651819,294
RT,vru,0.182237074866996,3.41694515375618,6.28765889516878,7.83055773488559,4.137,3.45671911106016,295
BR,vru,0.248816967050927,4.66531813220488,5.37550749740434,7.74139314605933,2.534,4.35530019803822,295
BR,vru,0.332615414986508,6.23653903099703,5.80769665869373,8.50482545129966,2.934,7.34044208984251,295
RT,vru,0.0643029662133195,1.20568061649974,2.91959551784633,3.78926791152927,1.13333333333333,1.34542628807797,295
RB,vru,0.150580561106092,2.82338552073923,2.59226889005996,3.39797566443748,4.13299999999999,6.12631135582736,295
vru,BR,2.49813401861772,0.133233814326278,4.90760483340432,4.95679347886432,6.06700000000001,4.26559225609633,295
RB,vru,0.164720004929987,3.08850009243726,6.10367711628463,6.85844238708118,1.53300000000001,3.5833313562687,295
vru,BR,1.87396494537061,0.0999447970864323,6.00239779389125,6.82189828353173,9.53400000000001,3.85621401013452,295
BR,vru,0.168542320457085,3.16016850857034,5.04606967033791,6.08252716725974,8.06700000000001,4.33395815800422,295
vru,BR,2.59473962432251,0.1383861132972,4.43429493709472,4.68894171072634,6.73400000000001,7.15454302842015,295
RB,vru,0.306983592858352,5.75594236609409,1.95839485323684,2.60404370621221,0.933999999999984,1.34337193806332,295
vru,LR,12.4912784862318,0.666201519265696,2.99387950902036,5.00246313316189,0.6,2.70258708803241,295
RT,vru,0.0651840207107279,1.22220038832615,7.3101685887172,8.1444314906355,6.2,4.32050893649623,296
vru,BR,2.68545622155338,0.14322433181618,5.12287933209847,5.31760764422006,6.134,6.92794995060706,296
vru,BL,3.18094587779639,0.169650446815808,3.88826845834231,5.02355905830862,2.53299999999999,6.18846101545238,296
vru,BR,3.16589136340685,0.168847539381699,3.44491554639107,3.81820104561355,2.934,4.9136689145942,296
vru,BR,4.72120870241252,0.251797797462001,4.25273576283221,4.89273767858216,7.93399999999998,6.55278422585924,296
BR,vru,0.145685690970504,2.73160670569695,6.0092271829493,8.18947762576868,8.601,8.97636913362921,296
BR,vru,0.141531554860087,2.65371665362662,7.0303780086812,8.05839649701391,8.601,7.74257674116396,296
BR,vru,0.135147440632246,2.53401451185461,4.32516955448523,7.97162614639098,9.2,7.82379045809019,296
BR,vru,0.146509795181903,2.74705865966067,2.10726933354162,2.51741350219086,2.26599999999999,3.90728546235233,296
vru,BR,3.02487695448547,0.161326770905892,4.30136264273515,4.72089055705665,4.00100000000002,6.57401248372821,297
vru,BR,4.32398295496995,0.230612424265064,5.14054807388148,5.6975555934157,7.468,5.20260616880952,297
vru,BR,4.72396892293585,0.251945009223245,3.51170800427061,3.91083013808387,5.06700000000001,4.53638138877817,297
RT,vru,0.158035814839799,2.96317152824623,3.93060748976175,4.11726257810388,2.40033333333331,0.417464323910347,298
RL,vru,0.289341887218583,5.42516038534842,4.01066660351997,3.33558388899557,0.666999999999977,0.148517023740115,298
vru,BR,4.05259866682006,0.216138595563736,4.51054954515062,5.69331105847836,8.46600000000002,9.97431152238494,298
vru,BR,3.99477428265689,0.213054628408368,3.12208773218222,7.0548479474079,3.6,4.94465243653258,298
RB,vru,0.159303911165273,2.98694833434886,6.94001906100675,7.24019018997033,3,5.53918927915047,298
RB,vru,0.1581079872209,2.96452476039188,2.40832787452501,3.13164367662455,1.2,8.41607161745495,298
vru,BR,1.85393929308244,0.0988767622977304,3.48805453296533,3.71685546778144,3.6,6.4686359960917,299
vru,BR,1.92173632295038,0.102492603890687,3.90079789763842,4.30825267083094,6.93333333333333,4.17847259476105,299
vru,BR,3.62129182891262,0.193135564208673,4.21581444874855,4.53230959834205,4.935,3.10836922589316,299
BR,vru,0.0640072274087055,1.20013551391323,5.46792100648753,5.93008183007985,7.33500000000001,6.7055806785784,299
LR,vru,0.174554461967905,3.27289616189821,3.06409611515345,5.73775640580541,2.734,8.58106031502078,299
RT,vru,0.160823502288957,3.01544066791795,8.36552816304983,3.58222608808551,0.932999999999993,0.208462866496963,299
BR,vru,0.287449391902858,5.38967609817859,4.42361999260107,7.18698138102197,2.86600000000002,3.78488564726083,299
BR,vru,0.280013526750864,5.25025362657869,3.84082673560527,4.3602046215772,1.4,1.8063694481679,299
BR,vru,0.243661017897101,4.56864408557064,4.29956592097736,8.95642576629679,2.26699999999999,8.5971559757384,299
vru,BR,5.45414347716339,0.290887652115381,5.20663697324275,8.35019236219764,2.26700000000001,7.36137795782673,299
vru,BR,2.42562364151545,0.129366594214157,1.9436368551159,3.31512976381092,3.26599999999999,3.81186248351951,299
BR,vru,0.317871345243929,5.96008772332367,5.40664996937181,8.43018488652744,2.933,3.70228007740094,299
vru,BR,2.60453844398753,0.138908717012668,4.90783383037603,7.89770831599089,3.33399999999998,4.1522506184766,299
BR,vru,0.253734839696921,4.75752824431727,3.06708681137616,3.60991160038255,1.2,3.21732750874387,299
BR,vru,0.11782654865705,2.20924778731969,3.92132253688604,4.79645322821044,3.80099999999999,5.59867028644697,299
BR,vru,0.123968393595153,2.32440737990913,6.87319122127507,7.53912710325623,8.068,4.88527473510825,299
BR,vru,0.189147643485087,3.54651831534538,2.79073595085033,4.66552849975751,2.40099999999999,9.11654035137453,299
TR,vru,0.287324156564287,5.38732793558039,1.8498120812521,3.11862314865839,1.2,1.33466232805466,299
RB,vru,0.177699596667297,3.33186743751181,7.13053804668786,7.38715249944047,4.66700000000001,4.61931905139207,300
RB,vru,0.0982474551363783,1.84213978380709,6.95795169373373,7.24978235677614,6.533,5.55184306808931,300
vru,BR,NaN,NaN,7.77854113752392,9.30144585243298,5.40099999999999,6.74952513443928,300
TR,vru,0.175263021763429,3.28618165806429,2.16948233664702,3.1180035675771,2.06799999999997,8.80605043787496,300
RB,vru,0.134517063127551,2.52219493364158,4.2445653135758,5.84901178405437,1.73299999999999,9.04133410515706,301
TR,vru,0.29584193735611,5.54703632542707,6.5970144335779,8.65244093479596,3.33400000000001,4.67698054202076,301
BR,vru,0.307154618778569,5.75914910209818,5.22199700610383,7.79830403135378,2.73400000000001,4.0519128319279,301
RB,vru,0.117126521362006,2.19612227553761,2.29580817774986,2.70073740078344,2.4,0.231338075742178,301
vru,BR,6.49939901167496,0.346634613955998,5.35941081324347,9.78612687551128,3.53299999999999,3.01775885223085,301
BR,vru,0.0963738979780003,1.80701058708751,5.51738491408867,5.58189663987494,9.66600000000002,7.89416059640654,301
vru,BR,2.32696824588232,0.124104973113724,5.62633466828775,5.75373888878019,6,9.14375826448653,301
vru,BR,5.94056681311337,0.316830230032713,2.2638951447603,5.91485982022706,1.66700000000001,3.60191127286049,301
vru,BR,4.51484949057532,0.240791972830684,4.0067329200282,4.6108167914409,9.4,3.97907988015001,301
vru,BR,4.64224624814689,0.247586466567834,1.73858289321841,2.41975112363172,1.73300000000002,1.82867595071605,301
BR,vru,0.191504637771053,3.59071195820725,6.79096045139844,9.56670791626515,6.00100000000002,9.80757454814582,301
BR,vru,0.121555414896447,2.27916402930838,2.83182845797224,4.25473581501573,1.26700000000001,4.79158819556315,301
RB,vru,0.0776341508911052,1.45564032920822,3.46037192143371,7.28890026868717,3.33300000000001,8.3612086563008,302
RB,vru,0.0785489896004826,1.47279355500905,2.87236645799379,8.56286812533307,3.73300000000001,7.51236967436872,302
vru,BR,5.44357492813364,0.290323996167128,7.8225073625124,7.56782253750473,1.4,5.46681637302019,302
BR,vru,0.157300061839271,2.94937615948633,4.9590402752376,5.79502466624476,3.33299999999999,3.69837418623485,302
BR,vru,0.0834213684840465,1.56415065907587,7.30898649318266,7.85659979438152,4.6,4.24460338126552,302
RB,vru,0.0995581394400809,1.86671511450152,6.24472185624901,6.49623203772991,8.266,4.16625038094911,302
RB,vru,0.112563635430524,2.11056816432232,5.92174206554638,6.12652618043707,5.4,4.80750724166647,302
vru,RT,4.16819268365679,0.222303609795029,1.86026305138534,3.44659894261682,0.932999999999993,0.175944284098264,302
vru,BR,6.09028781759703,0.324815350271842,5.93217027779917,6.83697966752402,6,4.07638960571965,303
LR,vru,0.267804042958483,5.02132580547156,5.10673046709568,6.18428938820558,2.533,3.62672719727233,304
BR,vru,0.139108481446639,2.60828402712449,6.21506037260876,6.26562375032356,2.467,6.30018011506245,304
RB,vru,0.17863191183387,3.34934834688506,4.20888652987085,4.43801353067288,4.06700000000001,5.07893034568655,304
vru,RT,1.51160998111464,0.0806191989927806,4.11700380211745,7.54153053609074,4.00033333333334,4.03316438574934,304
RB,vru,0.0890866990930664,1.670375607995,7.01359639029682,8.79755116887604,5.2,6.5028657749346,305
vru,BR,6.28945635537215,0.335437672286515,4.61172016497863,8.85476094795547,2.466,3.84213158255329,305
RL,vru,0.353666216637692,6.63124156195672,5.51383286552466,6.30149945978675,0.6,7.53453307404767,305
vru,BR,4.38428958205006,0.233828777709337,8.29496941797125,2.56320341802309,1.53399999999998,6.20158530086688,305
BR,vru,0.00488319819619398,0.0915599661786372,5.53487874581012,7.67534515972304,3.99966666666666,4.75623905882364,305
vru,BL,5.07670734261946,0.270757724939705,1.58408368055689,1.92393142031341,2.06700000000001,1.47430461748519,305
RB,vru,0.0953472059464752,1.78776011149641,3.95831271013552,4.00490643202476,2.53299999999999,2.71005984616398,306
RB,vru,0.11246799473608,2.1087749013015,3.58396736380374,3.58923178269353,1.4,3.0016842756296,306
RB,vru,0.147060926499412,2.75739237186398,2.6760688975132,3.28238771591189,2.53299999999999,3.9590687657601,306
RB,vru,0.115582207679154,2.16716639398414,1.84489707711213,6.24037088019036,1.93299999999999,0.344513441403596,306
RB,vru,0.261392795450298,4.90111491469308,3.66738024439249,4.94668421370818,0.732999999999993,0.408355218892876,306
vru,LR,5.05230748530342,0.269456399216182,2.45321107246084,3.04494023683771,1.80100000000002,2.76937284939362,306
vru,BR,4.95859672263532,0.264458491873884,4.39366778735757,6.78726088366213,2.93399999999998,4.66458425020523,306
vru,TR,4.83200306692695,0.257706830236104,4.69542410680898,8.85634479864634,2.33299999999999,4.43313271851851,306
RB,vru,0.146200289114665,2.74125542089997,1.64863411997973,1.93661999483415,2.6,0.867071565949019,307
RT,vru,0.189628196515782,3.55552868467092,3.20257144303855,4.75914399101152,1.4,4.79528521057644,307
RB,vru,0.256868850242227,4.81629094204175,2.97319632431338,9.87366335505846,2.6,6.49241802387407,308
RB,vru,0.104861512957499,1.9661533679531,4.2779573803152,4.05802160975702,1.46700000000001,4.17171556819636,308
vru,BR,3.46901399194479,0.185014079570389,1.06596409911035,3.82449215550709,1.6,3.25937936039227,308
RT,vru,0.206083111735331,3.86405834503746,4.93295245943211,6.86707088049321,1.334,1.44447902150802,309
vru,BR,4.59822982863015,0.245238924193608,5.8441211748315,8.09828734492546,3.334,4.18141759767633,309
RB,vru,0.170331020936328,3.19370664255615,3.93903607487563,4.93227419393506,1.066,3.317931035992,311
vru,RT,1.67451370415273,0.0893073975548124,5.9034741752088,6.63349313528555,3.13399999999998,4.80881121852542,311
RT,vru,0.216802445633224,4.06504585562295,1.88384389531811,3.71822353877161,1.33299999999999,8.12980734907557,312
BR,vru,0.198709221049616,3.7257978946803,2.24265269517384,3.46004119500432,1.66666666666667,9.4417691813655,313
vru,BR,3.6846011172912,0.196512059588864,7.93782489326212,8.40661966161253,5.66700000000001,7.03883180174277,313
vru,LR,5.6312948353716,0.300335724553152,4.74692539181277,5.4807945694423,1.53299999999999,8.30928388421811,314
BR,vru,0.272475903421791,5.10892318915858,4.68098789708859,6.52133562888498,2.26700000000001,5.20851605172911,314
BR,vru,0.196581251228445,3.68589846053335,3.30424122596877,3.97033441702798,4.73299999999999,6.12491110157943,314
RT,vru,0.137697662426562,2.58183117049804,3.94940320681955,7.62381451294692,4.26700000000001,3.67581155952981,314
RB,vru,0.189782043205856,3.5584133101098,2.7271424849664,3.20719202244829,2.53366666666667,5.49345045607126,315
RT,vru,0.175919238884059,3.29848572907611,5.98077664942687,8.08165692524923,5.2,4.7968542817474,316
RB,vru,0.0758752374133985,1.42266070150122,3.5248417028774,5.52920238837089,2.466,0.733741096194805,316
RB,vru,0.142325959959562,2.66861174924178,3.85510837490474,4.16969449639276,1.13399999999998,3.4778957809132,316
BR,vru,0.214539257995467,4.02261108741501,4.25527250061887,7.8073159663985,2.66633333333333,3.92383624996896,318
vru,RT,3.83991461308889,0.204795446031408,5.76908802112543,8.13431242150446,2.334,2.81101294883288,319
vru,BR,4.69835186412175,0.250578766086493,5.06077577694855,6.61333977704175,3.8,5.03619005082969,320
vru,RB,3.47723874972482,0.185452733318657,2.14778670629378,2.43928150682288,2.401,0.682459282709705,323
vru,LR,5.68779416699323,0.303349022239639,3.97205914706243,4.67447761908738,1.333,6.27425351793139,323
vru,BR,7.8847460233488,0.420519787911936,7.07240416064924,8.64324089865189,4.86699999999999,5.36660879949424,326
vru,BR,4.50324894485184,0.240173277058765,5.28641100602965,9.72833121417749,3.53400000000001,3.60602934638012,327
RT,vru,0.102916410596741,1.92968269868889,6.55893212907927,6.26174089967409,2.53399999999998,2.18225065940392,328
vru,BR,6.51697688740549,0.347572100661626,4.96909849934633,6.08376953973602,8.4,3.07190670481521,328
vru,TR,4.04282470006862,0.215617317336993,3.69696995448851,4.34784324982105,1.534,4.5348263705517,330
vru,BR,4.5783693807029,0.244179700304155,4.65293958632096,5.30680983590845,6.2,4.55235948254516,330
vru,BR,4.75277020163888,0.25348107742074,2.83102979351339,3.43575956279193,3.26700000000001,3.21178542214237,330
BR,vru,0.0778827498442381,1.46030155957946,5.25634761056925,5.7134257934196,5.467,3.53742927474769,355
BR,vru,0.188413723083381,3.5327573078134,7.51939669374435,8.03878347001605,2.6,8.08807233769194,363
vru,BR,4.22620769298795,0.225397743626024,7.27081101577828,9.59373115781635,3.667,4.27065484474845,364
vru,RT,1.55311273905455,0.0828326794162428,3.06657575231429,3.17903125315186,4.93299999999999,6.94272094029271,364
BR,vru,0.225925800791331,4.23610876483745,7.2968289497931,9.67538738033295,2.86699999999999,4.31398061055099,364
vru,LR,5.08410759648643,0.271152405145943,8.31383470872844,8.92228435095026,4.80100000000002,6.09647296908521,365
BR,vru,0.175718748343651,3.29472653144345,2.07204537559962,3.11257128285882,0.865999999999985,0.41270664845976,366
BR,vru,0.211957999049686,3.97421248218162,7.44451906868146,9.35303564564834,3.40099999999999,7.80417700608274,366
vru,LR,6.16275767676906,0.328680409427683,6.1339731970707,5.70792574664328,1.53400000000001,6.21367800590121,367
RB,vru,0.271647697566961,5.09339432938052,2.28125855234436,7.7753671884936,1.8,0.128443816075213,369
RB,vru,0.113638108218534,2.13071452909752,3.95361500152204,4.07409619980991,1.46700000000001,3.39963410925771,370
RB,vru,0.0755124070624084,1.41585763242016,6.17705849133514,6.36029462858809,3.06599999999999,7.00933695614509,370
vru,BR,3.44908352737921,0.183951121460225,4.06858335362437,6.27806762945271,4.86699999999999,5.74793108352049,371
BR,vru,0.284148594381301,5.32778614464939,6.51325845636517,9.03424021634082,2.93299999999999,5.01786286686327,371
RB,vru,0.107348862188362,2.01279116603178,3.36208028083696,8.51602061361825,2.53300000000002,8.77134953911535,371
BR,vru,0.0569665130815555,1.06812212027917,7.7849012357227,8.77802249048284,3.933,3.42722428818536,373
BR,vru,0.212752833381226,3.98911562589799,4.37083559124982,6.59362825849928,3.2,3.65121832960386,373
RL,vru,0.263620214529154,4.94287902242163,5.50008630735333,8.22594082539353,3.067,5.32274789795934,374
RL,vru,0.300042228312344,5.62579178085645,3.57994538726154,5.59385458551066,1.866,4.2628928753414,374
RL,vru,0.252345174874959,4.73147202890549,2.51371202577067,4.55145338054685,1.8,3.01179115517267,374
LR,vru,0.22753970576459,4.26636948308605,5.97674788108462,6.57850811184252,3.60099999999996,6.44763596790232,374
vru,BL,2.36918176379121,0.126356360735531,2.63808903911555,2.80394733947537,8.80099999999999,5.66228638564388,374
RT,vru,0.143090481943505,2.68294653644072,4.93904426401954,7.91376352019582,4.8,4.65092637789529,375
BR,vru,0.0753483074486025,1.4127807646613,2.56495698388791,4.61723565244788,4,8.17065090552812,375
vru,BR,2.59496126589576,0.138397934181107,4.49111543048877,5.08804552063128,5.2,7.46703613308468,375
vru,BR,0.89050523370954,0.0474936124645088,6.24321259379211,6.97429885599687,4,6.24883351975438,375
vru,LR,1.92905735692339,0.102883059035914,5.21131284269283,6.09854117181626,2.267,4.15137864899259,375
BR,vru,0.259688296142461,4.86915555267115,5.13852408573228,9.71900861956193,3.60199999999998,4.11965550378339,375
vru,RB,3.98207303700869,0.212377228640463,6.60637645313667,7.15209673014765,6.934,9.95368478823101,376
RT,vru,0.280800855669037,5.26501604379445,0.149551802921783,6.71147910824754,9.46733333333335,5.63648422672275,376
BR,vru,0.260093903884709,4.8767606978383,7.46149220798294,7.99774147674134,6,4.62811789875176,376
vru,LR,4.47013387555769,0.238407140029744,8.65745345825774,9.04966867453862,4.401,7.7891130829262,377
vru,LR,4.09690194435874,0.218501437032466,3.76006671044596,4.28371910492257,1.466,7.48202556971142,377
vru,LR,5.28338724671389,0.281780653158074,3.71857869993739,3.99701824207575,1.333,5.42482070329329,377
RT,vru,0.130816192246604,2.45280360462382,6.41156449745394,7.29879719107445,5.86699999999999,5.08110498431316,377
vru,BR,3.68563966422612,0.196567448758726,4.15434126535785,9.64847190730825,5.00099999999999,5.17196991980492,377
BR,vru,0.277804274005625,5.20883013760547,5.74269378168266,9.50796012269564,4.4,5.5093608407563,377
BT,vru,0.612610800997868,11.48645251871,3.97720287166932,8.1009344559764,1.8,6.01806629736125,377
RT,vru,0.207001985095653,3.8812872205435,2.13809714840125,6.02354900756291,1.6,6.44561857058268,378
TR,vru,0.269347338594148,5.05026259864028,2.85572745022434,8.93499893607195,5.06700000000001,6.51241447547055,379
BR,vru,0.213785266973039,4.00847375574448,2.14645229990299,3.43818592921042,1.53299999999999,3.65692103420892,379
vru,BL,2.77015571903845,0.147741638348717,3.38383755804995,3.75107996371535,9.73300000000002,6.75742293024175,379
vru,BR,4.65559781902554,0.248298550348029,5.00797979349557,6.20012072044463,2.73299999999999,3.20140180089427,380
vru,RB,1.79687415943407,0.0958332885031506,3.01282605824757,5.35352408619537,2.06700000000001,0.448927591711009,380
RB,vru,0.143068664004968,2.68253745009316,5.1371845393752,5.60393155806219,3.867,9.02052074097872,381
RB,vru,0.0891187393715165,1.67097636321593,3.23762683813167,3.36558211036867,1.733,4.71847929358231,381
RB,vru,0.0906243724581122,1.6992069835896,2.91238999579288,2.80348344031367,1.601,4.25809358602623,381
vru,TR,4.28504246282206,0.228535598017177,5.24380803586951,8.29070152608557,3.333,3.86106417246929,381
RB,vru,0.101117082535286,1.89594529753662,4.5478940911982,4.77514343918578,2.201,4.81799075550492,382
BR,vru,0.0782462004126024,1.46711625773629,6.21535700280348,7.21856938199064,3.534,4.04298284705185,382
RB,vru,0.142020858149864,2.66289109030996,1.65684258209469,1.87887246456311,0.6,0.00286613052649858,382
BR,vru,0.139660594470777,2.61863614632706,2.39124696070496,4.75358315310032,1.66699999999999,5.47715901981138,382
RB,vru,0.20753015013051,3.89119031494706,1.77316576732717,2.10122548769416,2.067,1.16678998006868,383
BR,vru,0.111915026551646,2.09840674784336,1.033207652982,1.65688066752993,1.93299999999999,2.0270935226946,383
BR,vru,0.128948962653794,2.41779304975864,2.13792970666469,4.26006719404146,1.8,2.99236743104795,383
BR,vru,0.184627918731593,3.46177347621737,4.5573587754751,5.53441488869978,7.2,7.7272414248086,383
vru,BR,3.91042416760706,0.20855595560571,3.12927346857206,6.79018505956171,2.46699999999999,8.13015103956757,383
RB,vru,0.139886497825362,2.62287183422553,7.22319624585062,7.42498761953137,1.93399999999998,3.79492025975291,383
RB,vru,0.155308358259361,2.91203171736302,3.50238258914157,3.99286001815025,0.8,3.26148883169985,383
RB,vru,0.0780997804837152,1.46437088406966,2.94113808171161,6.3389028867588,2.73299999999999,0.575903621499893,384
RT,vru,0.113664926312951,2.13121736836783,2.56674049244021,3.61946472068497,9.13299999999999,8.28077042841581,384
vru,LR,4.1121392051968,0.219314090943829,6.63722446738241,7.18779112141384,4.06700000000001,5.3687487221527,386
vru,TB,2.2568688251391,0.0180549506011128,3.91464177012787,5.7394363587513,3.73299999999999,4.84038964738283,386
TR,vru,0.267010164140416,5.00644057763279,4.68733333653489,7.05476863230982,2.73400000000001,5.48118387999978,386
BR,vru,0.247831593091583,4.64684237046718,3.11611666658321,3.49226449955482,2.26700000000001,5.29114719177502,386
vru,BR,4.02744094401292,0.214796850347356,3.60251906390773,7.64954651809471,3.06699999999998,3.55234811720465,387
BR,vru,0.231818365783155,4.34659435843415,4.70799640796754,8.98200252993542,1.73399999999998,4.2337667414642,387
BR,vru,0.211509158119349,3.96579671473779,8.11210502944385,9.35579132418427,6.068,4.83992042879547,387
BR,vru,0.246281619141361,4.61778035890052,4.40736609257393,6.9457933038594,2.4,8.11363901338675,387
vru,LR,5.52479514171905,0.294655740891683,5.63682445131353,6.21176220694597,6.13500000000001,5.00424397014456,387
vru,LR,5.92801320592477,0.316160704315988,4.11194344864749,4.58404498074861,2.73399999999998,5.33943156503894,387
RB,vru,0.0783098633045213,1.46830993695977,1.55285284443334,1.72372516507137,0.866000000000016,0.126670351857489,387
RB,vru,0.0554444050922782,1.03958259548022,5.55868329653105,5.86571259489896,3.60099999999999,3.46539600786704,387
vru,RB,1.15142594287664,0.0614093836200875,7.51379401540793,8.51506159281809,5,4.2517219677031,388
vru,RB,2.00034616743456,0.106685128929843,5.98143559959536,8.56724220082486,4.93299999999999,4.36637524253876,388
RB,vru,0.125952727091864,2.36161363297245,3.32612636989503,3.81160752511493,1.26700000000001,4.18996174195469,388
RB,vru,0.160001063376939,3.00001993831761,3.04449372536579,3.40907488686352,5.13299999999999,7.71718948289135,388
vru,TB,5.13165350549143,0.273688186959543,1.44593581597068,2.18041137001302,1.66599999999999,0.00899555814170086,388
BR,vru,0.159711322751117,2.99458730158344,6.43787856393638,7.95163837288089,2.66666666666667,3.41931445316758,388
BR,vru,0.103073187809017,1.93262227141907,6.59344608813764,6.91370545657914,3.33300000000002,9.0199818594464,389
vru,TB,3.94661790522132,0.210486288278471,2.72984181499513,5.80902331076534,1.53499999999999,0.285960503354078,389
RB,vru,0.152161465651884,2.85302748097283,5.56176082005976,6.46044670688859,6.466,7.3188206551159,390
RB,vru,0.156389219193489,2.93229785987791,6.72103885416259,7.70896110463751,5.933,7.8999668118112,390
RB,vru,0.198815065409914,3.72778247643589,6.50159312287853,7.43775959655702,1.933,1.30108361632444,391
RB,vru,0.0822564305545892,1.54230807289855,2.93141892046593,8.16834443946074,3.666,6.80899684169434,391
RB,vru,0.124275849143068,2.33017217143252,3.54848394833002,3.95625512774966,7,5.42884382985551,391
RB,vru,0.13543547202624,2.53941510049199,3.66716499069039,4.0619744860498,6.46700000000001,5.33114455875244,391
BR,vru,0.187606347064449,3.51761900745842,7.24574203273644,9.87297799604998,6.466,6.30430077962988,392
BR,vru,0.219987444355534,4.12476458166627,5.04424660023339,9.34266248014832,3.86700000000001,4.29717861878324,392
RT,vru,0.184351136883373,3.45658381656323,2.32443870281795,4.80783103294896,4.668,4.92314027543241,392
BR,vru,0.319061388453909,5.98240103351079,7.05056382609554,9.09953281670202,2.466,4.85759413379885,392
RB,vru,0.0864155652128592,1.62029184774111,3.80849082683169,3.79587804589024,1.666,3.36727592056687,392
BR,vru,0.173731421450961,3.25746415220551,2.92114921705192,3.18093357430806,1.33500000000001,0.505525178739181,393
BR,vru,0.128622988871447,2.41168104133964,8.69323068954074,9.3089548316736,9.46699999999999,7.50682581257229,393
RB,vru,0.133636116126506,2.50567717737199,5.71063117999206,6.22684156009689,3.86700000000001,7.36317338643369,393
RB,vru,0.0820464808147189,1.53837151527598,2.43938492349973,5.71152800981762,3.06599999999999,0.774976394698667,394
RB,vru,0.0734501123932034,1.37718960737256,3.22438008002562,6.69908741962521,2.66700000000001,5.9612452384444,395
RT,vru,0.127658803195147,2.393602559909,5.43576291744734,6.97721469613883,5.53400000000001,4.59553410954569,395
vru,BR,3.81839170201375,0.203647557440734,5.84750503264692,5.06578959189373,2.8,4.80563267531468,395
RB,vru,0.134951314263011,2.53033714243146,4.04766029455689,4.65801931496642,1.46599999999999,5.413418166825,396
BR,vru,0.163731800153521,3.06997125287851,3.96909215254319,7.08373865308767,4.068,7.28819583279316,396
RB,vru,0.164196506239634,3.07868449199313,3.62627745353261,4.07683813514438,5.26700000000001,6.44358655188823,396
vru,RB,3.09626343671323,0.165134049958039,1.72016935372459,1.94507657470608,3.33299999999999,0.66832242089388,396
RB,vru,0.0897536390809104,1.68288073276707,2.35378034464969,3.01819424153307,4.268,0.642044764777232,397
RB,vru,0.0675471241970218,1.26650857869416,1.82924847712319,3.13900287407097,2.73299999999999,0.213804424377212,397
BR,vru,0.263464358831762,4.93995672809554,3.70470410299127,9.61306466021863,2.4,8.12291256169352,399
RB,vru,0.128711828115956,2.41334677717417,2.27579941035087,7.40161109108809,1.86599999999999,0.145504765786345,399
RB,vru,0.178128513586525,3.33990962974735,4.15334250717602,4.42834776808629,2.2,5.33573882093114,399
RB,vru,0.179485047157669,3.3653446342063,2.27031255228465,3.48866796515266,1,0.160380681218981,399
vru,RB,3.22765024357526,0.172141346324014,1.52462184002834,3.69649367113777,1.46699999999998,0.0225347539230971,400
vru,RB,4.9705857495246,0.265097906641312,7.26459393904602,8.90278764981851,1.73399999999998,0.982952376423537,400
RB,vru,0.134906402062017,2.52949503866281,5.62066582549859,6.14325005877324,7.86699999999998,4.45304378700357,402
RB,vru,0.0944547209842812,1.77102601845527,7.42484447432081,7.86804865210145,2.2,3.60282338963223,402
RT,vru,0.185997624688724,3.48745546291357,5.78517415466576,6.35221947362985,2.66700000000001,2.54325038614841,402
BR,vru,0.349448293338025,6.55215550008796,6.26087820247807,8.54330611474661,2.66700000000001,3.95403985525847,402
vru,RB,3.32872012782609,0.177531740150725,8.335347807888,5.59140427653455,2.00033333333334,0.200774004887593,403
vru,BT,8.38521801362567,0.447211627393369,5.21948985884798,6.0610420420976,1.79966666666666,5.03998719813004,403
RB,vru,0.1910123790431,3.58148210705812,5.41008516918453,5.89113374264145,4.66700000000001,7.54108441033144,403
vru,LR,5.35077450644179,0.285374640343562,1.72581077795599,2.12664387052619,0.8,0.178344732463936,403
BR,vru,0.0136550114987548,0.256031465601652,6.24814321033199,3.42138635059228,4.333,3.76252190512397,404
vru,LR,6.08322082411459,0.324438443952778,2.93810491601237,3.42268226497258,4.86699999999998,4.44347148755242,404
RB,vru,0.13677263969492,2.56448699427975,1.78677512198644,2.18880465226439,2.8,0.551823177712376,404
vru,RL,6.36514265404211,0.339474274882246,3.19407937097905,4.03412901742728,0.733000000000008,5.54846034680833,405
vru,RL,5.25979988916003,0.280522660755202,4.50702455298246,5.88578398610714,1.534,6.13771816998102,405
vru,BR,3.3739688921694,0.179945007582368,6.3190208877305,7.02685970972182,5.53333333333333,9.20193238918148,405
vru,BR,2.87793221121206,0.15348971793131,6.57774305520129,7.1075546536279,5.66666666666667,9.66438422242642,405
RB,vru,0.0549757562599325,1.03079542987373,9.01592721387873,8.85499749076233,5.93400000000001,5.48618586772172,405
vru,BR,6.71299511111391,0.358026405926075,4.48621695355524,9.08002346673995,2.46599999999999,3.9962557036902,405
vru,BR,6.5714901901526,0.350479476808139,6.48123777037867,9.72846587887168,2.734,3.73067369251829,406
RT,vru,0.215745617719129,4.04523033223367,4.25490769849846,7.83238661101556,2.66700000000001,3.79185189933136,406
vru,TR,5.63027385261918,0.30028127213969,6.56676503084339,9.20009889379758,3.468,6.47827185154993,406
RB,vru,0.117702637137844,2.20692444633457,6.95804701335799,7.0545665610647,3.53299999999999,5.38981699335267,407
vru,BR,5.08984728172134,0.271458521691805,2.30020576804088,3.18397425619132,2.4,4.44413688857337,407
RT,vru,0.10191164952594,1.91084342861138,8.85225981996552,2.81054567471703,2.93299999999999,0.31360167753307,407
BR,vru,0.206184176692859,3.8659533129911,7.48939555441648,8.78709801287033,2.4,4.64528069565984,407
vru,TB,4.41912844458455,0.235686850377843,4.20482623867602,5.2420282960489,4.26700000000001,5.32560882248834,407
vru,TB,4.43784740194761,0.236685194770539,4.28927992608259,5.46314267265294,3.93299999999999,5.09505836491984,407
vru,RT,1.08687136643331,0.057966472876443,1.72649560209377,1.9255550742631,1.13466666666667,0.647830176383846,411
BR,vru,0.137210401190699,2.57269502232561,9.1066428089713,9.75152717906841,3.26699999999998,4.21175369107892,411
vru,BR,4.89160492440004,0.260885595968002,3.03953239185612,8.02381841919171,2.666,4.2605022949122,411
RT,vru,0.202948705639873,3.80528823074762,5.73006202218248,8.48129926171579,3.86599999999999,4.0446361144209,411
vru,RB,2.99870411300584,0.159930886026978,10.7833857569099,9.20523993390556,1.53299999999999,5.51199515292061,412
vru,TB,5.26284159648065,0.280684885145635,7.11635795413135,8.41202942513234,5.866,6.04257822169791,413
BR,vru,0.130967860377431,2.45564738207683,2.06688818114899,3.01350659876173,2.26699999999998,4.77374805191893,414
RB,vru,0.168679777305661,3.16274582448115,6.95732830654484,8.04607017062625,2.2,4.08644429014891,414
vru,TB,6.55185487119093,0.34943225979685,19.2314558298056,2.3044122703748,2.40100000000002,5.89034509223267,424
vru,LR,5.80061027719309,0.309365881450298,2.41661224830829,2.71229866883078,1.468,5.12650038380383,447
LR,vru,0.314366052066701,5.89436347625064,7.13687478203421,9.30203114128247,3.33300000000001,4.8799863847219,449
vru,RT,5.39385436206273,0.287672232643346,1.93775302468599,3.75567798394893,1.2,1.20416154937211,450
vru,BT,5.84849502545527,0.311919734690948,3.88217647889834,4.95354741688537,3.80100000000001,6.49242955939588,451
BR,vru,0.289667997909207,5.43127496079763,4.82700764448085,7.92010862250621,2.80100000000001,5.98345405802679,452
RB,vru,0.0974808010706939,1.82776502007551,6.36032327200357,6.22401195571791,2.266,3.56950359298527,452
RB,vru,0.0935438937876719,1.75394800851885,8.03682401076863,8.5651522040323,4.86700000000001,8.33650141578713,452
vru,BR,3.65780611811794,0.19508299296629,7.92134900901472,9.34186574048337,4.066,3.75479477977081,452
BR,vru,0.145511130234505,2.72833369189697,7.26405006128946,8.19186910709839,7.86600000000002,2.54571520043943,452
BR,vru,0.212335447342982,3.98128963768091,6.92092098780209,8.09939914848672,3.534,7.58012430680969,453
BR,vru,0.125892169048089,2.36047816965168,6.23398088448113,6.74382082447484,2.73400000000001,2.91343036322109,453
vru,RT,2.01024940223879,0.107213301452736,5.8776953468966,7.4851872033772,5.067,2.54538379760809,453
RT,vru,0.187252069806557,3.51097630887295,6.54297170244491,8.88880520158656,5,3.46664382215187,453
LR,vru,0.203512993213315,3.81586862274965,8.0341038430171,9.68175835045506,2.733,7.73011732946289,453
BR,vru,0.287028487860979,5.38178414739336,1.63895347908835,3.56639177671516,0.933,6.79716932788674,453
vru,TR,2.54876527350563,0.1359341479203,2.40318585169031,5.75204297098396,1.134,4.64767884934371,453
vru,BR,3.24821725689868,0.173238253701263,8.30851565488986,9.10964659107088,4.8,3.28931031554175,453
TR,vru,0.234861318889958,4.40364972918672,1.44746970971866,2.2208419943986,0.933000000000023,0.0311298684054866,453
TR,vru,0.539018306616159,10.106593249053,6.3909450817463,8.94851617963829,3.33399999999998,3.95252245387922,453
TR,vru,0.22493496775259,4.21753064536107,2.4377807942455,2.32916849715769,0.601000000000022,0.126960642862078,453
RT,vru,0.138637194232457,2.59944739185857,5.08743633159866,5.44676021755349,3,5.66150660811145,454
vru,BR,2.00121786436512,0.106731619432807,7.99428385309856,8.76191370478629,7.6,4.28958536540706,454
TR,vru,0.318102420001788,5.96442037503353,3.8654469980151,5.60533225364668,2,2.40771914656946,454
RT,vru,0.114853581606441,2.15350465512076,4.60906408267439,9.66746224923503,2.13299999999999,0.185565375518595,454
vru,BR,3.27356488717855,0.17459012731619,4.15958740485474,9.70408385498737,4.00099999999999,6.48045592955117,454
vru,BR,4.82907999224121,0.257550932919531,7.74527238404423,8.79658526680159,3.267,6.51802517542367,455
BR,vru,0.0686606121186907,1.28738647722545,8.33109835172627,9.90973953557675,3.734,4.07784493199562,455
vru,BR,1.65715214540292,0.0883814477548222,4.93046712313976,6.30526752839337,2.93400000000001,3.76412330432135,455
RT,vru,0.183263879201512,3.43619773502835,3.79074247270951,8.433827981947,4.33400000000001,4.00318068372198,455
vru,BR,2.91496922908851,0.155465025551387,2.01446017828776,2.50503820492467,1.60100000000002,4.15607271915382,456
RB,vru,0.18197676986391,3.4120644349483,4.86091014549647,5.19859125597631,1.13400000000001,3.75795369333126,457
BR,vru,0.227732615571102,4.26998654195816,7.82257320128294,9.25674175284794,4.80099999999999,7.26612572391205,457
vru,BR,4.81275308923027,0.256680164758948,8.09981458735669,8.7804691198525,8.401,8.09414354170978,457
RT,vru,0.211303121828994,3.96193353429364,3.70012707119337,6.80227250765695,3.93399999999998,2.75789839712202,457
vru,RB,2.15210028179761,0.114778681695873,2.86342692088469,3.49791812563925,4.6,3.50789382459834,458
vru,BT,8.59661870615358,0.458486330994858,4.7102755524637,1.82953636525592,2.066,8.09311829120909,459
vru,TB,3.82095658246485,0.203784351064792,4.66935445373625,5.55751904215753,3.46699999999998,5.89150894668367,460
vru,BR,2.67410271013198,0.142618811207039,5.29970808622533,5.76327853526887,6.93399999999998,6.57266271947416,460
RT,vru,0.112138430357772,2.10259556920823,5.04969017994815,5.56450460370827,2.4,4.44407554346447,460
vru,RT,2.10978249205624,0.112521732909666,2.47672763730127,4.72756942394281,4.134,5.90511096194982,461
RT,vru,0.242439667676938,4.54574376894259,4.74530615510506,8.86201150867618,3.26700000000001,3.49355871319652,462
TR,vru,0.26807464427701,5.02639958019393,5.1335435474675,6.51653343501185,1.8,4.15465404656579,462
RT,vru,0.173333924537628,3.25001108508052,4.25187871096537,7.17291042677312,3.53299999999999,2.95661934711423,462
RT,vru,0.152440415110099,2.85825778331435,4.13114945403629,7.4794341412262,5.2,3.98851048260797,462
RB,vru,0.137846020071652,2.58461287634348,3.16394742901893,3.55822620241472,1.33299999999999,3.91778735354267,463
RT,vru,0.129128773341379,2.42116450015085,5.83343816766278,6.29537876661128,2.86699999999998,2.70736714560888,463
RB,vru,0.174893038355436,3.27924446916443,3.18719926314126,3.92190308568069,1,4.3504246278498,463
RB,vru,0.282472277379008,5.2963552008564,2.53284847064023,3.02596652707241,3.066,4.57609867223403,463
vru,TR,3.95331741522256,0.210843595478536,1.0884973218032,1.86039942014977,1.2,0.0106679451427312,463
vru,RB,3.34395231786019,0.17834412361921,3.29378358265378,3.3696445247895,7.134,5.48213884303939,464
RT,vru,0.200951237108274,3.76783569578013,4.66901932199671,6.00382821660292,2.06666666666667,3.73205170001831,464
BR,vru,0.262943071156016,4.93018258417531,7.06951376588219,9.30458846194652,2.934,6.23161146762776,464
RB,vru,0.102126916288461,1.91487968040864,3.7988611006048,3.7921792730453,1.068,1.73596711618433,464
BR,vru,0.373215360904236,6.99778801695442,4.68603137123681,8.68384475659896,6.40100000000002,7.34901577629198,464
vru,RB,1.23514660313814,0.0658744855007006,2.28447063903951,5.51394146927421,3.4,0.671676594825439,465
BR,vru,0.232134038974286,4.35251323076785,4.64142256442295,8.73596208982759,2.86699999999998,3.10172554342799,466
BR,vru,0.243986623363814,4.5747491880715,5.71943459415798,7.46000462713724,3.46700000000001,8.84129041818455,466
BR,vru,0.207136718025838,3.88381346298446,7.46867047706384,9.15624447881514,5.53299999999999,6.80917327783773,466
RB,vru,0.0813053820457004,1.52447591335688,2.68164624968778,5.68070252259702,2.266,0.367929456162221,466
RB,vru,0.0821954712802773,1.5411650865052,3.21493346600824,6.83425520087161,2.73299999999999,5.24267529368236,466
RB,vru,0.136742613615001,2.56392400528127,2.46243253738117,3.44970063029489,1.4,0.572195038755208,466
BR,vru,0.183122183591449,3.43354094233967,5.82956677018817,8.11145365468036,2.934,4.97695882298563,468
vru,LR,12.0036173234354,0.640192923916556,1.75062039843105,3.15779682764255,0.666999999999977,1.23525935578016,468
vru,TB,2.88841491932132,0.154048795697137,5.42851584946363,6.17218635911804,5.8,6.40775322376436,469
vru,TB,3.22943423539914,0.172236492554621,4.1150313894204,4.72352576354683,4.33333333333333,5.37797955572564,469
vru,TB,3.23832847058805,0.172710851764696,2.76021978237036,3.19334172172782,2.6,4.17026125871938,469
RB,vru,0.151224658085399,2.83546233910123,5.15292175125254,5.5326033787854,4.266,7.99592009282345,469
RB,vru,0.153823959516492,2.88419924093423,4.36397082868674,4.58311882618035,8.001,5.61318074293914,469
RB,vru,0.140700061564766,2.63812615433936,3.41269325185706,3.40099542504735,1,4.91455413769139,469
TR,vru,0.251576556157835,4.71706042795941,5.2186690645895,7.36595161564757,3.73299999999999,5.00383687489571,469
vru,BR,5.36518153619207,0.286143015263577,4.51904702932423,6.43925154806397,2.6,6.63686353107953,470
vru,LR,2.99100087794638,0.159520046823807,6.32356915883808,6.46800192944418,2.6,3.09977056281954,470
vru,BR,2.93236531247878,0.156392816665535,5.76187518912638,7.74738517891429,8.33399999999998,7.30412943970884,470
BR,vru,0.217030263082273,4.06931743279262,7.16639845317733,9.28204015352835,7.13500000000001,6.37697341141419,470
vru,BR,4.65472367206506,0.248251929176803,3.93230606266767,8.11046623758239,3.33399999999998,3.73277937513511,470
RB,vru,0.112325588069254,2.10610477629852,2.17452841344551,5.7828842974243,2.6,0.525890119729593,470
RB,vru,0.0720110846145775,1.35020783652333,7.25404996513112,7.32846395050518,4.40100000000002,3.71560777614893,470
RB,vru,0.122424263110117,2.2954549333147,5.71748826622112,5.86855376402856,1.73399999999998,4.94629626336178,470
vru,BR,2.94179404528269,0.156895682415077,6.66537884258311,9.35594126117889,5.334,4.18605513131322,471
vru,BR,1.40902669868155,0.0751480905963492,4.63263929803302,6.351119100875,6.73299999999999,3.53474567903494,471
vru,BR,2.87808812876393,0.153498033534077,4.65907753430049,5.4507547121912,8.73499999999999,6.99788305791044,471
vru,TB,2.46523931509397,0.131479430138345,3.89416861518217,4.51518784042351,7.93400000000001,6.24619182479235,471
vru,RB,0.984503386966883,0.0525068473049004,8.00876703463997,8.69919171162767,5.40100000000002,4.36369822265281,471
BR,vru,0.12615011972454,2.36531474483513,4.42856467861104,5.32642746256789,2.066,9.24348584823576,471
BR,vru,0.210009793210938,3.93768362270509,5.76540010013265,7.35007528715136,2.667,1.25581792578054,471
LR,vru,0.23695435017518,4.44289406578462,6.12879118108222,8.15385518951665,3.668,6.30375071605602,471
vru,BL,1.25870919095175,0.0671311568507599,2.01478895407568,2.42895564676773,5.60099999999999,4.27381557962266,471
BR,vru,0.207001064903747,3.88126996694526,3.55292810445874,5.24409778345404,1.33399999999998,1.41966265179731,472
BR,vru,0.252887858364621,4.74164734433664,5.60207615732239,7.50569199486836,3.734,4.36782434307328,473
BR,vru,0.129330486911812,2.42494662959647,5.89083057759132,6.71070463742517,4.40100000000001,6.41528017741816,473
TR,vru,0.238771322167265,4.47696229063621,6.72243731091299,7.61709937042706,3.06700000000001,6.87122674327294,473
RB,vru,0.128170327701129,2.40319364439616,7.57670149587017,8.40622137162962,2.534,6.55281733123193,473
TR,vru,0.28201102993613,5.28770681130244,6.19642133242996,9.07284684951809,3,5.03694561393845,473
vru,BR,2.98101726142324,0.158987587275906,6.96310565297178,7.35574209927884,2.4,9.53767307411236,473
vru,TB,2.75112063536666,0.146726433886222,2.88467845320992,3.57412670572519,2.40100000000002,2.95744491013079,473
vru,RT,3.47659263504181,0.185418273868896,4.07453137164843,4.17824921970789,1.66699999999995,1.66046478330739,474
RT,vru,0.317739047041604,5.95760713203008,3.04697672008525,7.01859159723536,1.86699999999995,2.65335435202418,474
vru,BR,1.48107637532693,0.0789907400174365,8.95430285298284,9.51952143644623,4.534,3.72491339840253,475
RB,vru,0.0245701364506809,2.14988693943458,3.85358084685505,4.22580746998223,3.53299999999999,5.75816054385432,475
RB,vru,0.0650308780735847,5.69020183143866,6.79890762457353,8.10030288214552,2.86700000000001,4.37780576490137,475
RB,vru,0.0851803527093909,1.59713161330108,3.56367818779632,6.32316876446504,2.268,0.592565293779254,475
vru,RB,1.85351648304997,0.0988542124293319,7.22556858355188,9.07669178688181,3.6,3.69124755628579,475
BR,vru,0.217546771370235,4.0790019631919,2.82027551391725,4.28241145044971,1.6,5.64596336170169,477
RB,vru,0.158090124844106,2.96418984082698,5.51169422707745,6.0413953720806,3.93299999999999,6.47888424678478,477
vru,RB,5.30852894672706,0.283121543825443,7.46714806433899,6.12244234951487,1.53299999999999,0.261471416788591,477
RT,vru,0.114145643410419,2.14023081394535,8.83749203306238,8.40858461095651,3.267,2.48282287108017,477
RB,vru,0.066909773230208,1.2545582480664,4.53468235831753,4.38929307124472,4.2,2.52408112298028,477
RB,vru,0.129292969933571,2.42424318625446,5.49390545416648,8.09751239837015,3.46699999999998,6.04474621885433,477
RB,vru,0.144590944302219,2.7110802056666,3.05287063268312,4.09967490681407,1.13400000000001,3.3830789858881,477
vru,TR,3.07804853699573,0.164162588639772,14.6467086971856,7.44276569017831,5.935,5.38369165667315,478
RB,vru,0.0736473048775741,1.38088696645451,5.60990799021512,4.46674977112067,4.8,4.83409352849636,478
RB,vru,0.072042874160515,1.35080389050966,4.34240909227577,8.77092819060451,4,5.00912486163952,478
vru,BR,4.7362514045781,0.252600074910832,1.36140055959414,2.54765162922101,1.6,1.45991829489068,479
RB,vru,0.141075910615547,2.64517332404151,5.435489119958,5.6165342595493,5.6,6.38576773752534,479
RB,vru,0.11532326932514,2.16231129984637,4.29557887788883,4.43533530713498,3.26700000000001,5.73515930537261,479
RB,vru,0.0586351473773932,1.09940901332612,3.19488535597585,6.9054281551612,4.2,4.92703813039105,480
RB,vru,0.116092422201244,2.17673291627333,3.16696600199569,4.09212079493007,1.4,4.34553835805872,480
BR,vru,0.125237667609318,2.34820626767472,7.4220091770424,8.00303085549462,5.6,4.76496048678946,480
RB,vru,0.0496794339821587,0.931489387165475,7.38119281423682,7.46010791779308,5.46700000000001,4.93913229378337,480
RB,vru,0.0892360092552091,1.67317517353517,8.59118449932629,9.49253142488042,5.53399999999998,8.78200464277259,480
TR,vru,0.215181062177766,4.03464491583311,2.46602274341801,2.85615650143877,2,3.11864988228626,480
vru,BR,3.75960125723113,0.200512067052327,4.17095126992437,7.49739298535053,2.93399999999998,4.42577652701979,480
BR,vru,0.216670107616426,4.06256451780798,5.34818638434262,7.3012668332553,2.4,3.61837788600382,480
RB,vru,0.112385844704791,2.10723458821483,5.01439754446131,4.91249038707617,1.53400000000001,3.31745315392959,481
vru,BR,1.06555300980282,0.0568294938561507,4.27921969093757,5.56796192302854,7.8,5.32468127651994,481
RB,vru,0.109732381548882,2.05748215404154,4.83099955273967,5.15437260493821,2.666,4.74500116100713,481
RB,vru,0.135592939016686,2.54236760656287,2.96799958382473,3.45366249237698,1.2,3.76700188741619,481
BR,vru,0.305746346349365,5.7327439940506,3.9832273129356,4.56520232866541,2.13299999999999,2.56759254588238,481
vru,BR,3.70937630943497,0.197833403169865,6.73188682964655,9.14985636119912,6.333,3.85724260006309,482
vru,BR,3.1875980411371,0.170005228860645,4.03111162922435,7.61458915206476,3.867,4.25879823381396,482
vru,BR,4.53576893842708,0.241907676716111,5.4405259723671,9.07447932349066,4.934,4.23079903276177,482
vru,TB,2.37108360331893,0.12645779217701,2.00148404714651,3.42250965161893,1.534,0.00260131307343774,482
RT,vru,0.16927219783585,3.17385370942219,3.3193109444678,5.18819610453981,2.86600000000002,3.41686233056896,482
RT,vru,0.249770217732534,4.68319158248501,4.75805492012807,8.91031817257897,3.26699999999998,6.49889190069792,482
BR,vru,0.107544206651269,2.01645387471129,6.82491616015788,7.03049825672758,2.93366666666667,3.73990227170464,482
vru,BR,2.6364505316787,0.140610695022864,6.4968336784371,6.81933061200143,5.333,9.34888176321266,483
vru,BR,2.6768673311142,0.142766257659424,5.28891149978093,7.20373393200744,8.466,7.81195304653626,483
RB,vru,0.140607211669708,2.63638521880703,8.51631268231977,8.53711848096075,5.73400000000001,8.75443453466106,483
vru,BR,3.45864562342097,0.184461099915785,6.04759640579747,6.84594519218725,9.33299999999999,4.85143672417202,483
vru,BR,5.57875988153207,0.297533860348377,4.06361964059789,5.36574616743892,8.13299999999999,3.30392755055013,483
RB,vru,0.0881383989748348,1.65259498077815,3.50329539374802,3.78024788029454,6.26699999999999,2.3726523120561,483
RB,vru,0.206377313288643,3.86957462416206,2.1423774504352,2.95020567144092,1.06700000000001,7.57852594801932,483
vru,BR,2.95272131283194,0.157478470017704,7.73919234410537,9.40857310530094,8.066,9.93747113989945,484
vru,BR,2.20220390628485,0.117450875001858,6.00372715852334,6.98709914694585,6.668,6.45519750857857,484
vru,BR,2.99506078928921,0.159736575428758,2.96297401263079,3.59676816014509,2.6,6.56821385010713,484
BT,vru,0.0556381960457604,1.04321617585801,0.722846198099274,5.20980133571219,7.468,6.69364855109175,484
RL,vru,0.233436839050873,4.37694073220388,2.52479254817572,5.82453503384846,1.467,4.38241226273521,484
BR,vru,0.107968407505139,2.02440764072135,4.1315186457475,5.71736120828977,5.201,2.32384275309935,484
BR,vru,0.165742011317073,3.10766271219512,3.84579345293093,9.56904455927043,4.734,8.78319409129262,484
vru,RB,1.42464767349106,0.0759812092528565,6.94974855580642,7.13979150877608,2.8,5.46088496867378,484
RB,vru,0.0604343461916492,1.13314399109342,7.91936028251931,8.67744518990781,4.6,5.56665712069063,484
RB,vru,0.181406267650336,3.4013675184438,8.10141129885617,9.48642609375789,1.93299999999999,8.5004391603703,484
vru,BR,3.26943829602396,0.174370042454611,4.30902751488315,6.02591709982581,9.266,4.94913353663205,484
vru,BR,2.69573957302983,0.143772777228258,7.53861909502437,7.67980471181511,7.2,6.80389250418445,484
vru,BR,3.79344889289191,0.202317274287569,1.36080274093176,1.9562407735916,1.26699999999998,0.214386867979373,485
vru,BR,2.93984757844103,0.156791870850188,5.04954394630613,8.1322587740962,2.33299999999999,6.67333587027586,485
RB,vru,0.15624547327057,2.92960262382319,2.91808131924804,3.73561474456377,1.067,8.76003437459872,485
vru,BR,5.42836173081004,0.289512625643202,2.26627445953907,9.63739901639103,3.40099999999999,5.91380830468848,485
vru,RB,3.9786543807395,0.212194900306107,4.18495058730462,5.39636056199948,1,2.7952358634365,485
vru,BR,2.71605363912141,0.144856194086475,5.29288656527463,7.08382813653153,4.26600000000002,4.63743973404536,485
vru,BR,1.22687905774438,0.065433549746367,7.2155488891817,7.3733903930921,8.73500000000001,7.4049678797164,485
vru,RB,1.30223765778387,0.0694526750818062,3.55252400947181,3.4350405102461,1.13299999999999,2.15674617348415,485
RB,vru,0.161449289972069,3.0271741869763,4.6296651762786,5.18338070530751,3.13400000000001,2.59979598138258,485
vru,BR,7.71414747069975,0.41142119843732,7.46509655474759,8.97641793511697,5.2,4.10276261053185,485
vru,LR,5.91641877132093,0.31554233447045,5.34268418493193,6.34675421254444,7.734,4.3827800647604,486
RB,vru,0.104764592748051,1.96433611402596,2.48824234724745,2.9431999682036,1.333,0.648617119592007,486
vru,BR,3.82819538492006,0.20417042052907,4.06178595389076,7.5789084976487,3.2,4.42838519328717,486
BR,vru,0.297401818571502,5.57628409821567,3.00476797767794,4.51296992445874,1.66700000000001,3.22303648069416,486
vru,LR,4.85663014146487,0.25902027421146,2.24120628498239,4.89439930297487,1.534,3.59788492411942,487
vru,BR,3.60685452174593,0.192365574493116,6.35672003507572,8.07962150001491,8.66700000000001,8.18791540433737,487
vru,TB,1.69800745338691,0.0905603975139688,5.71544110853446,6.50449243491273,8.068,2.80162208947761,487
vru,TB,1.42253607507793,0.075868590670823,7.1400442528523,7.41673200141859,6.934,3.84727304980196,487
vru,TB,1.28465516964341,0.0685149423809819,5.25320710119045,5.19551718609777,4.068,8.01758912987225,487
TB,vru,0.0965739529300534,1.8107616174385,2.36049667481006,2.40596827407779,2.33400000000001,5.88062566590131,487
TB,vru,0.130900914250891,2.45439214220421,3.3763636720369,3.43591798957387,3.33400000000001,7.4024151128228,487
BR,vru,0.189695063214438,3.55678243527071,4.56443068326992,7.23300296074436,2.80100000000002,8.37684259728583,487
BR,vru,0.0868856346974856,1.62910565057786,5.82186581737523,8.69449542070372,6.13299999999999,4.39637829007309,487
BR,vru,0.172532085245312,3.23497659834959,6.74015363538507,9.59456503110149,9,3.48137554334456,487
BR,vru,0.115397998129826,2.16371246493424,3.8804147252865,9.43208353819722,6.8,5.11759314817764,487
vru,BR,2.58564159457424,0.13790088504396,3.95017200775797,4.64146528453306,7.201,6.58812191709316,487
vru,BR,3.56394564504125,0.190077101068867,3.73871494449814,3.96105363687342,4.6,9.4743704844729,487
vru,RB,2.28448378748116,0.121839135332328,1.59945870922192,1.79767750941296,4.93399999999998,1.43942517553018,487
BR,vru,0.106451587453274,1.99596726474889,5.41873949845773,5.69070778586786,7.60100000000002,5.09269097846692,487
RB,vru,0.0920104606900844,1.72519613793908,3.26782433104932,4.238380475608,2.268,4.13292394046822,488
RB,vru,0.101927205662831,1.91113510617808,3.78469676254849,3.84022906651795,3.66699999999999,1.14766435015849,488
RB,vru,0.112639282294194,2.11198654301615,2.70932766545463,3.94269510666153,1.46700000000001,1.55107265859867,488
BR,vru,0.130059881504744,2.43862277821396,7.67019937328536,8.60122228422884,4.2,5.13446062369797,488
vru,BL,1.79165648516834,0.0955550125423116,2.90914525914072,3.02715101392403,5.33299999999999,7.51424533159849,488
vru,RB,3.69210340500586,0.196912181600312,1.97290462996708,4.58957860764933,1.8,1.82322292298179,488
RT,vru,0.0874542731978683,1.63976762246003,6.40884599882441,7.73708599857814,6.13399999999998,4.19986077122185,488
TB,vru,0.100517716206344,1.88470717886895,4.98370471133886,5.53129430988088,4.6,2.73298653646426,488
BR,vru,0.178899081117042,3.35435777094453,1.62700166394894,3.02952905313054,2.668,4.69086304600721,489
RB,vru,0.151198329515855,2.83496867842228,3.27091859519387,4.18165296935122,2,4.15300467207716,489
vru,BR,2.37158838433707,0.12648471383131,3.92743961048697,5.68010627745324,6.4,6.53453853592617,489
vru,BR,3.98359712259711,0.212458513205179,2.73016861250529,3.66366733250488,2.867,8.072162160357,489
vru,BR,2.08316014976935,0.111101874654365,4.49364786933316,4.88769380992124,9.734,7.82375339723597,489
BR,vru,0.102912068680731,1.9296012877637,6.99712079776227,7.80884586495261,4.6,2.71778516078605,489
BR,vru,0.236569866317886,4.43568499346037,2.4452993512905,6.55318582916327,2.66599999999999,5.16538726182799,489
BR,vru,0.162445035376376,3.04584441330704,4.45291765618168,6.34636876454594,3.39999999999998,5.36851678191512,489
vru,BR,3.46494459188698,0.184797044900639,3.58933370034875,4.50936778117699,3.66700000000001,4.31269256855017,489
BR,vru,0.574753897531716,10.7766355787197,3.53223556256159,8.14704661518088,0.866000000000001,7.9734727066931,489
vru,BR,5.26293442846913,0.28068983618502,6.72948318794367,9.10252796945659,9.2,5.14493773712074,489
RB,vru,0.0683739750574719,1.2820120323276,2.12111039494187,2.50629534686041,2.53400000000001,0.743090377128058,489
TB,vru,0.0440623887477966,0.826169789021186,5.28621416636493,5.29182620649632,8.6,7.74586514448344,489
TB,vru,0.0758548622604492,1.42227866738342,5.63483193814296,5.64457833131943,8.73400000000001,7.86196600548443,489
vru,BR,2.73917465422623,0.146089314892066,4.49195247092786,4.69913919654429,6.06700000000001,4.42276172389477,490
vru,BR,4.32742703312527,0.230796108433348,2.54467179458547,5.95672540804397,1.8,2.74624379720533,490
vru,TB,4.1848540526688,0.223192216142336,2.85758070240937,3.22338365445261,2,0.892809857971377,490
vru,BR,16.4172879928402,0.87558869295148,4.22640907404342,5.33628501777749,3.26700000000001,7.17290270178115,490
vru,RT,2.4078167688825,0.1284168943404,4.88090615040828,6.96738910357455,6.80100000000001,4.17675426929092,490
RT,vru,0.0952945476964259,1.78677276930799,5.54852831175939,5.53221082291506,2.4,8.50204430448121,490
vru,BR,5.13853602801474,0.274055254827453,1.31224925443224,1.83735616356761,1.53300000000001,2.08687762035955,490
TB,vru,0.225732293251005,4.23248049845634,3.79684196681607,8.0253189999687,2.668,4.88310733154482,490
BR,vru,0.229127239472323,4.29613574010606,6.85247729135046,7.99461573383843,3.99966666666666,6.33275582799714,490
BR,vru,0.227354448133819,4.26289590250911,6.86707894126085,6.83819758690882,2.40066666666665,7.11766251840334,490
vru,BR,1.97849156893907,0.105519550343417,6.47007157846637,6.58268793769613,4.93299999999999,5.35009582158733,490
BR,vru,0.264848740705236,4.96591388822317,4.88232617430721,9.61843580104808,3.73400000000001,5.09068197648317,491
BR,vru,0.37110029147983,6.95813046524681,6.54198158964624,5.80448435540325,1.666,3.27354174957746,491
RT,vru,0.0962678232283933,1.80502168553238,5.21960071348585,5.75371425347025,3.86700000000001,3.01465363291316,491
TB,vru,0.13678043441098,2.56463314520588,6.60446879357073,7.37453115626394,4,5.25984428129774,491
TB,vru,0.130952246593817,2.45535462363407,3.20364504105604,3.9473201763904,3,5.05497578270102,491
TB,vru,0.123755144728908,2.32040896366702,3.37827780344074,4.46845317584241,2.80033333333334,3.83877349414037,491
TB,vru,0.0898868677545909,1.68537877039858,5.40942869286546,5.38633194192582,9.13400000000001,4.66907547045091,491
TB,vru,0.0923626657620194,1.73179998303786,4.97950670255251,5.20533536115686,8.46800000000003,4.46692237779986,491
BR,vru,0.0775365770199917,1.45381081912484,4.59360825888271,4.76894211935581,3.8,6.23319362486201,491
vru,TB,1.72549388022196,0.0920263402785047,4.16305401280238,7.20399416974274,6.8,7.05059897921687,491
vru,RT,2.50823867993011,0.133772729596272,5.23517655909612,5.89097882534606,3.26700000000001,5.96579801679838,491
vru,BR,1.78711065046388,0.0953125680247401,5.90592528381571,6.97826141540523,4.4,3.37012881695051,491
vru,TB,11.8957160725777,0.63443819053748,6.6490417341566,7.73537009467145,2.33299999999999,7.04104627210794,491
RB,vru,0.0860594167369926,1.61361406381861,2.10393839428262,2.99122142143583,2.733,1.54952000096677,492
vru,BR,1.79752636151898,0.0958680726143458,5.68555463823514,8.39911352115141,9.2,3.4173530438485,492
RB,vru,0.0553372450045731,1.03757334383575,5.18096926748388,8.75286914845854,5.8,9.05169474467812,492
RT,vru,0.129944973443326,2.43646825206236,2.15561344905419,4.11475952617341,3.933,3.31657975080218,492
BR,vru,0.182340155772648,3.41887792073714,5.85964188493055,8.16875993604361,7.13300000000001,5.35584748877669,492
vru,BR,4.60735439056489,0.245725567496794,6.23517352477121,8.58727779022892,8.868,4.31938149208192,492
BR,vru,0.0443211607548094,0.831021764152677,0.91982227834966,3.22158300998009,7.86699999999998,4.0422732287956,492
vru,RB,2.97128205852153,0.158468376454482,2.59660928419678,3.23739145762644,1.06700000000001,2.48518759307979,492
RB,vru,0.16074650752846,3.01399701615863,1.92718725121425,2.22080810012684,1.6,0.0548208576740697,492
BR,vru,0.0979372965416181,1.83632431015534,7.26304335365068,8.88053481683417,4.53300000000001,7.0648079105608,492
BR,vru,0.461167604178174,8.64689257834076,2.1701609885918,3.1456672528858,0.733,2.25224737574745,493
RB,vru,0.0894449313416099,1.67709246265519,5.36023651455443,5.50012076418935,6.066,4.69502256774132,493
RB,vru,0.0924359257936678,1.73317360863127,4.05642385770204,4.24560575778299,4.53300000000001,3.62466399240679,493
RB,vru,0.132244646078315,2.4795871139684,2.96385470936802,3.20177807158114,2.666,4.33906261729187,493
RB,vru,0.151455914119656,2.83979838974354,1.81308093734219,2.23590650055871,2.33299999999999,0.157702164742134,493
LR,vru,0.182633076775462,3.42437018953991,4.88039835797871,6.05733801356435,3.13299999999999,5.59209916864587,494
vru,BR,4.67376547001558,0.249267491734164,6.78410559831019,9.70448901901951,6.53400000000001,6.11743359959375,494
vru,BR,2.26657474743523,0.120883986529879,5.44859894642468,8.81778269653736,4.73299999999999,3.53973411628594,494
TR,vru,0.181129230979676,3.39617308086893,4.26842282663603,6.0597371070572,2.73400000000001,4.433502276665,494
vru,RB,3.81513136140838,0.203473672608447,6.10222575643328,5.55800718987547,1.86700000000001,0.658599664569211,494
vru,RB,2.78903247888222,0.148748398873718,1.77758118253234,8.09025266832021,2.13299999999999,0.309710527373593,494
RB,vru,0.158920066002403,2.97975123754506,3.67403582187111,4.1581616564434,1.2,4.54906917080489,495
vru,BR,6.46918923925244,0.345023426093463,1.06482651598994,2.32130012416496,0.8,0.0488726131337424,495
BR,vru,0.512870201793108,9.61631628362077,5.0438922192079,9.24452570993694,1.93299999999999,6.43239766847597,495
RB,vru,0.17585161018086,3.29721769089112,2.47323258029428,2.91931581784132,1.93400000000001,4.08773221367704,495
RB,vru,0.210595191474298,3.94865984014308,5.90153212580444,7.55126166817108,2.26699999999998,3.54563205639141,496
RB,vru,0.144645436843633,2.71210194081812,9.12251018504496,9.88433802033608,4,7.76557242922235,496
BR,vru,0.218206648955364,4.09137466791308,5.87459714368745,7.25483761652514,4,3.79942675880477,496
vru,BR,4.05138703187766,0.216073975033475,4.18610487688188,6.8876986644082,4,3.69625655343267,496
vru,BR,2.907099269982,0.15504529439904,5.88173198970965,9.28626071695054,9.80099999999999,5.1394185775338,496
vru,BR,3.93042605418943,0.209622722890103,6.8064785632232,9.78689076155993,6.93299999999999,4.58058272883239,496
vru,BR,4.00682357048362,0.21369725709246,3.63046563321494,7.2368823308001,2.66700000000001,4.30553578805817,496
vru,LR,8.45705741388567,0.451043062073902,6.47443009539786,7.68583570806686,5,5.47917828489872,496
RB,vru,0.171458402536135,3.21484504755254,1.62001740577579,1.91513474545365,4.53500000000001,0.573858662823539,496
RB,vru,0.22262080184006,4.17414003450112,6.17765412606071,9.83193693793076,2.33299999999999,4.91975889875087,496
BR,vru,0.15957191844939,2.99197347092607,7.07676162872411,6.98173755873119,2.73333333333333,3.02370086146549,496
RB,vru,0.185509516037123,3.47830342569605,4.74748193631011,6.68527187357137,1.66700000000001,7.41947423635511,497
RB,vru,0.123619016151883,2.31785655284781,2.05451851573427,2.49424194808242,0.867000000000007,0.0529446343669728,497
LR,vru,0.194202557845436,3.64129795960193,5.62223646443741,5.95721307354331,3.33300000000002,8.2870481675465,497
LR,vru,0.193820205629619,3.63412885555536,5.22458878140728,6.46026120475906,7.93300000000002,3.68441481888995,497
RT,vru,0.136489481847753,2.55917778464537,5.6548833842238,6.63476988028978,5.4,5.71735080433384,497
vru,LR,3.84893296898208,0.205276425012378,6.97450477617149,7.64505899647538,2.86700000000001,5.22262487681129,497
vru,RB,2.86151195531981,0.15261397095039,3.33039247532735,3.67730612776465,3.134,6.99189057143402,497
vru,BR,4.84317504003072,0.258302668801638,7.73338286403733,9.73242027953791,3.20200000000001,5.14669563908045,498
RB,vru,0.194117029260044,3.63969429862582,5.55592930052061,9.92747639358703,3,4.09635697132254,498
RB,vru,0.164133967932443,3.07751189873331,6.47359090790899,6.92298001099758,1.53299999999999,3.7296059615527,498
vru,BR,5.32291970956293,0.283889051176689,4.50979317066622,7.20661574296048,2.46700000000001,6.38549409300339,499
vru,TR,3.89696569402904,0.207838170348216,7.6813608747301,7.77719236645093,3.73299999999999,2.63058177756335,501
vru,LR,5.43481548987191,0.289856826126502,4.41637870573939,4.13983662490903,7.2,6.68004243497725,501
vru,BT,9.98756567458656,0.532670169311283,3.46999178574132,5.81462241027613,5.73300000000002,2.84396758854481,502
vru,BT,9.5129220775656,0.507355844136832,3.68287330101728,4.99490609741223,4.06600000000002,4.9822763849724,502
RB,vru,0.107299774788871,2.01187077729134,9.58182689027055,9.84054582274425,4.401,6.88693290312981,502
RT,vru,0.0822657677466944,1.54248314525052,3.85873864200616,4.21039132173124,3,4.75682483759674,503
vru,BR,5.63081707381169,0.300310243936624,5.39398020150507,6.73056106939376,7.267,4.58560577482278,503
vru,BR,4.12520412272951,0.220010886545574,2.31361038818852,3.03189156531017,1,1.49745731058542,503
RB,vru,0.130558368356115,2.44796940667716,2.18358964018286,2.43927469136591,3.068,4.46902573326641,504
RB,vru,0.161659651497071,3.03111846557008,3.90530136392349,4.5244543145323,4,5.57215359001457,504
vru,BR,4.96343777243259,0.264716681196405,5.26102859329082,6.65797725895526,3.268,9.7099586930521,504
RB,vru,0.201711033897181,3.78208188557214,3.73030695469739,7.94073886958311,2.4,7.41889089885633,504
RB,vru,0.0802722370639488,1.50510444494904,1.85991431898464,6.08071536026218,2.33299999999999,0.0640708025946844,504
RB,vru,0.120709514721006,2.26330340101886,3.13163657693434,4.60757859452594,1.53300000000001,0.506782918026352,505
RB,vru,0.116626976720759,2.18675581351423,3.05143840298914,6.71452158312381,1.866,0.354075913966211,505
RB,vru,0.185154562295354,3.47164804303789,3.20573440219388,3.25440504056886,1,3.37569452284755,505
vru,RT,3.87374542375665,0.206599755933688,4.30914807718527,7.22401569043212,2.934,8.54370041908915,506
RT,vru,0.09102511211373,1.70672085213244,5.551981525726,6.2622402580059,4.8,4.11048641774162,506
vru,TB,8.64703519686928,0.461175210499695,1.80202810688287,2.52002105375552,4.33500000000001,3.7580182738038,508
vru,TB,8.43730063559355,0.449989367231656,1.80088255458624,2.54960025238222,2.93500000000001,3.7580182738038,508
BR,vru,0.160584560181733,3.0109605034075,2.68138541262196,3.2932725141135,3.467,6.44112651164397,511
vru,TR,3.50663813351164,0.187020700453954,5.4017426752223,7.35169492412665,4.53500000000004,7.14333338427011,511
vru,BR,0.255498604893575,0.0136265922609907,6.78519355434952,8.77691441885157,5,3.87742781991943,513
vru,LR,6.40031433850427,0.341350098053561,2.89019118027143,3.42642162165801,1.2,3.48820690489537,515
BR,vru,0.119415359308862,2.23903798704116,5.60746299536641,6.62761682838732,3.4,7.36992790125028,515
vru,BR,4.96520653188975,0.26481101503412,4.02256301905771,6.22851524429739,2.66699999999999,5.26850399940006,519
vru,BR,3.96043792923731,0.21122335622599,5.82513654231301,9.93980736485305,2.06699999999998,8.29809898966762,543
vru,BR,3.02837098454403,0.161513119175681,2.02615066648238,2.85830751628369,1.06666666666667,2.39030969198595,544
LR,vru,NaN,NaN,4.55894985612231,4.89734281982941,6.73300000000001,4.64753913628765,545
BR,vru,0.016543375927588,0.310188298642274,6.57025614888635,8.53365056554432,5.80100000000002,3.36122917060657,546
RT,vru,0.325105545751564,6.09572898284183,6.92446061598099,8.56247642265801,3.53299999999999,2.33437247579058,547
BR,vru,0.176400985359699,3.30751847549435,8.21568391986636,8.91626899417258,3.4,3.25948511269881,547
vru,BR,4.81303765828905,0.256695341775416,7.90721662446709,8.7426115653653,2.80066666666667,7.13347513792074,548
RT,vru,0.173099922228322,3.24562354178103,1.908910646802,6.04479460234218,2.86700000000001,2.99536150454866,548
vru,BR,6.50782528249611,0.347084015066459,2.54564062925277,9.68605915145134,2.4,3.23305157682202,548
vru,BT,9.71130415437068,0.517936221566436,1.51223906158417,2.3740849144856,0.133,0.0251306145835986,549
BR,vru,0.367676409784372,6.89393268345698,3.99024124650776,4.97551151363632,1.06700000000001,6.12984617033272,549
RB,vru,0.132616701310771,2.48656314957697,4.98889940593403,5.22845344476834,1.33299999999999,5.70622514844801,550
BR,vru,0.166603003267288,3.12380631126166,0.96832831664042,3.75855215429215,2.4,7.65987883996347,550
vru,BR,6.42469220844517,0.342650251117076,3.42807783399815,3.98850035987038,3,8.619539496986,550
RB,vru,0.181798022243017,3.40871291705656,1.85204845946782,2.57061451623015,1.73300000000002,3.82373299032366,550
vru,BR,2.14733217402057,0.11452438261443,1.5276858984884,7.45213599656489,1.868,0.00847557777329954,551
vru,BR,5.49473975162468,0.293052786753316,4.59165944219258,5.85395391259493,7.93299999999999,5.06067299971653,551
RT,vru,0.170304113820229,3.1932021341293,5.93387786737793,9.89127400654963,4.866,3.62067286045368,552
vru,LR,1.6420788850853,0.0875775405378827,5.02109391941946,5.327178707888,5.534,3.08267639923241,552
vru,LR,2.54159344462207,0.135551650379844,6.63757519119208,7.0533461295056,5.667,3.8083242504781,552
vru,LR,3.91968208259074,0.209049711071506,3.450198160202,4.01031101310479,6.06600000000002,5.72878894969566,552
vru,BR,4.67922466046206,0.249558648557976,5.1767043258136,7.5759283990422,3.73299999999999,5.48290992665428,552
RB,vru,0.00792873739013445,0.693764521636764,6.53514239043681,7.07716979947007,2.8,3.19839995500821,552
BR,vru,0.214173335570412,4.01575004194523,7.74681927199896,8.85943939796091,2.933,5.52019148434749,553
RT,vru,0.261437422256946,4.90195166731774,2.22520302923479,5.74358306902154,1.6,3.10416216674918,553
vru,BR,2.64740962636049,0.021179277010884,8.75784331785863,8.09927907509475,5.066,6.61470280981906,554
vru,LR,5.62851488020577,0.300187460277641,6.08864270646253,6.48970954301371,5.46700000000001,8.54072001063448,554
vru,BR,4.98742633217772,0.265996071049478,4.19011138786198,5.96683548739358,9.668,4.94493313306647,555
RL,vru,0.107235852351496,2.01067223159055,2.33313679750355,8.28589446513827,1,8.52828236835774,556
vru,BR,3.76484879539252,0.200791935754268,3.43546442869462,4.74374150419774,9.66700000000001,7.24211323660257,556
vru,TB,2.59865114203762,0.020789209136301,5.62245315709139,6.01416962681476,8.80100000000002,3.6017505130611,557
vru,RL,15.1093936543505,0.805834328232029,6.78155010445691,8.21088343314978,0.866000000000001,1.81067243578641,557
vru,BR,3.25380179598227,0.173536095785721,5.32105428610503,7.38673176967021,2.2,3.61988932585115,557
BR,vru,0.201050245463283,3.76969210243656,5.89628149146711,7.68383466089796,3.13300000000001,3.87396080012365,557
TR,vru,8.06716336117374,0.430248712595933,4.65993583561781,7.46298313609338,3.067,4.72952841666883,557
vru,TB,5.77694377414956,0.308103667954643,4.77866612979743,5.41001950527446,3.33500000000001,5.07525223181585,557
vru,RT,1.993904036525,0.106341548614666,6.04608877255405,2.58473415432971,3.868,1.0479855581369,559
BR,vru,0.208428465183608,3.90803372219266,3.10335538489867,9.22295000181497,4.934,6.12595410250306,559
vru,RB,3.12292872010638,0.166556198405673,3.62986439926349,4.14607587185739,1.53400000000001,3.81417735010445,560
vru,RB,2.72477459553722,0.145321311761985,4.10492538307441,4.0444527075998,2.26700000000001,4.22997154806704,560
vru,BR,1.59720459467221,0.0851842450491847,4.75035286146209,5.65392540351017,3.8,9.10916795401172,561
RB,vru,0.157449134006065,2.95217126261372,5.25301767514798,6.02765325261471,1.4,2.97357104889013,562
vru,BR,3.99903913867755,0.213282087396136,5.90572778566951,6.44732714514159,3.867,6.50674738553517,563
LR,vru,0.269603930959466,5.05507370548999,4.40748832789473,5.22046858870338,1.6,7.18810429176875,563
BR,vru,0.169524420828528,3.17858289053489,4.88578965398062,8.22990120512878,3.66700000000001,6.50781144356864,563
RB,vru,0.131698192873893,2.4693411163855,7.62307298004695,7.55140235459459,4.6,9.18093509924773,564
vru,BR,4.82454445793437,0.2573090377565,4.97118294780944,7.3717745864056,2.8,3.51177852742239,564
vru,BR,3.22784056994962,0.17215149706398,2.24892777644887,5.72559270058905,2.53299999999999,2.82181842538704,564
vru,RB,3.83416199209311,0.204488639578299,3.08980162802522,5.74734250518301,1.4,0.374923308957554,564
RB,vru,0.204516201730685,3.83467878245034,6.05621669734231,6.5285870458068,6.2,6.94622889070659,564
RB,vru,0.20672406169461,3.87607615677393,5.70049850906041,6.13340359483709,5.33299999999999,7.32680102232763,564
vru,TR,2.32888692619084,0.124207302730178,6.75352702296926,6.95072089723578,4.20100000000001,4.00391945962023,564
TB,vru,0.219128277879712,4.1086552102446,3.11691366287495,7.57820697300633,2.466,6.15989220799771,565
vru,RB,0.759978740898753,0.0405321995146002,6.95542884962007,7.64648866314586,7.867,5.09058706234934,565
TR,vru,0.184960057383854,3.46800107594725,6.00193184238356,6.98640486966387,2.46599999999999,3.52923701322827,565
BR,vru,0.0523443022499152,0.98145566718591,3.49949114197604,3.79870422596682,2.86633333333333,3.50612053388205,566
RB,vru,0.141014485626887,2.64402160550413,6.97555726730703,7.13678505198046,2,8.34440199730498,566
RB,vru,0.132774124336567,2.48951483131064,3.3257025090584,4.0556260879402,1.4,3.73722740767198,566
RB,vru,0.154147928220532,2.89027365413498,7.94037704120789,9.23198849330493,2.6,4.02581805865021,566
vru,TB,5.62097565360355,0.299785368192189,1.45299667851102,7.0062732852582,1.66699999999998,0.0481407138426428,566
BR,vru,0.151161601141711,2.83428002140709,7.32417333195201,7.44226757952075,3.46700000000001,3.44923196692103,566
vru,RB,3.51440694764005,0.187435037207469,3.49968408678269,3.79979522523141,2.93400000000001,8.87077395304811,567
RB,vru,0.139291578193866,2.61171709113499,6.07817547205258,6.68742131930478,5.001,7.83846571884587,568
BR,vru,0.20403785138298,3.82570971343088,4.90829166312855,6.79274424748981,4.2,5.32371852844981,568
vru,BR,3.38865995420124,0.180728530890733,6.98867200847692,7.78659977759433,5.001,4.14897068607866,569
vru,TB,4.78738333600116,0.255327111253395,4.44037311209335,5.30897900355383,3.334,2.61692219521727,569
vru,TB,9.9035117826852,0.528187295076544,1.93192948842937,2.7498345489795,1.46700000000001,2.50691732585103,569
BR,vru,0.133709817698938,2.50705908185508,4.88061704470823,6.35905969891456,7.86600000000002,5.87518444092632,569
RB,vru,0.361085922343131,6.7703610439337,4.53425363425382,5.56412887319074,2.33399999999998,3.20349201078044,569
BR,vru,0.237243691358782,4.44831921297716,4.63307209742026,6.4180024056033,2.66699999999998,5.64798638230905,569
vru,BR,4.00940344366204,0.213834850328642,6.23576674173676,7.31090293338054,9.93500000000001,9.59219733245963,569
RB,vru,0.0274578157006168,0.514834044386565,8.80561808492866,8.64184588059915,6.134,4.16022979229342,569
vru,BR,4.15758430139741,0.221737829407862,4.84328464556994,7.98750817381809,3,7.53504817998869,570
RB,vru,0.0923397235621508,1.73136981679033,3.87495771176755,3.97968010326012,3.46700000000001,3.64562012935035,570
vru,BR,4.99715510368927,0.266514938863428,3.61730510296408,7.01116083175599,1.93299999999999,3.22742571420447,571
TR,vru,0.315760459817632,5.9205086215806,2.65351579600497,4.62002891895281,1,3.18319202405444,571
TB,vru,0.218577171632021,4.09832196810039,4.09296467109029,6.96644597496662,2.13300000000001,5.02990163281919,571
BR,vru,0.212134449986586,3.97752093724848,5.93394998676565,7.44164634269362,3.33299999999999,5.8013112462865,571
RB,vru,0.117893442911845,2.21050205459709,3.68210715591647,4.86517375377526,3.467,5.83261779389967,572
BR,vru,0.170375295737271,3.19453679507383,6.2998170103851,7.28249282329827,4.6,5.21708043453192,572
RB,vru,0.0996424298286051,1.86829555928635,4.58889562430971,4.86003077129451,4.60099999999999,2.3146769728509,572
RB,vru,0.144199552574796,2.70374161077743,2.98740479876334,3.47048863892095,1.06699999999999,5.0151134360049,572
vru,BR,2.76733796149344,0.147591357946317,5.95625634722991,3.31629288788268,3.53399999999998,0.411644973784564,573
RB,vru,0.197631623210734,3.70559293520126,3.43577009535159,4.42978257041017,2.26599999999999,2.06082752807936,573
vru,RB,1.63276626550262,0.0870808674934732,3.0556311366872,7.41287354979417,2.8,0.637862621865883,573
RB,vru,0.0968257572151882,1.81548294778478,2.88705732902803,3.11602572573203,3.06699999999998,1.12704763312815,573
TR,vru,0.271859391596803,5.09736359244005,6.55620637006799,8.23730811072296,1.53299999999999,9.92863671969128,573
RB,vru,0.227333354457501,4.26250039607814,5.4665945125647,6.01723526640005,7.73400000000001,3.71309991534388,573
vru,BR,5.02750653244835,0.268133681730579,3.96740807807884,7.13579101764346,2.4,4.12936175187811,574
RB,vru,0.221541346616481,4.15390024905902,2.35599613697414,6.00417119671219,2.80099999999999,2.20843564907476,575
BL,vru,0.00459419896301707,0.0861412305565701,5.17577447437309,6.50737684509703,1.13366666666667,8.20306913598557,575
RB,vru,0.0842189322120421,1.57910497897579,3.38050552216539,6.68882706818294,2.86700000000001,0.833963879992706,575
vru,BR,3.8543130973189,0.205563365190341,6.42944909059609,8.21286992329642,4.26700000000001,4.48837274668122,576
vru,BR,3.08948654354643,0.164772615655809,5.69831910573672,9.40678446809273,6.66700000000001,3.79988008472962,576
BR,vru,0.193063638884717,3.61994322908845,3.82409025428572,6.6968335872019,1.4,9.14109312318756,576
vru,BR,7.68619891401146,0.409930608747278,7.14364920092791,8.20334752392839,5.468,5.96178334158439,576
vru,BT,7.61066172136203,0.405901958472641,4.01282728095453,4.63630098857419,3.466,2.44854526415921,576
vru,BR,3.94174552870694,0.210226428197704,3.21144781162387,5.86930685602889,2,0.498566637200732,576
BR,vru,0.151535923820983,2.84129857164344,4.32394155172577,4.96164439503399,9.268,8.53633090472298,577
RB,vru,0.0981607472157545,1.8405140102954,2.03271810089387,6.92687551587834,3,5.65420185035686,577
vru,RB,3.06161282211467,0.163286017179449,2.40567686968474,3.28228799982878,3.33300000000001,4.08312450558345,577
TR,vru,0.245398395138163,4.60121990884056,2.14409548394304,3.84572256195536,0.867000000000007,1.14933022933567,577
vru,BR,3.31806736046987,0.176963592558393,2.14494890220951,2.60146807971213,1.467,1.38449341877811,578
vru,BR,3.57411217472331,0.190619315985243,3.83039612727766,5.01949969688036,9.333,6.92638056202558,578
BR,vru,0.132969871312037,2.49318508710069,4.46396780055329,7.76538445530602,7.067,4.03135931159708,578
BR,vru,0.126478946499345,2.37148024686271,5.20261465874715,6.81840669010208,3.334,6.60096964642834,578
vru,BR,3.288296769102,0.17537582768544,8.20785662606956,9.34605960155993,7.333,4.03446600271655,578
vru,BR,3.83699234991302,0.204639591995361,7.7520527953765,8.66139284655558,4.666,4.52987900378571,578
vru,TR,2.29774139565729,0.122546207768389,1.17040501476303,4.33809031567624,2.4,3.94992383602679,578
vru,BR,2.48737884484456,0.132660205058376,7.05538689755028,7.78272590027167,4.66700000000001,4.12976853153971,579
RL,vru,0.408636013788064,7.66192525852619,2.89813077243609,4.18401493089685,1.13300000000001,1.66129896088475,579
TR,vru,0.17327194256089,3.24884892301669,2.65366275430813,3.05827322426453,1.06699999999999,3.50593277693212,579
BR,vru,0.0845642069169911,1.58557887969358,7.33114804342042,8.01275835919722,9.735,6.9762973774733,579
vru,BR,2.74196497906167,0.146238132216623,5.21651499528546,5.47722678578278,9.735,7.56591338001206,579
RB,vru,0.116582257084436,2.18591732033317,6.64855006687468,6.55828568927006,4.734,4.56167171350516,579
RB,vru,0.121074100509679,2.27013938455647,6.11639109972866,6.16941694107995,3.734,4.26489757024943,579
RB,vru,0.127489712413104,2.39043210774571,4.60865106257944,4.75537553442767,1.867,4.70165550832522,579
RB,vru,0.180768954262817,3.38941789242782,4.09258287350769,6.66624095904332,2.06700000000001,8.58580204878194,580
RB,vru,0.179640141088092,3.36825264540172,2.15551132294851,3.31087039968521,1.06700000000001,0.0758398987860774,580
RB,vru,0.370661903748322,6.94991069528104,7.08034547121133,8.03857553128714,2.80099999999999,8.13154998329719,580
vru,BR,2.77248849521449,0.147866053078106,6.68543088761658,7.76252216255096,5.334,3.32528368529776,580
vru,BR,4.61376708757071,0.246067578003771,5.79531233981281,7.78454276887329,8.6,4.75638102744306,580
RB,vru,0.12095893886204,2.26798010366326,5.66485530439662,5.79618944147163,3.46700000000001,2.71215346548227,581
RB,vru,0.18678139906915,3.50215123254656,6.23245923788299,7.07173185816596,1.4,4.76814380642364,581
BR,vru,0.107886810341199,2.02287769389749,4.07643265424362,4.64524063368739,4.26600000000005,3.03447862296558,581
RB,vru,0.0916936410728094,1.71925577011518,3.74192805028754,8.49628516536424,4.334,5.09991513180809,581
BR,vru,0.645427442314604,12.1017645433988,1.83874746956398,6.65781287013466,4.8,3.46924270436827,581
vru,BR,11.7863183006792,0.628603642702892,8.78670802511301,7.71614047172679,3.867,3.76882928702764,581
vru,BR,6.11960495258104,0.326378930804322,4.31155553771327,9.65337473019478,4.6,3.27659296729656,581
BR,vru,0.316278886596683,5.93022912368781,2.6418308108564,4.36329546449756,3.40100000000001,3.81768157074167,581
BR,vru,0.163928874758414,3.07366640172026,8.05429202432933,9.12329841524791,5.33399999999998,6.33569894870949,582
BR,vru,0.227765236008322,4.27059817515604,5.84551393136305,9.26468970784065,3.13299999999999,8.65422840172929,582
BR,vru,0.155311877737895,2.91209770758554,7.45742682883274,9.14391846876096,4.13299999999999,7.40635476963071,582
vru,BR,3.08814819132462,0.164701236870646,7.12496330646915,8.68821639146413,9.801,5.48770166296947,582
vru,BR,6.48753422264384,0.346001825207671,2.8361285425496,6.83184537861286,1.135,2.75261625593538,582
RT,vru,0.0935739218507263,1.75451103470112,5.08041988038111,6.03729593549858,3.066,2.58792493078769,582
BR,vru,0.542764147556789,10.1768277666898,1.72367592435739,2.98714076378584,0.532999999999993,0.316705165169242,582
vru,BR,4.31575069902771,0.230173370614811,4.45339338021517,5.95894107544063,8.266,7.8006756422787,583
RT,vru,0.241789056448051,4.53354480840096,2.13956583431663,2.73889870938729,1.26700000000001,0.517064744959034,583
BR,vru,0.0806176288008192,1.51158054001536,4.3359505476926,7.04565667309983,9.13399999999998,5.44891845512409,583
vru,BR,3.03135108111303,0.161672057659361,5.89972428188292,8.04231528565778,3.334,5.14556389158406,583
RB,vru,0.120868409301483,2.2662826744028,7.84461138482412,8.91661955841438,7.60099999999999,9.07146476422136,583
RB,vru,0.129494658046581,2.4280248383734,2.33915238069479,2.83245768638555,3.06599999999999,5.08383736020354,583
BR,vru,0.193660613336328,3.63113650005616,2.96549991834388,6.49408520293623,2.4,3.90126982134771,583
vru,TB,3.87846183516075,0.20685129787524,4.80956627701175,6.96853984538831,2,4.62705332199678,583
BR,vru,0.193839328224874,3.63448740421638,7.59349868208551,8.89039138075533,4.06700000000001,8.36639897379612,583
TR,vru,0.251185945986566,4.70973648724812,4.95872909375945,6.41644293580084,2.667,7.24287704549442,584
LR,vru,0.198486680637374,3.72162526195075,1.48205913053065,4.06618724848135,1,5.52190454546213,584
LR,vru,0.266036650165705,4.98818719060696,0.848519179271165,5.36437364598566,1.53299999999999,2.22962612178736,584
TB,vru,0.0828462230850885,1.55336668284541,2.90068538470459,2.95504782336652,5.93299999999999,9.33114078520771,584
vru,TB,4.00948258034425,0.213839070951693,1.87403491367747,2.90720226496641,0.867999999999999,7.23819812220317,584
BR,vru,0.181105984858904,3.39573721610446,5.80200287637068,7.53723273270583,3.53299999999999,7.66996640034113,584
BR,vru,0.170563854459835,3.1980722711219,4.20718307007301,4.88556228876953,2.13500000000001,6.15406577272277,584
BR,vru,0.266593764871391,4.99863309133859,8.16182400047898,9.74380800819523,3.33500000000001,9.99223882510557,584
TR,vru,0.237460609600715,4.45238643001341,5.02129045432517,7.39122562609867,3.66699999999998,5.79756922854544,584
vru,TB,0.891673511352092,0.0475559206054449,2.26285581774273,2.6205562601324,2.86699999999999,1.03089519857351,584
vru,TB,1.69120555555303,0.090197629629495,0.910202478067904,1.89981983547955,9.13400000000001,2.29528133602174,584
vru,RT,5.1710577473324,0.275789746524395,2.07802479290635,2.54929448141415,2.2,2.53055389928341,584
TB,vru,0.0635535975540601,1.19162995413863,2.38547860215404,2.78922554237854,9.735,6.3502603885124,584
vru,BR,2.84711592198129,0.151846182505669,5.59101065684341,6.55396764887556,5.13299999999999,3.09341122376181,584
TR,vru,0.203081927058934,3.80778613235501,4.971936340078,6.37045442497809,1.93299999999999,6.11506095419694,584
BR,vru,0.214122595333672,4.01479866250636,4.9649475228421,6.37510756067137,5.4,8.51340682398133,584
vru,RT,1.19833538132153,0.0639112203371481,6.01339154533753,6.60509081404304,2.2,2.16778912687256,585
vru,BR,5.35804090483414,0.285762181591154,2.90863481072109,7.26095013907879,1.933,3.71319413374883,585
TR,vru,0.2986853936802,5.60035113150374,2.17277605077608,3.60926335958174,0.933999999999984,0.347211968971686,585
BL,vru,0.0773300672733977,1.44993876137621,7.96363818878807,8.34330660281495,6.86600000000002,3.34566608751843,585
RB,vru,0.128038767055464,2.40072688228995,5.51864119465403,6.16439764284936,4.20100000000002,6.40162009891636,585
TB,vru,0.0283440522289054,0.531450979291976,1.62688890072447,1.82278732088411,4.86700000000001,7.95081736403928,585
TB,vru,0.0385591306532083,0.722983699747655,2.2662129975869,2.6062682960415,8.00100000000002,8.8725380472744,585
TB,vru,0.0470471916967386,0.882134844313848,2.15276253888115,2.4385978790998,9.33400000000001,7.02589949470484,585
TB,vru,0.0696147035053487,1.30527569072529,2.82830615543529,5.2156570960919,5.8,4.86549979437245,585
TB,vru,0.112357977058264,2.10671206984245,2.89498109638994,3.90903938088809,3.66700000000001,3.24307806246993,585
TB,vru,0.0743839226637046,1.39469854994446,2.219890516111,2.56622702375059,1.8,8.58289244901756,585
TB,vru,0.150093993320184,2.81426237475345,1.81095342769308,2.36488236986961,1.46599999999999,0.863985755574536,585
BR,vru,0.184467841214216,3.45877202276656,6.36915174925542,6.50334853127231,2.46699999999999,9.99095145121485,586
BR,vru,0.197482878299091,3.70280396810795,3.01988572150652,8.56962750757025,5.46700000000001,4.94625382252702,586
BR,vru,0.369718443476899,6.93222081519186,8.14773346295591,7.41466764567747,0.266333333333341,5.18347883791388,586
RT,vru,0.096450834590571,1.80845314857321,8.38737476613066,8.8818406837758,4.73399999999998,9.44554860265228,586
TB,vru,0.10216561685838,1.91560531609462,1.65857447488143,1.95599123429333,2.26600000000002,0.499435882797586,586
RB,vru,0.154375187021947,2.8945347566615,1.99816853425614,2.2655529403377,4.73500000000001,6.93625985280933,586
BR,vru,0.108770715806765,2.03945092137685,8.03108216413922,9.10802343889961,6.8,5.90061378416296,586
RB,vru,0.0446020955336108,0.836289291255203,3.36627944119581,3.51801308376499,8.53300000000001,9.30639357005068,587
BR,vru,0.284418021602311,5.33283790504334,1.45245554744011,2.40612820843383,1.2,0.223922112044317,587
BR,vru,0.180246647991615,3.37962464984279,4.52977817172165,5.99025117221596,3.266,7.52445654279513,587
vru,BR,1.90082935321678,0.101377565504895,4.8156152953698,8.16403156222486,4.868,4.62325212525439,587
BR,vru,0.232948199292922,4.36777873674228,7.14193736757374,7.8791567580976,6.2,7.92477837216172,587
vru,TB,1.8420732179482,0.0982439049572374,3.85403886176503,5.96261184968556,5.06699999999998,6.77492716894479,587
vru,TB,1.88019236859724,0.100276926325186,4.1875993354474,5.3781992769189,4.6,5.62248062592369,587
vru,BR,4.6266383679428,0.246754046290283,3.06999407253833,7.36984507460358,3.93399999999995,6.48580467528635,587
vru,BR,2.45415935481432,0.13088849892343,3.43060656323804,4.49654413392853,3.66600000000005,3.21852624903241,587
vru,BR,12.3710079374523,0.659787089997455,2.44937124758683,4.0139088626282,1.466,1.49172523134137,587
vru,BR,2.63711927496189,0.140646361331301,3.51908321323735,7.0453207578731,2.734,4.82107258836512,587
vru,BR,2.33065156222088,0.12430141665178,6.75509373436753,7.94097529669737,8.33500000000001,8.47595285147149,587
vru,BR,1.43953294289928,0.0767750902879617,5.00629171722309,5.83559368450968,4.268,2.76748016050034,587
vru,BR,4.84963475360895,0.258647186859144,4.15198946950712,5.75046238484168,9.868,6.06295426951927,587
BR,vru,0.236965025700513,4.44309423188461,4.76999659332241,7.05656757420959,2.33300000000001,3.82529322607043,587
vru,BR,3.46693671151669,0.18490329128089,5.39135421709117,5.87535895627877,8.8,5.37493640809358,587
RB,vru,0.0531147697471119,0.995901932758348,4.07240950553772,5.05149942351958,4.60100000000001,1.59723669539408,588
RB,vru,0.0926041724071747,1.73632823263453,4.86832081153042,5.18715329229569,7.13400000000001,3.0717410696196,588
RB,vru,0.0787935265784266,1.4773786233455,2.67861625133512,5.651679874313,2.26700000000001,0.408694562832476,588
RB,vru,0.0998279188907421,1.87177347920141,3.47506688756392,3.58663881117722,1.73400000000001,5.58028036313686,588
vru,BR,1.7732963679452,0.0945758062904109,4.50281884815585,5.56042551836637,6.13400000000001,4.68937198701725,588
vru,BR,1.07456368424568,0.0573100631597695,4.92491054895663,4.98492020367432,7.8,8.82524509522462,588
vru,BR,3.00765215576911,0.160408114974353,5.48001347330624,5.78285033204976,4.66599999999999,5.57894091363889,588
vru,BR,3.77497644874698,0.201332077266506,8.1561632258474,9.36795071014878,5.86700000000001,6.88015337608791,588
vru,LR,6.11556015611401,0.32616320832608,2.55025577157519,3.09932294160007,2,5.05953998338467,588
vru,LR,5.41819039788016,0.288970154553609,2.15670621619255,2.60775377875389,1.6,4.84160706620259,588
BR,vru,0.188505358089095,3.53447546417054,4.55330952135517,6.14988493180315,2.53300000000001,2.26263847827837,589
BR,vru,0.112602256012366,2.11129230023187,7.45985478084101,7.91605901595606,4.2,5.7864909525794,589
vru,TR,7.37372415072634,0.393265288038738,1.31716227741638,7.67270395541119,1.26700000000001,4.14528691468269,589
BR,vru,0.30798172808045,5.77465740150843,3.08465733063564,9.24108968303736,2.26700000000001,8.35432845617964,589
RB,vru,0.158270085078432,2.96756409522061,2.38525477013748,2.76171837244965,1.666,0.232589959939338,589
RB,vru,0.0886898850597011,1.6629353448694,5.32227889148475,5.61781848408991,7.268,3.41820158707419,589
RB,vru,0.117770288972922,2.20819291824229,5.99321167995447,6.27444181869934,6.20100000000002,3.71927251861047,589
RB,vru,0.141545637574175,2.65398070451578,5.59160476261373,5.79632340472527,5.26700000000001,3.87684898430123,589
RB,vru,0.148744690052641,2.78896293848703,4.25751664857081,4.31159737242431,1.6,4.26248913800326,589
RT,vru,0.209492430936441,3.92798308005826,4.68053169395882,5.53764447735897,5.66733333333333,4.29427783261235,589
vru,RT,2.07438584221466,0.110633911584782,4.18211713155759,6.21184861233479,8.6,5.70292449324822,589
vru,RT,5.86434758433685,0.312765204497966,1.66697302085944,2.6898892804848,0.733,0.00636178839550658,590
vru,RB,4.86462745373359,0.259446797532458,3.41493298471028,3.89893520253151,2.33399999999998,5.45134427662611,590
vru,BR,4.46810959239636,0.238299178261139,5.20490705262324,7.41481128068609,9.80100000000001,7.99472972286879,590
BR,vru,0.210004756443448,3.93758918331465,4.60102716396319,6.82820588371101,3.2,3.45402705946135,591
BR,vru,0.289033717136453,5.4193821963085,4.7566350834487,6.00521213222577,8.73300000000001,5.53985053470549,591
RB,vru,0.149725274267322,2.80734889251229,2.12927604287155,2.54436398096483,1.8,0.123047497039065,591
BR,vru,0.131981869212991,2.47466004774359,7.06998137995073,7.79319863881566,3.8,5.00631090889539,591
BR,vru,0.128034815506708,2.40065279075077,6.60457876626115,8.96659952559036,8.66599999999999,6.88571125107968,591
vru,TB,12.5599018358394,0.66986143124477,2.87253857619082,6.11814542504855,0.532999999999993,1.37958007655349,591
vru,BR,2.88434204458055,0.153831575710963,6.84025996913073,7.00481351034203,2.26700000000001,3.76722166744994,591
vru,BL,2.36614303480791,0.126194295189755,3.24345509636618,3.30218859200327,5.466,4.08726709916194,592
RB,vru,0.205767389076525,3.85813854518483,6.30643659793314,7.73231585156907,1.73299999999999,3.91879327954952,592
RB,vru,0.386692794798155,7.2504899024654,4.11108553531908,5.80934792433972,1.401,3.02810014281337,592
vru,RB,1.05000458089185,0.0560002443142323,9.65788815051095,9.74284215216862,4.13333333333333,5.56968265958282,592
vru,BR,3.40927744753695,0.181828130535304,1.90063112406327,2.32228578252363,2.06699999999998,1.48729768042541,592
BR,vru,0.26206757564424,4.91376704332951,3.52641519253494,7.60393541244321,2.93500000000001,4.45889985823189,592
RB,vru,0.336994117419331,6.31863970161246,5.72971418056375,7.33616267187774,2,2.69581091887167,592
vru,BR,4.80328225262608,0.256175053473391,5.79451403860542,8.1585438254955,4.533,3.73032531272955,592
RB,vru,0.122651547521132,2.29971651602122,3.1134161342466,3.10190464745336,1.26700000000001,3.38244919758186,592
BR,vru,0.144079274890283,2.70148640419281,4.31433844242372,8.93445672312069,5.6,6.08558874617969,592
BR,vru,0.153276668441283,2.87393753327406,4.5292814478978,7.97377674624719,4.6,4.73820575094436,592
RB,vru,0.112469267185363,2.10879875972557,7.61122180972473,7.0639841349797,2.99999999999998,6.43059280202977,592
RB,vru,0.223278509765818,4.18647205810909,5.0383960120512,5.18610757653751,3.2,5.56432036327942,592
vru,TB,9.09455755060653,0.485043069365682,4.78073409849917,5.91641811093664,2.53299999999999,3.01921540402626,592
BR,vru,0.277200685066494,5.19751284499676,7.49636424078455,9.51628298204577,5.667,4.81342164526674,593
vru,BR,5.22208047787795,0.278510958820157,3.19402864540021,4.59866061952064,1.2,1.20289004769454,593
BR,vru,0.153222166046957,2.87291561338045,3.46831485874958,8.86405563684687,2.86699999999999,8.27904009063756,593
vru,LR,5.91765640669958,0.315608341690644,8.40337758190961,9.37807636546421,3.33300000000001,8.1969917766002,593
RB,vru,0.132709928751582,2.48831116409215,4.60864702714288,5.1589836085759,7.533,4.34367582574492,593
RB,vru,NaN,NaN,4.37104305237655,4.5396437359635,5.534,7.72733246418474,593
RB,vru,0.152107736403777,2.85202005757082,3.99350505879147,3.29987805740883,0.866999999999992,0.531700596136133,593
vru,RB,1.18678586558314,0.0632952461644341,3.05400404615953,2.76328455707762,1.733,0.282851759353061,594
vru,RB,1.22003547339946,0.0650685585813047,3.04527148499807,3.3833992021013,2.4,0.685267147865419,594
RB,vru,0.0742142727810512,1.39151761464471,2.62770397516983,6.46064216084335,3.334,3.91712255735464,594
LR,vru,0.322972151137938,6.05572783383633,6.21379496945572,9.43898680357081,2.333,4.44595541436972,594
RB,vru,0.294812504331681,5.52773445621903,5.46185308867433,6.9642048410572,1.933,3.91761349661831,594
RB,vru,0.108225019360745,2.02921911301396,1.57501740394996,2.09069027969604,1.467,0.0833911726953626,594
vru,LR,2.32662494608782,0.12408666379135,7.68933698236069,7.77435937457117,5.93299999999999,3.9894174955971,594
vru,BR,1.44030175472417,0.076816093585289,7.27119306270235,7.35024640826466,3.06700000000001,3.05666045361816,594
vru,BR,5.5457070626377,0.295771043340678,3.42887694295573,3.88023756330703,1.6,1.75137212532244,594
RB,vru,0.200130175096896,3.7524407830668,4.91520982649349,4.05341403666365,1.33400000000001,0.463601105896021,595
RB,vru,0.128709125671588,2.41329610634227,1.77869848484362,6.21588264204199,1.93299999999999,0.043209599837789,595
RB,vru,0.145768314521786,2.73315589728348,4.26133106306862,4.55765418490369,6.93299999999999,6.56309956539712,595
RB,vru,0.249354428920354,4.67539554225664,5.70766830172218,4.95527086325801,0.732999999999993,0.495093248393765,595
TR,vru,0.328082739817115,6.1515513715709,6.93847748088095,8.03363504614793,3.20100000000001,4.84515948266371,596
RB,vru,0.128838382949677,2.41571968030644,9.01542832694087,9.64579479115951,4.334,7.23147696689967,596
RB,vru,0.112107012678207,2.10200648771637,2.47743258478735,2.71087320344898,2.134,0.463345147095851,596
vru,BR,3.10133476988479,0.165404521060522,5.48234811578547,7.47187722954214,4.8,3.81379800297842,596
BR,vru,0.119218130296041,2.23533994305077,7.7010308883122,9.14073471115237,6.267,5.02398635839083,597
RB,vru,0.0857796327341488,1.60836811376529,3.16264744174247,5.60328165536983,2.83333333333333,0.776919898468396,597
LR,vru,0.202440170783661,3.79575320219364,3.98497593185421,5.90218939767618,3.268,6.06075422434108,597
RB,vru,0.0895924365646569,1.67985818558732,4.08165573076886,9.73015054365168,6.2,9.74791872137737,599
vru,TB,8.28148819396539,0.441679370344821,1.57088582549541,2.2911671559001,3.2,3.94870649843596,600
vru,TB,4.41612978452719,0.23552692184145,2.35509043007343,2.71140434759082,2.2,5.40273265382264,600
vru,BR,5.24198532617755,0.279572550729469,3.07580327749104,7.43847224158268,2.734,6.35482470678002,600
vru,BR,5.10885488968482,0.27247226078319,6.88108264172397,9.86101896748402,2.4,6.77198613285617,600
BR,vru,0.29992513466144,5.623596274902,4.14735711669474,4.73078735762267,1.53333333333333,2.46669669762241,600
vru,BR,4.73594866627778,0.252583928868148,3.20635697763329,4.16132438465055,2,3.11791990068577,600
vru,BR,2.36809426204854,0.126298360642589,2.48990650310639,3.17979210340014,1.53300000000001,1.04971951702313,600
vru,LR,6.16650159347359,0.328880084985258,1.99204660230926,2.74663650443923,1.134,3.38515779395479,601
RB,vru,0.211924725651695,3.97358860596928,4.54279003371,9.77497255609877,2.73399999999998,8.20881232591723,601
RB,vru,0.199448005172409,3.73965009698266,2.38930805895947,2.80650497038123,3.06599999999999,5.56888336367524,602
BR,vru,0.320554189307552,6.0103910495166,3.5111013824976,8.96662471760147,1.93299999999999,4.58326403953401,602
vru,LR,1.8188542041609,0.0970055575552479,8.25806113218222,8.61344961987781,5.33300000000002,1.93410377518796,603
vru,BR,1.94355290589898,0.103656154981279,2.08607315567746,3.16119986304686,2.53300000000002,3.71679466219425,604
RB,vru,0.320296687906785,6.00556289825222,3.1224459254406,8.45638712597696,1.867,4.84193492615582,605
vru,BR,1.98678076917421,0.105961641022625,7.86863721266182,8.16963064277187,3.334,3.54701270789739,606
vru,TB,9.63423666000116,0.513825955200062,2.21421375461724,3.02144863925727,1.266,2.30564814003358,607
vru,RT,3.4909051317292,0.186181607025557,4.90891598451776,4.57201820356669,1.66633333333333,5.65533846201214,607
vru,TR,4.51956637700353,0.241043540106855,5.67313447026919,7.4243036021579,2.40000000000001,9.86482554260441,608
RB,vru,0.128726868564806,2.41362878559011,4.24650590017322,4.55852609328659,1.26699999999998,3.22658091134208,609
vru,BR,3.21292270663663,0.171355877687287,5.66396038649949,6.35619168527612,3.26733333333329,1.71887126099197,609
vru,RL,5.21591454054786,0.278182108829219,5.07061481852159,5.52248356725768,2.93300000000002,4.50881060274874,609
TB,vru,0.152667873876722,2.86252263518854,4.79961165009927,5.82315977932822,1.668,0.870917473946698,610
vru,BR,5.92282981493859,0.315884256796725,4.74020460542264,8.49148181223221,4.8,4.60160803959101,639
vru,LR,5.17306357970678,0.275896724251028,6.13879591998102,6.43375572690748,3.79999999999998,5.72685783373818,640
BR,vru,0.345012346982353,6.46898150591912,2.42512881741706,7.34500476174107,0.6,2.83086522101007,640
LR,vru,0.204991252848167,3.84358599090312,1.97583222971955,3.32156361812572,1.06699999999999,2.90043997631472,641
BR,vru,0.155082700281537,2.90780063027882,5.39999418627161,6.97773903927656,3.4,4.65757095257946,641
vru,LR,6.13371164016777,0.327131287475614,4.90509748685186,4.55719979454074,3.33400000000001,4.09306956435088,642
RT,vru,0.238605619464397,4.47385536495745,3.39899322742033,5.91698552840421,1.93333333333333,4.32652879159841,643
RT,vru,0.1494974926574,2.80307798732625,5.51336008863378,7.63204166223722,4.067,2.64119178218488,643
vru,BR,5.56132101330732,0.29660378737639,4.42225560372115,8.27178511961779,3.53299999999999,3.72394248332132,643
vru,BR,2.26056749434863,0.120563599698594,9.20554713477301,9.646358908669,4.633,3.73868117150553,643
vru,BR,5.09079595350757,0.271509117520404,4.93910115725618,9.10045667172137,2.53299999999999,4.62737861391744,643
RB,vru,0.114106025697555,2.13948798182916,4.51053503495273,4.21662857512325,1.33499999999999,3.99012131336918,644
RL,vru,0.294773111926284,5.52699584861782,3.5830566588366,4.72208128625964,2.46699999999999,5.94001696515469,644
vru,BR,8.64200689966593,0.460907034648849,3.51543499232423,4.31570040335399,1,2.72690677919072,644
BR,vru,0.24436470378388,4.58183819594776,5.13174183552148,7.19902235952728,2.73399999999998,6.62956878713362,644
BR,vru,0.158393196956059,2.96987244292611,4.80016941673537,7.17902149837307,6.8,3.25791884473413,644
vru,LR,6.24566705357822,0.333102242857505,3.92312680368127,5.49399398432682,1.66700000000001,5.79470970938962,645
BR,vru,0.268107983108271,5.02702468328008,6.59754989273017,7.81328103759284,2.534,6.70763434017968,646
RT,vru,0.335273736004004,6.28638255007507,5.5996779263086,9.21457619376219,2,2.3299090669822,646
BR,vru,0.0472014515670995,0.885027216883115,8.26436956804509,9.87315679908251,2.601,4.20149022392084,646
RT,vru,0.0215703142464321,0.404443392120603,4.24052370696008,9.00325593835482,2,6.27418063879422,646
vru,LR,3.03256918934261,0.161737023431606,3.9065018335613,3.41204597617636,2.8,5.3417076489506,647
RT,vru,0.219177469879892,4.10957756024798,6.17952471411529,9.52018358150345,4.73300000000002,5.00717861258238,647
TR,vru,0.319430913446329,5.98932962711866,3.96317420271466,6.70122555822234,1.33299999999999,6.51126232062204,647
RT,vru,0.171223713905706,3.21044463573199,3.62640791971763,6.04809151497987,2.4,2.96666456261546,648
vru,BR,2.59101040332712,0.13818722151078,9.49777528748146,9.90424708463235,3.46700000000001,4.99999134302612,648
vru,BR,4.54719361297853,0.242516992692188,4.01201796129035,7.33358288725888,2.6,4.31938156731761,648
vru,LR,5.86745736443037,0.312931059436286,5.09405997295228,5.83496846415026,4.467,5.10816735487241,648
RB,vru,0.195197636902794,3.65995569192739,3.1927678611887,3.69957759177797,3.6,5.92284511173324,648
RB,vru,0.179802946781935,3.37130525216128,5.45316450047805,7.59118651312437,2.46699999999999,4.04002445692713,649
RT,vru,0.0922137711356015,1.72900820879253,5.54712371130549,6.91284874061499,9.568,6.01364314811997,649
RB,vru,0.166446672368819,3.12087510691535,2.79312671290614,3.47663577665343,0.8,0.153770727711772,649
RB,vru,0.15418042103173,2.89088289434494,4.00156944840396,4.37072097558973,6.534,6.79307476582443,650
vru,BR,5.89632929002877,0.314470895468201,3.93004154342502,8.40072146744923,7.73300000000002,7.33689927782624,651
vru,RT,5.53773265630819,0.29534574166977,1.31995883841492,2.24135429833197,0.533333333333333,0.525615323952836,651
BR,vru,0.37438321710552,7.0196853207285,1.2142664224226,4.37687428097495,1.33400000000001,4.461096984875,651
RT,vru,0.274964889319519,5.15559167474099,2.1397770651952,5.36820672295248,1.26700000000001,5.76827776423316,651
RT,vru,0.292528547281057,5.48491026151982,3.12886481715033,8.06185374603554,1.93400000000001,7.12677455721698,651
vru,BR,3.86692420859418,0.20623595779169,4.86698049457749,8.52461100840021,3.466,3.23770560469526,652
vru,TR,4.09098111300902,0.218185659360481,8.67361180791371,9.32131963008362,4.06700000000001,2.80243994922132,652
LR,vru,0.136245039896803,2.55459449806506,5.69756467420232,6.354986925265,2.73299999999999,3.84405352891446,652
RT,vru,0.302546423019032,5.67274543160686,1.47806586914609,2.91895025317536,0,0.574913769887541,653
RB,vru,0.0817211167922357,1.53227093985442,4.2306569902868,5.88856525360159,2.6,0.835061710460146,653
RB,vru,0.168449909677444,3.15843580645208,3.88204009291405,4.31428766393089,3.2,6.23633221350189,653
RT,vru,0.231114436676546,4.33339568768524,3.51227299947352,6.35831449018156,3.46699999999998,3.2999349195582,654
vru,BR,6.88258668905966,0.367071290083182,6.45193407541864,4.35676054317311,3.066,8.09597684941348,654
RB,vru,0.102843347633933,1.92831276813624,7.31833999067867,7.68983114750794,3.60100000000001,8.88482316484386,654
BR,vru,0.245597426811972,4.60495175272448,6.64894496201875,8.25356935267633,3.06700000000001,3.65537086757845,655
RB,vru,0.112425059859453,2.10796987236475,4.19998735473986,4.0675419202754,1.26599999999999,2.60873533969706,656
vru,BR,2.69077993160961,0.143508263019179,7.48200628649272,8.85780030911882,8.468,3.91141923072341,656
BR,vru,0.137890962053388,2.58545553850102,7.78680967035486,8.50193577871769,6.19999999999999,7.33239976737497,656
vru,BT,11.3936631278831,0.607662033487097,4.34903347149783,8.70714747653289,4.06700000000001,5.98922403808414,657
RB,vru,0.119801714499592,2.24628214686736,6.17036566400368,7.03214535988631,2.13300000000001,8.47167256556461,657
RB,vru,0.103311617197017,1.93709282244407,7.45059548864443,7.85835889436315,4.53399999999998,8.30923881785488,657
vru,BR,4.62979978193828,0.246922655036708,3.18915908392853,3.83909059805044,2.73299999999999,3.23076098535106,658
RB,vru,0.180826536059655,3.39049755111852,4.23478553905908,4.72749670235212,3.66600000000002,9.38834955769932,658
RB,vru,0.0483931892317898,0.907372298096058,7.29671746722973,7.70413294091045,7.6,5.72495963494892,660
RB,vru,0.176257899459747,3.30483561487026,2.18234036995848,2.50557352069193,2.466,0.595481718948177,660
RB,vru,0.132186154205723,2.4784903913573,3.30596516940962,3.21011941317223,0.865999999999985,0.57764950160308,660
BR,vru,0.129868848232021,2.43504090435039,4.38368284754073,4.70938022186898,9.734,5.90316959845678,660
vru,BR,3.46383353622232,0.184737788598524,3.7001798953903,4.00892450678787,6.868,7.02842444625263,660
BR,vru,0.220256852654353,4.12981598726911,5.91208944163972,7.44471042866739,5.335,2.92795281820872,660
BR,vru,0.41536265763339,7.78804983062606,4.32692349815025,8.73771003693271,2.8,3.01647897459774,660
BR,vru,0.190191412187292,3.56608897851173,6.78048169067511,7.52848041717852,2.734,3.10389124509363,661
BR,vru,0.179407195215569,3.36388491029192,3.73169899930672,5.13386159731793,4.667,5.29702475245347,661
BR,vru,0.187865661829854,3.52248115930976,5.09425379213839,7.19997116652171,6.334,3.46000127857887,661
BR,vru,0.30784830754873,5.77215576653868,3.28206724923805,3.90309599157333,1.066,1.82129240628167,661
vru,RB,4.07239792989236,0.217194556260926,3.9464164255694,5.03375910524842,2.067,3.07625774878094,662
vru,TR,4.3495028582383,0.231973485772709,4.25425239964461,5.93540382735522,2.2,8.47918907666004,662
BR,vru,0.190594154708054,3.57364040077601,2.3097930320274,4.49040576749423,2.73400000000001,8.25548527542712,662
BR,vru,0.1250365638377,2.34443557195688,4.8950066048677,6.60972950420222,3.4,7.48618571424788,662
RB,vru,0.113207872714748,2.12264761340153,8.86240436631771,9.96339928232111,6.467,6.28257937023004,662
RB,vru,0.128846846968283,2.41587838065531,3.26912969859363,3.32270757328363,4.866,4.01287551775441,662
vru,BR,6.20931465100801,0.331163448053761,5.19234950135909,7.70983619589948,2.53299999999999,3.67384522093266,662
vru,BR,2.22358565955857,0.118591235176457,5.46271171548778,7.60083882786946,3.73399999999998,4.20631410926852,662
BR,vru,0.256829105326188,4.81554572486602,2.72060238686431,5.16961320895581,1.6,3.45294460171081,662
RB,vru,0.0895162028910791,1.67842880420773,6.66246049613709,7.25241666143264,2.933,6.7067116149425,663
LR,vru,0.155789366082261,2.92105061404239,6.37791755085647,6.60161393078808,9.66700000000001,3.04718758506148,663
vru,BR,4.37189224310266,0.233167586298808,5.5529745284648,6.43063769106484,8,7.4741684513711,663
vru,TB,7.6467771185064,0.0611742169480512,1.43170737156352,1.89748866738883,3.73299999999999,9.27300554037659,664
vru,BR,5.10780388991458,0.272416207462111,7.02234792535378,8.4590538399544,4.4,5.6568987323079,664
RB,vru,0.135604663272125,2.54258743635234,2.02812860831636,2.00820111927875,0.732999999999993,0.0946998019439979,665
BR,vru,0.185558056470928,3.47921355882989,7.95479653859916,9.83434546677145,6.73466666666667,6.05839859679711,665
vru,BR,2.87110809495532,0.153125765064284,6.65653173366824,8.63545612154207,2.866,2.98810870344725,665
RB,vru,0.237408776183734,4.45141455344501,4.55050154802831,8.12594634126821,1.46699999999999,2.7858399060049,665
RB,vru,0.127350894248276,2.38782926715517,4.59618694723651,4.88403656599126,1.334,4.77913293461394,666
LR,vru,0.328284394659944,6.15533239987395,6.01662447523619,8.50439019672601,3.40100000000002,5.91169910280299,666
RB,vru,0.191660233171786,3.59362937197098,3.21947370024224,3.74065749952303,2,5.68892133785575,667
vru,TB,4.20149729615514,0.224079855794941,6.36490118583956,7.03984130247668,6.4,6.23283260623014,667
vru,BR,4.19495955577175,0.223731176307827,4.99418096804682,5.65970752128115,9.668,5.92459322125239,667
vru,BR,3.5901213218458,0.191473137165109,5.30702807069622,6.20922805765883,7.666,3.44960175234572,667
vru,BR,3.73446240922693,0.199171328492103,5.58195113029689,8.90900917308134,4.867,9.8432514843023,668
BR,vru,0.134464052337692,2.52120098133172,8.19841809244859,8.07555781621843,3.06700000000001,3.38635884760799,668
RT,vru,0.181345247098091,3.40022338308921,6.57098450424201,7.41997130544122,2.33400000000001,3.21049525355556,668
TR,vru,0.218411723119944,4.09521980849894,4.05836253172252,5.51512685371897,1.8,7.97800191280363,668
vru,BR,2.38597331271932,0.127251910011697,2.14431602034746,3.8165571557101,2,3.20058480628748,668
BR,vru,0.251673724929628,4.71888234243053,3.62159548152604,6.53406687217048,2.2,3.14658320550159,669
vru,TB,3.91693326111217,0.208903107259316,5.32724936637822,6.36642579797709,8.666,5.33318879121355,669
vru,TB,3.50411520208272,0.186886144111078,3.30640767488249,3.880315978794,5.333,4.13380468584806,669
BR,vru,0.270666221036923,5.0749916444423,3.38187685160542,4.26192722531841,7.268,2.82671992894654,669
RB,vru,0.26104130487274,4.89452446636388,5.31456811542111,6.40788126541599,1.93500000000001,2.72825389993574,670
vru,BR,2.54926331762398,0.135960710273279,1.8689749189361,2.41081224126726,1.2,0.0144148210567995,670
vru,BR,2.56653709602756,0.136881978454803,4.22424140718527,6.11402701543964,9.06699999999998,7.75700678565498,670
RB,vru,0.185365126076656,3.47559611393729,4.65149835437709,7.30047153133265,1.73299999999999,9.80654919590291,670
RB,vru,0.0938812217507065,1.76027290782575,3.21849731626118,3.62241276097405,2.33400000000001,6.90180915850517,670
RB,vru,0.146714554508089,2.75089789702666,3.77593061808513,3.62726539563486,2.33400000000001,6.34241077648734,670
vru,TB,3.84455003202011,0.205042668374406,6.59957689336501,7.62875349271769,5.534,6.9086319810758,670
RB,vru,0.14578918715527,2.73354725916131,2.0323377778268,2.15625785621642,0.532999999999993,0.21761669295472,670
BR,vru,0.108833471139688,2.04062758386915,6.3613903326085,7.28470728979931,5.33400000000001,7.62629258360733,670
RB,vru,0.0815088149013991,1.52829027940123,7.13232514989806,8.35916748905427,7.13400000000001,5.73568371948365,671
BR,vru,0.180610234816492,3.38644190280923,7.45413483597181,8.17058765879097,6.6,9.71444030800994,671
RB,vru,0.138071112649865,2.58883336218497,1.80999443827889,7.81079085798275,2.4,0.48722468340592,671
vru,RB,3.19483930875039,0.170391429800021,6.24952374679564,7.35376869411754,6.80033333333333,3.60784050415602,671
RB,vru,0.0558395178629157,1.04699095992967,7.611162165442,7.63324259448784,3.001,8.04397283926538,671
BR,vru,0.183118766137455,3.43347686507729,2.18315496881074,3.30489515051753,1.13299999999999,1.49017697034667,671
RB,vru,0.0698966884563685,1.31056290855691,6.44399618281537,6.48366736641426,5.933,3.5589697490046,672
vru,BR,3.04553123587447,0.162428332579972,8.64348295450694,9.85009979589132,8.46700000000001,8.87385257661177,672
vru,BR,2.8183358365053,0.150311244613616,4.92801590930455,5.83641810030505,6.468,6.73053663594864,672
vru,BR,2.34940033631362,0.12530135127006,6.89200135291588,7.66423245126558,4.73399999999998,3.24770986444406,672
RB,vru,0.0629354216046577,1.18003915508733,3.27360318558256,3.95400968441723,3.266,1.00033095645089,672
RB,vru,0.135400158663388,2.53875297493852,2.85841167366267,3.37856180113295,1.2,3.30340263028168,672
vru,BR,3.20790623928386,0.171088332761806,5.99373985622901,9.15986673985779,8.334,4.50100247071771,672
BR,vru,0.153820048553682,2.88412591038154,4.99043630156938,6.4635249725848,2.93300000000001,7.16106380268401,672
vru,BR,4.53160331126731,0.241685509934257,2.75716726900443,7.60305368780425,2.133,4.9816927445556,673
BR,vru,0.167680395011561,3.14400740646678,5.77932172204086,6.44671756077997,4.66700000000001,3.27414853605369,673
RB,vru,0.193655432419773,3.63103935787074,5.51303015683622,6.17436854517699,1.06700000000001,3.63428402141124,673
BR,vru,0.147346297078617,2.76274307022408,4.94730568452555,8.49957020754893,4.06800000000003,5.22533837112505,673
vru,BR,5.28009807910723,0.281605230885719,3.6181920830174,8.37734277392651,2.53400000000001,3.85449498925945,673
RB,vru,0.141903921690758,2.66069853170171,6.52537294142263,6.75364075377186,3.66700000000001,7.63715148377342,673
RT,vru,0.129073819931191,2.42013412370983,5.61629942849747,7.19684551938822,1.4,2.22230786401387,673
BR,vru,0.20346967609306,3.81505642674487,1.98751583339212,2.64910188071551,0.933,1.44534092590206,673
vru,BR,2.89212639292314,0.154246740955901,4.54994052868016,5.86604547179451,7.66700000000001,8.06581483694238,673
vru,BR,3.72268757575913,0.19854333737382,4.69168059411498,5.6437961725522,4.86599999999999,7.7599173457938,673
BR,vru,0.200853584740718,3.76600471388846,4.58560423417908,5.20044219042949,2.33333333333333,4.0780236391319,673
BR,vru,0.176870700748034,3.31632563902563,4.22664075723484,5.58511490521262,5.933,4.79618108091721,673
RB,vru,0.156578400273918,2.93584500513596,3.53572773349488,5.14157405847234,1.53500000000001,7.78592425043995,673
BR,vru,0.195163007939526,3.65930639886612,6.30435561558264,7.92991349510516,8.268,3.77782617935609,673
vru,BR,1.05326070793604,0.0561739044232555,7.99809299071456,9.89206257031208,5.06600000000002,3.50335331406305,673
vru,TB,3.23219390374893,0.17238367486661,7.19623503518164,8.32601944303996,6.33400000000001,5.90335982571959,673
vru,TB,6.00775216604992,0.320413448855996,6.10220551490105,6.94699970081643,4.46599999999999,5.55268869423328,673
BR,vru,0.231995590591334,4.34991732358751,3.48757346323624,6.18826808650156,2.133,3.97184255448265,674
BR,vru,0.135820936585834,2.54664256098438,8.51797320875258,8.60397074430563,2.80100000000001,2.88203211531717,674
BR,vru,0.201962168803108,3.78679066505828,5.61323365067485,6.06476933248083,2.73299999999999,8.22320107126991,674
vru,RB,3.5244435833134,0.187970324443381,7.7415574276789,9.19460843948894,3,1.73152814422148,674
RB,vru,0.132430494121139,2.48307176477135,7.17318999603842,7.73487343268401,2.46599999999999,9.7673520609514,674
BR,vru,0.13887846935855,2.6039713004728,4.69023932023738,5.85754365440279,8.933,8.44525344143204,674
RB,vru,0.150032740477331,2.81311388394995,2.99614252777153,3.33867192932618,9.80100000000001,3.33095495808131,674
RB,vru,0.313450369947492,5.87719443651548,4.38783446931551,3.88355125129905,0.8,5.45541314083005,674
vru,RB,2.54950354838579,0.135973522580576,2.4052000518407,2.88129853833076,3.533,2.81341621042969,675
vru,RB,1.47887005389518,0.0788730695410762,5.42551447346448,7.12610680719303,8.801,9.23279466660463,675
vru,LR,3.8194631326386,0.203704700407392,3.70297934090059,6.50013165321226,2.4,8.42907286909804,675
RB,vru,0.125229426548707,2.34805174778825,2.52605011838225,3.07496087692223,1.6,0.866886624898981,675
BR,vru,0.193490738780534,3.62795135213502,4.62335534712259,5.77421446438414,2,5.89542772920789,675
RT,vru,0.210592443936502,3.94860832380941,3.58235292126443,4.57270535062303,3.99999999999998,6.83078591829985,675
vru,LR,3.95135643058758,0.210739009631337,4.5648523309832,6.83461804336838,2.53299999999999,7.74933051497193,675
vru,BR,3.74327737660644,0.199641460085677,4.41580767121247,5.29072322658099,5.934,6.61827619943231,675
vru,BR,4.71527422783783,0.251481292151351,21.9330671315262,7.67644807683247,2.6,2.49012308739345,675
vru,BR,5.6431125671874,0.300966003583328,6.86774196590515,7.33904826505032,3.13299999999999,3.98806934373836,675
RB,vru,0.0835703498954897,1.56694406054043,5.48216698670462,4.56656055764236,2.2,4.22618484610645,676
RB,vru,0.103733342497328,1.9450001718249,8.08808956121986,8.58965888726941,5.20099999999999,9.62558008727415,676
TB,vru,0.172010562699487,3.22519805061539,3.46640334751574,3.74161136664552,1.2,7.3793804880156,676
RB,vru,0.135118103920383,2.53346444850718,2.23183886825574,3.15315813784631,1,9.56315774719529,676
RB,vru,0.160893439366018,3.01675198811284,2.16390976196482,2.91505434876867,1.13299999999999,0.92810515619203,676
BR,vru,0.252765568875895,4.73935441642304,5.296128574974,7.14049299340522,3,6.36585864048338,676
TB,vru,0.165383894663679,3.10094802494397,7.88577223075429,8.6641506175766,8.86699999999998,8.91223261846718,676
RB,vru,0.33425100343091,6.26720631432956,1.27208836281956,3.81661765078557,0.866000000000001,0.0256385149749913,676
RB,vru,0.141645379588757,2.65585086728919,7.18595884978587,7.75607547926337,2.734,2.41997260371712,676
TB,vru,0.119826617079251,2.24674907023595,5.75227393216904,6.62304572656802,3.26699999999999,5.22154946069861,676
BR,vru,0.169082864001118,3.17030370002097,3.12362213059956,5.36468126417455,2.134,4.63481331526722,677
vru,BR,1.63692515543835,0.0873026749567119,3.72533776991501,3.95157350670792,9.071,6.4021810066039,677
vru,TB,6.25308720931392,0.333497984496743,6.1836738248162,7.41651000704104,5.136,3.97924373491182,677
vru,TB,1.02912253312843,0.0548865351001827,2.35863123907179,2.71772091978162,3.93500000000001,4.54811747362832,677
BR,vru,0.250886653160069,4.7041247467513,4.95409360249948,5.56986109594205,1.80099999999999,8.60656120105173,677
BR,vru,0.200607340219623,3.76138762911794,5.5609555083547,5.73964537963112,2.4,7.00277670250625,677
TR,vru,0.158201073641365,2.96627013077559,2.09077883256799,2.12532047560301,1.2,0.223803716550564,677
TB,vru,0.106285583587894,1.99285469227302,2.56807902363842,2.42921961037785,2.46700000000001,3.51244665996044,677
RB,vru,0.12211929273081,2.28973673870269,2.59010886809741,2.81623900422538,8.6,9.38754677644344,677
vru,LR,2.11263424901582,0.112673826614177,6.16462822699497,6.16824795964809,2.733,4.39560947850047,677
vru,TB,0.837697138950325,0.0446771807440173,7.28276356020416,7.31335483133956,5.53299999999999,6.7820517932472,677
vru,LR,2.61393089295473,0.139409647624252,6.58866523182873,6.88826975519771,4.46599999999999,2.97510785434678,677
vru,LR,3.28782092253204,0.175350449201709,7.60913186299451,8.78736147120324,5.06700000000001,3.44531992335624,677
BR,vru,0.508587203340722,9.53601006263854,2.4930390868902,3.50035819877858,0.334000000000015,1.39207477121683,677
vru,BR,5.77188069643578,0.307833637143242,6.02827414451885,9.81548092926823,3.134,4.84896857361488,677
vru,BR,2.4630328640657,0.131361752750171,5.07266037542277,5.4380480761209,3.86700000000001,7.14560687251211,677
BR,vru,0.368615969056571,6.9115494198107,1.78076355937035,2.42309582997356,2.6,6.03556358004693,677
vru,TB,1.27401760277065,0.0679476054811015,1.82680562467852,2.6132593640272,5.06699999999998,5.97756942735169,677
vru,TB,2.85509009323909,0.152271471639418,2.87537376338694,3.17403261642382,8.93399999999999,5.35246983486573,677
vru,TB,4.87804565362327,0.260162434859908,6.1207463689522,6.48642490099252,9.60100000000001,7.9517290148145,678
vru,LR,1.44113728788547,0.0768606553538917,8.00931617846241,8.42268215786986,7.99999999999998,6.33057751258285,678
vru,BR,2.54584003933233,0.135778135431058,6.1363991753905,8.13583453409734,6.13299999999999,9.08606487940355,678
TB,vru,0.140090245736079,2.62669210755149,8.11019111433941,9.01679613030228,7.66700000000001,8.22076664340035,678
TB,vru,0.0654259049733704,1.2267357182507,3.2089683474703,4.01310005128988,7.13399999999998,7.24435989002053,678
TB,vru,0.0827679016838152,1.55189815657153,3.96703825410207,3.98118561132454,3.4,9.66709529000743,678
RL,vru,0.619747775596123,11.6202707924273,2.8909920162234,3.90658718504352,2,3.121177716276,678
RL,vru,1.19312578680243,22.3711085025455,3.46073285506853,5.33150097878257,2.53299999999999,3.8113305726194,678
RL,vru,0.609073812680722,11.4201339877635,3.77383346694132,4.80137009792858,2.4,3.52680988150519,678
RL,vru,1.26919274830661,23.797364030749,4.58495706263158,6.54943356065215,1.26700000000001,5.05961410165313,678
vru,BR,2.53295684377097,0.135091031667785,4.82378330652438,7.79697924511121,9.266,3.65770418672985,678
TB,vru,0.0392639477544825,0.736199020396547,3.73763209347499,3.7495459801324,8,5.18551025213425,678
TB,vru,0.0499670151872374,0.936881534760702,3.69784733950947,3.80038177811566,6.39966666666667,5.13262189690419,678
TB,vru,0.0354465946077666,0.664623648895624,2.58671158568132,1.93457059076491,3,0.747492057154334,678
vru,BR,4.85466928643636,0.258915695276606,5.01803302829111,5.38727736357448,6.2,7.10795195486935,678
RT,vru,0.152342173513255,2.85641575337353,2.60053580876142,3.82735391806633,5.33433333333332,3.72236623173706,678
vru,BR,2.31367407902966,0.123395950881582,4.25044940953064,6.6916365823253,6.33500000000004,7.50779292816594,678
vru,TB,3.08218018866052,0.164382943395228,3.04787551194111,3.48417756648363,1.00099999999999,0.554536126186613,679
vru,TB,1.53161925690706,0.0816863603683767,1.88143729331544,2.03875931578678,1.33299999999999,0.44650364919105,679
BR,vru,0.134217428011585,2.51657677521722,8.25208542589294,8.37929766699188,8.934,8.35460894850012,679
vru,BR,4.77905031499041,0.254882683466155,5.57455961250334,7.33296951542193,2.46599999999999,3.93009021610735,679
vru,BR,3.79647279517571,0.202478549076038,3.12595577430655,6.25962179001433,2.80100000000002,4.94691287621483,679
BR,vru,0.237335713064576,4.4500446199608,6.01698938104586,7.67841628891954,3.26700000000001,5.49811255695118,679
BR,vru,0.117987744483237,2.21227020906069,7.45661341802217,8.59383926967458,4.668,4.69908341711677,679
TB,vru,0.0825071617552176,1.54700928291033,2.62851857315544,2.66740144698288,8.868,7.65218211438828,679
BR,vru,0.142930308235723,2.6799432794198,6.47073310287565,7.07113504141611,4,4.07907057004464,679
vru,BR,2.57256326320001,0.137203374037334,5.19692503893135,5.62768065593593,6.4,7.93923849397753,680
BR,vru,0.271023190228568,5.08168481678566,5.80572002395685,7.1685319959088,2.6,4.75457860547549,680
BL,vru,0.21043465931598,3.94564986217462,1.38222684739831,7.4539622007668,2.067,0.0225476377509543,680
vru,TB,5.25312338919829,0.280166580757242,4.86446671022097,6.28492504119467,2.467,6.66147528437044,680
RB,vru,0.0518447611507386,0.972089271576349,6.65908326728551,7.07409986073915,8.06700000000001,8.28400392983402,680
BT,vru,0.191240838499833,3.58576572187186,9.45106742511782,9.82610286838077,8.33399999999998,8.28360180968826,680
vru,BR,2.56918717472686,0.137023315985432,4.68980171954634,4.97551509400104,8.333,6.17440174926883,681
vru,TB,2.18364174897084,0.116460893278445,2.54081256981582,2.76151684578649,3.068,6.98044666403205,681
BR,vru,0.121975276761407,2.28703643927638,6.78357066905564,8.30447282868704,8.534,5.89093068612402,681
BR,vru,0.157764796201133,2.95808992877124,7.1103739360799,7.91658138307212,5.40000000000001,7.31150429336605,681
BR,vru,0.176060669002031,3.30113754378809,7.95816635574401,8.31079849138818,6.73300000000002,4.58389952274847,681
BR,vru,0.22773581574349,4.27004654519044,3.69972066807867,7.60838499946297,2.06700000000001,2.94109351571567,681
vru,BR,3.08657206611056,0.16461717685923,4.0893061137583,5.4777176279696,3.533,7.54617265580349,681
vru,BR,1.73248033942514,0.0923989514360077,5.67129115078472,7.28810334870327,5.6,4.08449856704836,681
vru,BR,3.07847845320841,0.164185517504449,4.36413421997637,4.91424165783337,5.93300000000002,7.21437711117944,681
BR,vru,0.105826549874395,1.98424781014491,3.69000065105244,8.32604028658417,7.33500000000001,4.38300373739759,681
RT,vru,0.105228984129489,1.97304345242791,3.92002902917471,5.37532220688979,3.46899999999999,2.58228589508121,681
vru,LR,2.78744072454101,0.148663505308854,4.59179945553861,4.95116152664096,4.468,6.40392663798751,682
RB,vru,0.262062968749628,4.91368066405553,3.8831924642142,7.44143443564892,3.134,5.71397733242173,682
vru,LR,8.08400681612997,0.431147030193598,2.54414992534925,3.2504166519854,2.134,1.5494016843128,682
TB,vru,0.0677896283807845,1.27105553213971,3.37895540318242,3.47178809559611,6.93299999999999,4.38027803028122,682
TB,vru,0.139332458412398,2.61248359523246,3.26218217091982,3.46308546080387,8,3.87162920045026,682
vru,BR,3.8338312400737,0.204470999470597,6.01133044342216,6.22686484446555,8.53500000000001,6.0659497239254,682
BR,vru,0.116528800442916,2.18491500830467,1.83954225736426,2.32694807191088,0.865999999999985,0.221446902043077,682
vru,BR,3.4828740341628,0.185753281822016,3.36380874968106,4.23338229372964,3.86599999999999,6.28949474969012,682
BR,vru,0.111241373696543,2.08577575681018,6.75917201349061,7.58230528324359,5.867,6.58126102796565,683
vru,LR,3.17030604509474,0.16908298907172,5.43824390308797,5.83784838699258,6.86700000000001,6.62081396732239,683
vru,BR,4.21311791019566,0.224699621877102,3.31550773735006,7.73192380816075,2.93500000000001,3.98275242484953,683
vru,LR,7.15919246565873,0.381823598168466,7.1662420884048,7.78928165176328,5.13366666666667,5.19263480400264,683
BR,vru,0.13354944959258,2.50405217986088,2.0377230891324,2.84829180341167,1,0.169429748529177,683
TR,vru,0.328323586632784,6.1560672493647,1.86013599953428,2.64209020157539,0.8,1.52950660256539,683
LR,vru,0.223938594552855,4.19884864786604,5.81885594947278,5.54793539681905,2.4,4.40157784486316,683
RB,vru,0.0931068073013242,1.74575263689983,3.66493226984897,4.25402912702309,3.268,6.89748458626495,683
BR,vru,0.20464609813117,3.83711433995944,5.70982255741062,6.70070849473438,2.86700000000001,7.57081391498709,683
BR,vru,0.130050935922281,2.43845504854277,7.78010033894015,8.10479686575222,6.59999999999998,6.94332474849028,684
RB,vru,0.101119847974104,1.89599714951445,5.46406549881109,5.52466608767203,2,3.28921374949281,684
BR,vru,0.159253809221876,2.98600892291017,4.31534956146493,6.17782265886558,2.4,5.60213274547757,684
RB,vru,0.0782369213717549,1.46694227572041,9.95332804243854,9.70135132280609,4.86700000000001,9.96740759688065,684
vru,BR,4.92475212043494,0.262653446423197,5.24927104829112,7.05004284288465,9.39999999999997,5.32672339405332,684
RB,vru,0.150045503589997,2.81335319231243,6.68605694197599,7.57955497026557,4.13400000000001,6.97558596081856,685
RB,vru,0.155353285775297,2.91287410828682,2.08272262449155,2.72732073535533,2,5.36560839565223,685
BR,vru,0.151497518697565,2.84057847557934,4.24084856241162,9.77868315679378,3.60099999999999,6.22932013922426,685
vru,BR,3.83943998139213,0.204770132340914,5.79206689073329,6.61156207849501,1.8,3.06624204327917,685
RT,vru,0.10328514448833,1.93659645915619,4.80143310931069,7.63729923860928,6.40133333333333,2.21457652197513,685
BR,vru,0.197486570313466,3.70287319337749,3.76200489100693,4.30571024267357,5.666,6.797135108072,686
RB,vru,0.139680617059553,2.61901156986662,8.11352027219776,8.46088139030131,2.201,8.56858014520797,686
BR,vru,0.10648036346891,1.99650681504206,2.77802330639923,8.85115767350948,3.06699999999999,5.02493042854998,686
vru,TB,4.6349307006257,0.247196304033371,4.66087878249594,5.55848443800196,4,4.78611480048785,686
vru,TR,3.92046574106012,0.209091506189873,5.0974052427965,6.08801225193286,3.93499999999998,6.01526281921897,686
RB,vru,0.130045687559818,2.43835664174659,3.55433994156822,3.29923399119662,1,3.92555119754233,687
vru,RB,3.54133971005578,0.188871451202975,2.98435320635007,3.61094782376107,1.06700000000001,0.510739873039981,687
RT,vru,2.44691850905207,45.8797220447263,4.43746092174315,5.48228654281099,1.93466666666667,0.104358091132008,687
RT,vru,0.107321721847636,2.01228228464318,4.69368302255814,5.36484274309107,1.667,3.34398927319098,688
RB,vru,0.12494266581358,2.34267498400463,5.83622799742507,6.26941842066818,5.068,4.66727888927301,688
vru,BR,3.37727368472146,0.180121263185144,6.37848868966239,7.72066779537778,4.93299999999999,4.05714567289941,688
RB,vru,0.171716127841871,3.21967739703508,5.28371503334154,6.90461290164388,1.6,3.77451814464449,688
vru,RT,2.8186731399995,0.150329234133307,4.98283859793971,7.2069124560766,6.80033333333333,5.49142239117119,688
RB,vru,0.205210327827857,3.84769364677231,6.42283162843453,8.40814164744067,2.466,4.04934218453743,688
RB,vru,0.127502715241294,2.39067591077426,5.41437671542316,6.20316647750422,1.8,8.27840982948459,688
RB,vru,0.311500697760639,5.84063808301197,3.83489938601922,8.34594859694363,1.867,0.365380704813391,689
BR,vru,0.157933599939646,2.96125499886837,13.4548241926526,7.84637977578866,7.06700000000001,6.0116306341743,689
RB,vru,0.186636943683909,3.49944269407329,10.5426228086564,9.90494180086879,1.534,4.94559407958407,689
vru,RB,1.27287997348359,0.0678869319191246,1.77207765801945,2.0073654408269,1.6,0.0833340731153827,689
vru,BT,6.80648438082599,0.36301250031072,3.7490043282903,4.40573764953513,1.33299999999999,2.11414356990259,689
TR,vru,0.18431112115621,3.45583352167894,2.47259113043539,3.57072624357866,1,6.95215449755664,689
vru,BR,1.86575047087583,0.0995066917800443,2.05510977660757,5.04737586234854,5.6,4.25605832037534,689
vru,BR,2.61302351366402,0.139361254062081,4.91450807659503,6.13022382304701,8.93500000000001,9.34648779659417,689
LR,vru,0.158657365645635,2.97482560585565,2.88122636912123,4.17348681052319,3.26699999999998,4.91769287892359,690
vru,BR,7.87137794684102,0.419806823831521,4.94151965673203,7.43534957080675,2.8,3.00473702676926,690
RB,vru,0.207693844576448,3.89425958580841,6.48932315620493,9.15595200107619,3.60200000000001,5.34804758120076,690
RB,vru,0.111436550954846,2.08943533040337,3.41746387068136,4.73927260740005,2.73299999999999,8.32741528598198,690
RB,vru,0.143688534976975,2.69416003081828,2.50116870271437,2.74900099643262,0.8,0.221912711909966,691
vru,LR,4.68529162474698,0.249882219986506,9.08284212216505,9.34293833853548,4.734,7.69130884023824,691
vru,TB,5.81410563181247,0.310085633696665,6.07560019621109,6.65024697510299,5.135,5.11814171397026,692
vru,TB,5.48803606387413,0.292695256739954,3.36166488985513,3.86345688930532,2.534,3.64302681765879,692
RB,vru,0.108420222237954,2.03287916696164,1.83182109604316,4.18869268884033,2.066,0.506438391140413,692
TB,vru,0.388219084133214,7.27910782749777,3.17796367717034,7.53856265330447,2.267,3.6668092390994,692
vru,LR,5.44910567091456,0.290618969115443,8.40533178781846,9.15637576099354,3.466,2.19407650009956,692
LR,vru,0.350100659791365,6.56438737108809,2.26249306745574,2.90026535261556,1.86600000000002,3.39524717066077,692
vru,RB,1.75672585249844,0.0936920454665832,2.24159531967341,3.08628370061059,1.73400000000001,0.432313833150712,692
RB,vru,0.117752254637301,2.2078547744494,4.94872473274196,4.80451986298091,1.33399999999998,3.01365730401992,693
vru,TR,3.9466722716675,0.210489187822266,7.13959016595242,7.88717196322446,8.26599999999999,5.95340696485212,693
vru,TR,2.66600943219213,0.142187169716913,4.58814148570257,8.08283743128968,2.93299999999999,6.26905898761025,693
RB,vru,0.156499642921711,2.93436830478208,2.9220324595355,3.37612019415747,5.334,5.80872263712294,693
vru,BR,4.85912104695138,0.259153122504073,3.95657100902046,8.77386817543734,2.868,4.04375359911454,694
RB,vru,0.23868866042554,4.47541238297888,3.98672510252517,6.30649737401382,1.2,9.68171700045311,695
vru,RB,2.60872573344206,0.13913203911691,4.9993873081005,5.50483704695034,4.53300000000002,9.41177340443423,695
RB,vru,0.149468545285477,2.8025352241027,4.45134988456758,5.45102044116989,2.53300000000001,5.38889320438035,696
RB,vru,0.111518865113747,2.09097872088275,8.54356884432651,8.67216467774712,3.8,4.8040519301187,696
RB,vru,0.137763833158102,2.58307187171441,5.79948614504796,6.04603427563695,1.4,4.14368838450785,696
vru,BR,5.76060272180695,0.307232145163037,3.89262390219764,7.84825375157705,2.6,3.88452165028556,697
vru,BR,3.51278821462111,0.187348704779793,7.28947697263994,9.34344425619059,2.53399999999998,4.07789991637578,698
RT,vru,0.244662879434967,4.58742898940562,4.32896885718315,7.73364753896017,2.8,2.61899705102472,698
RT,vru,0.229090329149812,4.29544367155897,4.69656497551906,7.50692005115448,2.73299999999999,2.63973783431372,698
vru,BR,4.76505492932488,0.254136262897327,3.43641281957965,9.58571568522457,3.2,3.0069001482313,699
RT,vru,0.279079156348555,5.23273418153541,3.81925062106653,7.42808114536654,3.53499999999998,1.81102296261713,699
BR,vru,0.126913017142149,2.3796190714153,4.07287426550043,6.42387830901839,4.86700000000001,3.92920672648581,699
BR,vru,0.2222933134896,4.16799962793,4.28095573863677,6.56801572900981,2.934,5.04684477452185,699
vru,BR,0.546137672768153,0.0291273425476348,8.27455719038084,9.69326773097697,5.468,3.48779367495858,700
vru,BR,4.42276797571263,0.235880958704674,6.5717534863608,8.76465236806689,3.46699999999999,3.70181300776225,700
RB,vru,0.0826415686537384,1.54952941225759,2.40168998103594,2.76355618236937,1.534,0.684440503580901,702
RT,vru,0.218827955086013,4.10302415786275,7.72204691567838,7.90408659471531,4.6,6.27292475914253,703
vru,LR,5.75286509867009,0.306819471929071,8.19281274727442,9.06839130445145,3.2,5.72680183477332,703
vru,LR,1.29938173654634,0.0693003592824717,3.06053706180147,3.33643313372259,1.866,0.610521106073729,704
RB,vru,0.131582992882672,2.46718111655009,5.75562687738058,7.48795531407713,2.934,3.64018518168503,705
RB,vru,0.116190391864626,2.17856984746173,6.93932055960842,7.65046506115412,7.26700000000001,5.90750964749003,705
RB,vru,0.0530088018574925,0.993915034827984,5.95711499235777,6.51148182929424,5.13299999999999,4.78662433609149,706
RB,vru,0.0697219562682026,1.3072866800288,5.40913638729999,5.5037534221241,8.26699999999999,2.46443372985596,706
RB,vru,0.11945498826452,2.23978102995976,4.51592657169797,5.06232263130976,6.934,2.46615773642044,706
RB,vru,0.105783353692372,1.98343788173197,3.62520781470055,3.92302135400956,4.13299999999999,3.51980103384959,706
RB,vru,0.112284546621063,2.10533524914493,4.2262043566946,4.69596106241577,5.66699999999999,2.8590248622623,706
RB,vru,0.0795136915689806,1.49088171691839,2.46018693529583,2.76803146729108,2.73300000000001,0.779486756880868,706
BR,vru,0.250395542936692,4.69491643006297,7.15476766091633,9.85509308778751,3.934,4.59502003626087,706
BR,vru,0.261558274054706,4.90421763852575,5.13858581251603,8.12851273512592,2.734,5.16039306044823,706
BT,vru,0.108185219780037,2.02847287087569,5.77316211077479,5.85752095423571,6.86700000000001,6.32918251975267,706
vru,LR,4.55593166451715,0.242983022107581,9.53327184527856,9.91083663970182,7.40100000000001,6.26567929935612,707
RB,vru,0.210937453417038,3.95507725156946,4.09213515044779,5.76154001628316,1.33299999999999,9.29485706755328,707
vru,BR,4.28493218692639,0.228529716636074,3.80000228997805,4.76189149192286,3.4,7.15803531020171,708
RT,vru,0.222852194344842,4.17847864396579,6.51602763505331,7.09163694690038,3.467,3.00849612342783,708
BR,vru,0.274563768236692,5.14807065443797,5.760000082939,8.95211933236649,2.46700000000001,4.35333503941675,708
vru,RB,2.69465370645436,0.143714864344233,8.503201901386,8.99731922628448,2.13299999999999,2.91559987205126,708
RB,vru,0.199529054278102,3.74116976771441,4.8293993231693,5.91727031716154,2.133,3.47493748963749,709
RB,vru,0.159042059507728,2.9820386157699,7.55348618353201,8.39855895238725,4.866,4.08683905134873,710
RB,vru,0.202656219469244,3.79980411504832,9.37626740729349,9.99755212827064,9.2,3.92405131592813,710
RB,vru,0.364304593048326,6.83071111965611,4.95456632454501,5.93891234039165,2.26700000000001,3.53618758133533,711
vru,TR,4.58198087001089,0.244372313067247,3.56691651055957,5.50598077022697,1.86666666666667,3.56513512283427,712
vru,BR,5.44812030388915,0.290566416207421,6.19019748701856,9.86716303171036,9.80099999999999,2.54798414960429,713
vru,TR,3.94811777288489,0.210566281220528,2.15918401698937,3.37530682132597,1.06699999999999,7.27051567756655,715
vru,BR,4.83076903496091,0.257641015197915,4.29801088424721,5.5699837197952,3.20099999999999,4.59416602252762,720
vru,LR,6.2157622766035,0.331507321418853,4.62321434304771,5.20676008661827,1.46600000000002,6.66663870667245,741
vru,LR,4.28214413801793,0.22838102069429,4.89039748711695,5.38838738717863,1.8,3.55354596761935,741
vru,BR,6.90086286721981,0.368046019585057,2.54773301377918,2.40132587511435,2.6,4.61116638864158,741
RT,vru,0.186932683593859,3.50498781738486,5.96158378695886,8.55606426730931,4,2.63064264552521,743
vru,BR,5.64343631867211,0.300983270329179,3.48739975663008,9.23615190128159,3.26699999999999,7.81159531673863,743
vru,LR,5.78812451724461,0.308699974253046,2.3820475402916,2.86083772566668,2.6,3.62741779410504,745
vru,BR,5.37126890472371,0.286467674918598,5.39431681989768,9.74265486031395,3.934,4.60866539933821,745
TR,vru,0.296650808397337,5.56220265745007,7.32981822930885,9.7266634712235,2.93299999999999,6.5376181808252,745
TR,vru,0.205377604498936,3.85083008435505,9.29448782358559,9.99453852043184,3.73299999999999,6.59521644860343,747
vru,BR,2.06329764205246,0.110042540909465,5.61020894737753,9.76876207722979,4.268,4.54037551038823,747
vru,TR,3.40323433744777,0.181505831330548,7.02277831372815,8.17349402684133,4.73366666666666,4.66390983791337,748
TR,vru,0.1925977367956,3.6112075649175,5.99851197983767,6.88349844278825,3.2,5.5670285754726,749
vru,BR,5.42943213344705,0.289569713783843,4.43617604985809,4.17372256801442,1.734,6.14829320746212,749
vru,LR,2.4665555537941,0.131549629535685,6.88645508356188,7.156709422596,4.733,4.43303273593911,750
vru,TB,4.34445647629526,0.231704345402414,7.63067153086457,9.20832412256985,5.8,7.50897809952287,750
RT,vru,0.207227500728819,3.88551563866536,2.93320494503581,6.9808597294952,2.86600000000002,6.0995434692036,750
vru,BR,3.06069946551801,0.163237304827627,8.24506533536158,9.56661788997521,5.534,3.92181337233793,750
LR,vru,0.251955799584456,4.72417124220855,4.21215015877216,7.65001168982859,3.067,4.57298743031646,750
BR,vru,0.157163279463581,2.94681148994214,5.2311975460634,7.5150787568203,3.334,7.896856576841,750
vru,BR,4.44034118603989,0.236818196588794,5.56543828405135,8.30042743409472,3.4,3.03893449987758,750
BR,vru,0.212868136876945,3.99127756644273,2.57041225563333,4.08619140743375,1.667,3.22253011814482,751
LR,vru,0.197880412691012,3.71025773795647,7.79303176198323,8.0610275375878,3.86699999999999,7.8888887596052,751
RB,vru,0.125308797064927,2.34953994496738,2.92026073565571,3.38130228345495,4.8,8.59828047493048,752
vru,LR,5.82552986442757,0.310694926102804,2.45708786408803,3.57675105815623,2.267,3.35705006039532,752
RT,vru,0.137152925510123,2.57161735331481,5.90084343133892,4.69974310519712,4.26700000000001,2.37676205441417,752
vru,BR,5.48368592860724,0.292463249525719,5.64817095794681,7.4464624712241,3.13300000000001,4.37029154770056,752
vru,LR,3.97697173456409,0.212105159176751,6.66696401452123,9.87744808418504,3.06699999999998,4.24343973585923,752
LR,vru,0.226479706638125,4.24649449946484,5.95960156472239,7.76799356860768,2,3.02932111694501,752
vru,BR,5.63960222976175,0.300778785587293,4.83875767838662,8.80378042990319,2.4,7.89165043906721,752
vru,LR,4.35794748937501,0.2324238661,3.30108063309309,3.66452078517753,3.533,5.10415725186869,752
BR,vru,0.204668337279399,3.83753132398874,7.79272304426174,8.55486372456511,4,3.52937458945613,752
RB,vru,0.225143320905727,4.22143726698239,5.38076730307236,7.86674165078541,2.33300000000002,4.29568092220347,753
BR,vru,0.269688220981147,5.0566541433965,2.10046807913886,2.09846450471714,0.533,0.042217796572623,753
BR,vru,0.0206694049240764,0.387551342326433,2.63701035373401,3.03788767669305,7.2,8.28546445950402,753
RT,vru,1.2598078620279,23.6213974130231,24.9224295794928,9.51721349627965,3.33433333333333,0.820813796253645,753
BR,vru,0.137574481086373,2.5795215203695,3.93170960980232,4.18786968836902,4.93399999999998,5.84377711241897,753
BR,vru,0.11973833382794,2.24509375927387,6.76131308785804,9.52791292653071,7.20100000000001,5.33382709903701,754
vru,BR,7.49383294433539,0.399671090364554,5.40425356325624,9.4655049953078,2.53299999999999,4.76307723391424,754
BR,vru,0.231421801444303,4.33915877708069,1.14779759583629,2.35246340116899,6.001,1.51805700293404,755
BR,vru,0.146204330522487,2.74133119729664,4.06119551821937,4.61105497332605,2.66700000000001,4.08760664550312,755
RT,vru,0.163622060112953,3.06791362711787,1.80245314269495,2.92207406857791,2.8,3.26112170326548,755
vru,TB,7.65450849526413,0.408240453080754,1.39935585654177,1.99240518760175,1.6,0.817958365479787,755
vru,TB,5.57159898834259,0.297151946044938,5.22876123292947,6.39980810560366,4.134,4.07938103948171,756
BR,vru,0.185784233117499,3.48345437095311,4.54972874181592,6.55390473045022,4.134,9.48675279837352,756
BR,vru,0.170532080640209,3.19747651200392,1.74276214790474,2.06783745712927,3.4,2.4804341481804,756
vru,BR,5.67519668403486,0.302677156481859,2.22830380027525,3.85376009357911,0.866999999999977,2.96464284168815,756
vru,RB,1.96548690454368,0.10482596824233,8.31078956806885,9.46607099475787,3.33400000000001,5.85800029663884,756
vru,RB,3.50670216912479,0.187024115686655,3.19712463971763,8.45957278298657,2.8,5.10003957826563,756
TR,vru,0.143363802336699,2.6880712938131,6.6244934170107,7.13203596473084,7.80100000000002,4.97698628393049,756
BR,vru,0.143414688897801,2.68902541683378,5.13831688704214,5.15139682150023,3.2,2.94428579514805,756
RB,vru,0.15100436135422,2.83133177539163,7.61145802580998,7.86004511549672,5.6,8.38546614153888,756
RB,vru,0.146307720681646,2.74326976278086,6.73060984755188,5.58834213426084,5.26699999999999,8.00368277168201,756
BR,vru,0.211089492323943,3.95792798107393,6.96847335848513,9.1616334011176,9.868,8.91365714304343,757
BR,vru,0.195743802803976,3.67019630257456,5.27954343403221,7.40312778217515,8.334,8.33914160149732,757
BR,vru,0.110002798753899,2.0625524766356,6.42600785210148,6.80177040919868,5.601,9.48070931503543,757
BR,vru,0.0833118692324162,1.5620975481078,6.44167089117238,7.04764709357386,7.866,8.5088196041338,757
TB,vru,0.189768550906247,3.55816032949214,2.57599720510296,6.70945742504013,2.4,0.305461275236678,757
TB,vru,0.188410266681062,3.53269250026992,7.11896235150364,9.06198492718125,3.19966666666666,0.540090362508565,757
vru,BR,3.57134284848684,0.190471618585965,3.18151869760789,8.23444079425237,8.80099999999999,5.64409283744314,757
vru,BR,2.12419255751751,0.113290269734267,6.018753175803,6.9874152864784,3.8,3.54699491223476,757
BR,vru,0.163991743438259,3.07484518946735,5.49687799699063,6.43781792422732,4.66700000000001,3.08500654448701,757
vru,BR,1.28845403879843,0.0687175487359165,8.70948004728549,9.30058893583314,6.66700000000001,3.74128476322592,757
BR,vru,0.111084711355501,2.08283833791565,5.13291023595639,7.37141814790605,8.134,4.4541912310928,757
vru,BR,4.50401537677337,0.240214153427913,3.76402326501391,2.45777330732852,0.6,0.0290125897291458,758
vru,BR,4.97109784396759,0.265125218344938,4.16796075144238,7.86549574740115,2.60099999999999,4.7299382555302,758
vru,BR,1.73171444137431,0.0923581035399632,4.82072548385023,6.75334447060935,4.66700000000001,4.30869282329913,758
LR,vru,0.228433863064076,4.28313493245143,8.12894276823055,9.16261968588511,7.134,7.38090481662585,758
BR,vru,0.197020212541832,3.69412898515935,3.64311967948763,5.95826494231452,3.60100000000002,4.46059403312186,758
vru,BR,5.17237479957577,0.275859989310708,4.42937175936991,8.92121695628584,4.33399999999998,6.32074789183055,759
vru,BR,3.19753450779885,0.170535173749272,5.54858696526198,8.11610372339464,3.2,4.01571995474121,759
BR,vru,0.125140500927666,2.34638439239374,7.14740882462619,7.6037570770226,7.201,4.6239059506824,759
vru,BR,2.83418567064843,0.151156569101249,7.13133895842783,7.8236346172297,9.334,4.61112094192083,759
vru,BR,3.19759172183358,0.170538225164458,4.54844423046827,5.45877071430013,4.53299999999999,3.28445498936934,760
vru,BR,3.21765046862799,0.171608024993493,4.43804482582678,7.86163329832134,5.668,4.26734572821881,761
RB,vru,0.110303750609897,2.06819532393557,5.47563775111519,7.81761309453528,2.93400000000001,7.01926188150976,761
vru,BR,3.3324569745213,0.177731038641136,4.78758700124729,8.88462696948303,3.66700000000001,5.76753821809679,761
vru,TB,4.50953553400017,0.240508561813343,3.55573255883582,4.2095831767547,6.534,4.61455561045066,761
vru,TB,4.29254785637551,0.22893588567336,2.90948180110138,3.53783245100275,5.534,4.31993110411289,761
vru,BR,3.5187025065867,0.187664133684624,5.58055301584341,7.12667663943986,2.6,2.51536217613781,761
TR,vru,0.202043630687591,3.78831807539233,2.85677086698869,4.16710160207368,1.33399999999998,6.66687895030711,761
BR,vru,0.0969580368107973,1.81796319020245,7.24657647152539,8.0799387704299,3.26800000000003,5.67083808443404,762
BR,vru,0.169042853227258,3.16955349801109,8.13420171364537,8.30642854582353,5.66599999999999,3.86111556450932,762
BR,vru,0.240912264589076,4.51710496104517,5.54915474592197,8.1755208380314,4.4,3.589903089804,762
BR,vru,0.24785794398858,4.64733644978588,6.70641264721614,7.46020525304849,4.201,6.26000168323801,762
BR,vru,0.287901882148827,5.39816029029051,5.673994278902,8.53350494630756,2.86700000000001,7.1194942626352,762
TR,vru,0.206517283317022,3.87219906219416,3.94345624319114,6.19945923771159,2.734,4.99862040354233,763
RB,vru,0.181829783891423,3.40930844796419,3.26254570949607,3.85954583044448,2.66600000000002,6.23314078541711,763
TR,vru,0.225709501473674,4.23205315263138,3.59953408457172,4.70227719136784,2.6,5.18563572761582,763
vru,BR,4.29205028511692,0.228909348539569,3.25168107449024,5.34265592135279,2.06633333333333,2.07639913313659,763
BR,vru,0.160153119850525,3.00287099719734,5.16577843659923,5.41189574284033,5.067,5.11112525548219,763
BR,vru,0.258145859883343,4.84023487281268,5.38714521546353,6.84603797311061,2.467,5.16006381499576,763
BR,vru,0.166853183769453,3.12849719567724,8.34455868177213,9.71316605752424,4.6,7.38010631875586,763
vru,BR,5.0320896658161,0.268378115510192,5.56220477663158,7.51937340724845,9.00099999999999,5.19760874120563,763
vru,BR,4.42409325844762,0.23595164045054,5.91233028960063,6.74540478244301,7.4,5.94177735463913,763
vru,TB,4.17005552352189,0.222402961254501,4.31598302496065,5.36337528735167,3.73299999999999,3.33420118076533,764
vru,TB,8.16086308067595,0.435246030969384,2.96488552392369,3.72548028771844,1.73299999999999,4.2237378452642,764
vru,BR,1.55283867766412,0.0828180628087529,6.42179475573535,6.77984732936526,2.46800000000003,4.25200959871965,764
BR,vru,0.183702701610629,3.4444256551993,5.49103496348443,7.73946757329046,3.46700000000001,4.76673324813011,764
RB,vru,0.120258569083996,2.25484817032492,2.01502371432044,7.36307848276823,2.66700000000001,0.477702933320119,764
RB,vru,0.092341563927927,1.73140432364863,2.35403029405292,8.81934152711359,3,7.7427783801102,764
vru,RT,1.53293130137899,0.0817563360735463,2.91431031344386,3.48982653914203,7.86700000000001,5.56434933610417,764
RB,vru,0.226340451990382,4.24388347481965,4.83601295411168,7.93771569090507,2.534,8.67906783547075,764
TR,vru,0.175320874604413,3.28726639883274,8.34479292495213,9.3699179120914,4.8,7.82777779220338,764
BR,vru,0.132867469666467,2.49126505624625,7.55785586857933,7.86655427747561,8.86599999999999,4.07092517544682,764
BR,vru,0.227899199683098,4.27310999405808,6.59282913120599,8.88961115508769,2.8,7.14359618615591,765
BR,vru,0.302273496921737,5.66762806728257,5.07408421169099,5.70255903547286,2.4,2.48209935206842,765
vru,BR,2.10163652999587,0.11208728159978,6.59424493167802,7.82867616671459,4.334,6.95486429138065,765
RB,vru,0.12719929225257,2.38498672973569,4.47634013917894,4.76774051555381,1.868,9.62270904831998,765
vru,BR,3.03435025859224,0.161832013791586,1.40599639193214,6.34077566793998,3.93299999999999,7.37747654725115,765
TR,vru,0.251570111556256,4.71693959167981,3.83947762647092,5.4274873634894,3.33300000000001,5.89228222119934,765
vru,BR,1.59072141593752,0.0848384755166676,3.1819068861122,7.08880231988535,7.33399999999998,3.07942762640674,765
vru,BR,1.25561158319513,0.0669659511037401,8.38866338303367,8.92679564038573,6.20099999999999,4.00242810932422,765
BR,vru,0.100365641240105,1.88185577325196,7.49719130313755,7.77990435300829,4.80099999999999,4.59884847679541,765
BR,vru,0.119816964755298,2.24656808916183,7.92748394747393,7.91273210030381,3.53300000000002,6.8492473102125,765
vru,BR,1.50903794895963,0.0804820239445137,6.90347325303669,6.97708144996627,4.13300000000001,2.04070741842409,766
vru,BT,10.1416245353188,0.540886641883668,1.90143728816615,2.85458263742884,1.533,0.475656838440144,766
RB,vru,0.113510621499136,2.1283241531088,2.7824374769179,3.34203841517159,1.4,3.88651655007403,766
RL,vru,0.431621392293459,8.09290110550235,3.48005758153251,4.29593765204962,1.4,2.09551989307853,766
BR,vru,0.122840742504134,2.30326392195252,7.93476007180461,8.73349995077296,5.468,8.20390314518524,766
BR,vru,0.238069257418933,4.463798576605,7.74950704517291,8.02571839475501,4.80099999999999,3.5790128589307,766
vru,BR,4.56016176465577,0.243208627448308,6.10969220401888,7.3334025253102,7.4,5.06242370067189,767
vru,BR,4.27286011460034,0.227885872778685,8.36404339280667,9.06811647525285,4.53400000000001,4.13402938180963,767
RB,vru,0.111039309717406,2.08198705720136,5.59312048028413,2.878007383166,4.53299999999999,2.46339709121964,767
BR,vru,0.163756047127753,3.07042588364537,6.18654760382701,6.66276712087861,2.13400000000001,5.50123950524703,767
RB,vru,0.109854779252914,2.05977711099214,7.5291062701131,7.81297132438966,2.533,6.14393224823963,768
RB,vru,0.157415730846288,2.9515449533679,4.98911864690495,5.81734453999453,1.533,4.761083974539,768
vru,BR,4.86805378748613,0.259629535332594,4.37483347638213,6.49919882975581,2.53300000000001,5.39662706815251,768
vru,BR,3.49178669445151,0.186228623704081,5.400414853266,6.91010595949888,4.20099999999999,4.34700089490792,768
BR,vru,0.0886017515372387,1.66128284132323,8.65124821909406,9.09675667045476,6.534,4.75193250212196,768
vru,TR,5.30166160506059,0.282755285603231,5.14357929635398,8.13170311725858,2.4,3.2973469077186,768
RB,vru,0.231619719457737,4.34286973983257,4.87853939217255,7.14230925163644,1.2,3.66112519663628,768
vru,LR,3.31949820757193,0.177039904403837,4.49647485555295,4.93223386904021,3.33299999999999,5.53464280138819,768
TR,vru,0.0499519254425896,0.936598602048554,2.76507110005561,3.10426952473532,1.06666666666667,0.587420148914968,768
vru,BR,1.68056251012385,0.0896300005399388,3.50916931539662,4.40131771366732,4.66600000000002,4.82635301326146,768
vru,TR,3.27096856279527,0.174451656682414,7.64492186299221,7.97162301791544,5.201,4.78128441236994,769
TR,vru,0.185414705829048,3.47652573429466,6.83351553024655,7.44085092595522,4.2,3.64273468717147,769
vru,BR,3.54932462336957,0.189297313246377,5.83454010355547,7.71538623881954,2.6,2.85053149795559,769
RB,vru,0.144029816201709,2.70055905378205,3.11061203546464,3.01844497662,0.867000000000007,0.231785992668353,769
BR,vru,0.41542965215735,7.78930597795031,1.47366532872824,2.45047168831227,1.067,3.90868358650221,769
vru,BR,1.84029083690024,0.0981488446346794,4.83210752986004,8.22089382384116,5.868,4.87695205701015,769
RB,vru,0.143419193021513,2.68910986915338,5.23034353912078,5.79890639199346,6.73299999999999,5.31973061403046,769
vru,TB,2.32587919757123,0.124046890537132,5.37965198523358,5.5033246802717,4.066,7.53462356602698,770
vru,TB,2.3158131255002,0.123510033360011,5.1425890644146,5.2274001479729,3.067,8.99663000454817,770
RB,vru,0.147045479446147,2.75710273961525,2.35590935467268,2.74465747493529,0.867,3.41412056126842,770
TB,vru,0.25436597434287,4.7693620189288,5.2874719256767,5.45968890193081,4.934,7.35690134791309,770
RT,vru,0.162229593427422,3.04180487676416,2.36740385515404,6.03139888597224,2.067,0.105886238138629,770
BR,vru,0.263687630936377,4.94414308005706,2.51951614383196,3.58862851500521,1.46699999999998,0.210750438929487,770
BR,vru,0.0891544305462871,1.67164557274288,8.1215168251238,9.08941591635512,4.73399999999998,5.68093132315117,770
RB,vru,0.101729152594672,1.9074216111501,7.51417683595632,7.6730684238061,4.067,4.40132185644209,770
TR,vru,0.20187104341519,3.78508206403481,4.79529775983988,7.22165571369358,2.933,7.21193032943528,770
BR,vru,0.0844033847139563,1.58256346338668,7.8935104085908,8.02521428611954,9.001,5.94949675040118,770
RB,vru,0.124202393336,2.32879487505001,2.32503588185478,3.31110673286208,1.33300000000001,2.12601720194806,770
RB,vru,0.14474226966575,2.71391755623281,2.60245916887725,3.95690891605628,1.53299999999999,2.43612769761398,770
vru,BR,3.61770882744454,0.192944470797042,3.48397732297938,8.2682839195327,3.66699999999998,4.79225183458556,770
vru,BR,3.85841742016374,0.205782262408733,1.70362014885059,6.64737214880278,3.73399999999998,3.84577887113153,770
RB,vru,0.106054141969732,1.98851516193247,4.16833056068768,4.21792410564144,5.60100000000002,5.20703769961654,770
RB,vru,0.0889318702303311,1.66747256681871,5.16134602475019,8.92013376052169,4.13299999999999,6.60316164694289,770
RB,vru,0.157368170155311,2.95065319041209,6.52547164264533,9.3499934048927,4.2,4.5160826695356,771
vru,TR,2.24340532490496,0.119648283994931,5.48698121700235,7.99136807612069,3.26599999999999,7.45604961089524,771
RB,vru,0.0847190951694665,1.5884830344275,8.18486654996976,8.46995513923762,5.067,9.0196336355389,771
RB,vru,0.0908552412648791,1.70353577371648,4.95497780601886,5.18971731574095,5.53400000000001,3.79434600042219,771
RT,vru,0.150469714299593,2.82130714311737,4.76702296643156,6.24894566681022,9.466,3.32925716168572,772
vru,BR,3.46163582301601,0.18462057722752,6.63079832112949,8.18234742259861,8.135,4.60358582180528,772
BR,vru,0.266749595992931,5.00155492486746,4.78887529919211,6.37533878753374,2.2,3.8876529769666,772
vru,LR,3.81604213773427,0.203522247345828,5.84231722380064,7.08753250143118,2.333,3.25657670626813,773
vru,LR,2.66410672964962,0.14208569224798,8.37232620271318,9.14255355574908,4.067,5.76703739799563,773
vru,BR,2.77347655967652,0.147918749849415,5.69760304085792,7.40806939518559,3.066,4.46655419783933,773
BT,vru,0.166786593704461,3.12724863195864,1.54926400756298,8.77562506883317,2.6,1.3021301442674,773
vru,RT,2.16093485630831,0.11524985900311,6.22069437859595,7.8690034268115,9.93400000000002,6.3666973008349,773
vru,BR,3.67793827117047,0.196156707795758,4.68903105024549,5.31157982192862,9.46700000000001,7.41735045566195,773
TR,vru,0.221408245001159,4.15140459377172,5.77792280202693,8.43237076101508,3.4,7.71431543712151,773
RB,vru,0.153131261905762,2.87121116073304,3.21389956482641,6.56147549013,3.33299999999999,4.37422989371752,774
BR,vru,0.273975347898335,5.13703777309378,6.03389491653817,7.19216777245786,8.33400000000001,4.18817229788923,774
vru,TB,2.91242572191908,0.155329371835684,7.8496302655476,8.72265882216498,8.33299999999999,7.10315070862097,774
vru,TB,2.93762913128407,0.156673553668483,7.39327216018547,8.48064622997125,7.06700000000001,7.1841393587246,774
vru,BR,3.50315467976693,0.186834916254236,2.26543755127148,5.22845700400349,2.13299999999999,4.47390654145914,774
BR,vru,0.303964542703618,5.69933517569283,2.1349834247709,5.0757231630068,1.33300000000001,1.23585534988129,774
vru,TR,3.25011918697108,0.173339689971791,2.37648464568263,7.0854492710548,1.93299999999999,2.56260345278349,774
vru,TR,2.03286774651948,0.108419613147706,8.34213090940828,8.58362960867935,9.80099999999999,5.51675695938595,774
TR,vru,0.232848025925729,4.36590048610741,3.17856975549445,6.85658136525194,1.93299999999999,7.667966705824,774
vru,BR,4.34648291812261,0.231812422299872,3.58256787043595,6.82089894211148,2,3.15182149166796,774
vru,RT,2.68898506740156,0.143412536928083,4.1658615742116,6.6138883299093,1.2,2.71227381171591,774
vru,BR,2.52512261449541,0.134673206106422,2.81388652205328,3.10870321615067,2.93299999999999,2.19414363790972,775
BR,vru,0.173794921181083,3.2586547721453,4.64411239803876,6.58692947972633,4.33400000000001,4.55976823192842,775
LR,vru,0.0224937467409811,2.81171834262263,9.41581678705015,9.68864114973555,6.2,5.77028050107831,775
BR,vru,0.308497831307176,5.78433433700955,3.80147170043539,8.99778974159596,1.73299999999999,2.99427073463603,775
vru,RB,2.91787143049355,0.155619809626323,4.53591787053732,4.89820634361576,6.2,7.13633160582545,775
RB,vru,0.164271760073247,3.08009550137339,8.52807581793296,8.48784619292701,1.86699999999998,9.47147354314331,775
vru,BR,1.85339732153924,0.0988478571487594,6.56128101973522,8.36452413870056,7.33500000000001,4.24479565539827,775
RB,vru,0.123567593969538,2.31689238692883,4.25584134385569,4.28137648898362,1.66700000000001,3.5677826943805,775
vru,BR,2.89510093808464,0.154405383364514,6.89926317849174,8.37809277645092,7.33466666666667,4.298791012383,775
vru,BR,4.1990707545029,0.223950440240155,5.9392142331676,9.34430063745323,3.466,3.67621343226135,775
TR,vru,0.245785115252344,4.60847091098146,5.47048625776698,7.62386179618803,2,4.64766602464518,775
RB,vru,0.121025101507124,2.26922065325857,3.46537627858547,2.65586071317313,3.734,7.95599701737189,776
BR,vru,0.0716015278191146,1.3425286466084,7.14666681868539,9.25660450337591,4.868,4.25117226193459,776
TR,vru,0.211920851975869,3.97351597454755,7.81643645768176,8.8764003963467,3.6,5.4959640414565,776
RB,vru,0.128858037240882,2.41608819826654,4.30728960487484,4.5488841500999,1.6,4.49043093213594,776
vru,BR,1.73689791612863,0.0926345555268604,9.23204123921805,9.38125239690908,3.26699999999999,2.44832483835608,777
vru,BR,3.82799224523799,0.204159586412693,8.34888088784559,8.53390433002448,2.466,2.57716080301344,777
RB,vru,0.0459746581276913,0.862024839894211,1.89325321243543,2.23443786389568,4.13499999999998,0.814329135228118,777
vru,BR,3.17884630333651,0.169538469511281,7.27548602780741,9.55397503775439,3.66700000000001,8.04186033442813,777
RB,vru,0.0994982344116283,1.86559189521803,3.98680041890394,3.67416555816213,3.801,0.930220396132576,777
RB,vru,0.159173962393529,2.98451179487867,2.23827533299905,3.68313228979699,1.93299999999999,0.351741873082749,777
vru,BR,4.72685374056402,0.252098866163414,5.64101777741326,7.39913145853607,5.6,3.5512688198559,778
BR,vru,0.286558747588968,5.37297651729315,4.44309670273283,7.94891115213931,3.13400000000001,3.84748132030124,778
BR,vru,0.14784442366356,2.77208294369175,6.22281729287862,7.81066130627655,8.735,7.53059038194109,778
RB,vru,0.339252027621745,6.36097551790772,10.8670892789152,8.86782556653803,9.93299999999999,9.35370174687398,778
vru,RB,3.13169822384149,0.167023905271546,2.52620662819952,2.93593987448657,3,4.89975474150759,778
vru,TR,2.54128647816266,0.135535278835342,7.88098215119294,9.03227002656937,4.4,5.42522337623829,778
RB,vru,0.122593818617701,2.2986340990819,5.07201949276322,5.69615807529605,2.2,4.2738232906081,779
RB,vru,0.0888750646792999,1.66640746273687,8.2980737169831,9.46005862925381,4.26599999999999,8.51283338753858,779
BR,vru,0.201117796043969,3.77095867582442,5.47218698460521,7.36879629350803,3.534,4.53361933552522,779
RB,vru,0.0844166570529278,1.5828123197424,6.93306864588371,7.82415438150367,4.06699999999999,6.31059209132055,780
RB,vru,0.356303658481959,6.68069359653672,3.9614329358343,5.33625580634428,1.4,2.38109327073516,780
vru,BR,5.29497233081393,0.282398524310076,1.55719799592367,4.06688908656813,1.26699999999998,2.02313739158701,781
vru,TR,2.5758967509193,0.137381160049029,1.49884407426574,2.05258627492474,1.534,0.422139505750408,781
RB,vru,0.0867545114122282,1.62664708897928,9.20891361070187,9.90007462358862,3.4,5.59750649644773,781
RB,vru,0.122993249473138,2.30612342762135,5.49313452432458,5.55800417393009,2.6,4.01118821592719,781
vru,BR,1.78187347654925,0.0950332520826265,2.3297972558673,5.10112197888223,7.934,2.75271765109112,781
RB,vru,0.109952694576931,2.06161302331746,6.89629047615419,7.18579461784123,7.468,8.08583315357582,781
vru,BR,1.60808307233412,0.0857644305244862,4.27466359106476,5.56948023432526,5.13366666666666,3.80800548345633,781
BR,vru,0.0879670664042159,1.64938249507905,5.0046737846617,6.12116010041192,5.866,4.44332819599667,781
BR,vru,0.134062545969436,2.51367273692693,5.95126228553572,6.53959449481458,5.334,4.18075287430711,781
vru,BR,2.06749258644795,0.110266271277224,4.75465981707029,5.65746766176902,3.668,9.9790084283042,781
BR,vru,0.110340864528212,2.06889120990398,8.17556123880014,8.45848151639628,3,2.7359068851548,781
RB,vru,0.112635861215058,2.11192239778234,3.95191513737547,4.01529936131652,4.26699999999998,4.4966630003207,781
RB,vru,0.216992404006254,4.06860757511727,4.59482514319923,8.78972414596174,4.73300000000002,3.01100591616233,781
vru,RB,2.18633416135528,0.116604488605615,5.70218249565166,9.02356395317007,4.93500000000001,2.76830574677629,781
vru,RB,0.776750865089443,0.0414267128047703,7.67306953969751,8.01766315200955,4.73666666666665,2.56534524295201,781
vru,LR,1.86664211881995,0.0995542463370637,3.64048353663778,6.2332897165338,2.8,4.11337845378492,782
vru,BR,2.86920550026096,0.153024293347251,6.26543378579345,8.73702204458828,3.734,3.41511394779431,782
vru,TR,3.94292061699954,0.210289099573309,5.98187976599023,6.30737628776489,2.6,2.60975144678232,782
vru,BR,8.17950216216267,0.436240115315343,3.60262253674875,8.60489982379295,1.468,1.8332244099505,782
RB,vru,0.148684676053401,2.78783767600126,4.2364925161702,4.39194920076015,6.268,6.99687798159091,782
vru,TB,5.65909672389287,0.301818491940953,3.6539118768784,4.6897762867584,3.867,3.65574850755967,783
RB,vru,0.156876497641694,2.94143433078176,2.19728507317975,3.26399450556798,2.13399999999998,1.11127182348116,783
TR,vru,0.311670223881396,5.84381669777617,3.16009064560635,5.21757076468932,1.06699999999999,8.54890631471038,783
BR,vru,0.18642674636002,3.49550149425038,5.46199259727845,8.20898341719395,3.13299999999999,9.21424755153036,783
RB,vru,0.100002206775369,1.87504137703817,3.46510298836772,3.38602558734766,1.06700000000001,3.33325649402413,783
vru,RB,4.64113805448318,0.24752736290577,6.37635311010199,7.18141026213233,1.067,0.661789658937964,783
vru,RB,3.73441521575612,0.199168811506993,5.39829713136469,3.86072488638806,1.4,0.47427897069394,783
BR,vru,0.279048664511208,5.23216245958515,5.12454634453671,7.17733130936401,2.6,7.15972156325042,784
vru,RB,1.83834822183395,0.0980452384978105,2.93320458743921,4.65913020941754,3,3.44493638062602,784
RB,vru,0.0370757293819732,0.695169925911998,7.04024334942384,7.24455664996146,3.734,4.4383836113375,784
BR,vru,0.201087768279751,3.77039565524534,5.01912263368603,9.80461077601207,4.33300000000001,8.57174325223978,784
RB,vru,0.117539163454945,2.20385931478021,2.61360159489209,3.73161276535038,2.93300000000002,2.24032758528175,784
LR,vru,0.227775200206759,4.27078500387674,5.01505858676977,5.49154561087296,3.8,8.25106292210268,784
TR,vru,0.259269591807299,4.86130484638686,6.68213084356769,8.24878934027322,4.66699999999998,4.88787425993556,784
vru,RB,2.87821854962827,0.153504989313508,4.79514199950296,7.56241299214157,2.533,6.62606793548121,784
RB,vru,0.119121945524549,2.23353647858529,3.14896055314033,3.33222136823464,2.6,2.88691480738694,784
RB,vru,0.183079251151255,3.43273595908602,4.19093693037367,7.11847067355173,2.8,0.765733208583449,785
TR,vru,0.306958387427212,5.75546976426022,3.00648020453976,5.39686186985498,1.067,6.32732381132648,785
TR,vru,0.181817969452765,3.40908692723934,1.96988475432093,4.05189913104914,1.40099999999999,0.531262430461012,785
vru,RB,2.34593168304302,0.125116356428961,3.97693486802746,4.62160922818426,4.6,4.30360428467136,785
vru,RB,6.28879139419698,0.335402207690506,3.99892189551544,5.65776978067249,1.06600000000002,0.449745715261599,785
vru,BR,3.60373549092958,0.192199226182911,5.68134438822535,6.3561875296153,9.534,5.00006339755755,785
BR,vru,0.179785626001002,3.37098048751879,4.63418145383285,6.86114810902843,4.467,3.92922610987462,785
vru,TB,2.21672455461021,0.118225309579211,1.64155188521493,2.20855793445554,0.466000000000001,1.68432018491593,787
RB,vru,0.160257110064782,3.00482081371467,4.17339902630101,6.47874244591765,1.73399999999998,3.9688355761922,787
vru,TR,4.27029366932561,0.227748995697366,8.3491928682058,8.48978373240915,3.2,3.78233839606266,787
vru,BR,3.25701290687608,0.173707355033391,5.54200972290435,8.68077859580744,3.93400000000001,3.51781660984605,788
vru,LR,6.04593689976467,0.322449967987449,6.4830311207258,6.95558414268087,3.26599999999999,4.90791944894286,789
vru,LR,6.06393147635509,0.323409678738938,7.43591322470161,7.80298456707352,2.93299999999999,5.49866458043601,789
TB,vru,0.162095893030725,3.0392979943261,7.75951364248854,8.19731951354646,4.2,3.64310892056838,789
BR,vru,0.234401008239595,4.3950189044924,6.77305750911604,7.56428428015083,4.468,4.36341362469752,789
vru,TB,5.62816326831841,0.300168707643649,4.68043357103997,5.37397907038234,4.33299999999999,4.30313490363434,789
vru,RB,3.29805902506064,0.175896481336567,4.51898341900356,4.9685760528092,4.53300000000001,8.08106646302015,790
vru,RB,3.31480166917327,0.176789422355908,4.24594668195146,4.70143257334125,3.73299999999999,8.36293633692745,790
RT,vru,0.193170342668927,3.62194392504238,5.64955758341776,7.39709082228817,3.53300000000002,3.5161060821266,790
BR,vru,0.269458923779736,5.05235482087005,4.51680454470683,7.99308998919348,2.46600000000002,5.32659858494785,791
RB,vru,0.140432677821626,2.63311270915548,4.73025002338439,4.96670691208548,1.73400000000001,3.43698295644913,791
vru,LR,2.70868126052159,0.144463000561151,6.1263397489593,6.28026711650789,4.2,2.76765166722197,791
RB,vru,0.192763494823245,3.61431552793585,2.27900745795688,6.369242784385,2.2,5.94723385302725,792
vru,BR,4.55433156917485,0.242897683689325,4.93556578647034,5.50138587606042,4,8.51405812027552,792
vru,RB,3.48243526347,0.1857298807184,9.40941246694648,7.59232459240508,2.6,4.30283324063853,792
vru,BR,5.49007825658179,0.292804173684362,5.10893912262641,7.91410149132878,2.468,4.81366564815497,793
BR,vru,0.215310592767554,4.03707361439164,7.03513160681332,4.50445370736742,4,3.62606704622524,793
RB,vru,0.13851600705771,2.59717513233206,2.27903956474934,2.63817773637624,4.53299999999999,2.72453566829232,793
TR,vru,0.225935742607938,4.23629517389884,6.68096341596334,5.13523576473759,2.66700000000001,1.30430085828615,794
vru,RB,1.72546853385514,0.0920249884722739,1.87954002782639,3.05889182872187,1.46699999999998,0.31641101070051,794
RB,vru,0.119383198429014,2.23843497054401,6.64535523019139,6.10364930036736,2.8,5.21497693044568,794
TR,vru,0.27153045533883,5.09119603760307,9.42926359037373,9.73578967077261,3.067,3.06978451909837,795
vru,BR,4.12818810234196,0.220170032124904,4.43331731499996,8.51643354037876,3.13299999999999,5.2212628346603,796
BR,vru,0.249841050668099,4.68451970002685,2.4399558191566,5.8206902586704,2,9.53130808308805,796
RB,vru,0.192303649782699,3.60569343342561,6.79618333281747,8.12698043257392,2.53400000000001,1.57663640096026,796
vru,BR,5.98274726183081,0.31907985396431,7.22654812659216,9.38510439122484,7.2,7.69244546450398,797
vru,BR,3.36598168925597,0.179519023426985,6.73671567954773,7.00038167696068,3,2.70572373077126,797
vru,BR,4.30123154344627,0.229399015650468,4.41081048103578,8.92880340218339,3.33400000000001,3.4099519415234,799
vru,LR,6.69702072489223,0.357174438660919,4.49133819971848,6.06832019060877,1.733,3.69732986290953,800
vru,TR,4.25275946232589,0.226813837990714,6.66918453518766,7.07639801192911,6,9.33512299959247,800
vru,TR,4.2740182925297,0.227947642268251,6.82329959922087,7.27056180991415,7,9.3659501468759,800
vru,BR,2.60696682960082,0.139038230912044,8.42415508523432,9.03118563647326,3.2,3.14020624763252,800
vru,BR,4.99222741683948,0.266252128898106,3.58719252773133,5.1929698039116,1.93299999999999,3.05800206356648,800
TR,vru,0.280878936108476,5.26648005203393,8.58831627304544,9.14075916697912,2.667,4.50190651815406,800
vru,BR,4.26647198051693,0.227545172294236,2.15441571463719,2.79057681785104,2.33399999999998,2.01939366607185,801
RT,vru,0.195257026389463,3.66106924480244,4.95280758728169,8.88773130478971,4,4.43182705329864,801
vru,BR,3.38488729027312,0.1805273221479,2.7032884412737,3.48158729158193,0.933000000000023,4.05049468696647,802
RB,vru,0.147079905103465,2.75774822068997,1.46513935676158,1.80923183758509,2.268,0.0480870357656615,802
vru,LR,3.9284832533462,0.20951910684513,3.02855489614579,3.45587269881149,1.467,6.40613470917643,804
RB,vru,0.33836573582028,6.34435754663025,8.144215980622,9.21282551485477,3.067,4.85767565578867,804
RB,vru,0.184661558992595,3.46240423111115,3.90254713142469,4.32882209679987,5,5.87522590703746,804
RB,vru,0.237836020701344,4.4594253881502,3.94888229964478,4.03676231344541,1.2,0.44754325355272,809
vru,LR,6.5645163050946,0.350107536271712,3.18960903743867,3.72328864113434,1.46599999999999,4.35840331246598,816
vru,RB,4.40356540038475,0.234856821353853,1.78455828458552,2.12170237381644,1.66700000000001,5.57225696099586,816
RB,vru,0.14484402577944,2.71582548336451,6.86957691066315,6.54532330982579,1.2,3.48763014122671,823
TR,vru,0.238805301442651,4.47759940204971,3.01356185951669,4.87714405464135,1.2,2.73206481328402,840
BR,vru,0.394896082374503,7.40430154452193,0.649025311507548,3.80929533806655,0.733999999999999,0.770713303264313,841
RB,vru,0.11712570904993,2.19610704468618,1.83532896268788,7.29958640540657,2.73499999999999,0.718891959124688,845
vru,LR,5.02275428769202,0.267880228676908,4.72044834414975,6.32708115854969,2.86700000000001,5.65031869889401,846
vru,TR,4.02053581819503,0.214428576970401,5.94079382005137,5.55745403001594,2.2,3.77708877937329,846
BR,vru,0.213291107892761,3.99920827298927,3.80321474547076,6.72095124647539,3.13400000000001,8.70613440875972,847
vru,BR,5.55142220140603,0.296075850741655,6.64031550691062,9.87788264782675,3.066,4.25621884456808,848
BR,vru,0.0711991447432585,1.3349839639361,8.47465288688308,8.51314978014193,3,3.98267400719606,851
LR,vru,0.224675856482242,4.21267230904204,3.63260504041679,5.32314730784609,3.336,6.03534287825727,851
BR,vru,0.200953032483002,3.76786935905628,6.48590698973024,7.93975212614647,3.066,6.55733894880622,852
vru,BR,5.81245778762943,0.30999774867357,3.43888306335619,6.68384529977275,2.33299999999999,3.54330830324991,852
TR,vru,0.287508923014372,5.39079230651948,3.62370312324914,5.60193197714434,1.267,4.65133004640745,852
vru,BR,3.93672034707197,0.209958418510505,5.59702869767751,7.22663868518786,2.86700000000001,3.27354448340999,852
vru,BR,2.99491491253758,0.159728795335337,6.53616971016289,7.82350693886184,3.73300000000001,3.57362525848507,852
vru,BR,1.76500654541067,0.0941336824219024,2.78411701512892,2.94176472475213,4.666,3.45242703353456,853
RB,vru,0.204587670749462,3.83601882655242,3.15607919535285,4.2149339262525,1.334,2.14590920361245,854
vru,BR,2.4658914496318,0.131514210647029,0.582535749799081,2.37800921361248,1.8,2.96175768025519,855
vru,BR,4.35834678306493,0.232445161763463,7.36943296655916,9.07496689958932,4.4,3.22593617538698,855
vru,BR,4.73808144234835,0.252697676925245,6.01997820008896,7.61507226334277,3.06699999999998,3.36122009678514,855
RB,vru,0.172271233309128,3.23008562454615,5.02400083116911,5.60414863617608,4.267,6.79465619579701,856
vru,BR,4.26108556350148,0.227257896720079,6.01787861742506,9.31150063068618,2.535,6.27441647105252,856
BR,vru,0.208484060249147,3.9090761296715,4.91939789656286,6.66293102240902,2.801,5.18143356096012,856
vru,BR,2.71516083831473,0.144808578043452,3.73721238700505,6.00595538172123,3.2,4.80299953288828,856
vru,BT,5.63343698895954,0.300449972744509,6.7072168832731,7.18069520269046,7,9.02911678476623,857
vru,LR,2.83262880156014,0.151073536083207,5.13468087791493,6.97829051874782,3.53299999999999,4.43219323798878,857
RB,vru,0.341789377520917,6.4085508285172,4.01522193164695,4.78892579767155,1.73299999999999,2.97757781067952,857
vru,LR,4.81000010991559,0.256533339195498,3.89861397229246,4.42356840806825,2.13300000000001,4.86449753173695,858
vru,RT,4.94443461367715,0.263703179396115,1.62548855252077,2.28903269255325,0.932999999999993,0.0107956035120858,858
BR,vru,0.101450497983339,1.90219683718761,5.09141932864314,5.42338332182099,3.06699999999999,8.42722333933186,858
vru,BT,9.88724087231173,0.527319513189959,2.64075559193157,5.80292052800339,0.532999999999993,1.66211247960631,858
BR,vru,0.143250373243324,2.68594449831232,1.26990508934517,4.24546012037191,2.067,1.54582363446585,859
vru,BR,3.57304853640483,0.190562588608258,4.70865396096811,9.63285914201304,3.466,6.5028626997283,859
RB,vru,0.113900532327304,2.13563498113695,2.65367170925455,4.72788120671575,1.4,1.06157396291006,859
TR,vru,0.274081694792098,5.13903177735183,5.05009764203713,6.79611106600631,3.8,4.12362135360081,859
vru,BR,4.99641074445309,0.266475239704165,4.08375150967,7.45981329287321,2.6,3.07249461625204,859
vru,TB,10.6756795177669,0.569369574280901,1.81897645447333,2.57917738268034,3.867,2.79869378115429,860
RB,vru,0.138748888415388,2.60154165778852,3.94798504629353,4.13325310020535,1.33299999999999,4.34381454606384,860
vru,BR,3.64101765457773,0.194187608244145,2.33246508761086,7.5519706674811,4.33299999999999,4.48324044307417,861
BR,vru,0.17296079533461,3.24301491252393,6.31762738441827,7.21748837844895,9.4,4.62898795553123,861
vru,BR,2.6803979560581,0.142954557656432,6.40794737855501,8.05813031143494,9,5.34623144397182,862
vru,BR,4.06420404597483,0.216757549118658,5.86455261077653,6.96262254199841,2.26699999999999,3.02844071120665,862
TR,vru,0.190239143339741,3.56698393762014,8.0904858482323,7.53602382060432,2.867,9.82345352292085,863
RB,vru,0.259289033472918,4.86166937761722,8.38484739353264,4.80627551766587,1.4,0.534211378258066,863
BR,vru,0.180174001537591,3.37826252882983,3.21433429818119,4.12876000544915,1.86599999999999,3.66104469457111,863
BR,vru,0.187131163094508,3.50870930802202,3.66174416998029,5.42272790923498,1.93400000000001,9.9162908452199,863
TR,vru,0.180990581933037,3.39357341124445,6.60367825339198,7.85993693241793,3.13499999999998,3.51985297038152,863
RT,vru,0.348797926023744,6.53996111294521,7.00419279704334,9.4867420795123,3.799,0.440662046027049,864
RB,vru,0.128820586992845,2.41538600611585,4.05681840616954,4.35796285531124,1.33299999999999,4.36669486030735,864
RT,vru,0.0606480492598662,1.13715092362249,6.85452642801033,6.93822293699307,2.26700000000001,6.64938638978134,864
RT,vru,0.0728637262439927,1.36619486707486,2.81032323691579,5.55693326394855,5.20099999999999,5.83413966911846,864
vru,BR,3.38745421129583,0.180664224602444,5.73696392680006,6.63533065382583,4.33299999999999,4.50590858547193,864
BR,vru,0.144917617779577,2.71720533336706,7.45382231496693,8.90669168285196,7.86699999999999,6.91497051409925,864
TR,vru,0.15641959102518,2.93286733172213,1.46013890111447,1.89339670272301,2,0.536602448999862,864
vru,BR,3.38534362567801,0.18055166003616,2.2122547065075,4.84226624990282,2.86700000000001,6.78796925038355,864
RB,vru,0.154342797432692,2.89392745186298,6.73333008109959,7.82482782522926,1.73299999999999,3.50629035135093,865
RB,vru,0.0581562552618759,1.09042978616017,7.53374797903774,7.95859324981933,4.73299999999999,5.71213872716541,865
RB,vru,0.115150773407995,2.1590770013999,8.12133883107369,9.05935093401315,8.86700000000001,7.93130850428034,865
RB,vru,0.128966460797426,2.41812113995174,3.07124676316035,3.35274774549202,4.33400000000001,5.20454302568432,865
vru,LR,4.29973223618057,0.229319052596297,3.64642612130716,4.06219356416228,9.13500000000001,3.76969620728089,865
BR,vru,0.288168119816945,5.40315224656772,4.0762676891536,7.28961905194644,2.533,4.41892847485576,866
RB,vru,0.177274211609852,3.32389146768473,7.55721557055237,6.69415481220457,1.93300000000001,0.789722528531494,866
RB,vru,0.159899714153473,2.99811964037762,5.79128503496758,5.45960781439476,1.134,3.98845103308326,867
vru,BR,5.4808747816636,0.292313321688725,2.57595549016609,3.31867707914165,2.93300000000001,3.7967096560456,867
vru,TB,4.43027204385393,0.23628117567221,6.0101021640481,6.71208487837486,6.19999999999999,5.58431905442638,867
TR,vru,0.201881839930652,3.78528449869972,4.32824610763374,5.84483572957988,2,3.42834354810367,867
vru,BR,3.49157096288694,0.186217118020637,4.70930327026403,7.7781542423522,2.53299999999999,2.70500401161303,867
BR,vru,0.149353569038385,2.80037941946972,5.64089014025468,9.32574979298824,4.93300000000001,4.13887402029097,868
vru,BR,4.05888453713241,0.216473841980395,4.66921900983187,6.7149714290836,2.26700000000001,2.957519360319,868
RT,vru,0.118531791823796,2.22247109669617,4.84515535610965,2.83645376816364,5.93499999999998,3.36601825319526,868
vru,RB,2.83812654649332,0.151366749146311,3.22079058603665,3.51048316303639,4.4,9.6772704148715,868
vru,BR,3.65185677067816,0.194765694436169,3.58929249509741,7.95281342493017,3.53399999999998,4.95209555094644,869
TR,vru,0.177154917193064,3.32165469736994,7.39609981929518,7.56503394384498,6.93399999999998,4.49452789051337,869
vru,TR,4.7032559694333,0.250840318369776,6.08453277064849,9.89697996547111,2.267,3.77396004372702,869
vru,TR,4.29702786107445,0.229174819257304,5.66345561844833,7.72552024992179,3.73399999999998,4.94163906456646,869
vru,BR,3.66030891861059,0.195216475659231,4.36231420842678,8.63443112876352,2.66600000000002,6.7969736714013,869
vru,RB,4.46738559055511,0.238260564829606,7.84435060836623,9.30388685771544,3.26700000000001,7.19663385937678,869
vru,BR,1.59934939833605,0.0852986345779227,6.93897455933088,9.49174019270136,6.2,3.62575799230106,869
TR,vru,0.172808511935225,3.24015959878546,6.94288763294449,8.57260253700427,4.53299999999999,6.85026763442691,869
TR,vru,0.151088962302739,2.83291804317635,7.1954495778822,9.13876166622017,5.20099999999999,6.37625390088027,869
vru,BR,3.56749365023808,0.190266328012698,7.47361552776156,9.59234385453589,3.53399999999998,5.50729888858279,869
vru,BR,3.38560715942577,0.180565715169374,6.42986989352837,7.64214645358602,5.33400000000001,4.50340187191651,870
vru,BR,4.3362185398837,0.231264988793797,4.82975130662316,7.15374437464796,4.06700000000001,5.36446442418578,870
BR,vru,0.0912149972295344,1.71028119805377,8.6046608012336,9.26606991695513,6.53299999999999,4.19214132702738,870
vru,RT,3.94856342621821,0.210590049398305,2.53261319462618,3.43481739956768,2.13399999999998,1.51206965959235,870
vru,LR,3.62724069344224,0.193452836983586,6.72927121614499,8.22764616476874,2.8,3.58683851136124,870
vru,TR,6.4993355926576,0.346631231608405,3.18335550039925,5.01699069253024,0.8,3.04697286339886,871
TR,vru,0.336074152068871,6.30139035129132,6.83334758944179,7.91494441702392,3,5.07432058867529,871
RB,vru,0.152953709102093,2.86788204566425,2.56267513501237,3.05614522511978,1.26599999999999,5.53917847203685,871
RB,vru,0.0972715650830322,1.82384184530685,5.51383675420018,5.5023971760465,2.06699999999999,3.64481167927553,871
vru,BR,5.02281023666976,0.267883212622387,5.29035546385375,8.49761314619064,3.6,4.23917453168146,872
RB,vru,0.0940010162337146,1.76251905438215,3.50763877393662,8.82366447376281,3.134,6.43604529745712,872
BR,vru,0.27478223218299,5.15216685343106,4.44161881378845,5.15893121942358,1.866,1.49927797293503,872
vru,BR,0.739195496124672,0.0394237597933158,6.00833182892727,6.63235877298738,5.13400000000001,4.25168908972159,872
RB,vru,0.111732238852818,2.09497947849033,1.92498188739,2.13167916874254,3,0.919461973186942,872
vru,BR,3.24276376311117,0.172947400699263,4.57289500281984,7.21592401320603,3.134,4.13907882900539,872
vru,TR,4.76280366841627,0.254016195648868,2.91036293986999,4.33290286526986,1.067,7.29966643320306,873
RT,vru,0.11173420251485,2.09501629715343,2.75536865397154,3.50140999096138,5.33466666666667,8.41558313295658,873
vru,BR,4.17618998904789,0.222730132749221,3.86140575488613,4.35464178162273,5.40099999999999,3.72909158397953,873
BR,vru,0.202143944887842,3.79019896664704,4.45433749064933,4.88428693645807,6.86700000000001,4.0748940426658,873
RT,vru,0.244144917783093,4.57771720843299,1.60167006006035,3.99796721068951,2.33300000000002,1.9425256754846,873
vru,LR,7.05604253479458,0.376322268522377,1.51927746933157,2.2935850928041,1,3.29819055999946,873
BR,vru,0.147419813088765,2.76412149541434,8.27358621718641,8.94680788175497,3.2,5.42775514526226,873
RT,vru,0.0931026640640455,1.74567495120085,1.88897713085403,3.65224664992602,0.467999999999999,1.28716903686811,874
RB,vru,0.139349405573072,2.61280135449511,5.0955403027313,5.24536239397192,3.267,4.54028501895948,874
BR,vru,0.153370474124271,2.87569638983009,5.16078595554508,6.37053486296392,8.066,4.16376759470776,874
TR,vru,0.222246277866855,4.16711771000353,5.881869648492,7.26238239078546,5.6,4.7839064452442,874
RT,vru,0.13244550780886,2.48335327141612,7.46220068254307,8.31851514588508,4.8,3.95583361577768,874
vru,RT,2.52761677909855,0.134806228218589,1.98976985491993,2.36443947556393,4.73266666666668,2.2077327917291,874
vru,RB,3.36599037826584,0.179519486840845,2.08540634926169,7.94990151979406,1.666,0.141044834965501,875
TR,vru,0.259346702666287,4.86275067499289,1.65636129524536,3.96118824483048,0.867000000000007,0.0911291963095431,875
BR,vru,0.235933152734732,4.42374661377622,5.69887571904581,7.2336047133184,2.13400000000001,5.55172204923467,875
RB,vru,0.118686669388686,2.22537505103786,4.71488290567521,5.10355178877399,2.534,5.27556344680765,875
vru,BR,4.41003897886833,0.235202078872977,5.51959268575257,6.32904526316878,7.66699999999999,5.88700625993617,875
TR,vru,0.307542159260364,5.76641548613182,4.18326068215819,5.92489584088405,1.6,1.94028641617331,875
vru,BR,2.59156539790812,0.138216821221766,6.82513344007099,8.28375544165681,8.334,4.23744754864247,876
vru,RB,4.81511013519553,0.256805873877095,3.08900992826881,5.26349672507363,1.6,1.83921741408171,877
vru,RL,7.56070537873476,0.403237620199187,3.55990092116965,4.83932024468509,1.46699999999998,2.17383245164976,877
RB,vru,0.14415928044894,2.70298650841763,5.82694123964358,4.84224025406716,2.134,0.605896367992958,878
RB,vru,0.107926063379688,2.02361368836914,4.9149718235752,4.95920926687444,2.534,4.54238746016533,878
BR,vru,0.227748505717166,4.27028448219687,4.73909471863323,6.28791724769653,3.13299999999999,8.99164246632308,878
BR,vru,0.115014895120314,2.15652928350589,5.61964772368837,5.89436717780553,8.068,9.15432049714016,878
vru,BR,4.11792727574015,0.219622788039475,3.22957710506597,7.55995895368406,3.4,3.51057652207845,878
BR,vru,0.356874795752002,6.69140242035004,5.07669607380749,7.28620404464603,1.93400000000001,4.63584158673872,878
BR,vru,0.102881923672066,1.92903606885123,6.51617798148845,7.23099553907614,1.86700000000001,5.23456653052588,879
vru,BR,1.84956238692883,0.098643327302871,9.39022164335258,9.69028131257144,3.601,3.85623792304987,879
BR,vru,0.158041224014892,2.96327295027923,7.18890254086698,8.38389823307069,4.067,6.7862546909812,880
vru,BR,2.1068788815268,0.112366873681429,8.26044736986598,8.34120838042199,4.73299999999999,4.60342938939872,880
vru,BR,4.19031343602768,0.22348338325481,4.20669124381647,9.64496451856481,4.468,4.50971556756837,880
RB,vru,0.119301027378533,2.23689426334749,5.04529084794874,5.21816393592211,1.33399999999998,8.82527524335645,880
BR,vru,0.256371627730667,4.80696801995,4.83135096785657,9.91966208282594,4.13299999999999,4.5776393128378,881
BR,vru,0.267627259766982,5.01801112063092,4.94303560403358,8.64825683253309,3.6,3.99126434768103,881
BR,vru,0.286788662493951,5.37728742176159,7.19967323690687,9.99166093137447,3.666,5.33605061194124,881
RB,vru,0.192027836788227,3.60052193977926,4.77175803917189,3.62662721467727,1.6,0.684555095804921,881
vru,BT,14.3454370164679,0.765089974211619,1.28367816620921,2.79883861202064,0.467000000000007,0.142476253643493,882
RB,vru,0.100465433950518,1.88372688657222,3.13170705909534,8.33023391538807,3.40099999999999,7.55772645219696,883
LR,vru,0.271093611125842,5.08300520860954,8.21365010193409,8.3979360882489,3.19966666666667,3.50058883257188,883
vru,LR,1.24428681690427,0.0663619635682277,3.71025977473174,6.51923488891641,7.99999999999998,4.07130001893255,883
RB,vru,0.27614293140311,5.17767996380832,3.88662094706053,5.01590239044658,0.733000000000023,0.148776728679081,883
RB,vru,0.111985149186032,2.0997215472381,8.29299739180109,8.53979862026319,8.66600000000002,5.31439153344996,883
RB,vru,0.0552745413880013,1.03639765102503,6.3388171865354,6.31982962132518,2.93399999999998,4.34452358052981,883
RB,vru,0.0756529396259302,1.41849261798619,3.27080457556023,4.11489091386903,2.86699999999999,3.27730777137504,884
BR,vru,0.219651495648647,4.11846554341213,6.71987407405908,8.52607245639408,3,5.68433635311122,884
vru,LR,4.4716732807867,0.238489241641957,3.28196530099161,5.03502641975721,1.53399999999998,9.15692155911901,884
vru,BR,4.33679173003373,0.231295558935132,5.58720620405092,8.83492388639488,2.934,4.67083361634329,884
TR,vru,0.236880734915822,4.44151377967165,4.07314759410733,4.81364405969545,1.06700000000001,8.52326957691691,885
vru,TB,8.19330698689823,0.436976372634572,3.3897451196357,4.20176968599266,4.134,3.41521106837608,885
vru,TB,7.72276367201439,0.411880729174101,3.71885637398058,4.28020358684641,3.201,3.67171499332036,885
vru,RB,3.25384899343948,0.173538612983439,3.25345198152322,3.46890683806648,3,6.73294090482679,885
RB,vru,0.118804060973756,2.22757614325792,1.90566682541905,2.70674332704263,5.4,4.75640915468289,886
RB,vru,0.137508787827292,2.57828977176172,3.46269991414866,3.43381524788125,0.933999999999999,3.89467150167252,886
TR,vru,0.241468933619438,4.52754250536447,6.09808697460349,6.44771218126831,2.8,2.73513055045218,886
RB,vru,0.190851406241712,3.5784638670321,2.7301595790775,5.72232350939963,1.93399999999998,1.16962830480783,887
vru,BR,4.32794581142804,0.230823776609496,4.04277274963787,8.449915669902,3.8,4.63132472487596,887
RB,vru,0.232380776955176,4.35713956790955,3.85067595960277,7.07723796828537,2.2,0.41245771753124,887
vru,TB,4.35121423136464,0.232064759006114,5.83009326098959,6.86579060974148,4.4,5.85683720889512,888
BR,vru,0.235851910973203,4.42222333074756,2.90506683075027,7.31220624456166,3.00100000000002,8.57669642815512,888
vru,LR,5.82978619193264,0.310921930236407,1.95731878655126,2.59290184043259,1.73399999999998,3.65512444145581,889
vru,BR,3.92801057415635,0.209493897288339,7.22434517826369,9.11470954960577,2.868,3.7960818235073,889
RT,vru,0.128670350998185,2.41256908121597,8.62502061300012,9.89241120065866,2.46700000000001,4.05444447159064,890
RB,vru,0.213723883092119,4.00732280797724,7.72093591572983,2.48974547654011,0.666999999999977,0.280112241999673,890
RB,vru,0.199752149749585,3.74535280780472,2.76709663176661,3.60999819747299,1.13299999999999,5.86447347839448,891
vru,LR,4.89758541527419,0.26120455548129,5.06362934899687,5.60443450023783,1.46700000000001,6.19754036470842,891
vru,RL,2.84348936165989,0.151652765955194,1.73703966075741,7.03556758084266,3.46599999999999,3.85091749181099,892
vru,BR,3.5165791296206,0.187550886913099,1.87571148173812,2.41047088246533,2,1.7872143780553,892
BR,vru,0.239458024882859,4.4898379665536,6.31323468065585,9.6459876619432,2.866,5.20399198948703,892
vru,RB,3.96687722453038,0.211566785308287,2.34968080932882,3.86217835039248,0.8,0.0626163539290138,894
vru,TB,4.07372276825635,0.217265214307005,4.49445153003983,4.76406473252871,5.06700000000001,6.77262675485298,895
vru,TB,4.50427859734628,0.240228191858468,3.42522004876023,3.77597318838251,3.06700000000001,8.20766285015683,895
RB,vru,0.206879883417882,3.87899781408529,2.46684009532595,3.72008751214744,1.46599999999999,0.0502526392605005,895
vru,BT,4.48207807527896,0.239044164014878,3.81904766153749,4.47920160346432,4.00100000000001,6.70760721538962,896
TR,vru,0.251267523191944,4.71126605984894,6.42806865084557,8.78619605598748,4.06600000000002,4.68785715975328,896
BR,vru,0.302429592495914,5.67055485929839,5.23273426847093,8.91016747077616,2.06700000000001,5.94356879055103,896
BR,vru,0.136975887650501,2.5682978934469,6.8539532496295,8.61746847095106,6.26699999999999,9.46493008025607,897
BR,vru,0.305244338929468,5.72333135492753,4.08967494693105,7.58320832099005,2.8,9.19671857837534,897
LR,vru,0.330500428865651,6.19688304123096,5.16725972564715,9.87412076598865,2.734,6.41320913809762,898
BR,vru,0.292864320204395,5.49120600383241,5.09857351709321,9.79593656237064,2.93399999999998,3.47413909781106,899
BR,vru,0.303003337569914,5.68131257943589,5.00441777058709,7.492252794432,3.2,7.02967480892457,908
BR,vru,0.228903475376795,4.29194016331491,6.57423176113811,9.37304068752326,3.00099999999999,8.35373583782745,927
TR,vru,0.377803343610893,7.08381269270425,4.80952630517866,7.80498421460043,0.933,0.446717187036896,929
vru,BR,5.57838292668181,0.297513756089697,5.87246710707067,9.31858203567271,2.2,3.08077813656604,929
vru,LR,7.55483877402447,0.402924734614639,6.46153262263139,6.98589516894284,4.73399999999998,3.87152883852134,929
vru,LR,5.04286614486404,0.268952861059416,4.55976477982117,5.10356975941774,2.4,4.23582437573209,930
RT,vru,0.244953467026895,4.59287750675428,3.02145150218839,5.45654397502854,1.33399999999998,3.26894781811678,930
vru,RB,4.79364415747369,0.0383491532597895,6.83668596906465,7.89280686478766,1.53400000000001,2.94402446012325,930
vru,BR,4.13712611389848,0.220646726074586,6.41091947581965,7.00631505019213,2.66599999999999,1.57253046108854,930
BR,vru,0.231945354439968,4.34897539574941,5.3065289560977,6.6215368551047,2.33299999999999,7.47500521050421,931
RT,vru,0.150525706257306,2.82235699232449,4.16253541283379,6.7053675415766,2.467,2.67383609332754,932
BR,vru,0.225100995178364,4.22064365959433,8.55531688218258,9.7362035548869,2.935,3.63413772598865,932
vru,BR,5.6212910155923,0.299802187498256,4.93141682111747,8.58186050412603,2.2,3.16657217319695,932
RB,vru,0.143874715728041,2.69765091990077,1.59068686955098,1.93484267421237,9.33400000000001,2.30060352547748,932
RT,vru,0.193683599104118,3.63156748320221,5.19775816064014,6.98480195301588,3.06700000000001,4.295008418066,932
vru,BR,5.1905367308362,0.276828625644598,4.56957136114721,6.64033664371418,7.6,2.8128960732092,932
RT,vru,0.190825010808562,3.57796895266053,4.57601494252527,5.147145868894,9.266,3.92689789916814,933
TR,vru,0.261131902176781,4.89622316581464,3.89323124040098,5.66200148764175,1.4,7.18495435451621,933
vru,BR,5.47708847308635,0.292111385231272,5.66595812292941,7.53822528547675,2.4,3.9652034146192,933
BR,vru,0.336812059256624,6.3152261110617,7.47638193003017,9.19488473086601,2.66700000000001,5.18416045417539,934
BR,vru,0.255868818281336,4.79754034277505,7.85586051574064,9.01938418449469,3.4,4.79993120330833,934
vru,BR,5.8182912533096,0.310308866843179,7.21455925401559,7.47052129069041,5.40099999999999,3.23012628398469,934
TR,vru,0.208384583548847,3.90721094154087,1.45585862550414,3.65807093381492,1.53299999999999,0.577946543940307,934
vru,BR,4.50875058532425,0.24046669788396,8.21674247051758,7.11115071817193,8.73300000000001,8.82676932479293,935
BT,vru,0.200181338782486,3.7534001021716,4.45319224300102,8.24496343411847,3.60099999999999,3.32650110086762,935
RT,vru,0.213722189290638,4.00729104919946,4.84161084528943,7.33792706898517,7.13299999999999,2.06356892295883,935
TR,vru,0.187236317020065,3.51068094412622,1.67148830183211,4.01388071682941,1.13400000000001,0.442334883549578,936
vru,BR,3.71173851230405,0.197959387322883,3.34164747384763,4.14280289324914,1.2,1.70252931466368,936
BR,vru,0.244643209571065,4.58706017945746,7.74735889976408,9.29848656853524,3.33300000000001,4.97813431345572,936
TR,vru,0.345947555817485,6.48651667157784,2.87786450295234,7.59466335536108,1.2,8.92888043343743,936
TR,vru,0.44457394674525,8.33576150147344,5.19505395444528,8.04439279119963,1.53399999999998,2.2500608313325,936
vru,RT,5.27095679242015,0.281117695595742,3.38090656524225,8.30291593055978,5.134,3.96302384215065,937
vru,RT,2.2767531256361,0.121426833367259,4.69810992229508,6.38151598382641,9.40066666666665,4.26658146861731,937
RT,vru,0.200997800268162,3.76870875502805,3.91244608717247,5.04157129203123,2.73266666666665,3.62298373098455,938
RT,vru,0.188975674844273,3.54329390333012,2.76838391545491,5.81424620795951,2.667,2.7060091752174,938
RL,vru,0.193922605358662,3.63604885047491,4.51539022448147,7.55312475116156,3.067,6.22532014145441,938
vru,BR,3.8168896808674,0.203567449646261,5.05877224861801,5.83800772056615,7.86699999999998,5.13339500760306,939
RT,vru,0.174471599578133,3.27134249209,2.30515197598847,3.7380837396927,1.6,2.59559136256151,941
vru,RB,1.63166982268634,0.0870223905432716,6.37606399606641,6.37610468058552,3.067,2.94774385673231,941
BR,vru,0.219165967652806,4.10936189349012,7.06769737400848,9.84801089274189,4.4,6.18926960032725,942
RB,vru,0.136798060403648,2.5649636325684,3.09949067119872,4.61920123841969,1.466,2.0466069237648,942
BR,vru,0.180452495472155,3.3834842901029,4.28400860744975,6.99264575919389,2.866,4.63050206149455,942
RB,vru,0.426733087461047,8.00124538989463,4.54906329895172,5.46376007826179,2.133,4.10732278892134,942
vru,BR,2.51408650318701,0.134084613503307,5.24380802413855,6.79080446076868,9.06800000000001,5.07813049225529,943
BR,vru,0.339622201862422,6.36791628492042,5.95096340150225,9.91143230417496,3.06633333333333,3.36413583877974,943
vru,LR,11.3044730232478,0.602905227906549,3.37709609882198,3.08259124576605,0.533,0.487310884883502,943
BL,vru,0.0694565572956956,1.30231044929429,3.56520799673774,3.93784576407723,4.26700000000001,8.03733608854005,943
vru,TB,5.13877792182782,0.274068155830817,3.62697652721517,2.73999519640582,0.733333333333333,5.30418833845576,943
RB,vru,0.188961544444699,3.54302895833811,5.42629561953397,5.93233888342312,4.601,6.43448916276386,943
RB,vru,0.160333700367517,3.00625688189095,4.07141585955957,3.73560560091588,4.26600000000002,5.72152423017767,943
vru,BR,2.47550698893934,0.132027039410098,8.15181027415501,9.31936316410339,5.86700000000001,3.79588639095264,943
RB,vru,0.1722443897333,3.22958230749937,6.34923459111265,8.58318959043097,2.06699999999998,4.41076937693578,943
BR,vru,0.289904034444603,5.4357006458363,2.9089400142693,5.28812444345767,0.866000000000001,2.61933010658545,944
vru,RB,2.41959810029743,0.129045232015863,1.76390178895907,9.08270711878865,2.06699999999999,1.83575769915882,945
vru,BR,5.20781293334942,0.277750023111969,5.74842203252388,7.07180444559593,7.4,4.90599848536176,945
vru,BR,5.52051374834115,0.294427399911528,5.13672711050652,6.64443090745719,6.86599999999999,4.95985587477589,945
RB,vru,0.147765008293735,2.77059390550753,1.60258041767524,1.77929547775179,5.20099999999999,6.98593910619996,945
RB,vru,0.196849063065869,3.69091993248504,3.61203574978497,4.03105351366494,2.333,5.63971302211923,946
vru,LR,4.35171558320294,0.232091497770823,4.15646626396716,4.67288208924545,2.86700000000001,4.37713823096527,946
vru,RB,2.91624864553776,0.155533261095347,4.28127477672055,4.60770930346167,5.868,9.99338624025597,946
BR,vru,0.053959084376241,1.01173283205452,8.27786598456797,9.64314238844102,3.13400000000001,4.16703677279128,946
RB,vru,0.0673967756752792,1.26368954391149,7.8585092389487,9.05700475724137,5,5.40072776825741,946
RB,vru,0.0695877026359071,1.30476942442326,2.08899086647347,7.19298825977597,3.333,6.20410131575952,946
RB,vru,0.0939412923366278,1.76139923131177,2.04454180567863,8.28704134073877,3.933,7.35895133572429,946
RB,vru,0.334638841508116,6.27447827827717,4.7379540201498,5.87681361115099,1.6,3.17758993099444,946
RB,vru,0.207316867053407,3.88719125725139,1.77490520419422,1.97215101216161,2.53300000000002,0.635155602485061,946
RB,vru,0.0116884649679112,1.4610581209889,9.23859185442401,9.24972883005912,4.534,8.8680339689482,947
vru,TB,9.12258234760858,0.486537725205791,3.4776479198878,4.33515561300964,3,3.29428203081635,947
RB,vru,0.122091626789465,2.28921800230246,4.05359219982301,4.15197024108736,6.8,5.33954234059802,947
RB,vru,0.123558893482795,2.31672925280241,4.26971518895986,5.37843124373749,1.6,5.98629676076759,947
RB,vru,0.133184420440305,2.49720788325573,2.39748341706933,3.51619441834986,1.2,3.56920094893648,947
RB,vru,0.212307520493072,3.9807660092451,5.8480697444843,9.98396846926982,3.13399999999998,8.26523485354221,948
TR,vru,0.299503553818875,5.6156916341039,4.11872327025044,5.83374041165835,1.53300000000002,2.444619140129,948
RB,vru,0.110752467496069,2.0766087655513,4.57630932772958,4.68079382065639,1.467,2.69854077336507,949
RB,vru,0.0823995139187139,1.54499088597589,2.25073854877273,2.51462595145774,2.86699999999999,0.897947926388075,949
RB,vru,0.181020848251918,3.39414090472345,2.37889691008843,2.77389034230196,1.13299999999999,3.92287267491289,949
RB,vru,0.168793156443475,3.16487168331516,7.44407079662748,7.14807025306926,7.13300000000001,9.79655276417481,949
RB,vru,0.205706562117089,3.85699803969541,5.45726748240231,4.75366310301172,5.066,7.56248333715562,949
vru,BR,4.30536047849352,0.229619225519654,4.33550904139423,7.38187600707268,2.4,9.33565710151986,949
vru,RB,2.62007833385103,0.139737511138722,5.30374259864944,5.49792129011997,5.734,7.94797795502923,950
RB,vru,0.0579627002633735,1.08680062993825,8.57721111781142,9.47408367246907,5.06700000000001,8.09162678457039,950
RB,vru,0.176437613835938,3.30820525942383,3.75679198082095,4.93104362248423,1.46700000000001,4.12709519834346,950
RB,vru,0.101851030978457,1.90970683084607,4.25885852273568,3.84130657458991,1.46700000000001,3.50293941996542,951
RB,vru,0.100048121811159,1.87590228395923,4.25428242948347,4.40222338022007,2.13400000000001,3.18295838138213,951
BR,vru,0.242899700557455,4.55436938545229,5.23874464376207,6.61854319610468,3.867,6.95231093117476,951
BR,vru,0.262815086056061,4.92778286355115,3.80116948689924,5.52288299755571,2.46733333333333,6.91213602954566,951
RB,vru,0.123030266675554,2.30681750016664,3.16622262273981,3.24802233874482,1.8,0.758049385710039,952
vru,BR,5.67864989789079,0.302861327887509,5.53684794090118,8.65606684049614,3,9.10077870712269,952
BR,vru,0.170319735453337,3.19349503975008,4.73570629172929,6.23990623492022,3.40100000000002,5.88773422837512,952
vru,RB,2.18245187942571,0.116397433569371,1.53677125091663,8.23467765688389,2.2,0.56607236140403,952
TB,vru,0.189456568066445,3.55231065124584,3.34180939566906,4.34081808073087,3.067,5.7370138400018,953
vru,BR,1.85965484838071,0.0991815919136377,6.94998411968028,7.86152486254662,4,4.49824383007065,953
BR,vru,0.187689754937127,3.51918290507112,3.71038009843045,5.22096067880498,3.4,5.0444529076081,953
vru,BR,8.13667972894106,0.43395625221019,3.02940933794786,8.17283909009511,1.533,4.54421260209663,953
BR,vru,0.134991255380895,2.53108603839177,6.30855934162204,7.27737497195202,6.267,4.19157270689802,953
RB,vru,0.111391587382775,2.08859226342703,4.79080101648889,6.84835756689152,2.93299999999999,5.05627033705562,953
BR,vru,0.318275396026524,5.96766367549732,2.03387184907077,2.65622559542756,1.13400000000001,0.723761757166166,953
RT,vru,0.0491657112710254,0.921857086331726,4.89699946165383,5.37690223377513,3.667,3.59940985486665,953
RB,vru,0.144256796527418,2.70481493488909,5.65245259982066,6.44659639263117,9.068,8.19041054613776,954
RB,vru,0.147167473759051,2.75939013298221,4.50178627925371,4.81591483938722,7.267,4.89206954309451,954
RB,vru,0.161149845786335,3.02155960849378,2.87754923971813,3.11993142473647,3.333,4.95280639184378,954
RB,vru,0.210512578456989,3.94711084606854,5.00689865269542,7.50564621891218,1.8,4.32938301511658,954
vru,TB,3.16334735289593,0.168711858821116,1.46140477493516,1.80675925448082,1.8,0.0117478179758985,955
vru,RT,5.26026086917909,0.280547246356218,2.18188700870903,2.73161915770234,1.53299999999999,2.65073996851447,955
RB,vru,0.166936929903422,3.13006743568916,7.23690163691752,7.99720474111667,7.067,9.83337408159122,955
BR,vru,0.224452184124306,4.20847845233073,6.02330812003771,7.48148882648079,2.467,7.12707950630238,955
BR,vru,0.16587521416063,3.11016026551182,4.78621206499217,5.42830967958439,6.13633333333334,4.82643539326304,955
BR,vru,0.135592982685434,2.54236842535189,7.35794034088908,7.79036568401707,2.6,2.96951630997177,956
vru,RB,1.54295691665772,0.0822910355550782,2.32060363683936,7.1232747139117,3,0.502679203311638,956
RB,vru,0.0714012852703157,1.33877409881842,3.01432886882743,3.11193832824755,2.06700000000001,1.97623699027688,956
vru,BR,2.40772437785876,0.128411966819134,1.56427226040647,2.14526855050589,1.80100000000002,1.536699197763,957
vru,RB,3.27047326375481,0.17442524073359,2.41173310462493,6.84360013424188,1.266,3.7816271030982,957
RB,vru,0.208459739773556,3.90862012075417,2.95152407768632,3.86450766721236,0.733999999999999,0.0395062284573804,957
vru,BR,3.81397452611808,0.203411974726297,4.83173218856279,6.80406523711491,2.4,5.78665090950838,958
BR,vru,0.130133296748701,2.43999931403814,6.99300950092531,7.796965695231,6.934,3.25407377751304,958
BR,vru,0.268112507288233,5.02710951165436,8.48861252804107,9.69181073724245,5.133,5.74010851586246,958
RB,vru,0.155466981574337,2.91500590451882,2.19484847277145,1.86035822841574,0.4,0.0172190179920848,958
RB,vru,0.169016829550901,3.16906555407939,3.01748848745607,3.6288904299686,2.468,2.20990537480249,958
vru,BR,6.51397115338979,0.347411794847455,2.73625732869537,4.05259594645965,2.73299999999999,2.49460870676622,958
vru,TR,2.67620530499628,0.142730949599802,2.28005613280259,1.80200640084983,5.86699999999999,2.54106731271366,959
RB,vru,0.107300809659261,2.01189018111114,8.1338468281378,9.65707152177986,4.4,6.317475714431,959
RB,vru,0.136954231428553,2.56789183928538,3.94395776497822,7.95616912142593,4.2,5.18031480936014,959
RB,vru,0.181126105954403,3.39611448664505,1.70873764034037,5.5720713466142,2.13299999999999,5.50257153769223,959
vru,TR,9.59416493153707,0.511688796348644,4.21396291786827,5.52767362577267,0.6,5.68600393862535,959
vru,BR,2.36851557378517,0.126320830601876,5.72815793548416,7.1844389661846,8.00099999999999,4.29069171551286,959
vru,LR,3.20539556757966,0.170954430270915,8.14653897859915,9.25331161039726,3.868,3.91180992517959,959
RB,vru,0.146658274690463,2.74984265044618,4.18161777336951,4.80023841794951,1.53299999999999,9.80781160589015,960
RB,vru,0.0986190963547013,1.84910805665065,5.45398601701875,5.5884206381984,3.8,4.61521197123404,960
BR,vru,0.202360125642633,3.79425235579936,4.69973805443482,6.87928387126906,2.735,6.91255648481343,960
RB,vru,0.0870686577753342,1.63253733328752,7.4963519150993,8.97681180604394,3.2,9.70299937625431,960
vru,RB,1.62855013389742,0.0868560071411956,3.35023998674641,6.01178004150846,2.33299999999999,0.538222188450184,960
RB,vru,0.104597929920102,1.96121118600191,4.66607561983645,4.77373599189805,1.6,5.94214486724951,961
RB,vru,0.16911027989062,3.17081774794913,4.67741438148796,5.30184414279563,4.80099999999999,6.815961588341,961
BR,vru,0.109864963863608,2.05996807244264,6.51313405171056,6.93524220169695,2.86700000000001,3.05406410553848,961
TR,vru,0.215428621132422,4.03928664623291,3.97197751946131,7.18515331516089,1.734,3.3167708794867,961
vru,BR,2.4085213625627,0.128454472670011,6.83494600489572,8.10361162430469,6.53300000000001,3.86238505598712,962
BR,vru,0.213304322653914,3.99945604976088,5.98927420965694,8.02905451552052,5.80000000000001,3.80271017046136,962
vru,TR,3.49658229262759,0.186484388940138,6.82502680887423,7.48474532584184,2.8,3.97884057517601,963
RB,vru,0.176920227377293,3.31725426332424,3.9265958723078,4.38033731844661,2.666,5.34770396414945,963
RB,vru,0.169067623312751,3.17001793711408,5.25167938476311,6.75629167905868,1.934,4.23500927075472,963
BR,vru,0.309226411241564,5.79799521077932,4.53990845163692,5.72729564244508,2.33400000000001,6.93110165432174,963
vru,BR,4.37000608721857,0.233066991318324,5.90023100316722,7.11219915113804,8.33299999999999,6.27321944563845,963
vru,TB,6.70721317832928,0.357718036177562,1.82962543304719,2.35217858875478,5.80099999999999,4.75173866980962,963
RB,vru,0.17509972123465,3.28311977314969,6.91551851387744,9.6694184971768,3.134,7.29849831856458,963
vru,BT,6.84593819201523,0.365116703574146,3.86038030111312,5.2907114494869,2.067,3.14386493884277,963
vru,BR,4.07127595701553,0.217134717707495,1.89612727122617,2.80147554363931,1.267,0.226751460577534,963
RB,vru,0.131341342327342,2.46265016863767,6.23697206900409,6.69559444561986,2.26700000000001,7.02017085284743,963
vru,BR,4.26266121216847,0.227341931315651,8.15804374289586,9.57207260232307,2.2,3.81593059629779,963
RB,vru,0.102138984349624,1.91510595655545,4.95796202470563,5.27720455522901,4.001,5.22611153119213,964
RB,vru,0.106980282036321,2.00588028818102,7.19106847153887,9.58542423919081,4.53400000000001,5.54236298847121,964
BR,vru,0.242784273449274,4.55220512717389,6.7364356293063,8.32594137523538,2.13400000000001,3.93302191913722,964
vru,BR,4.09918702706935,0.218623308110365,3.61178564420013,8.4771501444135,3.00099999999999,5.41265900494495,965
RB,vru,0.132686629124714,2.4878742960884,6.99137936392606,7.5439901012405,7.13299999999999,8.84644652842822,965
RB,vru,0.193964037690947,3.63682570670525,4.30417160840765,5.26748777937263,3.2,5.58124861247675,965
BR,vru,0.261677735473393,4.90645754012613,3.75797487420399,6.90373663182343,2.20033333333334,4.41257158476191,965
vru,TR,5.79991515294502,0.309328808157068,4.34599677920426,5.73274802707631,1.60100000000001,7.70654263447883,966
vru,BR,2.12085900962331,0.113112480513243,5.65443526170215,6.88458466723593,3.8,5.06584561972702,966
RB,vru,0.179483083211218,3.36530781021033,8.18159008949354,9.48079105749073,3.93299999999999,5.51059912497391,966
RB,vru,0.273343309457947,5.1251870523365,3.17318131787743,3.84935680228403,2.33299999999999,2.3325672405822,966
RT,vru,0.103869870241677,1.94756006703145,4.83569068671051,8.87002478044068,7.867,3.81878881017014,966
RB,vru,0.235783940334441,4.42094888127077,4.61078699116457,7.2514252481149,1.8,3.30922459138569,966
RB,vru,0.141686647349567,2.65662463780439,3.63929752555304,3.95163186153712,1.66700000000001,3.35171546338017,966
BR,vru,0.284261893311396,5.32991049958867,3.38934868554996,6.53209787836553,2.26666666666667,3.40389007912833,966
RB,vru,0.0754377918280484,1.41445859677591,2.19968758148653,4.32534331340505,3.26699999999999,3.12856338829447,966
TB,vru,0.0312814142950057,3.91017678687571,3.73981268341825,4.58607455260666,3,1.29831001030092,966
BR,vru,0.113711700787561,2.13209438976678,4.32872870994055,4.87150185587694,1.86700000000001,5.14773225409859,966
vru,TB,4.04064423354077,0.215501025788841,4.1123824130485,5.82148158126263,1.466,2.94513431001701,967
vru,TB,4.06273414377669,0.216679154334757,2.75764784660639,3.6873068694187,1.06699999999999,1.64717123828061,967
vru,TB,0.944731574350825,0.0503856839653773,5.08026662991204,9.90239535818705,7.80100000000001,6.66601587211445,967
vru,BR,4.93522931425099,0.263212230093386,4.5224876064402,6.03359297174884,1.6,7.37905753810111,967
vru,RB,2.45659062503529,0.131018166668549,3.17372306609444,4.83577923060872,2.26666666666667,0.0138559360060849,967
RB,vru,0.108664793710978,2.03746488208083,4.22727804215921,4.34512276912413,2.93299999999999,6.07554740378195,967
RB,vru,0.190043783417126,3.56332093907111,1.51024235096797,1.92034666098151,1.53400000000001,0.00943255192998008,967
RB,vru,0.0826763758175749,1.55018204657953,2.00285103433127,2.64931095975122,3.26700000000001,1.66002929006914,967
BR,vru,0.263667895886179,4.94377304786585,4.52250596248414,8.16867955667437,3,9.03936428854769,967
BR,vru,0.168258537547578,3.15484757901708,3.06003569095408,3.48617036754768,6.2,3.91945378161388,967
vru,TB,2.60287468836369,0.138819983379397,3.37043935553202,3.52544175950606,5.13299999999999,3.5580987920346,967
vru,LR,3.98679394628839,0.212629010468714,2.74260604498904,4.83954707994739,1.266,5.56605282555345,967
vru,TB,1.70031716731622,0.090683582256865,2.66477222166226,3.50663646774874,1.86699999999999,4.89040921930994,967
TB,vru,0.108794874800561,2.03990390251052,4.03559629142961,5.57280451729293,3.20066666666667,2.8309003397809,967
BR,vru,0.191159387309808,3.58423851205889,1.73936880623801,2.30652430152449,2.06599999999999,5.90506641241249,967
RB,vru,0.0644458889724985,1.20836041823435,4.76950370227005,5.24005036241084,6.53400000000001,3.75503579872782,967
BR,vru,0.314149124008601,5.89029607516126,1.76758312889107,4.10284328067665,1.6,3.59364358658009,967
vru,TB,4.77682490857251,0.254763995123867,1.42932915768573,7.45323099218332,1.46600000000002,0.00879696525473615,968
Further inspection,vru,0.223721460233663,4.19477737938118,3.16213458316099,6.07727483502612,2.6,3.71763817396321,968
RB,vru,0.129946892985312,2.43650424347461,2.78640985080725,3.36432495796233,1.333,4.34776835509235,968
TB,vru,0.185918704571418,3.48597571071409,6.88338639391089,6.74647989019576,1.867,8.89615010816244,968
vru,BR,3.96412469281493,0.211419983616796,6.31077397159238,7.73989571795286,6.066,5.17822111695863,968
vru,BR,3.39036623499775,0.180819532533213,3.94248823376041,7.93230255632982,5.2,5.64470673162234,968
vru,BR,2.11721610074328,0.112918192039641,7.20202932239934,9.85425148735758,4.6,6.31167429011745,968
RT,vru,0.0834715276354435,1.56509114316457,5.77760116147129,6.30136441042902,4.06700000000001,7.77016765150779,969
vru,BR,1.21922546215585,0.0650253579816454,7.72579675296006,8.50861792581179,6.40100000000002,4.21723432487538,969
vru,BR,2.76695601393096,0.147570987409651,6.48183963491995,9.57946118132685,6.06800000000003,4.34503730751542,969
vru,BR,3.68433928323806,0.19649809510603,4.83683477881971,8.12649687453358,3.93299999999999,4.47261035365051,969
RT,vru,0.312776589506834,5.86456105325313,6.17425527604839,7.80359687585447,1.53399999999998,3.21444211762316,969
TB,vru,0.118339000645875,2.21885626211016,2.1220751088112,3.64926812443388,1.667,0.217130059279805,969
vru,TR,4.23890473131538,0.226074919003487,2.04678152733661,4.13688597304066,1.4,0.805689144516886,969
vru,BR,4.05390248924608,0.216208132759791,1.95118006829952,6.85752089002621,2.6,5.23610856760607,969
BR,vru,0.194904957603848,3.65446795507215,1.890609552964,3.18878593666096,0.867000000000007,1.63748382943448,969
vru,BR,4.04507521502871,0.215737344801531,3.42195682923865,4.4180548566889,7.73399999999998,5.02607853661662,969
vru,TB,1.62951462102088,0.0869074464544471,2.30594541456401,2.50251366302691,9.6,7.84042559175097,969
TB,vru,0.196175372994558,3.67828824364796,8.79987425132619,9.96919759807856,9.2,7.10930995632283,969
vru,TB,4.30968503444313,0.229849868503634,1.30890864224558,2.0775807768773,7.46599999999999,5.02171568791301,969
vru,BR,3.78283876235722,0.201751400659051,3.82786150206996,5.04103253957547,4.534,5.56201606586736,970
vru,TB,1.17491161348629,0.062661952719269,1.93286823374983,3.03195160815571,7.4,3.06284840706598,970
vru,BR,1.93616362899842,0.103262060213249,4.36363180514229,5.50814968089249,9.86700000000001,7.25361348045831,970
BR,vru,0.243551324363286,4.5665873318116,5.96425116773452,7.19647437443211,2.26700000000001,5.95777389571755,970
TB,vru,0.0214920882118492,0.402976653972172,4.4792260661986,4.16737303985952,3.6,5.742112422149,970
TB,vru,0.0705866894140352,1.32350042651316,3.54291182943612,3.52642153840123,7.468,4.64396150202909,970
RT,vru,0.175331396515603,3.28746368466755,6.3002737902928,7.77896014197223,3.66700000000001,4.67502626636548,970
vru,TB,1.01206169400442,0.0539766236802357,1.43922208831103,1.59796966477977,9.26700000000001,2.898595248314,971
TB,vru,0.466467723880385,8.74626982275721,3.98484238993041,4.77701898986003,5.66699999999998,4.37059869134006,971
vru,RL,5.33677068055903,0.284627769629815,5.35581080598696,7.72677044087647,1.86700000000001,6.25344692280601,971
vru,RL,7.58031701791099,0.404283574288586,6.00229337922707,7.11476505219047,1.66700000000001,5.02855612858375,971
vru,TB,2.62712665599461,0.140113421653046,6.73813432163284,6.79866057477763,8.33500000000001,8.1385263123707,971
BT,vru,0.0913623291287029,1.71304367116318,2.67032588684764,5.37302412688269,3.86599999999999,4.39972863822485,971
vru,BR,4.34481638625276,0.231723540600147,3.97089810638735,8.03262423859857,2.867,6.43527106284038,971
BR,vru,0.108041215060185,2.02577278237847,4.4973385520873,4.81552553282393,4.40099999999999,8.66471196378598,971
vru,BR,1.31311133746895,0.0700326046650104,4.86081404635257,9.40765952459819,6.86700000000001,8.49114447489062,971
BR,vru,0.150346821455606,2.81900290229261,4.53166314189346,7.13920430937118,5.46700000000001,4.77795438232677,971
vru,BR,2.77032283088048,0.147750550980292,3.94844554618722,5.06726000980574,3.13300000000002,5.34138587089662,971
RB,vru,0.110779630191309,2.07711806608704,3.69250957469762,9.2210857224397,3.733,6.72980608356679,972
vru,BR,2.0009518842047,0.106717433824251,7.10309185036162,8.16748010735358,8.868,9.40717444919815,972
vru,BR,1.76441304545588,0.0941020290909804,8.91691665551256,9.67731489671499,8.333,7.05384619259136,972
BL,vru,0.125058713528706,2.34485087866324,5.16816845311169,6.43500969166717,3.334,4.93700664219309,972
BR,vru,0.18333345438034,3.43750226963138,4.96627996858753,6.26552209853242,4.00099999999999,6.86006418494795,972
TR,vru,0.206755451034611,3.87666470689896,2.36807080743336,5.06234100963864,1.66700000000001,6.55515470777484,972
TR,vru,0.206002429738726,3.8625455576011,2.15547538995327,3.51022168250266,1.46600000000002,0.514085758420718,972
vru,RB,4.03679436152987,0.215295699281593,6.26515982711054,6.50853464951296,5.268,8.50882415389778,972
vru,RB,1.81558576974353,0.0968312410529884,4.91050269699868,4.90606320705865,2.2,2.67680212101228,972
vru,BR,NaN,NaN,3.64977083477563,5.56596457408808,9.068,7.09363213724599,973
vru,BR,3.08355415922746,0.164456221825465,2.91314720451216,3.43735828150287,4.2,8.37610177712272,973
TB,vru,0.120925648422602,2.26735590792378,2.99784626994857,3.66913457239881,9.4,3.574350250693,973
vru,BR,1.81799668614859,0.0969598232612583,4.43790670535557,5.16351516661358,7.8,8.49452615607837,973
vru,BR,5.09665683250055,0.271821697733363,4.22835990295083,8.32117532292531,8.468,3.08855209919951,973
RB,vru,0.135406913537183,2.53887962882218,3.86918367547848,4.67790159326191,4.06600000000002,8.65118593247534,973
BR,vru,0.164823422321719,3.09043916853224,5.60471887399698,9.30345019071239,2.93299999999999,6.32842395729727,974
RB,vru,0.115524889300736,2.16609167438881,2.1262317930869,2.51881238497413,2.934,0.34832391143248,974
RT,vru,0.0857973007289008,1.60869938866689,2.25244985685639,3.06955869245944,7.53366666666667,3.05424385365147,974
vru,RT,2.01923723707948,0.107692652644239,1.87578626101786,7.23037208018603,4.934,5.03157358700261,975
RB,vru,0.169188727126962,3.17228863363053,3.56792538801999,3.96592634471696,5.13500000000001,5.1170928949053,975
RB,vru,0.165644397714316,3.10583245714342,4.40393246050446,5.3176260945936,8.13399999999998,5.56778311622104,975
RB,vru,0.286645649761955,5.37460593303666,1.84578788724856,2.39427745801233,3,7.23834194908328,975
RT,vru,0.0617321783279869,1.15747834364975,7.51812864708425,9.21423512683018,6.001,3.67095859690484,975
BR,vru,0.17664645515059,3.31212103407356,5.30957440957604,6.92893864682077,3.2,4.17952573784004,975
BR,vru,0.114188362639747,2.14103179949525,5.38715566233084,6.14158458786248,9.13299999999999,4.709508915182,975
BR,vru,0.0789561750688128,1.48042828254024,5.75722463059118,8.23682130301185,6.6,5.06822947072264,976
RB,vru,0.151979637094674,2.84961819552513,2.20792376302448,2.18016697286287,1.334,1.73880444687943,976
vru,BT,6.01781471851979,0.320950118321055,8.10602478984524,9.4143184043096,6.2,5.25978976494576,976
RB,vru,0.12735441512415,2.38789528357781,4.1241941780769,4.39184320889835,1.33400000000001,4.41612127976035,976
vru,RB,3.7326829188993,0.199076422341296,2.5813953263895,2.85204665466741,0.466999999999992,0.0113900842001126,976
vru,BR,2.31243928785288,0.123330095352154,5.79521192669222,6.65500366495482,4.667,4.90371971406408,977
BR,vru,0.287801788025672,5.39628352548136,6.89909419564404,8.79362131640303,5.2,9.36378734561967,977
vru,RB,2.17311659314405,0.115899551634349,5.17322960743112,5.67744290363864,1.8,4.94660149248006,977
RB,vru,0.108090505254284,2.02669697351782,2.41785810220382,2.45834621437558,1,0.321602779586363,977
RT,vru,0.238333862376112,4.46875991955209,1.76227811180974,5.93558897293004,1.6,3.2119726749165,977
RB,vru,0.222109294111477,4.16454926459019,3.850172972517,4.93037794335023,2.93399999999998,4.17997076801455,977
BR,vru,0.0851021480727015,1.59566527636315,0.637098346399036,5.16387033441919,3.467,4.41628604371536,977
RB,vru,0.0929195226602611,1.7422410498799,2.58834040846487,3.14281289807264,2.8,3.70467027603011,977
vru,BR,5.67077665361777,0.302441421526281,2.9295760339761,5.04678464296204,1.866,4.05712650848096,978
RB,vru,0.038340942522296,0.718892672293049,8.79170798111013,9.07252368512566,5.93300000000002,4.93146919692506,978
RB,vru,0.0280230658612373,0.5254324848982,9.61927420097362,9.68737865903569,6.73266666666668,5.18303583090043,978
RB,vru,0.161411545022069,3.0264664691638,3.12733290711815,2.55031131335403,1.466,0.189768698030384,978
TR,vru,0.307562575962643,5.76679829929956,7.21702500952268,9.69515041469129,2.26700000000001,4.87790195700997,978
RB,vru,0.140067339743637,2.62626262019319,5.19003903391951,5.05002798400421,1.266,4.42526569004926,978
vru,BR,2.49483412887051,0.133057820206427,5.40936135486171,6.90884952310969,8.80099999999999,9.92586493738472,979
vru,BT,4.60604907659683,0.245655950751831,4.41135901546497,5.03710215278993,4.6,8.29665577216323,979
vru,RB,2.06160611987161,0.109952326393152,2.87011550474868,2.86585633401014,1.13400000000001,0.428052130862148,979
BR,vru,0.174583577074218,3.27344207014158,6.76606798535116,9.87665729646615,2.86600000000002,7.03179178430607,979
RB,vru,0.184058134647574,3.45109002464201,4.90037352928772,5.61526724271596,4.334,8.78577959776054,980
vru,LR,5.56487132395777,0.296793137277748,6.424817988192,7.11316346710474,7.6,6.28611417110146,980
vru,BR,2.33018482331018,0.124276523909876,6.72814429106718,6.95116098848109,4.2,5.9164528228916,980
RB,vru,0.0515834525206167,0.967189734761564,3.82721309537678,5.86679460372044,4.93399999999998,4.45398266050766,980
RB,vru,0.183268638791061,3.4362869773324,3.54617452820532,4.09008693207686,4.00099999999999,6.92724137238245,981
RT,vru,0.122600597414983,2.29876120153093,5.94048192201256,7.62009947407372,3.8,4.20334973678514,982
vru,BR,1.49541005306618,0.079755202830196,8.60318497099349,9.00934275795416,5.466,2.39953857688572,982
vru,BR,1.94687210004413,0.103833178669021,7.52696070072204,7.92357534983838,3.6,2.70779526739648,982
vru,BR,3.05923420130459,0.163159157402911,4.32783888869054,4.75072037433487,3.466,6.73684386067734,983
vru,BR,3.01358401893978,0.160724481010121,3.5092469337375,4.00871519095467,3.066,4.71635911300193,983
RB,vru,0.188734486954946,3.53877163040525,4.69418552024117,5.86855865356114,1.06700000000001,3.28105777327258,983
RB,vru,0.130941262772074,2.45514867697638,4.3746436708704,8.38924656160541,4.46599999999999,4.98980193573984,983
RB,vru,0.0690203954084093,1.29413241390767,9.02656460719433,9.32284276238597,4.66700000000001,9.34484555988669,983
RB,vru,0.152809907670418,2.86518576882034,3.37459888714292,3.86182187023451,1.53299999999999,3.71738803653307,984
RB,vru,0.149554133524365,2.80414000358184,2.75159974086151,3.11943557185673,0.933000000000023,3.58093072036163,984
TR,vru,0.153742736604443,2.88267631133331,3.43502927027479,4.17704139310373,1.333,3.29298951116988,986
vru,TR,5.06041569511032,0.26988883707255,7.04238205253407,9.29385954488532,3.6,4.03361119675203,986
vru,BT,5.25334441727253,0.280178368921202,7.85826777445731,9.30584123894385,5.468,7.13620121487778,986
vru,TB,3.94764719903776,0.210541183948681,5.80729081562864,6.75556222960558,5.93300000000001,6.10712763381055,986
TR,vru,0.240900056897216,4.51687606682281,9.18962756668568,9.89689100463708,2.33299999999999,3.02486707151496,987
vru,BL,2.8061805931944,0.149662964970368,1.64732680394862,1.86745595517541,1.66699999999999,0.878833383500905,987
RB,vru,0.102805125032842,1.92759609436579,9.02310644181802,9.32688264100004,2.06700000000001,5.56886079088972,988
vru,LR,3.74272824913412,0.199612173287153,9.0588760107472,9.86363101552223,3.4,3.08894428032152,989
vru,TR,4.43478763671744,0.236522007291597,2.14828497492787,2.8498020693034,1.26699999999999,4.56416014861954,989
vru,TR,4.38226828500415,0.233720975200221,3.65204691623432,4.9019940062384,1.33299999999999,6.79745543290545,989
vru,BT,5.14277992814141,0.274281596167542,3.17105167412843,3.55679361865321,3.46699999999998,5.94931582242625,990
RB,vru,0.0980184864611,1.83784662114562,3.82634876592362,4.90772719193546,3.26599999999999,2.53501880885827,991
vru,BR,3.39091431897767,0.180848763678809,1.17561442714961,3.70506965496603,2,6.39962999016385,995
RB,vru,0.306646998541199,5.74963122264749,2.75822449847461,3.28566078023527,0.533333333333333,1.00118010312948,1018
RT,vru,0.212001175981865,3.97502204965996,7.66604000902203,2.33858349536702,4.00133333333333,0.564300713011618,1024
RB,vru,0.160813741260596,3.01525764863618,5.88277578588649,6.85553585771999,5.20100000000001,6.28452038423959,1026
vru,RB,4.74622109323384,0.253131791639138,4.95015411827719,5.86891819385892,0.933000000000023,4.06871588029928,1026
vru,RB,5.31179709288556,0.283295844953896,5.13776957765474,5.73287544583845,9.668,6.1588559784896,1027
vru,RL,4.69953873966995,0.250642066115731,4.13979599887483,7.60175167806001,1.93400000000001,2.45054604970774,1027
RT,vru,0.283869630299677,5.32255556811894,4.61469518717198,8.25107829250012,7.53299999999999,3.86760196122005,1028
RB,vru,0.0880458241958328,1.65085920367187,7.15684555239982,7.84174404449435,3.66700000000001,8.54948599336896,1028
RT,vru,0.151352842471825,2.83786579634672,3.81143152152504,9.89675405521655,0.533333333333333,5.43573003767008,1028
BR,vru,0.306855721010491,5.75354476894671,6.2290350901118,9.42236266541182,3.2,9.97575201408852,1029
vru,BR,2.71275572217228,0.144680305182522,6.36036510951591,9.39674374904535,6.66700000000001,6.5365572944338,1029
vru,TR,4.58323324727511,0.244439106521339,2.52582570660528,3.67908472769088,0.867,3.82022706149009,1029
RT,vru,0.225021901148921,4.21916064654227,7.43744319954141,9.73278927095885,4.93500000000001,3.85780234948405,1029
RT,vru,0.222751843424679,4.17659706421273,5.67086115225977,7.37794696100678,1.99999999999997,2.77165289137923,1029
BR,vru,0.256626223274664,4.81174168639994,6.26992624000036,8.30533794337484,3,2.87998199316944,1030
TB,vru,0.244417400256703,4.58282625481319,5.22871799552405,6.87246226371371,3.6,2.77627652544594,1030
vru,BR,3.22826462006302,0.172174113070028,8.49063731057109,9.68842057318158,5.133,3.61486289583538,1030
BR,vru,0.220682779572046,4.13780211697586,7.43611077927706,9.00077497275439,3.2,6.7601217033684,1030
RB,vru,0.316678422508275,5.93772042203016,2.93924822623589,1.64645819130328,8.068,2.82055623446656,1030
vru,BR,6.55397190672572,0.349545168358705,4.49932847717096,6.12843652189577,5.93400000000001,3.56654794754406,1030
vru,RB,2.04445554050352,0.109037628826855,3.91110723072685,3.93540513713572,2.866,2.72605088692129,1030
RB,vru,0.102364880352644,1.91934150661207,3.79355591613189,3.72563455513048,2,3.2641272645869,1030
RB,vru,0.21769364650972,4.08175587205725,3.93502029153205,4.11059856351727,3.4,2.80445532889516,1030
RT,vru,0.143275990161355,2.68642481552541,3.05914359295121,4.43896854065102,3.066,3.87638425836649,1031
RT,vru,0.221065408316592,4.14497640593611,5.10570800744884,9.34705898996729,3.6,2.48882196596264,1031
vru,TB,5.72917810176953,0.305556165427708,2.3180592706018,2.90223248462748,2,3.28027515570853,1031
TR,vru,0.307116280231033,5.75843025433187,4.11532418838817,6.01220956558467,1.6,5.74528310112851,1032
vru,LR,4.91493998105162,0.262130132322753,5.76823214676993,6.66833637877911,2.73300000000002,4.06307005520174,1032
vru,BR,2.42317896478381,0.129236211455136,7.63650766820055,8.25574477519426,2.4,2.44837860103491,1032
RB,vru,0.328510793494637,6.15957737802444,1.61154325089444,5.51018026276128,1.2,2.37023637568766,1032
RL,vru,0.196482393909839,3.68404488580948,6.1654477241932,7.8953576895191,4.6,3.13519495562436,1033
RB,vru,0.193174721081245,3.62202602027334,1.36323086243517,2.1707908287661,2.33300000000001,0.400138862881294,1033
RT,vru,0.162169512289485,3.04067835542785,5.63191257097467,9.48817508932478,2.59899999999998,6.50706440344746,1033
BR,vru,0.259272659932318,4.86136237373097,6.18410939903413,8.37317412814859,2.53299999999999,3.35017538051963,1034
BR,vru,0.181655359989875,3.40603799981015,5.46232996558422,8.36304872528813,2.86700000000001,5.64545902969943,1034
RB,vru,0.109704439362795,2.05695823805241,5.6048595544351,5.83468468957803,2.4,2.90394127315312,1034
RT,vru,0.190237884174838,3.5669603282782,4.89857622415856,6.37637991005841,3.067,4.49130977847383,1034
RB,vru,0.187249453734412,3.51092725752023,7.51989556216378,8.42881618730955,2.8,5.63380808455281,1035
BR,vru,0.323224981073118,6.06046839512096,4.05490458064531,7.84339402947375,2.134,4.40850334282585,1035
RT,vru,0.113353714662656,2.1253821499248,5.10557848674222,9.01404134188752,7.60099999999999,4.12712302489712,1036
RT,vru,0.15372689334658,2.88237925024837,5.24123074470844,6.93523854871098,3.80100000000001,6.10752415779471,1036
BR,vru,0.20654790419342,3.87277320362662,4.23078837762562,7.08100969748691,3.80100000000002,4.75367480874134,1036
vru,RT,2.90145746173942,0.154744397959436,2.35633076286457,7.19531230575975,3.53299999999999,2.85052860960525,1037
vru,BR,4.8404762283267,0.258158732177424,4.13246215541193,8.86501646976923,2.733,4.4203526763022,1039
RB,vru,0.266821849770308,5.00290968319327,4.19499932660845,4.89794828553198,2.2,3.42597742906088,1039
RB,vru,0.142318267633908,2.66846751813577,4.36876974997805,5.66487047729429,1.866,9.15062371542067,1039
RB,vru,0.135977649946661,2.5495809364999,5.36903341627166,5.64771451611185,9.534,6.24555877697401,1039
RB,vru,0.117015707278253,2.19404451146724,1.9911537045692,2.16466788520893,2.33300000000001,3.9126913607979,1039
RB,vru,0.115415907432649,2.16404826436216,3.97168401077183,9.16885762330899,2.53299999999999,7.19896078761091,1040
BR,vru,0.201243051931241,3.77330722371077,8.96469842660926,8.82139604253062,2.73300000000001,3.31458815457459,1040
RB,vru,0.0928384939573651,1.7407217617006,4.36969134424859,4.40407865899336,4.46700000000001,5.31511107865228,1040
BR,vru,0.162823607189341,3.05294263480015,7.7321386032017,8.01206283268505,3.4,4.6191505548323,1040
RB,vru,0.146821294160004,2.75289926550007,2.20358325040713,7.10314357686029,1.666,0.347265343116071,1040
vru,BR,4.31753878021291,0.230268734944688,7.58298875549901,9.18420580639609,7.068,5.01188438999585,1041
vru,LR,4.83548929110568,0.257892762192303,6.53167674660413,6.99842179600575,7.4,5.46888063264917,1041
RB,vru,0.315390562035939,5.91357303817386,1.94360115620539,4.48880891378609,8.668,7.8573671448353,1042
vru,BR,6.05477767396831,0.322921475944977,4.70519678985618,5.56511926763776,3.4,5.22825452465186,1042
RB,vru,0.0895190244672981,1.67848170876184,2.63624292357167,5.48319710157684,2.86700000000001,0.988692063044358,1042
RB,vru,0.128576975987119,2.41081829975848,5.35551525937397,6.12883697110267,1.66700000000001,3.63174399281632,1042
RT,vru,0.18311781687155,3.43345906634155,4.33115358442334,7.51408469983304,4,4.89692556989969,1042
vru,RB,4.9619122231893,0.264635318570096,4.5980148291976,7.31271292796808,1.466,0.639424241757696,1043
RB,vru,0.171945910644203,3.2239858245788,3.24669007240924,4.56171087455573,3.00099999999999,3.11577547923907,1043
vru,BR,3.57587816855608,0.190713502322991,7.03584397993367,9.66643529514873,2.668,6.30401394248691,1043
RB,vru,0.272509368985601,5.10955066848001,5.05446363043769,7.56281522451845,4.26600000000002,3.68037803592208,1043
RT,vru,0.110793079364299,2.0773702380806,1.96761437516932,5.84906577164764,0.8,4.14312118322744,1044
BR,vru,0.143983679908943,2.69969399829268,2.88779369351397,5.57456997158088,7.33499999999998,4.58920269093607,1045
BR,vru,0.0940501153722865,1.76343966323037,4.21827593237156,5.65863465897361,4.86700000000001,4.16306338952925,1045
BR,vru,0.23479813024709,4.40246494213294,3.42426572611952,6.44379251696104,2.73400000000001,5.805677327516,1045
RB,vru,0.342214643722882,6.41652456980404,3.11536822639464,4.16202833951591,1.4,2.72647826425208,1045
vru,TR,3.7771672488606,0.201448919939232,7.28476944231318,7.32853252555075,2.93300000000001,3.16810834327312,1045
BR,vru,0.30297899742512,5.68085620172101,5.60289271554719,7.58207758492307,2.6,5.89482669572289,1045
vru,RT,1.94064981380802,0.103501323403094,1.52547174146065,2.85912420621814,9.134,3.03158226969071,1046
vru,RB,4.14549909279879,0.221093284949269,2.92424794040584,5.91701205468384,1.06700000000001,2.41407932322508,1046
vru,BR,4.65341014876464,0.248181874600781,9.01693556777603,9.29422300044547,6.33400000000001,8.79587552633649,1046
RB,vru,0.234406944467484,4.39513020876533,5.21441813017803,9.07792142185851,2.067,3.52488102668086,1047
vru,BR,3.68189673594986,0.196367825917326,4.19532222119101,5.27600065969688,8,5.22017243157656,1047
RT,vru,0.219337501548479,4.11257815403397,5.93416841786713,7.7234773838434,2.06700000000001,4.14755179146063,1047
TR,vru,0.256146643256955,4.8027495610679,8.61224571714837,9.23315566028271,3.46699999999999,4.99960841943569,1047
RB,vru,0.143999019021454,2.69998160665226,4.30487043787205,7.4230792760166,2.33400000000001,4.57591271142715,1047
RB,vru,0.107205162449754,2.01009679593289,2.57073143310285,2.28410587806292,2.46699999999999,0.225315928598838,1048
RB,vru,0.10203113393858,1.91308376134837,9.00492939990038,9.14405970009319,3.20099999999999,6.78218078249339,1048
RB,vru,0.177554530779664,3.32914745211869,2.97256823496972,8.46831579227387,4.6,6.5822002370522,1048
vru,TR,5.09415821219325,0.27168843798364,6.33503847896502,9.31811797429525,3.06699999999998,3.89875065003192,1048
vru,BR,5.02626032120723,0.268067217131052,2.0362374424465,6.25503256856996,2.4,1.97163587421206,1048
vru,BR,5.68447021867183,0.303171744995831,4.28613154992977,7.16986445884968,2.4,2.17158590272049,1048
TB,vru,0.22857959975379,4.28586749538355,4.89895926925988,6.5628058110712,2.267,2.89515600998094,1049
vru,BR,4.17125448699582,0.222466905973111,4.99718096143072,8.85115037277842,7.46599999999999,3.96732001733541,1049
RB,vru,0.191466731356127,3.59000121292738,2.21314817371292,3.71152866263186,0.8,0.0388416275095726,1049
vru,RB,3.34492302152663,0.17839589448142,7.71781021494602,9.03015262576695,1.933,4.93079985612361,1049
RB,vru,0.104122526551306,1.95229737283699,6.45999569136745,6.65716534736873,5.26699999999999,4.26684257742437,1049
RB,vru,0.0595931000443135,1.11737062583088,1.8736138796993,5.64316510139578,2.80100000000002,0.0449365203938593,1050
vru,BR,2.32258564423366,0.123871234359129,6.30497645770341,9.28274936946739,6.00133333333333,6.14163272532234,1050
RB,vru,0.143925254013038,2.69859851274445,3.86036941643377,5.87568182897919,3.53300000000002,0.862916523617109,1050
RB,vru,0.178192928542991,3.34111741018108,3.11545528504754,4.05621057218482,0.933000000000008,0.341225598566348,1050
BR,vru,0.39252628388653,7.35986782287244,2.4269176409005,5.45868122259814,1.201,1.63865706391119,1050
vru,BR,4.61263239080692,0.246007060843036,5.43337615903194,9.4348384441328,2.33499999999998,3.60826884926371,1050
RB,vru,0.130577682144125,2.44833154020235,4.68258319662116,4.92981788167419,1.6,3.52189813737227,1051
BR,vru,0.122924686408386,2.30483787015723,5.85518078154943,6.04969865790011,2,2.03888609869205,1051
vru,RB,3.60934299879779,0.192498293269215,5.22728242738552,6.37407405450355,2,1.07887389069029,1051
RT,vru,0.200607605643003,3.7613926058063,4.83283634417146,7.35237767207256,3.868,3.1413459807455,1052
vru,RB,2.51547793081507,0.134158822976804,3.01871577050003,5.71292420730261,3.4,3.67054001513478,1052
vru,BR,4.57765418555534,0.244141556562952,1.58639806686556,5.70766041759169,1.73399999999998,6.63421981451516,1052
vru,RB,3.29750833699821,0.175867111306571,1.80050705723963,2.15480169096974,2.06900000000001,1.08721190753768,1053
RB,vru,0.0929764229330573,1.74330792999482,2.86627535742266,7.2884066601726,3.13299999999999,0.91164886808537,1053
BR,vru,0.154401999154254,2.89503748414227,7.37877548718858,9.60184004134156,2.46700000000001,6.93407582802649,1053
RB,vru,0.0720951005649639,1.35178313559307,3.56702060569261,7.59709493173809,3.467,6.24379560014003,1053
vru,TB,3.87081678023932,0.206443561612764,4.85583406526136,5.55260997911508,5.40100000000001,7.15415794587788,1054
vru,BR,2.54679484405494,0.135829058349597,4.96808671202746,5.72421589607015,9.73400000000001,9.2020061094649,1054
BR,vru,0.161322605444098,3.02479885207684,5.25476457895026,6.78308185131194,5.93400000000001,5.05548695637079,1054
TR,vru,0.225869187514033,4.23504726588812,5.03866511953959,7.65438194039221,3,8.48195925695596,1055
vru,RB,2.6003364674099,0.138684611595195,4.73262319817241,4.48901277410518,1,2.58069711660538,1055
vru,BR,2.95878407463502,0.157801817313868,5.49020141482312,6.59849913792337,3.066,4.28792471775492,1055
vru,BR,1.69807741944727,0.0905641290371876,5.62099701221211,6.87253405571506,3.46699999999998,3.26312059086295,1055
RB,vru,0.204313796002382,3.83088367504465,5.20465204391895,9.89416891535026,2.66699999999998,9.29525454973809,1056
RB,vru,0.0981631281656947,1.84055865310677,1.86595199210725,2.10931036074726,2.266,0.318535722128334,1056
RB,vru,0.146687778069212,2.75039583879772,4.74818276727524,5.94408390729515,3.06700000000001,9.99971391589938,1056
vru,BR,3.96650483194191,0.211546924370235,1.49129498669122,2.0216727237143,1.734,1.00987545932165,1056
RB,vru,0.0801891214763854,1.50354602768223,1.61248876186215,1.87076658040096,1.86599999999999,0.0974732605206455,1056
RB,vru,0.172239444213885,3.22948957901035,4.02396651355097,5.96682035675215,1.534,4.18861395602659,1057
vru,BR,6.26637238480151,0.334206527189414,5.20422219914629,8.38402032390734,2,3.61982235599914,1057
RB,vru,0.140372968030528,2.63199315057239,5.82803485528288,6.31430466553327,1.668,6.84871744901064,1057
RB,vru,0.0837104326120068,1.56957061147513,8.10344061062128,9.5183665693129,5.66700000000001,9.59726315925246,1057
RB,vru,0.0896555389745905,1.68104135577357,7.09176641306864,7.22170140899835,4.06699999999998,7.88769881899309,1058
TR,vru,0.292171700051711,5.47821937596957,5.3638924043114,8.03752300647262,2.26700000000001,5.5332171271145,1058
vru,TB,2.75840831807653,0.147115110297415,3.2793215157128,3.5244702602606,4.2,3.98007585739823,1058
BR,vru,0.16187898992845,3.03523106115844,6.50705419485855,7.58291187512816,3.534,4.81650670655803,1058
RB,vru,0.31927493815565,5.98640509041844,5.52508602427373,7.29247970002099,2.53299999999999,2.92887340927544,1058
RT,vru,0.183956518494076,3.44918472176392,5.074060975942,6.37947967259393,3,2.79085499832971,1058
vru,TB,2.65754379164343,0.0212603503331474,6.46023986390778,8.81203567046759,5.13300000000002,6.93619325012033,1058
TR,vru,0.365729412009168,6.85742647517191,5.64075226813257,8.48162415507631,3,4.66692772793649,1058
BR,vru,0.213217894078445,3.99783551397085,7.62840040359681,8.4964617117321,7.866,6.65306302701307,1058
vru,RL,6.58371506497503,0.351131470132002,5.13016183997803,5.99124743876641,0.666000000000001,2.9016095019534,1058
vru,LR,4.84638699444122,0.258473973036865,2.58416382102363,7.32139461940512,2.133,6.857554662458,1059
RB,vru,0.0850837951818643,1.59532115965995,5.30857526837603,5.25309669349907,3.868,4.09045874011101,1059
vru,TR,7.81080536197867,0.416576285972196,4.17335681314777,8.38946805632201,1.8,3.42899341353628,1059
RB,vru,0.298821171656529,5.60289696855993,6.03985168493613,7.07842785478593,2.73299999999999,6.20513544291557,1059
vru,TB,3.20128931981121,0.0365861636549853,7.60121863171997,8.87208980330803,5.80099999999999,7.26165153851021,1059
RT,vru,0.081111483161646,1.52084030928086,6.06572973505218,6.8230580080144,6.60433333333334,4.2022638976456,1059
RB,vru,0.138059876859018,2.58862269110659,7.09979341422005,7.23100106895408,3.73299999999999,8.23151510297967,1059
RB,vru,0.129773397208995,2.43325119766865,6.96842117550368,8.0374160373413,2.00100000000002,9.71272748157386,1059
vru,RT,3.16179677153622,0.168629161148598,2.09399651885436,2.62464868332864,7.6,3.16115083651199,1059
vru,TR,2.91613066476618,0.15552696878753,4.70870266033924,5.12019648754425,2.533,5.68525911902514,1060
vru,BR,2.98282864193485,0.159084194236525,5.96375959878229,7.24740295820218,8.80099999999999,3.94839173789442,1060
vru,BR,4.03247865301275,0.21506552816068,4.70681486042608,9.63674032680384,4.66699999999998,6.71384909004502,1060
RB,vru,0.124103807258371,2.32694638609445,4.30519008683999,4.17265931084765,4.734,5.66369601283375,1060
vru,RT,2.54457053289303,0.135710428420962,5.74512370390228,6.98446590970815,3.334,3.09429041034999,1060
RB,vru,0.162110140519679,3.03956513474398,2.69453445957918,3.26262879208387,1.067,9.76317541396278,1060
RB,vru,0.171726060855113,3.21986364103337,3.44876156633953,5.97953531447684,2.80099999999999,7.60660813531122,1060
RB,vru,0.120493696680379,2.2592568127571,4.860229478106,5.30455545462763,4.068,9.45747245912976,1060
RB,vru,0.1462088189787,2.74141535585062,2.66383703961615,2.93241162342129,2.4,3.91425501387289,1060
vru,BR,2.70800247590387,0.144426798714873,5.67040665616231,7.1820541214396,2.933,6.66026549881135,1061
RB,vru,0.0895285156794866,1.67865966899037,4.53018740697016,4.51188242488775,1.53299999999999,3.35269221604452,1061
BR,vru,0.186177692236977,3.49083172944332,5.36323207566329,6.67917102692466,2.53299999999999,8.26644383095034,1061
vru,BR,3.05239244827369,0.16279426390793,4.93802964511406,6.33849318490233,6.33299999999999,7.98103406436687,1061
RB,vru,0.273268786436186,5.12378974567849,3.18735664217442,5.82395908563269,3.26700000000001,3.71258683146983,1061
vru,BR,3.78739763803238,0.20199454069506,6.56064531298767,8.66666940507799,8.66699999999999,4.33745007975603,1061
TB,vru,0.120742946072263,2.26393023885493,5.0828032856398,7.56306567284936,5.66699999999998,8.30815070582969,1061
BR,vru,0.155970232256722,2.92444185481353,5.66313055273038,8.04810491518658,8.067,9.59125239403613,1062
vru,BR,3.11102684738436,0.165921431860499,6.05759352366237,8.01628756000384,4.53300000000002,2.79194447093202,1062
vru,BR,3.0069970772633,0.160373177454043,4.09275510567077,6.52942138033127,2.33300000000002,3.19487956796969,1062
RB,vru,0.0858993581987966,1.61061296622744,5.50657384094578,5.90519377209442,8.868,9.81591833191016,1062
BR,vru,0.132299554499162,2.48061664685928,9.2426874349573,9.62064833597479,2.934,5.85585663138464,1062
vru,BR,3.1440206047613,0.167681098920603,4.21188975227684,6.95756377020171,7.66700000000001,9.94332121092865,1062
vru,BR,2.24824356229806,0.119906323322563,5.00245976323926,5.14689197887232,6.86700000000001,9.36366088417496,1062
BR,vru,0.167372609732443,3.1382364324833,5.79979257147397,7.31961521932999,4.53300000000002,4.13046559970359,1062
RB,vru,0.16254024518459,3.04762959721106,1.82526082785953,2.21626691894811,2.46699999999998,3.48504318141144,1062
RT,vru,0.159521599292598,2.99102998673622,2.05565423196405,2.46463852089036,1.33466666666667,0.347413595865508,1062
vru,BR,1.31926667404788,0.0703608892825534,6.48485346594494,6.82034019242426,4,2.94476184083789,1063
RB,vru,0.139499918399326,2.61562346998737,4.69183325791943,5.20596826737414,2.33299999999999,9.39237455963307,1063
vru,TB,3.9785287575977,0.212188200405211,4.83832242460357,5.45813839360272,6.135,8.18438038000531,1064
BR,vru,0.123348125717641,2.31277735720578,8.40675365337788,9.12933610086933,4.733,9.23202301380119,1064
BR,vru,0.163892222366391,3.07297916936984,3.3715646148402,6.56094977957404,2.4,6.83099702068772,1064
vru,TB,12.3366403023853,0.657954149460548,3.64439239133217,6.92476083746065,0.6,1.04803576093675,1064
BR,vru,0.184579403472805,3.46086381511509,5.80823781093855,7.26131601910643,3.4,6.13646880633283,1064
vru,BR,5.65573541261449,0.301639222006106,1.81168964068591,2.69726901386717,0.933999999999999,2.07925325447879,1064
vru,TB,1.58727143984338,0.0846544767916467,2.26891969553413,2.4441110902938,9.86700000000001,4.82093525192082,1064
TB,vru,0.147951438261738,2.77408946740758,3.46763449294624,6.03898153761434,3.6,7.77498610974809,1064
vru,BR,5.44469496909544,0.29038373168509,5.95858948444839,7.94018969826152,3.268,2.9595473784575,1064
BR,vru,0.222436378891263,4.17068210421118,6.50386976429303,8.7873782550194,4.734,6.10219080195365,1064
vru,BR,5.46515153528166,0.291474748548355,3.12964573977681,7.6122480423152,2.66699999999999,5.54015423631041,1064
vru,BR,2.44255205701597,0.130269443040852,1.33154072446769,3.84048215006959,1.4,0.918768365453078,1064
vru,TB,0.758435533017289,0.0404498950942554,3.05115212031219,3.15143492736744,6.13299999999999,6.23030104326488,1064
TB,vru,0.0568196837051444,1.06536906947146,1.9298742602166,2.2090003894369,4.53300000000002,2.92634635535266,1064
vru,BR,4.77346572299017,0.254584838559476,4.01452244379264,5.52166797208914,7.8,4.4991265813185,1065
TB,vru,0.0926550596379991,1.73728236821248,1.8479793259928,2.940737663241,2.4,0.423175424876107,1065
TR,vru,0.294040186480118,5.51325349650222,7.43956573418734,9.4770193553338,3.2,7.72201541729741,1065
TB,vru,0.133019018272239,2.49410659260448,4.30665733497273,4.3338208086377,3.86600000000002,5.91899516275184,1065
TB,vru,0.123237257770878,2.31069858320397,3.49752605495619,4.766974812385,2.06600000000002,7.10298916516011,1065
vru,BR,4.31929548970226,0.230362426117454,1.30570407998902,4.02102836328626,1.33299999999999,5.33374936957855,1065
vru,BR,2.0879232682619,0.111355907640634,4.55241922064512,6.74686542029233,5.13299999999999,3.42325041842363,1065
vru,TR,3.21620535559267,0.171530952298276,2.42205443295741,3.81989249162927,1.533,0.632940199971869,1065
BR,vru,0.0869414530415281,1.63015224452865,4.79511934244462,6.30919670589795,4.20066666666667,9.18555095176331,1065
TR,vru,0.191172870586727,3.58449132350113,2.6625684774113,2.86594877622505,0.932999999999993,0.210408831266608,1065
vru,BR,4.17163728002083,0.222487321601111,2.18408535715507,3.07259394818115,1.46700000000001,1.85196499786758,1065
vru,BL,3.92490094274108,0.209328050279525,4.47751262575672,6.13713316501817,2.26600000000002,3.42198711142159,1066
vru,BR,4.60322343014262,0.245505249607607,3.58929666195333,5.51509655477239,9.40099999999999,7.97264042873347,1066
vru,BR,1.73009785433382,0.0922718855644706,3.96936665250741,4.66907025481975,7.53500000000001,5.72763193947016,1066
vru,BR,1.93293155670882,0.103089683024471,4.4878317966554,4.8128408882973,6.20100000000002,3.28455075878625,1066
vru,BR,2.9587168290417,0.157798230882224,3.53951752384692,4.42695199954471,6.86599999999999,5.56741526497469,1066
vru,TB,2.70789275917562,0.144420947156033,6.45152279618795,8.37429157779712,7.26700000000001,6.86692541391964,1066
TB,vru,0.145035060228175,2.71940737927828,6.56021709955166,8.45751079991855,6.8,6.18229707212969,1066
vru,TB,0.910802431458253,0.0485761296777735,5.71934213289346,5.77042417140607,9.134,7.9413253051378,1066
vru,TB,1.22890282121412,0.0655414837980865,2.36855103512269,2.98990610052825,2.733,1.18198912704711,1066
TB,vru,0.052510709305727,0.984575799482382,2.1511250060544,3.84002588766001,3.666,3.91229938521193,1066
vru,TB,6.43093423228625,0.342983159055267,6.77592379402935,6.03535944683736,1.13300000000002,4.39309910925083,1066
vru,TB,7.23713777449788,0.385980681306553,1.43180627801558,4.98596287217663,0.667000000000007,0.00992620034033872,1066
BR,vru,0.175439464947208,3.28948996776016,5.914138120228,7.55753939041554,3.933,7.63619180713631,1067
vru,BR,2.97143437911544,0.15847650021949,8.09233953515906,8.78970913563038,8.66699999999999,6.66101170630117,1067
LR,vru,0.142704405044297,2.67570759458057,5.13104210050744,5.32032530815441,4.06600000000002,2.35460615455161,1067
BR,vru,0.186854337335477,3.50351882504019,7.24145369323981,8.77069505246568,3.66600000000002,3.83276739595707,1067
TB,vru,0.0780041718150826,1.4625782215328,3.64881753342301,4.35587776803282,4.33300000000002,2.80994263382562,1067
TB,vru,0.0962741340320052,1.8051400131001,1.84618741572561,2.30659329416233,4.40066666666665,6.95715642181585,1067
BR,vru,0.772114255317744,14.4771422872077,2.819202928587,3.85750220150556,1.6,5.3975897687235,1067
TB,vru,0.0502593691268213,0.942363171127899,1.99505575934579,5.25813215133103,2.133,3.13526627534254,1067
vru,TB,4.68522937708431,0.249878900111163,3.2869085888489,3.93796092340777,3.067,3.0122339345864,1067
TB,vru,0.147393280234471,2.76362400439634,4.38627037267606,4.75153184370179,6.73400000000001,5.71571437623659,1067
BL,vru,0.159475725656419,0.398689314141047,8.03702244755976,8.14950788332808,4.8,4.01008043943866,1068
vru,TB,3.63746262461381,0.19399800664607,3.70758558356212,4.96699821294279,1.26700000000001,2.37917496622159,1068
BR,vru,0.375837509570125,7.04695330443985,3.84483681736726,4.82774305877934,1.2,0.760646714787142,1068
RB,vru,0.156786791128871,2.93975233366633,2.16985870679702,2.47616176736749,2.133,0.914393186739277,1068
vru,BR,0.702517303768947,0.0374675895343439,6.51259588605713,7.64739131883827,6.73299999999999,8.16561131056066,1068
vru,BR,2.73739192717746,0.145994236116131,4.12474146872066,7.80128017706309,6.26699999999998,7.63146649990495,1068
vru,BR,3.41954025999766,0.182375480533208,6.11658778025936,6.6017012702751,9.20100000000002,7.57577888702351,1068
vru,BR,2.09159743220155,0.111551863050749,4.50028614278898,5.32347797463412,7.53399999999998,3.79559467912401,1068
RB,vru,0.155242313837239,2.91079338444823,5.07058005795714,9.26099081300879,4.06700000000001,3.51261371936045,1068
vru,BR,3.79773369695666,0.202545797171022,3.39726079537543,5.55617464584822,3.13299999999999,3.25397883530705,1069
BR,vru,0.11490396219803,2.15444929121307,4.88192721818545,6.18628071754838,8.33300000000002,4.07889599435772,1069
BR,vru,0.207418373471288,3.88909450258664,5.5732876294195,5.71292647811438,3.93299999999999,3.3519562167575,1069
RB,vru,0.0552150398488122,1.03528199716523,5.74988397787305,5.41420962724615,3.26800000000003,8.8569593421738,1069
RB,vru,0.168059163888745,3.15110932291397,3.22913276048444,3.32596760219118,1.6,5.09623780187571,1069
RB,vru,0.248873372177096,4.66637572832055,3.73205809870127,4.28416841879213,1.8,5.39404997188533,1069
RB,vru,0.112498405666428,2.10934510624553,4.81388066168855,4.81030407047389,3.13299999999999,4.14403834832493,1069
RB,vru,0.154881427362481,2.90402676304652,2.61799030659581,1.96181752808516,0.467000000000007,0.0518669978646668,1069
vru,TB,4.55513699107629,0.242940639524069,6.16404397983626,6.66822473759391,7.26699999999999,5.60080292660885,1070
RB,vru,0.147428103616916,2.76427694281717,6.64679279809867,7.14713271317631,5.26699999999998,8.00511915643896,1070
BR,vru,0.262841068840581,4.92827004076089,6.78444822412181,9.98054795051156,2.734,8.63885959390369,1070
RB,vru,0.160502798575784,3.00942747329594,3.1977879260881,3.6345906184225,3.33399999999998,4.9650237627162,1070
vru,RB,0.778167564109242,0.0415022700858263,8.01179143389265,8.01647344665638,5.13400000000001,3.1453307283177,1070
RB,vru,0.121930621436452,2.28619915193347,4.03704775752529,4.04171618146178,4.268,1.93383254398981,1070
BR,vru,0.159741081277861,2.9951452739599,7.71978437690842,8.37024046491198,3.6,7.00275017708609,1070
RB,vru,0.519752415575315,9.74535779203716,3.2160718499988,4.99077900792714,1.46599999999999,3.35972780286023,1070
vru,BR,3.92375476118574,0.209266920596573,4.01787343493781,7.49056034704281,2.86699999999998,3.3337126992862,1070
vru,BR,2.22764990608477,0.118807994991188,5.63705109337013,7.94180604600625,3.46700000000001,3.63924550893301,1070
RB,vru,0.127799463134029,2.39623993376305,2.79822738702527,3.79792071380813,1.534,0.423825605057237,1070
RB,vru,0.130964613482108,2.45558650278952,5.3351288450867,5.95124978807736,2.86700000000001,8.54862502913676,1070
BR,vru,0.322403640078945,6.04506825148022,4.23402490280889,9.79317594647478,2.33299999999999,4.65801778313311,1070
TR,vru,0.301767269514549,5.65813630339778,5.09282865958728,6.99663625342463,3.668,3.65601151125184,1070
vru,TB,8.14398552786181,0.434345894819297,3.27965769996445,4.15099698218617,3.268,3.44587423579597,1070
vru,BR,2.50248179332953,0.133465695644242,6.86881239708533,8.64391116930414,6.06700000000001,4.91712686406191,1071
BR,vru,0.111539816139131,2.09137155260871,7.49485413218854,9.9676999694348,7.8,5.68001721041721,1071
RB,vru,0.307237218655671,5.76069784979382,4.41179712138497,5.4899345776121,1.66600000000002,3.17125142733375,1071
RB,vru,0.0899290104968251,1.68616894681547,4.98717229510039,5.11595291436936,2.26700000000001,3.09207111574201,1071
RB,vru,0.171940584267121,3.22388595500852,3.94981645136145,4.09463327712943,4.40199999999998,5.21647673362649,1071
RB,vru,0.17374333338637,3.25768750099444,2.82134551831724,3.08343416993139,2.13400000000001,6.21083101553238,1071
RB,vru,0.196094228836679,3.67676679068773,4.59975288759814,6.51270104574987,4.86699999999998,4.52562063478843,1071
BR,vru,0.0805551219498123,1.51040853655898,7.68436304444223,8.66325274996189,3.06700000000001,4.23615439242116,1072
RB,vru,0.162200975036242,3.04126828192954,3.63770573677093,4.38602203044507,1.46699999999998,4.7854127595025,1072
vru,RT,3.59509432379781,0.191738363935883,3.41257020586955,7.54014788996758,2.13399999999998,0.541892481656372,1072
vru,BR,2.16516568792951,0.115475503356241,4.48169162633391,5.49395513065801,9.801,5.88936859368326,1072
BR,vru,0.414341099895131,7.7688956230337,3.67094961962476,6.21506211859602,2.06699999999998,3.66962134931091,1072
TR,vru,0.218481042866019,4.09651955373786,7.64894351739509,8.41411251778612,3,5.53766433615622,1072
RB,vru,0.112976667652191,2.11831251847858,3.40556951818133,4.04768141371733,1.4,0.708026184991426,1073
vru,BR,3.9228882453999,0.209220706421328,1.14012894257638,3.49583251408162,1.8,2.35206550974128,1073
RB,vru,0.309572898141421,5.80449184015163,5.31558888981827,7.3314814424189,2.6,2.63177991009183,1073
BR,vru,0.151934335106045,2.84876878323835,4.49042968678137,6.07953235562172,2.2,6.53369485985137,1073
vru,TR,5.27627397797565,0.281401278825368,4.15027694867189,5.40460790025934,1.73299999999999,6.09041294128518,1073
vru,RT,6.47771995214418,0.34547839744769,3.62083796460131,7.28404503534707,7.99933333333335,1.68808070544001,1073
RB,vru,0.0939755365624733,1.76204131054637,4.44482351202751,4.46051040757009,1.73399999999998,5.93761533388895,1073
vru,TB,7.90490142149278,0.421594742479615,5.11515713560076,6.04162701784629,1.4,3.56250437119024,1074
vru,BR,3.4652223683552,0.184811859645611,3.31106342728623,6.83446580883454,2.93399999999998,4.34441899519646,1074
RB,vru,0.0556613299440123,1.04364993645023,2.74958108749123,4.07529865425108,3.8,0.707892358230157,1074
RB,vru,0.118184788997217,2.21596479369782,5.37672429472474,6.41067925282902,2.06599999999999,9.95001598698537,1074
RB,vru,0.166501865132308,3.12190997123078,3.75015639964271,4.20529557391875,3.4,7.41553191584227,1074
vru,BL,5.94935962905881,0.31729918021647,1.58984855080702,2.12616725269187,1.8,0.893397124716142,1074
RB,vru,0.154920412344195,2.90475773145365,3.33402775733735,4.06673096122312,1.13300000000002,3.8381653116776,1074
RB,vru,0.186831960364439,3.50309925683323,7.71809764715459,8.14711736843697,5.6,7.02377425200776,1075
RB,vru,0.092422732442264,1.73292623329245,1.57681816990752,2.12397860228297,0.934000000000015,0.120524198003609,1075
vru,TR,3.88598248658642,0.207252399284609,1.54042242472195,1.85757034965451,1.2,0.733434717546432,1075
RB,vru,0.13258670632246,2.48600074354612,7.17351966779421,7.54177784483136,2.06700000000001,9.49450853548075,1075
TR,vru,0.171102621824195,3.20817415920366,7.44859641956134,6.60172202790018,1.866,8.4367551784289,1076
RB,vru,0.139747176506275,2.62025955949266,4.92633638050676,5.49300141068541,1.4,2.75014678809492,1076
RB,vru,0.13899713626246,2.60619630492112,3.7200580164859,4.25057136177146,1.2,2.34547295856375,1076
RB,vru,0.154693109522523,2.9004958035473,4.24989852316209,5.27278082797313,1.6,8.93504418336573,1076
RT,vru,0.290392456992943,5.44485856861767,3.96395837886321,5.78517996073979,3.13299999999999,3.43916009551239,1076
RB,vru,0.166710812187806,3.12582772852135,5.51548774822769,5.69455428162495,1.4,9.28736441673208,1076
RB,vru,0.143331156517458,2.68745918470234,6.26295597445926,6.12853593241631,1.2,9.29710908416652,1076
RB,vru,0.185324758684148,3.47483922532778,3.44588734486714,4.27411327172331,7.86700000000001,6.70887071152317,1077
RB,vru,0.170453838200356,3.19600946625668,1.86682800577998,1.99776000706389,2.33299999999999,0.298306684817219,1077
LR,vru,0.204225701176813,3.82923189706524,5.18122120599064,5.68446618449119,3.134,2.73755152079334,1078
LR,vru,0.224051516325504,4.20096593110321,4.06306327014292,4.30508932341055,1.867,3.71441744167226,1078
LR,vru,0.172382825987458,3.23217798726484,8.05459579141054,8.76733807858172,3.2,4.43138669348113,1078
RB,vru,0.112564614269988,2.11058651756228,8.34662998567075,8.63465038753739,2.13300000000001,3.44965077913343,1078
vru,BR,3.98982750469662,0.212790800250486,3.56247738124112,4.48632135828362,5.33300000000002,4.56551113654893,1078
RB,vru,0.223917969619604,4.19846193036758,5.91280174604971,4.94531122108923,0.867000000000007,0.591403651279203,1079
RB,vru,0.0717318869704527,1.34497288069599,2.16596230017392,2.94953957680938,2,0.291174278048937,1079
vru,BR,6.87382630757449,0.366604069737306,4.19054561464062,6.65854346030853,7.66700000000001,4.82131052583126,1079
LR,vru,0.294769623108383,5.52693043328219,6.21137991089993,7.57391033147057,1.866,4.51569265127582,1079
vru,BL,3.43634522841567,0.183271745515503,1.57760642109221,1.82168038004693,2.13299999999999,0.637155097677495,1079
RB,vru,0.149877031060645,2.81019433238709,3.50833181566158,3.64392575803871,3.267,4.76128224321004,1080
RB,vru,0.211232458360159,3.96060859425299,2.17717287209556,2.52438752387158,1.667,7.05065307609962,1080
RB,vru,0.21147301411184,3.96511901459699,3.29824603254785,9.40476452476264,3.4,8.64388244402915,1080
RB,vru,0.213988507857115,4.01228452232091,3.95143399137449,8.60159426861719,2.93333333333333,8.97085921945311,1080
vru,BR,2.82258172863401,0.150537692193814,2.7518153768976,3.51761356637004,3.13399999999998,4.1062384794359,1080
vru,BR,2.57889362207803,0.137540993177495,3.13432822009469,3.59456744755973,3.33299999999999,3.80099584715524,1080
RB,vru,0.192661200359577,3.61239750674207,3.42395220566533,3.74272779014137,2.2,4.21939878747737,1080
RB,vru,0.0749950136092155,1.40615650517279,3.27570171225256,3.39903986867901,2.46700000000001,1.21420245458011,1080
RB,vru,0.136140141031499,2.5526276443406,3.37859584728883,4.20779838893359,1.93400000000001,4.577397667116,1081
vru,RB,2.93345505606692,0.156450936323569,4.80478527235101,5.31669871682262,4.26699999999999,9.87444127538884,1082
vru,LR,6.04776053263865,0.322547228407395,6.58299493686153,5.75791155275966,1.8,4.85885478672735,1082
TR,vru,0.211687502109651,3.96914066455595,8.29525424056573,9.0407088808371,5.06699999999998,3.92344376446779,1083
TR,vru,0.181497755350731,3.40308291282621,5.62271539212153,6.19465618643551,2.8,4.12420392036853,1083
vru,BR,5.54723984402415,0.295852791681288,5.61546281018546,8.6101750524115,2.73433333333333,2.97575025658718,1083
BR,vru,0.279965633298428,5.24935562434552,3.62877645911698,6.92741454182709,2.4,5.81407958120263,1083
BR,vru,0.203704662318319,3.81946241846849,7.45835311274611,9.4425290160801,4.86600000000002,8.51233666880096,1083
BR,vru,0.26422169564432,4.95415679333101,6.4105925767757,7.69440339773819,2.33399999999998,5.88959658963447,1083
TR,vru,0.228454513867969,4.28352213502441,2.16496844471291,2.74835577619091,0.8,0.922770424868001,1084
RB,vru,0.126831843351399,2.37809706283873,3.47161931435749,8.94055648301705,2.6,0.706011694727326,1084
vru,BR,3.38834535418639,0.180711752223274,7.94398485354022,9.24714045407537,5.733,8.31477014428841,1084
BR,vru,0.222138094492891,4.16508927174171,6.52931310045411,7.22568026725103,2.467,6.18062954713694,1084
vru,LR,6.32865679045554,0.337528362157629,4.33484152682301,5.69719542903517,3.066,4.3342202126689,1084
RB,vru,0.0709662385402292,1.3306169726293,5.73914374595511,5.56294301833388,2.067,4.28826282771816,1084
vru,RT,2.57306976441503,0.137230387435468,7.47161421271376,9.2769834151677,6.20099999999999,6.62451971234886,1084
vru,TR,4.47600923559473,0.238720492565052,1.93363553918066,3.22129437673177,0.733,2.20496806065826,1086
RB,vru,0.267246645766958,5.01087460813045,4.44684194850927,6.98971106032938,1.467,0.63234461052973,1087
vru,TB,5.6202661722443,0.299747529186363,4.46603639875875,5.36773919422293,4.4,4.81867721164236,1087
vru,BR,4.81907027927801,0.257017081561494,4.43140594279643,6.98722559670325,3.267,5.92015827659726,1088
vru,BR,5.66769485616226,0.302277058995321,8.32623811898349,8.81662690134315,2.467,6.7867527377909,1088
vru,TR,4.70458592383458,0.250911249271178,4.7326105517331,6.34326826148306,1.86700000000001,8.42803389518968,1088
vru,RB,6.74282862907019,0.359617526883743,4.6113637698653,5.32639811954797,4.93299999999999,6.03683817966406,1090
vru,TB,9.59393287301579,0.511676419894175,1.38510203807266,2.12912489369039,1,0.0377274726812184,1119
vru,LR,6.74816580616812,0.359902176328967,5.06047679218473,7.25703302514384,2.134,4.32634743564682,1120
RB,vru,0.250935867552246,4.7050475166046,2.76537877108632,4.36654889665169,1.53299999999999,1.9022771243301,1120
RB,vru,0.142598269918752,2.6737175609766,5.43925024998906,5.82501628473091,1.6,3.08521605490442,1121
TR,vru,0.236288244361357,4.43040458177544,3.83905880554402,4.77672588973448,2.201,4.08049525405371,1122
BR,vru,0.182471932424903,3.42134873296693,5.23290750843243,7.72215033348045,2.734,8.57816863489687,1123
RT,vru,0.149628104264929,2.80552695496743,5.23420975091565,7.00308912926507,4.40033333333333,5.00036860677291,1123
BR,vru,0.236334083745979,4.43126407023711,3.98020656728969,6.90858194095987,1.2,2.40884218367151,1123
BR,vru,0.102716278103032,1.92593021443184,6.31660312103213,9.82215626131011,2.601,3.86959014499752,1123
BR,vru,0.229333190172295,4.29999731573053,2.15722941996136,3.57755246104028,0.600666666666666,0.993460293506379,1123
vru,BR,6.43125246984253,0.343000131724935,6.49246398226463,9.06106561737948,3.53300000000002,3.47802233611369,1123
RB,vru,0.153237674923575,2.87320640481704,3.03468058635469,4.20850736124519,1.33399999999998,2.5409348558395,1123
RB,vru,0.19100578092935,3.58135839242531,4.52149082702163,6.42635877918128,1.8,3.76389114310535,1123
BR,vru,0.202534587195041,3.79752350990702,7.1400317899932,9.06406847503298,4.4,4.88081865791796,1124
vru,BR,4.31665322684348,0.230221505431652,3.32208437480076,4.80845544407706,3.53299999999999,5.07940671923422,1124
RT,vru,0.182060440412178,3.41363325772834,6.23769477103993,7.34200251117464,0.867999999999999,2.64239937583457,1125
vru,BT,8.07088275955182,0.43044708050943,6.0047551727594,7.09232557953208,1.6,3.87105728190068,1125
vru,BR,4.94535917180162,0.263752489162753,6.72588482089223,8.91375996713482,2.66599999999999,2.96080482650831,1125
TR,vru,0.274292915425504,5.1429921642282,2.4960629236004,3.28716365388221,1.06700000000001,0.940296754424645,1125
BR,vru,0.199909886310396,3.74831036831992,2.09829785981877,3.26661255146784,1.068,1.24708845588487,1126
BR,vru,0.17972352779545,3.36981614616469,9.25230409365832,9.88674223309403,3.733,4.68111094293014,1126
BR,vru,0.380062832670397,7.12617811256994,6.63882763924165,9.96967564960907,4.067,6.78728718279792,1126
vru,BR,4.91378548798542,0.262068559359223,7.50967767220528,8.58915100066104,2.59999999999998,2.86362577520209,1126
vru,BR,5.83234016028096,0.311058141881651,5.5334149605329,7.29982094565521,9.73400000000001,4.17793138695826,1126
BR,vru,0.158253729822116,2.96725743416468,6.09096213354549,8.10491500219591,3.13300000000002,4.9152664998607,1126
LR,vru,0.184861560455548,3.46615425854152,2.75565079222097,3.74980953357518,4.26700000000001,4.92644003726684,1127
BR,vru,0.289869136992135,5.43504631860253,6.56274804177013,9.90272429535327,8.8,5.7155541865554,1127
BR,vru,0.219093144550598,4.1079964603237,6.56835618421884,7.97159194673253,3.33399999999998,5.98239063586208,1128
vru,BR,6.9618400309252,0.371298134982677,5.66456341546152,4.86046080687055,2.86700000000001,6.34695142197615,1128
vru,BR,3.26642863070749,0.174209526971066,6.23250807111637,6.69962815771167,3.20066666666668,6.6732462271779,1128
TR,vru,0.13751748252147,2.57845279727756,4.16268020342806,4.74532087563402,4.00099999999999,3.44663198212965,1129
RB,vru,0.116597534446166,2.1862037708656,4.51940561328208,8.41436237817883,2.934,5.84923228419283,1131
RB,vru,0.168602752319835,3.1613016059969,8.44902599408236,8.89784059228783,6.73500000000001,9.67494183566336,1131
vru,TB,4.88621032518251,0.260597884009734,4.39843384090074,9.44245295361791,2.934,5.21928330299196,1131
vru,LR,3.14304839655151,0.167629247816081,4.75025638858563,5.65046285097011,2.60033333333334,1.91947096192227,1131
RB,vru,0.134192237862354,2.51610445991914,3.42039657464952,4.08186459572961,2.26699999999998,7.54044638238717,1132
RT,vru,0.190913597039443,3.57962994448956,5.66173411516276,8.31299057488654,3.333,3.32925990230304,1132
BR,vru,0.248976348914549,4.6683065421478,5.45520769771045,7.14121867948537,2.4,3.84319879171307,1132
RB,vru,0.0872965386655787,1.6368100999796,2.35864127472463,2.86128848264736,1.4,0.404102970501113,1132
RB,vru,0.037873231942823,0.71012309892793,9.26141937412036,9.80546125444023,8.53399999999998,5.65641617981994,1132
RB,vru,0.0846379838679832,1.58696219752469,9.35317973929178,9.46881620300617,8.46600000000002,5.88697170961286,1132
RB,vru,0.103044093752271,1.93207675785508,8.60183742874531,9.96553078117506,6.66600000000002,7.29116007441116,1132
vru,BR,3.75660020826008,0.200352011107204,8.53490408187585,9.09901747139063,3.4,3.02830314611753,1132
RB,vru,0.16176800055609,3.03315001042669,1.9661210573183,2.2601530764077,2.06700000000001,0.41375004775525,1133
RB,vru,0.135721399839433,2.54477624698936,4.677984951223,4.86404637140087,1.668,7.35513992196726,1133
BR,vru,0.263852670875765,4.9472375789206,1.27799308646673,9.84743810143043,1.6,0.0254525446267602,1133
vru,BR,3.40924078143528,0.181826175009881,6.0425133652508,8.25941435479844,2.6,3.01124013553524,1133
RB,vru,0.106388853312777,1.99479099961458,9.42850063856836,9.95813337918508,9.266,8.03284830238231,1133
RB,vru,0.13876917843191,2.60192209559831,4.8516046858337,4.94649836638008,3.8,4.22790890864456,1133
vru,BR,3.91563252207527,0.208833734510681,2.51276758559678,3.87512243102016,3.6,4.87315951044805,1133
RL,vru,0.174886362212914,3.27911929149214,2.50323747297562,2.88978595051015,1.866,3.02963266384251,1133
vru,BR,3.56351190625207,0.190053968333444,3.36854107854171,3.83843805433501,2,4.21566076822703,1133
vru,RB,3.61404068296649,0.192748836424879,3.13748351848937,3.87380560255785,0.8,0.341453698804294,1135
TR,vru,0.240018093339262,4.50033925011117,5.45301694995977,4.2166349893492,1.13300000000002,1.61059296109631,1135
vru,TR,3.89575446212115,0.207773571313128,6.10214310432191,8.47878377088023,3.06700000000001,7.04699354338208,1135
vru,BR,3.59030690656553,0.191483035016828,5.73131070450179,7.98699457613195,2.66600000000002,8.94187910464367,1135
RB,vru,0.183239364203654,3.43573807881852,7.01074829765951,7.19141253519487,1.8,8.01423508282632,1135
vru,BT,9.65752898576484,0.515068212574125,3.16168755857447,5.38126662278131,0.667000000000007,3.54231315588176,1135
vru,BR,4.28417202907238,0.22848917488386,4.74304532635336,7.41473542693889,7.934,7.81626685160571,1136
BR,vru,0.103487720177821,1.94039475333415,2.8722625883235,3.71565270941227,2.19933333333333,5.55224183310217,1136
BR,vru,0.139771591264533,2.62071733620999,5.21444097304046,6.49111614868687,4.8,4.61355240717381,1136
BR,vru,0.23627179388976,4.43009613543301,5.91979197931858,8.02562452637102,3.46699999999999,5.95215818764905,1136
vru,RB,1.57128306976647,0.0838017637208784,3.20923193770907,9.4799167043427,4.334,3.30159971358214,1137
vru,BR,4.96504286890763,0.26480228634174,4.65597028165289,5.49085788788955,9.93500000000001,3.65016092904727,1137
vru,RB,2.18066089225807,0.116301914253764,2.45725046495941,9.27654324386003,2.33300000000002,0.248612545200453,1137
RB,vru,0.107293521414238,2.01175352651695,1.58447648871219,1.78150215406955,1.86699999999998,0.207657321636113,1137
vru,TB,8.35623379164774,0.445665802221213,1.80057323584222,2.46362874802546,8.33400000000001,3.85452294219465,1137
RB,vru,0.0964471064140232,1.80838324526293,6.57042327646345,6.26397041840839,2,9.72285477467322,1137
BR,vru,0.298617509418109,5.59907830158954,3.69224560494255,8.43351857175493,2.06700000000001,9.05938681976936,1138
vru,TR,5.25162953477028,0.280086908521082,8.710979990999,9.4462504066498,3,3.04966752512256,1138
vru,TR,5.33056595218077,0.284296850782975,8.48628443009554,9.3699781930078,2.466,3.86655494147572,1138
LR,vru,0.135600034851997,2.54250065347494,6.82977910426047,7.69784217576816,3.86699999999998,2.42996321236237,1138
LR,vru,0.159722052985766,2.99478849348312,5.83177612656943,6.4550210216104,2.66700000000001,3.00510486718113,1138
vru,RB,4.1388800690128,0.220740270347349,9.28580382927344,9.8983697369842,8.401,8.61764815774692,1138
RT,vru,0.258205156984366,4.84134669345686,4.47615393362029,6.84900728556122,3.06700000000001,2.70477890048648,1139
vru,LR,2.00084809458443,0.106711898377836,5.5159874483159,6.09991722796542,4.13500000000001,4.28655314415887,1139
RB,vru,0.191658591440665,3.59359858951246,2.95242986724195,4.70008765546578,1,0.326913200593583,1139
vru,BR,4.16821038337584,0.222304553780045,4.54515333358385,7.53243057697677,7.8,4.08544747053741,1139
vru,BR,3.5719120975833,0.190501978537776,4.57933755312972,5.37331967883014,5.33400000000001,3.87373482042674,1139
vru,BR,3.58031872020557,0.190950331744297,5.60135499281475,6.20988618497191,7.53299999999999,3.42626673507858,1139
RT,vru,0.132164892936561,2.47809174256052,2.2519369160329,2.57163913297862,5.266,3.6009805692241,1140
RT,vru,0.165670249707474,3.10631718201514,5.49724436105663,5.79289823009,4.06700000000001,4.60977576175899,1140
BR,vru,0.155660674159733,2.918637640495,7.50098682191381,7.77952948645256,3.46700000000001,4.51872358485789,1140
BR,vru,0.314496673342944,5.89681262518019,4.02482385958635,6.53692305880077,1.66599999999999,6.71843172123431,1140
RB,vru,0.109091233285464,2.04546062410245,2.44697687871041,4.16037813714499,1.86700000000001,8.33834758616625,1141
RB,vru,0.100239470169565,1.87949006567934,3.9044219479,3.9504920906989,6.86699999999998,2.56082708501472,1141
vru,BR,2.40112994864652,0.128060263927814,3.99420389105642,4.56640813444243,7.2,6.3572739310881,1142
LR,vru,0.249628959531901,4.68054299122314,5.52069906624017,7.2849903096042,2.534,5.41205316820341,1142
vru,BR,4.49912982989121,0.239953590927531,2.85949833131641,6.33439069711865,2.26600000000002,7.85587421186682,1142
vru,BR,6.34998593403811,0.338665916482032,3.40678365867518,6.86664228341849,2.067,7.0197870020296,1142
BR,vru,0.508512482919148,9.53460905473402,4.79314788119429,8.28518932553783,2.735,5.10624197439985,1142
vru,TB,5.48241610948441,0.292395525839169,4.03792534572074,6.96969707229089,1.26700000000001,4.29347998016644,1142
RB,vru,0.206400418471351,3.87000784633783,5.91844676931513,7.01662428993136,1.60099999999999,7.60810463673262,1142
RB,vru,0.188512517209443,3.53460969767706,2.36787571014703,3.55432181119315,0.933000000000008,0.34460797589815,1143
RB,vru,0.172921926438949,3.2422861207303,3.32158428638206,7.40867456748973,2.60099999999999,3.73086089171661,1143
RB,vru,0.155890143158223,2.92294018421668,3.35531205337907,4.39355097935562,1.20099999999999,3.5863752851337,1144
RB,vru,0.130341399349075,2.44390123779516,2.66999884089866,3.15971771953851,3.068,7.47239469748189,1144
BR,vru,0.10059872619746,1.88622611620238,2.11575768657715,2.60251517634588,3.60100000000002,4.00677103009564,1144
BR,vru,0.201634397027376,3.78064494426331,5.91691993863191,7.19757028253366,2.668,4.09881612251325,1144
RB,vru,0.158358251041687,2.96921720703164,5.08148363030539,5.45488094663991,6.53399999999998,9.076872342031,1144
vru,RB,3.07767081083473,0.164142443244519,3.83340527432163,4.52479771651432,4.73299999999999,9.67198995888446,1144
vru,RB,2.38829993864721,0.127375996727851,4.75896985813696,5.13575395433872,7,8.14992682504509,1144
TB,vru,0.55530623854694,10.4119919727551,2.66945422580138,3.50934040946368,1.4,3.97539585323762,1145
RB,vru,0.0573119693433266,5.01479731754108,7.60867971778563,8.00965104343034,6.00100000000002,9.54133420658517,1145
RB,vru,0.0262829875578624,2.29976141131296,3.52251042684774,4.34228603566132,4.8,5.47061889726536,1145
vru,RB,8.61378359332534,0.459401791644018,2.66108607578548,9.91219200891816,1.06700000000001,2.4552533450039,1145
vru,TR,3.1470177168977,0.16784094490121,5.78576665112449,6.53779340282061,4.068,7.63124743086293,1145
vru,BR,7.12902544293686,0.380214690289966,2.77302209798429,4.49844234239516,2.93299999999999,4.88714873603326,1145
RB,vru,0.112995661404015,2.11866865132528,1.72447163717194,7.02485087608082,2.067,0.0103027520781386,1146
RB,vru,0.0791200021399362,1.4835000401238,6.84980821057676,7.28294896674772,3.8,7.3092932914354,1146
RB,vru,0.155344281039332,2.91270526948748,3.39931728879023,3.74030816198999,1.134,3.61802456258869,1146
vru,BL,4.39346145237266,0.234317944126542,1.56189492792418,2.02197713695286,9.668,2.05261472469261,1146
RB,vru,0.0701796917536658,1.31586922038123,2.79069702186241,3.95337958232466,3.26700000000001,0.763402402114398,1146
vru,BR,2.97453165611656,0.158641688326216,8.07378454411364,9.8682594361995,2.73299999999999,4.71968944241329,1146
vru,BR,5.1879195842819,0.276689044495035,2.48885193643115,8.07738163966065,2.46700000000001,6.55209360023608,1146
RB,vru,0.131608939175728,2.4676676095449,2.87151749346729,2.99947657761593,0.933,3.76499176321708,1147
vru,BR,3.13877426025212,0.167401293880113,6.4311362491366,8.81009614600155,6.66700000000001,8.74482977243349,1147
RB,vru,0.0857865348632596,1.60849752868612,5.4188113887644,5.60546537905388,4.868,3.79250867609079,1147
RB,vru,0.159332572768586,2.98748573941099,4.28060349988703,4.92614290618342,3.73399999999998,6.1730992508516,1147
vru,RB,3.42714431703133,0.182781030241671,1.77120203341746,8.4992873610527,1.53300000000002,0.0599795276099525,1147
vru,BR,3.50708208597782,0.187044377918817,10.4583198233073,8.57283800852707,3.86700000000001,6.71679070575856,1147
vru,RB,2.94580164828864,0.157109421242061,7.44002620827416,8.15150243495754,7.134,8.80381304274027,1148
vru,TB,2.97516517764119,0.158675476140863,4.56373904028646,5.30338882436202,6.40099999999999,5.59259906966524,1148
LR,vru,0.289084222882971,5.42032917905571,3.75121545617404,6.64649159919271,1.8,4.36200586588872,1148
RB,vru,0.163702155294818,3.06941541177784,4.90983399542116,7.19778004040552,2.26599999999999,4.06627911082545,1149
RB,vru,0.171332280433175,3.21248025812204,6.06358062738974,8.71015613472445,2.33299999999999,4.64957627265447,1149
BR,vru,0.227261835274695,4.26115941140052,4.03565063848688,5.3014099670392,1.66600000000002,4.3019006562698,1149
RB,vru,0.253303582248529,4.74944216715993,1.26677276060218,3.10799952805758,0.6,1.666694555183,1149
vru,BR,3.47845132524328,0.185517404012975,6.52526840229131,9.25605026308462,2.66800000000003,4.91991529701659,1149
BR,vru,0.219532028066661,4.1162255262499,5.06405727015017,8.3756933691908,3.46600000000002,8.07777831027224,1149
RB,vru,0.170210478614766,3.19144647402686,6.95284423077883,7.98163472483818,6.46599999999999,6.91948430520209,1150
RB,vru,0.155612001159025,2.91772502173173,3.6076751844203,4.09274673668146,4.33400000000001,4.22032935651947,1150
vru,BR,3.31226592177759,0.176654182494805,7.41681957959867,7.85310319219059,2.333,3.6786461331705,1150
BR,vru,0.367858522745083,6.89734730147031,5.48418960094932,6.25713116968078,1.667,1.7329940194642,1150
vru,BR,2.9724874649699,0.158532664798394,5.98570948801439,7.86003978605154,3.6,3.0826925095857,1150
RB,vru,0.119719701704573,2.24474440696074,2.53766057479963,3.18454897000843,1.26600000000002,0.401219615245894,1150
RB,vru,0.169668936727831,3.18129256364684,3.98212868605886,3.87082811932262,1.13399999999998,9.38745964467625,1150
BR,vru,0.227269793673233,4.26130863137312,6.23899954437945,6.6385197964886,6.73400000000001,7.4070108828247,1150
BR,vru,0.139989310293594,2.62479956800489,2.91920398437946,3.16006764178942,3,4.25688419334469,1150
BR,vru,0.0988128052944899,1.85274009927168,5.83290950085548,6.55454696625405,7.4,5.02691025652616,1151
RB,vru,0.118506295843171,2.22199304705946,3.86881351935053,3.95923932705166,2.334,7.48720470150067,1151
vru,RL,5.46777455152162,0.29161464274782,6.9816577401746,7.97240219923985,5.267,5.50026440258036,1151
RB,vru,0.166094111820181,3.1142645966284,3.7524660621941,8.15062880282204,2.4,3.73708603848826,1152
RB,vru,0.10419961413123,1.95374276496057,4.63539197454608,5.21497895235964,1.733,2.90852195077205,1152
RB,vru,0.123199828786044,2.30999678973832,4.05984023692299,5.01174358997286,4.4,6.99870492803697,1152
RB,vru,0.169759081748889,3.18298278279166,3.23379308752396,3.55819874492742,5.668,4.96669608094488,1152
vru,BR,4.20035893380032,0.224019143136017,2.91689293219338,5.71441748863398,1.934,3.14324711591926,1152
RB,vru,0.1815909192355,3.40482973566562,3.426731151007,5.5289411242569,1.6,4.15317661719873,1152
BR,vru,0.137098238392474,2.57059196985889,5.64631140573627,6.13904779633704,9.735,5.52445904643093,1152
BR,vru,0.160551343527686,3.01033769114412,6.01062321684069,8.51383921359795,3.73399999999998,4.40326848708539,1152
RB,vru,0.213191453204942,3.99733974759267,2.64918922750039,3.54183154039915,0.867000000000007,0.184498326812783,1153
vru,RT,3.80586176455324,0.202979294109506,4.10086039303004,7.38294384851102,7.80100000000002,4.33915575830584,1153
RB,vru,0.0657393400118882,1.2326126252229,2.04074862388077,7.86866349420579,4,6.30440976162015,1153
RB,vru,0.156773205735822,2.93949760754665,5.86350607332157,6.04495697512682,4.066,7.3652292424866,1153
vru,BR,4.22542298672452,0.225355892625308,3.68465408103861,6.28586604608829,2.6,7.59623137819858,1153
vru,BR,6.22850384563218,0.33218687176705,5.70192885345433,8.59805396012602,2.53300000000001,9.90992948383133,1153
RB,vru,0.0787106794548521,1.47582523977848,2.2072169254515,2.27445421649028,1.266,0.389159472001126,1154
RT,vru,0.169905410920206,3.18572645475386,5.20928116380258,6.33605382600418,5.867,3.36369263240679,1154
vru,BR,5.39050182697954,0.287493430772242,5.65650579880444,7.169351093286,2.534,8.54261590371387,1154
BR,vru,0.119186964062648,2.23475557617465,6.49179405932708,9.21809361655498,9.8,7.03001374506361,1154
RT,vru,0.0911744451690389,1.70952084691948,4.27179805971824,9.50831540731293,1.79866666666667,0.371154990680378,1154
RT,vru,0.061413746984761,1.15150775596427,3.07954247962292,7.59918214313175,2.266,2.73092240040846,1154
BR,vru,0.207936443412678,3.89880831398771,5.95430800563904,7.27516592977827,3.59966666666669,4.64577390056024,1154
vru,TB,14.0664394163371,0.750210102204646,2.56259111910309,4.43207719380943,0.333999999999984,1.13957937387184,1154
BR,vru,0.162618074054274,3.04908888851763,2.28676669532576,2.8320487535067,2.867,2.81303499883431,1154
RB,vru,0.190575440322568,3.57328950604815,2.55966498276068,7.12105432353158,2.133,4.89362577333959,1154
BR,vru,0.133329389517191,2.49992605344733,5.73307791834565,5.8942404930504,3.93299999999999,4.99013187556494,1154
vru,RB,3.81885011788687,0.2036720062873,4.21069325909579,9.39643227285965,3.334,3.32644417452778,1154
BR,vru,0.232021712651346,4.35040711221273,7.22047315340389,9.66469770668452,3.13299999999999,4.15420661584877,1155
BR,vru,0.145196894016222,2.72244176280415,3.94466659496871,5.23800651202816,2,2.4724216255298,1155
BR,vru,0.129279297003391,2.42398681881358,3.26753706502987,5.02003543824587,1.8,2.12461064761791,1155
vru,BR,4.51745712470142,0.240931046650742,3.69241839120183,7.86884239256228,3.067,4.16187661700867,1155
vru,BR,4.82968165376524,0.257583021534146,2.69822509440359,6.73775114288577,1.46700000000001,3.42206567591081,1155
BR,vru,0.266073039101745,4.98886948315772,4.28527387121321,7.42694365146882,5.06600000000002,8.96385048653559,1155
BR,vru,0.241409151803584,4.52642159631719,3.11050954867919,5.16401727669228,3.33399999999998,7.53043984549413,1155
vru,RB,0.685911317328931,0.0365819369242097,9.21600894806103,9.16571687873978,8.66800000000001,3.54524936527298,1155
RB,vru,NaN,NaN,9.36141715689268,9.1427518570349,6.60100000000001,4.05118120495651,1155
RB,vru,0.102452470411419,1.92098382021411,4.09181427841006,4.36661912239548,5.067,3.49597285510778,1155
RB,vru,0.16836339928738,3.15681373663837,6.50927667258519,7.60968323736389,2.067,7.82534299001105,1156
BR,vru,0.10988413829372,2.06032759300725,2.06530935187854,2.53424047672852,0.8,0.202197615398041,1156
vru,RT,1.99434119193772,0.106364863570012,5.41373964668186,6.41957251967379,8.20066666666667,7.52520558413347,1156
vru,BR,4.59372406425167,0.244998616760089,5.20941349831829,9.06039239823406,2.6,8.35994216178287,1156
RT,vru,0.0910670875158974,1.70750789092308,5.41218748987772,9.47311950985518,3.53299999999999,5.69834636962539,1156
vru,BR,6.05702449139531,0.32304130620775,3.91036358780024,7.33919770129978,6.4,4.30909265973055,1156
RB,vru,0.223765652949414,4.19560599280151,2.679610386613,4.5177859635351,1.13399999999998,7.78460992296547,1156
BR,vru,0.391343321792998,7.33768728361872,3.21090758668992,3.82890074332557,3.6,6.85387347314223,1156
RB,vru,0.116881506935012,2.19152825503148,3.73958741508394,3.89194679899813,1.46700000000001,2.86367669102422,1156
RB,vru,0.126525157987534,2.37234671226627,2.03625458020738,8.92039538784184,2.266,4.85659732029369,1156
vru,BR,0.820383653206352,0.0437537948376721,4.95603475136807,6.42534527260608,9.66700000000001,4.0443998150209,1156
vru,BR,1.63763274607223,0.0873404131238524,4.26940034356752,4.70950458302863,6.33400000000001,7.3670379004439,1156
vru,BR,2.3316226595921,0.124353208511579,4.23603382816002,5.01669971481869,6.86700000000001,7.56452360971023,1156
BR,vru,0.177245626296411,3.3233554930577,6.63630662344683,7.4062430923449,4.534,3.33859990183251,1157
BR,vru,0.152080076518924,2.85150143472983,9.30824997142122,9.9879659775648,5.934,5.10598455432577,1157
BR,vru,0.220224521825023,4.12920978421917,8.43848731007923,9.78709696696374,4.934,5.83870318484306,1157
BR,vru,0.100466812729659,1.88375273868111,6.45896011548743,7.36529440623965,7.73399999999998,4.38261000056773,1157
BR,vru,0.227351324875979,4.26283734142461,3.39966666455605,5.92625917158015,2.66699999999998,3.73474514502869,1157
vru,BR,3.5688904100967,0.190340821871824,5.15854716095951,6.50797454821925,5.33300000000002,4.52523253174249,1157
vru,BR,2.97969049623394,0.15891682646581,5.85362780455875,8.85467161461352,3.93400000000001,6.12983465295802,1157
RB,vru,0.163356861382047,3.06294115091338,5.7562248049841,6.52150779208265,2.66700000000001,7.71809204450355,1157
vru,BR,3.13623040974867,0.167265621853263,2.39457495813193,8.68575899195277,4.66699999999998,5.31549320688279,1157
BR,vru,0.39183573639983,7.34692005749681,2.68114504872583,8.10314660747493,1.133,6.32567596267823,1157
vru,BR,4.77227863985282,0.254521527458817,2.9721222325652,5.34483105057515,2.53299999999999,4.7534624554878,1157
vru,BR,1.47636530022506,0.0787394826786699,4.76630058362856,7.36089447540762,1.93300000000001,3.27150685446445,1158
BR,vru,0.165280125704186,3.09900235695349,1.91046570258617,2.9982079549558,0.666000000000001,1.59569591307249,1158
vru,RL,10.9257123203495,0.582704657085309,3.26117206226487,4.48936791142893,0.6,2.18563564068136,1158
BR,vru,0.129420504887328,2.4266344666374,6.5825220810551,7.48017316574119,8.86699999999998,4.09403689494682,1158
RB,vru,0.186871053389301,3.50383225104939,4.53406961820362,4.43175518115684,2,0.191562394747421,1158
vru,RT,1.75790441141701,0.0937549019422404,7.21552197698967,7.58326970862024,5.93299999999999,3.42570210093318,1158
vru,BR,3.27209093833537,0.17451151671122,5.0588367815218,6.37613710469828,5.93400000000001,3.94183702668366,1158
RB,vru,0.124848672968576,2.3409126181608,5.02726619593381,5.10747525849456,5.86700000000001,3.51476100803635,1159
RB,vru,0.141182470717092,2.64717132594548,2.34096616634088,2.44473116742132,0.8,0.17489151813412,1159
RT,vru,0.134620072889962,2.52412636668679,3.66025187780705,6.05516021222212,4.20099999999999,4.85442108446234,1159
vru,RB,3.26087689787708,0.173913434553444,2.67298692918906,2.98906175533485,3.86699999999998,3.0419339438728,1159
RB,vru,0.0496588532269646,0.931103498005585,7.21125076691471,7.53537412373574,9.933,9.55611688817008,1159
RB,vru,0.0599152123196083,1.12341023099266,6.35725666825964,6.65830560117815,9,8.30597276557026,1159
RB,vru,0.103328540355594,1.93741013166738,2.74745641758684,5.17316594255129,2.6,2.47674398150815,1159
BR,vru,0.129301476274261,2.42440268014239,5.53915035103393,8.36570366577973,6.468,8.9499327053932,1159
RB,vru,0.060053118011952,1.1259959627241,7.97462418767618,8.78242790754382,5.667,9.34569777351768,1159
RB,vru,0.0738632090327716,1.38493516936447,5.73651468028947,6.60567859445044,3.933,5.95225319544957,1159
vru,BR,3.79219450020008,0.202250373344004,3.65007877780008,8.88584578226253,4.6,4.23368738256476,1159
RB,vru,0.09674445312207,1.81395849603881,1.62817292647356,2.58599046412889,9.13333333333333,4.61925783179369,1159
TB,vru,0.11000455354344,2.0625853789395,2.49064780041575,4.89626806082609,3.26700000000001,6.04749132462585,1159
RB,vru,0.0980882964922856,1.83915555923035,6.11054675875868,6.93817959591023,2.6,5.70961190820923,1160
vru,BR,4.15336015670869,0.22151254169113,3.57600284997751,5.61679221813465,2.13299999999999,2.56499854672678,1160
RT,vru,0.673904910653377,12.6357170747508,1.59967198423838,2.95289754403894,0.4,0.682426569677277,1160
vru,RT,6.26256536907519,0.334003486350677,0.94473237395593,8.43623099519497,4.93533333333333,7.11861759048828,1160
vru,BR,4.28628851838833,0.228602054314044,3.0351191649485,6.77124294419786,2.66699999999999,0.0973480178512933,1160
TB,vru,0.0929918610752591,1.74359739516111,5.59691839565175,6.40922957232668,5.13300000000001,6.27962971498693,1160
vru,BR,1.9945936408009,0.106378327509382,5.92562354974171,9.5757752251306,7.73299999999999,4.87987159633517,1160
vru,BR,3.0581212049705,0.163099797598427,6.07156887189389,6.33161407750785,9.46599999999999,9.3091843182817,1160
vru,LR,3.48728960804433,0.185988779095698,1.4842534214983,1.84742052262451,6,2.53286111795922,1160
TB,vru,0.0769541021656106,1.4428894156052,1.90160099644528,2.05131553974234,5.06700000000001,5.53632124886919,1160
TB,vru,0.0966211989097294,1.81164747955743,2.35044618123112,2.5280238987386,3.2,1.05343167391313,1160
TB,vru,0.0481729885649279,0.903243535592397,3.63674095295875,5.72554570737205,6.333,5.10811307404757,1161
vru,TB,3.52942126219148,0.188235800650213,4.86219335022443,9.16604018877239,2.868,6.92197170332438,1161
vru,BR,4.35231713027877,0.232123580281534,6.06200659248477,9.16714398220233,6.33299999999999,5.51944655206589,1161
BR,vru,0.028764005031346,0.539325094337737,5.31640566916728,8.29490202442851,9.53500000000001,4.5441117347219,1161
BR,vru,0.077913171672641,1.46087196886202,7.35636208427187,7.45784943938703,7.33400000000001,5.1936655865719,1161
BR,vru,0.20779957524934,3.89624203592513,4.90232064987119,7.806715958084,3.06600000000002,8.44171654871456,1161
TB,vru,0.0436248768438553,0.817966440822286,2.66946818210112,4.61654974337985,7.00100000000002,4.48849960474979,1161
RB,vru,0.187916398299262,3.52343246811116,0.914849994003152,1.55482249364177,3.6,0.329932556329292,1161
RT,vru,0.116796431223758,2.18993308544546,6.12259003468599,7.94549844449563,6.866,3.59141514837029,1161
vru,TB,3.88979316768601,0.20745563560992,1.70739208252351,1.94684065640107,2.933,1.82715817430831,1161
TB,vru,0.0498808795909257,0.935266492329857,2.8216800229603,2.83906668155744,4.933,3.18883791830995,1161
TB,vru,0.0596661367138825,1.1187400633853,2.49619255010466,2.62133395436481,7.8,8.44905412785494,1161
TB,vru,0.103434763868977,1.93940182254332,2.30076419026689,6.80775926933534,2.26700000000001,2.02154651875747,1161
TB,vru,0.114548233191953,2.14777937234912,2.37256010429623,3.17528592458286,1.73299999999999,0.461209170283096,1161
vru,BT,3.74330016168015,0.199642675289608,9.33797821930056,9.69646223659175,8.867,7.80000334225224,1161
RB,vru,0.177436643270224,3.32693706131669,5.38447053438574,7.74315112970405,2.334,6.65574661090448,1161
TB,vru,0.116219052519927,2.17910723474864,8.25308981681214,9.53462255419704,7.4,7.15189816624294,1161
RB,vru,0.146756636054178,2.75168692601583,2.40521546405996,2.51878158037913,0.8,0.434112374421163,1161
vru,BR,2.73292193539539,0.145755836554421,4.59819399549499,5.71892433219287,7.50100000000001,9.99547758613049,1162
RT,vru,0.139005119591521,2.60634599234102,3.37444856489237,4.16147949111974,6.13299999999999,4.06965243019605,1162
vru,BR,2.86876302964634,0.153000694914472,4.30549832039654,5.06090782022155,9.70099999999999,8.55558003324918,1162
RT,vru,0.192673783625678,3.61263344298146,4.55489787557725,6.41583517185591,6.06700000000001,4.51373263010206,1162
RT,vru,0.163086810115113,3.05787768965837,4.05349432565146,4.48463440973408,2.2,6.40224388924662,1162
BR,vru,0.176583322466387,3.31093729624475,6.70112195844114,9.7388123645086,2.86699999999998,8.56099814590329,1162
BR,vru,0.624834965202091,11.7156555975392,3.88212498880652,7.89829892008436,2.468,3.63586098697112,1162
TR,vru,0.237771898832845,4.45822310311585,3.60612191867476,3.01420409867351,0.867,0.242364134799328,1162
BR,vru,0.122559630904043,2.29799307945081,4.98690109788438,7.10224333633438,6.4,8.66384197933892,1162
BR,vru,0.150260534422178,2.81738502041583,6.86135622992916,8.30942715584102,6.468,7.21587343886464,1162
vru,BR,1.57994894675765,0.0842639438270746,8.76707038048351,9.38270979965883,8.13400000000001,5.2051822158554,1162
BR,vru,0.303162993965515,5.68430613685341,14.7486453024201,5.10802959847659,2.73300000000002,1.85482548317583,1162
RB,vru,0.118044227886789,2.21332927287729,1.16539151127226,2.46650798638845,2.39966666666666,5.89119535006888,1162
BR,vru,0.0750164774300887,1.40655895181416,5.68215277013509,6.35443930154266,9.13499999999999,4.73940034821222,1163
BR,vru,0.24453230857197,4.58498078572443,3.59788508280937,6.41454398998835,2.13299999999999,8.68094227263287,1163
TB,vru,0.0101416957578072,1.2677119697259,6.09541158588347,6.65940093706897,7.268,8.97509041941517,1163
vru,TB,1.01836408352053,0.0543127511210951,1.86885332439969,2.3673246115642,2.13399999999998,1.79673663439169,1163
vru,TB,1.8987120875151,0.101264644667472,3.60880083113543,3.8090444172898,3.93399999999998,4.68621215120103,1163
TB,vru,0.115470243232484,2.16506706060908,1.55540318647347,1.85302321873712,2.468,0.902639170692514,1163
BR,vru,0.140716712861348,2.63843836615028,6.1075390973948,7.00131566484785,7.13399999999998,6.97349529580087,1163
BR,vru,0.0804917716137739,1.50922071775826,2.0956154752029,2.30104845868971,2,0.797243691962783,1163
RB,vru,0.00552824119851579,0.103654522472171,4.99831491053984,5.3397562233046,6.13299999999999,6.02469312527303,1163
vru,BT,9.38382902718819,0.500470881450037,3.25680494160318,5.03963596927222,1.73400000000001,3.57265400127444,1163
vru,TB,6.02356104985983,0.321256589325857,4.86573797442758,5.53315135282123,1.53299999999999,2.87499641811069,1163
BR,vru,0.185743034512504,3.48268189710944,7.52282526108836,8.27542970213615,3.2,5.4738632427028,1163
vru,BR,3.44133353271624,0.183537788411533,6.23872591994917,7.12102545578032,8.8,6.35108542340337,1163
vru,BR,3.56665161674046,0.190221419559491,6.00193638028296,6.93549515114115,8.933,7.5994532470763,1164
TB,vru,0.0809680191841318,1.51815035970247,2.91268960110194,2.91530320554103,4.468,8.36961941190277,1164
RB,vru,0.0789056114928268,1.4794802154905,2.27697309416843,3.96255020561318,2.33300000000001,0.304549993384768,1164
BR,vru,0.12431954457693,2.33099146081744,3.0722274405932,3.83383180900554,8.401,4.4247045130263,1164
RB,vru,0.116041656889654,2.17578106668102,6.54186383474116,6.63670765718224,2.73299999999999,7.94800319745183,1164
RT,vru,0.122076894859636,2.28894177861818,4.95428785242145,5.84724353098265,2.73300000000001,6.72703133615877,1165
vru,BR,1.35974648558066,0.072519812564302,5.21510992771107,6.34166957379299,4.19999999999999,6.33507055794111,1165
vru,BR,4.64098686278047,0.247519299348292,3.92342049913229,4.86040655273674,4.66800000000003,5.83065813806956,1165
RB,vru,0.13967654587938,2.61893523523837,6.50177931978199,9.40289764741847,2.73399999999998,3.31044374107233,1165
RB,vru,0.140045072497329,2.62584510932492,5.44273760735095,5.84042931759253,1.866,7.8464760139397,1165
RB,vru,0.136814494783489,2.56527177719041,4.38567605857658,5.51212044247962,1.868,4.43476260034044,1165
vru,BR,4.58147284605695,0.244345218456371,8.21250037569271,8.61812064653317,9.4,6.21739244732758,1165
BR,vru,0.223910370323857,4.19831944357233,7.57889131501633,8.76684345268887,8.868,5.47854937751884,1165
RB,vru,0.139464029702366,2.61495055691937,3.47342384145072,4.06146886103105,4.466,6.09525503406547,1166
RB,vru,0.118171005404501,2.21570635133439,3.85942145527887,3.83988569960766,1.467,0.304610368494282,1166
RB,vru,0.141645797061854,2.65585869490976,3.14072513563254,3.85075492092769,2.267,6.25062422087445,1166
RB,vru,0.135573440457186,2.54200200857224,8.64630382338425,9.65408084073533,5.00099999999999,5.36721616269611,1166
RB,vru,0.0372024282910907,0.697545530457951,7.79515432860351,7.68730100309617,5.13433333333333,6.21135203009154,1166
BR,vru,0.131366882443492,2.46312904581547,8.90841140489299,9.42245476725276,6.00066666666667,3.92083999514695,1166
BR,vru,0.119980234214298,2.24962939151808,7.10417591809136,8.02921580365683,5.4,3.5390130419826,1166
vru,BR,5.71245404658015,0.304664215817608,3.84332633926326,4.62491234714279,2.66700000000001,5.48057851240263,1166
TR,vru,0.32789953696251,6.14811631804707,4.08595333413729,6.00326873116337,1.533,4.60473855454671,1166
RT,vru,0.116861691720623,2.19115671976168,5.6324145484359,7.81124638885463,8.46599999999999,3.86885710146245,1166
BR,vru,0.124172681447365,2.32823777713809,4.32966896001878,4.93157924280254,2.267,7.49437921885446,1167
vru,BR,3.08506208854567,0.164536644722436,2.22807490823742,3.34195010799021,2.26599999999999,7.49883518355173,1167
vru,BR,3.28850935611522,0.175387165659479,3.77055857852851,4.81145307262238,7.53299999999999,6.26368907827557,1167
BR,vru,0.214149614553284,4.01530527287407,6.50807524254615,8.18298593200505,2.93399999999998,8.67196868203141,1167
vru,BR,3.33518371963173,0.177876465047026,4.1879512789635,5.13568196700106,5.66599999999999,4.86436394149642,1167
vru,BR,3.79889313793905,0.202607634023416,5.64736809357613,5.93713664821282,3.53299999999999,7.47760088222917,1167
BR,vru,0.175210442459018,3.28519579610659,6.58365829237246,8.77826062109852,6.86700000000001,6.44163474192066,1167
RB,vru,0.126508013633553,2.37202525562912,1.75134779451684,2.15808484575846,2.6,0.160408005924286,1167
BR,vru,0.226163005709205,4.24055635704759,1.3717493454695,4.36934895474264,2.334,6.54167446895272,1167
RB,vru,0.124499891313715,2.33437296213216,2.09830344190991,2.78295830329709,1.6,2.2867858336266,1167
vru,RB,4.67383845561929,0.249271384299695,1.49019622126203,1.68618098271031,5.8,5.16838389092882,1167
vru,LR,5.73030228918105,0.305616122089656,6.48507226198046,7.40016747463284,9.4,3.98762217012411,1167
BR,vru,0.087005983698392,1.63136219434485,4.09944976895668,4.76256372591773,4.734,4.8674047689263,1167
BR,vru,0.0847803313431748,1.58963121268453,1.03556798200461,5.02928546259568,6.00099999999999,2.8679877542938,1167
vru,BT,8.06982859247584,0.430390858265378,2.7202635816557,3.96417140387037,5.26699999999998,4.65146014769703,1167
vru,BT,7.8754695864338,0.420025044609803,2.52464027264136,3.16307802522547,2.73299999999999,3.96347495772399,1167
vru,RB,3.69795791502556,0.197224422134697,6.82432625585556,7.77796922507806,1.6,4.10186972969264,1167
RB,vru,0.0410143067017002,0.769018250656878,7.53214449010215,7.7331854602903,8.868,3.30557246574484,1168
RB,vru,0.155273580754033,2.91137963913812,2.66491810410001,4.73421949135978,2.666,3.78380000859897,1168
RB,vru,0.138270247305088,2.59256713697041,4.1695059639805,5.06672678653511,1.6,7.93755218104711,1168
RB,vru,0.0635642744224356,1.19183014542067,2.88798270369937,4.68819241224729,6.734,1.75312706160798,1168
RT,vru,0.0810017391068481,1.5187826082534,6.54866487780871,7.11365435064395,4.00133333333333,5.91161694501025,1168
BR,vru,0.10406255348241,1.95117287779518,4.52003863099759,6.2021024711126,6.26800000000003,5.27047455040536,1168
TB,vru,0.0684055188844759,1.28260347908392,4.80549183891803,4.81707497205705,3.934,3.90845256068108,1168
TB,vru,0.139676388806328,2.61893229011864,6.0938225027651,7.61525818504053,3.668,8.9977343064609,1168
BR,vru,0.160338648983902,3.00634966844816,3.84400554572199,4.75555950557754,5.80099999999999,6.94011350997911,1168
BR,vru,0.174797470004927,3.27745256259238,3.87229139273281,4.47074893218618,3.80100000000002,7.11729470467097,1168
BR,vru,0.157306719120468,2.94950098350877,5.8889994872244,7.04354707406008,6.733,2.54587673369939,1168
RB,vru,0.142583194649348,2.67343489967527,4.57112864646334,5.26430357914642,8.199,5.63984206994408,1169
TB,vru,0.195447247593838,3.66463589238447,8.05977912755326,9.66624750225289,2.53299999999999,8.61947627144062,1169
vru,BR,0.124291300382119,0.00662886935371304,7.34832817748632,8.97224820614142,3.2,4.80660285491447,1169
RB,vru,0.0992969465099113,1.86181774706084,6.0983632900456,6.41152747526767,5.4,3.54278518376174,1169
RB,vru,0.103481615109782,1.94028028330841,4.95166528679665,5.26363919234478,2.133,4.70253453511638,1169
RB,vru,0.325774341646562,6.10826890587303,3.13194492684171,4.2520166140168,0.933000000000008,2.03271993796903,1169
RB,vru,0.237795413343028,4.45866400018178,7.66104780708346,3.25592949275646,1.06633333333334,0.0954652778922436,1170
vru,RT,2.86335660916877,0.152712352489001,2.30191506395418,5.61994321316693,3.2,3.19443778988579,1170
vru,BR,2.97636846947643,0.15873965170541,2.14874905180809,4.28788889204955,4.13299999999999,4.20265639593302,1170
TR,vru,0.252310166768789,4.73081562691479,8.12010762117708,9.04584770377332,3.40099999999999,5.9282824989423,1171
BR,vru,0.156455406373934,2.93353886951125,3.61621306604887,3.03058568518014,1.6,1.89942161951136,1171
TR,vru,0.316781124239893,5.939646079498,7.24038252505422,8.98345985890779,3.533,6.18366720761359,1171
RB,vru,0.146187537311835,2.7410163245969,4.26740385243759,5.28787638350502,3.20100000000001,2.23420710602502,1171
RB,vru,0.168351243843492,3.15658582206548,2.88717519370576,3.39168339355125,2.733,7.22566797589192,1171
RB,vru,0.126639703223293,2.37449443543674,6.48168655093286,6.27264802998391,1.666,6.03848655781815,1171
RB,vru,0.347509128679858,6.51579616274733,4.59724631379727,6.90661073543708,1.4,3.30545922447969,1171
RB,vru,0.0905127945895238,1.69711489855357,8.64177141122537,9.18315748469668,4.06700000000001,8.45001083512568,1171
BR,vru,0.164688943993628,3.08791769988052,6.42538964524531,7.18502065549425,3.466,5.13687084207461,1172
vru,RB,2.91296869174473,0.155358330226386,5.8459069723712,8.377368290786,2.46700000000001,3.87900728579183,1172
RB,vru,0.276609581876165,5.18642966017809,6.50859858856353,7.3998774236346,5.40099999999999,6.48560575050383,1172
vru,TR,3.37388619254314,0.179940596935634,4.56522366950374,4.96185149017741,2.73300000000001,8.4814480068908,1173
RT,vru,0.081633562527643,1.53062929739331,6.38375222562696,6.87709940215629,4.667,4.45271533118302,1173
vru,BR,4.43538307467376,0.2365537639826,6.5656720807316,9.07549267173778,2.533,3.21093415101613,1174
TR,vru,0.125844506212265,2.35958449147996,7.74018399756197,7.83650647165011,7.33399999999998,4.45367450301449,1174
vru,BR,4.73663835567697,0.252620712302772,3.85235858309603,8.30033497530282,2.73400000000001,5.47491184220874,1174
vru,RT,3.59691167869314,0.191835289530301,3.57737497586485,5.83925467738995,4.2,6.21155396395255,1174
vru,BR,2.30218454724302,0.122783175852961,5.02739506034038,5.32095542117636,5.33299999999999,2.04614796894017,1174
RB,vru,0.145491008362268,2.72795640679253,1.01579393028314,2.99005124466662,9.47200000000001,3.08570096995381,1174
vru,BR,3.68112726942596,0.196326787702718,6.99326018143111,9.22617607304453,2.533,2.6448678235678,1174
TR,vru,0.239948984993526,4.49904346862862,6.76043272847413,7.82469796779774,3,3.36700542038951,1175
vru,RB,3.87831380499263,0.20684340293294,5.2757398020763,5.13922337737552,0.8,3.4078292211444,1175
LR,vru,0.250196960673709,4.69119301263205,4.47999053798898,8.76505867309148,2.86700000000001,3.71754857591331,1175
vru,BT,4.51250232194341,0.240666790503648,3.91157836647224,3.86502305138263,1.13299999999999,6.50338826842626,1176
LR,vru,0.366385247598871,6.86972339247883,6.32518376918756,7.04890437776057,3.33433333333333,5.42132490686449,1177
BR,vru,0.196563378589075,3.68556334854515,3.9610599838761,8.05475662100006,4.46699999999999,4.6883964003324,1178
BR,vru,0.12887992637786,2.41649861958488,8.55997015017335,9.94613175519757,8.134,5.19795420302226,1178
RB,vru,0.141621780435195,2.65540838315991,5.93485813130069,6.03568644015095,5.4,4.63703120271247,1178
RB,vru,0.11993746737632,2.24882751330601,2.8986969295524,9.26149561347946,2.468,5.22578509661061,1178
BR,vru,0.188696327341219,3.53805613764786,3.18971745974953,3.88038419542094,1.93499999999999,6.45304034582639,1178
RB,vru,0.152844797156142,2.86583994667766,4.71332095776056,4.73677974339278,1.26600000000002,2.48813186979221,1178
vru,TR,4.9888495603573,0.266071976552389,6.60403672660982,8.93928244683374,3.067,5.06279790338322,1179
vru,BR,3.74798561275821,0.199892566013771,1.84525336277558,3.46413427392577,2.066,2.68883406509769,1179
RB,vru,0.143261285466134,2.68614910249001,3.50539133236277,3.31635736704566,1.2,2.95392996784672,1179
RB,vru,0.201276714029508,3.77393838805328,5.95421104168702,8.79164277927132,2.33300000000002,4.52309029709876,1179
RB,vru,0.174990840923629,3.28107826731804,4.30618949784606,4.40047228367218,1.2,3.92979186625014,1179
RB,vru,0.164962452056453,3.09304597605849,4.34189896883656,4.69197129781507,1.06700000000001,3.87860236507864,1179
vru,LR,5.50496382195785,0.293598070504419,8.12709289473121,5.68780597692334,3.06666666666667,6.48395763168753,1179
BR,vru,0.231550531898479,4.34157247309649,5.22056336250479,5.58526552341682,5.133,6.62644312933151,1180
LR,vru,0.238541343191273,4.47265018483638,5.31017591796336,6.05177250426064,3.13500000000004,7.00487517828077,1181
RB,vru,0.118426556446815,2.22049793337779,4.33689416282697,5.80703457742055,1.8,0.686270113207985,1181
vru,BR,1.5310533924742,0.0816561809319575,9.72045629582159,9.39122800503415,5.53299999999999,6.91562895819396,1181
RB,vru,0.152993975539684,2.86863704136907,5.38075308606196,5.57111264664677,1.33399999999998,4.27878335238073,1181
RT,vru,0.189059420270816,3.54486413007779,3.13944862590622,7.3641734313106,2.8,2.13505308211221,1182
RT,vru,0.0970986465098884,1.82059962206041,2.01230296789074,2.47766607517735,1.73333333333333,0.00563374418276673,1182
RT,vru,0.156815602423631,2.94029254544308,6.17410764091386,6.85732621123162,2.466,2.11149229001596,1182
RT,vru,0.217379484945684,4.07586534273158,4.13127751034924,7.38032929521056,3.33299999999999,3.933377767164,1182
vru,BR,7.39035766019417,0.394152408543689,2.94077697832916,9.02253708316034,1.93299999999999,3.0399028414625,1182
RB,vru,0.139827842669473,2.62177205005263,6.07095976468997,6.08617054345289,1.533,3.80154188405729,1182
RB,vru,0.127159400915981,2.38423876717464,5.51465139557677,5.89855549318624,2.134,4.15545240983671,1183
RB,vru,0.316228085770844,5.92927660820333,3.86781537601161,8.02696345982446,1.73300000000002,0.389682138607398,1183
RB,vru,0.0927034741813153,1.73819014089966,6.80074508484093,7.03148333156636,2.468,3.32097504901728,1184
vru,BR,4.30827694923081,0.229774770625643,4.47998932077402,6.7118618097939,4.73500000000001,5.49758734269415,1185
vru,BR,7.12564475269184,0.380034386810232,5.40973900194456,9.72482423868758,1.93399999999998,9.62120578591338,1187
vru,BR,6.1665883633924,0.328884712714261,4.70572523092016,6.07021367081634,2.73300000000001,3.54070991908747,1189
RB,vru,0.210098175834165,3.93934079689059,3.29818655862508,3.38610727049206,1.2,0.109900238494465,1190
RT,vru,0.18575219015631,3.48285356543081,4.60890421143985,9.13007749959777,6.46700000000001,6.65843191420567,1190
vru,BR,7.0042422042073,0.373559584224389,6.19805916454176,5.3436662061099,2.867,5.4562020730425,1217
vru,BR,2.61342217542767,0.139382516022809,7.89640537551683,9.49683305199643,4.13399999999998,2.45386420092935,1217
vru,LR,6.77362225571248,0.361259853637999,3.7536751119472,4.65068635654808,1.66699999999999,4.04542406577426,1218
vru,LR,6.15796938779495,0.328425034015731,6.32322861144857,7.4325673931355,1.33399999999998,0.758896629864562,1218
vru,BR,4.66786062311761,0.248952566566273,4.80558942060706,7.30692418269239,1.86700000000001,4.7900776812334,1219
TR,vru,0.248882915315092,4.66655466215797,7.7346247698959,8.40201301869362,3.6,5.39022116772018,1219
TR,vru,0.158082720340134,2.96405100637751,9.59312297469741,9.7470961617688,6.068,4.66231446991269,1219
vru,BR,4.59802688030644,0.24522810028301,4.85849710559857,8.72470804384971,2.466,3.8015592575744,1219
BR,vru,0.212414049608908,3.98276343016703,3.43875048249186,4.63772974815882,1.33299999999999,2.33363682347325,1219
vru,BR,5.34352132513184,0.284987804007031,1.61546755560193,3.84235691187843,1.8,3.61675801330014,1219
BR,vru,0.168733689731421,3.16375668246415,5.94594512420723,6.18181089671396,3.06700000000001,8.72134249868975,1220
RT,vru,0.141352350274856,2.65035656765355,8.6205700001451,3.57696909706966,4.66700000000001,2.30028515444318,1221
vru,BR,3.30447445352361,0.176238637521259,2.74973459328298,2.78391762351531,1.266,9.37497818599856,1221
RT,vru,0.140053372487918,2.62600073414846,5.35303922370655,8.77139251304776,3.73400000000001,2.65216577823444,1221
BR,vru,0.205658450780676,3.85609595213768,6.64931017366473,9.02410330447669,4,5.34286831741731,1221
RT,vru,0.153551270752927,2.87908632661739,8.86745134883313,4.33129156432067,3.93399999999998,1.92612886087756,1221
vru,BR,5.643308968917,0.30097647834224,4.97294236049683,8.27697524743665,2.2,9.44673774015055,1222
vru,BT,7.6326061388644,0.407072327406101,7.59115203545497,8.37588977297562,1.266,6.39150247713171,1223
vru,BR,6.56613030405543,0.35019361621629,9.19189699335336,9.58809379620849,5.60099999999999,3.80993027079149,1223
RB,vru,0.158279585501943,2.96774222816142,2.45821809799131,4.57997998675893,1.73399999999998,2.16922794979363,1223
BR,vru,0.100300418870743,1.88063285382643,4.84537286520843,8.00343885667627,6.134,4.43241877354805,1224
BR,vru,0.349323887068287,6.54982288253039,4.84128252452473,7.628908516485,2,4.12388213579615,1224
vru,RB,2.92215974249396,0.155848519599678,2.84940965457249,3.10687398739002,3.466,5.30136632859507,1225
BR,vru,0.303951862805664,5.6990974276062,6.26122398973458,8.49098679944839,3.06699999999999,6.77561954585968,1225
RB,vru,0.12245483111132,2.29602808333725,9.59425198422987,9.84398081170677,9.20099999999999,6.29244397383854,1225
vru,BR,13.4729700597344,0.718558403185837,8.50384435306626,9.01938055321405,3.40033333333333,3.89220406125008,1225
BR,vru,0.205614215115905,3.85526653342322,4.25450597473196,5.97706200661123,3.20099999999999,5.85958886989715,1225
vru,BR,3.19876769543732,0.170600943756657,6.91743039911575,8.78537376182072,3.80000000000001,4.89973374188955,1226
vru,BR,7.06868549452415,0.0565494839561932,8.40972183411667,9.90396710647649,4.06699999999998,8.51149922866908,1226
BR,vru,0.106557853178952,1.99795974710535,8.18890799906721,9.84770393983256,2.93299999999999,5.70987724978751,1226
vru,BR,2.07766411687959,0.110808752900245,4.34303157210987,8.63943606267711,3.66599999999999,4.13754255056158,1226
BR,vru,0.260501921220048,4.88441102287589,5.39927919427895,8.61157555086157,1.4,2.01357153660507,1226
BR,vru,0.0817406968153307,1.53263806528745,6.5102476354056,6.7229939384283,5.066,4.89258155628182,1227
vru,BR,3.3795583758617,0.18024311337929,2.12314081110998,8.94072754704838,1.79999999999997,8.13530276364525,1227
vru,BR,2.1427572336978,0.114280385797216,4.25484561721291,6.18802479588779,3.80166666666667,4.27989394838221,1227
vru,LR,3.16278315807589,0.168681768430714,2.02773877339889,9.83394025150494,1.866,0.348769893223216,1227
vru,TR,2.13660310703109,0.113952165708325,1.8306872831291,5.38602845517105,1.934,0.40074094465003,1228
vru,BR,6.48402063551111,0.345814433893926,4.31130399689204,9.50270350367302,1.8,4.21313600068709,1229
TR,vru,0.212933225987346,3.99249798726274,3.0692764602346,3.95103620164234,1.13300000000002,4.5047706513986,1229
vru,BR,3.16557005627876,0.168830403001534,3.13256471109237,3.64673836393573,1.4,1.97302758435856,1229
BR,vru,0.25280476793041,4.74008939869519,6.66247355833223,7.67174253325494,2.13299999999999,3.40157850001403,1229
RB,vru,0.0826646393536131,1.54996198788025,6.6013368552438,6.76519288750264,2.934,4.35024993397387,1229
BR,vru,0.150786750138696,2.82725156510055,1.66962326486808,2.3688282071095,1.8,0.388829204826137,1229
RB,vru,0.126988895240034,2.38104178575063,2.86989682603653,3.40111769591327,1.53299999999999,8.60602461139817,1230
vru,BL,4.48963891923821,0.239447409026038,1.56013135754836,1.99454897655796,1.53299999999999,1.01974458299873,1231
RB,vru,0.146605838841745,2.74885947828271,4.71956960198819,9.32795785784378,5.33299999999999,5.66052596557368,1231
vru,RB,1.47213906887958,0.0785140836735776,2.46270295663259,5.95050335611651,3.66700000000001,0.787111493217175,1231
RB,vru,0.19261978967882,3.61162105647787,4.62878364928743,4.93406187900826,1.86700000000001,6.98218742482574,1233
vru,RB,3.73771838602499,0.199344980587999,2.57259843690243,2.87465720185017,3.4,5.00686394168141,1233
vru,BR,2.48289984353929,0.132421324988762,4.18998265808878,5.00228461151679,2.93300000000001,2.93471784825708,1233
BR,vru,0.115537663258587,2.1663311860985,4.70376601522398,4.88251316654616,6.334,5.67472030881577,1233
vru,BR,4.98271284804219,0.265744685228917,3.71001615936798,4.32360465050145,2.66699999999999,7.82564892486788,1233
RB,vru,0.145911525669229,2.73584110629804,3.36482939692633,4.4248190686338,1.667,1.74830945584672,1234
RB,vru,0.0626140861367324,1.17401411506373,8.348648223465,7.50303110063291,3.40100000000001,4.7475717598343,1234
RB,vru,0.135539701706305,2.54136940699322,7.89837049488929,7.13213719902694,5.334,8.65333269493935,1234
RB,vru,0.0606084919515519,1.1364092240916,3.58875984253028,3.29484447070536,2.53299999999999,1.06963930291793,1234
vru,RB,2.35040341815532,0.125354848968284,2.36420492924972,6.49430022662287,1.66700000000001,0.260036825354826,1234
RB,vru,0.259623048142502,4.86793215267191,9.21342820090047,7.68488948743823,1.53300000000002,0.0549021022980501,1234
TR,vru,0.237866502444415,4.45999692083279,6.37966511683882,8.28296823106125,2.534,4.40287822654169,1234
TR,vru,0.299706580115541,5.61949837716638,7.71120087911236,9.65551778418809,3,5.35682578088667,1235
RB,vru,0.137134095298138,2.57126428684009,3.51779563901267,3.96235008596764,1.4,4.94933864786264,1235
vru,LR,4.66259497727081,0.24867173212111,2.24571355297182,4.06621221140433,2.19933333333333,3.19141300213781,1235
RB,vru,0.168404518165539,3.15758471560386,4.63756661211265,9.25939750710065,3.60100000000002,7.64496688230817,1235
vru,LR,3.34716950797523,0.178515707092012,16.2861224246695,9.18980114181356,6.73399999999998,7.52383003495483,1235
LR,vru,0.218668326531378,4.10003112246333,6.40822921603867,9.34333705327968,4.2,7.58272354839271,1235
RB,vru,0.0657688309123627,1.2331655796068,1.85548448557484,7.06114002518206,3.33300000000001,6.55576242986832,1236
RB,vru,0.112695065375843,2.11303247579706,3.75940467022282,5.9917501750549,1.93299999999999,0.570180470157986,1236
RB,vru,0.233678443742569,4.38147082017316,0.769670153029316,7.0822791780613,1,4.2167890049327,1236
BR,vru,0.311316331507909,5.8371812157733,3.19470469160806,3.71814203211986,1.334,1.20639487306467,1236
BR,vru,0.172197587256645,3.22870476106209,4.0709646491888,6.09484943523752,7.067,5.08651285837966,1236
vru,TB,9.5140315846539,0.507415017848208,4.00912483495236,5.03097328190103,2.93399999999998,3.8169769166797,1236
vru,BR,3.42034938906373,0.182418634083399,5.52884335808235,7.58365059267542,3.133,3.91635330958138,1237
RB,vru,0.053815108137261,1.00903327757364,9.08028655485475,9.76347592848852,5.40099999999999,6.65167075976925,1237
RB,vru,0.145404123860614,2.72632732238651,2.82186739670561,6.14853109379744,2.4,2.27021648004666,1237
RB,vru,0.0967578215635775,1.81420915431708,4.00230075839821,6.50142359114858,2.6,3.12197204853546,1237
RB,vru,0.1418096259321,2.65893048622688,6.07631792368581,6.93003131047377,1.933,9.52381565651433,1237
RT,vru,0.261768598454777,4.90816122102706,7.46209412388416,8.79807224038369,5.06700000000001,5.86795227774941,1238
RB,vru,0.0621018712680374,1.1644100862757,2.367257622032,5.43512355536923,4.66700000000001,5.61405439036394,1238
RB,vru,0.0659831649874454,1.2371843435146,3.76528322460738,7.7935111049036,6.668,6.04372390931356,1238
TR,vru,0.208087898087355,3.90164808913791,9.49274739530515,9.81081252506137,7.93400000000001,4.98187976902282,1238
TR,vru,0.214935000787646,4.03003126476837,6.70223912914727,7.1351362156839,3.33400000000001,9.0909353011885,1238
vru,RB,2.67698842598718,0.14277271605265,4.95998219187538,5.47818660159314,6.53500000000001,7.71498711171467,1238
vru,RB,2.4941209152108,0.133019782144576,4.91380702942272,5.47958444782426,5.86700000000001,7.31498300467171,1238
RB,vru,0.111604535388298,2.09258503853058,6.19909430873384,6.29676491447979,2.80100000000001,6.18935448810783,1238
RB,vru,0.159103240679677,2.98318576274395,4.16414623748317,5.22640916321783,1.33300000000002,5.07078039188235,1239
vru,BR,3.61023176526346,0.192545694147384,5.38968469436309,6.3313479498037,1.866,3.09077983902787,1239
vru,BR,2.4832343994269,0.132439167969435,4.29059785423522,4.70254415552077,6,7.05119162151166,1239
BR,vru,0.415489522308952,7.79042854329285,4.93293835065435,5.73633857821874,2.80099999999999,1.96997384703431,1239
BR,vru,0.0814347106763915,1.52690082518234,8.80231969946619,9.08358278413562,3.73300000000002,3.79784762220396,1239
RB,vru,0.145940756898808,2.73638919185264,2.91860684775224,3.89572430762026,1.26700000000001,4.87033579623589,1239
RB,vru,0.176617770630272,3.3115831993176,6.51505272316018,7.64493758788678,2.6,3.91650188693891,1240
RB,vru,0.184540402640752,3.4601325495141,2.25413236512952,2.5616648974434,6.93299999999999,2.20942024835644,1240
vru,BR,1.97785849222369,0.10548578625193,9.22719900997953,9.35959074566074,3.73500000000001,2.83253805024874,1240
BR,vru,0.252690474921388,4.73794640477603,9.59161007951789,9.68860904774379,2.8,3.0572639770511,1240
LR,vru,0.161375534712494,3.02579127585927,7.00094544194371,7.1742396013604,3.46700000000001,6.1045171570571,1240
RB,vru,0.306134730239491,5.74002619199045,7.27646435616201,7.73495477043865,8.20100000000001,4.7212775074272,1240
RT,vru,0.280141555394143,5.25265416364017,5.07906715627004,4.14162241502099,2.734,5.78114036229996,1240
BR,vru,0.231558837983663,4.34172821219369,5.76640509328168,8.3806548237937,3.06699999999998,7.46889467977092,1240
TR,vru,0.280311262330852,5.25583616870347,5.28029461128331,7.71441724383231,2.33299999999999,4.38186711961783,1240
RB,vru,0.321653838401425,6.03100947002672,2.64002757055729,3.16261264014542,3.40099999999999,1.34625632244704,1240
RB,vru,0.0787495389226372,1.47655385479945,6.06167161393511,6.24339099097306,2.73300000000002,3.43735654986901,1240
BR,vru,0.216584953500245,4.0609678781296,6.38147913418241,7.88691893799201,2.867,6.33651789202856,1241
vru,BR,4.2179884977832,0.224959386548437,2.95480331728543,5.9128342514218,2.4,3.65507356634821,1241
BR,vru,0.242892150429834,4.55422782055938,6.34395516469884,6.58740783311757,9.067,5.37339678531638,1241
RB,vru,0.12609184497151,2.36422209321582,2.11930324259875,2.25423197751249,2.334,0.306951203540338,1241
RT,vru,0.11752049284776,2.2035092408955,4.71047997225848,5.92331943021169,4.6,4.84639678715646,1241
RT,vru,0.116701939978232,2.18816137459185,4.84474995396179,7.78848022568547,5.00099999999999,3.96929407602903,1242
vru,TB,8.49281888366047,0.452950340461891,5.47333449669217,6.32858576656239,2.73299999999999,5.74765638357678,1242
vru,TB,4.95167728301112,0.264089455093927,4.13103304119897,5.33811194816698,1.66700000000001,4.20543541581104,1242
RT,vru,0.277714780508051,5.20715213452596,6.7190437129512,9.88907391064268,8.53299999999999,4.33435803504666,1242
TR,vru,0.303365953483447,5.68811162781464,6.64233264203675,9.99785681893041,3.06700000000001,4.82207991847897,1243
RB,vru,0.236675095596433,4.43765804243313,7.62259701427456,9.52479257202159,2.334,4.42940022008648,1243
vru,BT,11.301318376567,0.602736980083573,1.97838230260468,3.09469379258478,1.13299999999999,0.964152298579998,1243
vru,BR,4.22256935204496,0.225203698775731,4.29137454772403,8.10770068416611,3.13399999999998,4.43061330896862,1243
RB,vru,0.143679601909973,2.69399253581199,7.22572701778275,8.81599353836397,2.46600000000002,8.42975460906059,1243
RT,vru,0.0996138247348905,1.8677592137792,2.53839921896215,3.5709633291221,8.666,3.770489874697,1244
RT,vru,0.110152636198533,2.06536192872249,7.42043021022812,7.71312368070871,2.26666666666667,6.77547408013479,1244
BR,vru,0.251100019087078,4.70812535788272,5.05161783215961,8.0541711954164,3.268,5.69853053862827,1244
BR,vru,0.244682414322732,4.58779526855122,5.0085201175529,5.79942625382233,7.401,4.64991680967432,1244
vru,BR,1.02744384766821,0.0547970052089712,5.00766730229855,5.28870073626618,3.53399999999998,4.59911067241909,1244
RT,vru,0.148251405672661,2.77971385636239,3.50329816573855,4.34060098420693,5.60099999999999,2.94536908464588,1244
RB,vru,0.107975214663033,2.02453527493187,3.99969913227412,4.21354081793746,1.46600000000002,1.87644037280047,1245
vru,BR,2.3588679033863,0.125806288180602,7.1264939435294,7.43640590191111,6.20099999999999,3.36703663068627,1245
vru,BR,1.59606785409196,0.0851236188849046,5.10243525613372,8.5360659386506,6.668,3.51032876164034,1245
BR,vru,0.09894400889463,1.85520016677431,2.33528991330557,6.47557558634221,3,2.17459226710239,1246
TR,vru,5.60338694869497,0.298847303930399,6.13825752665798,7.67458752104564,2.66700000000001,6.51817720755548,1246
RB,vru,0.175657898216242,3.29358559155453,5.5245847056516,6.11864992959568,3.46599999999999,7.43946769022891,1246
RB,vru,0.138509122622117,2.59704604916469,1.50846107368,2.0745079551608,1.66599999999999,0.377772090829701,1246
RB,vru,0.165014030470834,3.09401307132813,3.09047627505285,4.27048171382773,1.33299999999999,4.32910920431365,1246
RB,vru,0.00654220109100614,0.122666270456365,0.396651486230812,2.62624320392727,1.46700000000001,1.21394089897079,1246
RT,vru,0.179458370855801,3.36484445354627,5.96601859813755,7.802239716995,3.46700000000001,5.50601943794162,1246
vru,BR,2.64622180105846,0.141131829389784,3.44620051364863,9.09739833352884,1.93299999999999,4.21923430353863,1246
BR,vru,0.171082763550293,3.207801816568,3.91894439655527,8.23289737693881,5.46700000000001,7.80694663583848,1247
RB,vru,0.0703934053115826,1.31987634959217,6.72340895702537,5.66552869379974,1.734,4.52133150525731,1247
BR,vru,0.176885577112287,3.31660457085537,5.59723984656058,6.2781408855812,3.4,4.16933664868442,1247
vru,LR,3.95752796982327,0.211068158390575,8.81232639144792,9.17524629182267,8.468,5.59200994142879,1247
TR,vru,0.165540686972749,3.10388788073904,3.0105103318655,3.07825980664147,1,0.403668761878419,1247
vru,BR,2.16072753406323,0.115238801816705,4.45075374575327,9.57580512153404,9.40000000000001,9.81854088411908,1248
vru,RB,2.3081886491418,0.123103394620896,1.84355754997637,2.10647443647779,6.26699999999999,5.50586476506664,1248
BR,vru,0.235771111740739,4.42070834513886,6.26894866173101,9.4523397402866,4.13299999999999,5.37667204540879,1248
vru,BR,5.4740081678534,0.291947102285514,3.45509317100676,8.25663371490439,2.2,3.53837459845264,1248
vru,BR,3.02328324799812,0.161241773226566,5.4278811087721,6.49422607728942,8.73299999999999,3.75909097149613,1248
vru,BR,4.40421050461644,0.234891226912877,4.19520069443142,5.06939873807902,6.06700000000001,5.12619853642433,1248
RT,vru,0.188144104496066,3.52770195930124,3.65497869718532,7.18342958428813,3.067,6.53857357718525,1248
RB,vru,0.122481825042817,2.29653421955282,1.88414672797519,2.20341659906691,1.86700000000001,9.29043019371501,1248
vru,BR,6.59007602200349,0.351470721173519,2.01287438816397,2.57448463783246,0.732999999999993,0.795398342564815,1248
RB,vru,0.221412194224485,4.15147864170908,2.75615857731762,8.21146890780278,2.59966666666666,0.244511960441173,1248
vru,BR,4.08591943447976,0.217915703172254,5.69754746043628,7.933151904897,3.4,3.71558555277229,1249
vru,BR,1.053190247745,0.0561701465464001,3.5381795860246,5.66036651769986,6.53500000000001,4.70104251645096,1249
vru,BR,4.02565160228589,0.214701418788581,1.52586220412087,1.87056334760014,2.2,0.818102103253614,1249
vru,BR,2.98266308818089,0.159075364702981,5.58274160131133,7.24638162735648,2.33499999999999,3.84679399476223,1249
RT,vru,0.209140503933673,3.92138444875637,5.82437699298263,8.87046854780255,3.534,3.34000884212292,1250
vru,RB,3.92024085953898,0.209079512508746,1.35790726532869,1.9172125272484,0.932999999999993,0.00263115988148209,1251
vru,BR,3.18367930593645,0.169796229649944,2.86529011395458,9.11665043374914,4.93299999999999,4.7383884682384,1251
vru,BR,2.3472285822481,0.125185524386566,5.02016296644947,6.95222354746736,5,3.44834801846412,1251
BR,vru,0.228816272463621,4.2903051086929,8.15952585692644,8.3941414905404,6.466,9.41622696508097,1251
BR,vru,0.0959397035526858,1.79886944161286,5.24170957949888,6.99392388751506,5.40099999999999,3.45589385307371,1251
BR,vru,0.0610300745796698,1.14431389836881,6.28438973967191,7.49734966333418,7.268,3.09110861631301,1251
RB,vru,0.180458712589141,3.3836008610464,2.03392913650779,2.48639156292396,1.134,0.00403965392535454,1252
RB,vru,0.171615061443175,3.21778240205953,5.41576305309098,6.20393318463228,3.06699999999999,7.4892121357595,1252
vru,BR,2.17184944513751,0.115831970407334,6.53557886969506,7.24068573825443,7.268,6.33285006715621,1252
vru,BR,4.38807772699257,0.234030812106271,3.6728323487494,5.89604074222451,2.33400000000001,3.43668102639845,1252
RB,vru,0.12208039893953,2.28900748011619,2.95261733402707,2.81515785662777,0.933999999999984,0.307362524378077,1252
vru,BR,1.9956590278009,0.106435148149382,8.36206115347875,9.09540450615972,6.734,4.83834832639395,1253
BR,vru,0.244264032534369,4.57995061001942,5.17883837935418,7.47084128628036,3.868,6.28525331166271,1253
BL,vru,0.224368149563947,4.206902804324,5.78412926316983,9.58110694437766,3.4,7.5887690653195,1253
RT,vru,0.00334454991693077,0.292648117731443,6.0093353539252,7.93743045605762,4.73299999999999,5.56762596337186,1253
vru,BR,3.81363044708885,0.203393623844739,5.00998705539154,7.62408795973335,3.06600000000002,5.02302544472268,1253
vru,LR,5.44170856160003,0.290224456618668,2.46839176328456,3.36935125070909,2,4.88886249334144,1253
RB,vru,0.0926773206736572,1.73769976263107,2.98121295692854,6.97380942988111,2.66700000000001,0.603749103520708,1253
RT,vru,0.318922264649873,5.97979246218511,5.59339359511972,5.88020501667578,4.53433333333332,9.31644586429476,1253
vru,TR,2.21273299694685,0.118012426503832,6.61401730589166,7.6012488796939,4.2,2.61444319828149,1253
BR,vru,0.227111262189357,4.25833616605045,5.86843435012894,8.35485281423936,3.333,3.30410453830013,1254
vru,BR,4.97053261559225,0.265095072831587,4.5072789336352,7.93226568009041,2.53299999999999,3.43871360648415,1254
BR,vru,0.202101131059627,3.78939620736802,5.44105603440742,6.14089842511659,3.068,3.57996007526787,1254
RT,vru,0.226593254316989,4.24862351844354,2.84399942286395,3.77080691216997,1.73333333333333,0.806706216777566,1254
vru,RT,2.86931168626727,0.153029956600921,6.3699670186129,2.72365643470862,1.60133333333333,0.0821074016643903,1254
RB,vru,0.187575925087841,3.51704859539702,6.60671287867621,6.89917271632107,1.33299999999999,7.52701561462414,1254
RT,vru,0.180268369951137,3.38003193658382,4.03087383477459,7.03307664472702,3.4,2.54742136101499,1254
RB,vru,0.140699912477415,2.63812335895154,5.8087360128462,5.97191181568979,3.33299999999999,8.43818287142664,1254
RT,vru,0.12491282964382,2.34211555582163,4.737555184619,6.11875665941594,2.8,2.31402545820427,1254
BR,vru,0.200415483356867,3.75779031294126,9.37585800486253,9.76065787667638,4.33300000000001,6.70554288131243,1255
RT,vru,0.159785802182259,2.99598379091736,4.81626100365809,5.76176896076229,3.13366666666666,3.59027157553326,1255
vru,BR,5.00053482166282,0.266695190488684,2.37331000032371,3.24576836378777,1.73299999999999,3.38411095484851,1255
BR,vru,0.226890045063711,4.25418834494458,3.59546600809163,6.4778091037899,2.4,6.05969365870697,1255
BR,vru,0.248370953833661,4.65695538438114,1.33404769665085,4.13149658274927,2.06700000000001,2.17416339064032,1255
RT,vru,0.271382604562393,5.08842383554487,4.2560813068864,9.44690203157415,8.13499999999997,4.43294563852542,1255
vru,BR,2.20246916650856,0.11746502221379,4.30039859508422,5.01476333375367,5.20099999999999,9.5214899355243,1255
BR,vru,0.164539436905548,3.08511444197902,7.21096681142692,7.83502162729348,5.134,6.20739776147056,1255
BR,vru,0.104968517350924,1.96815970032982,7.80118521118866,8.52127159098322,8.468,4.55360705941596,1255
BR,vru,0.193545811851164,3.62898397220932,6.51720047316433,7.90064077795429,6.001,5.34258486866108,1255
vru,BR,3.50182714932691,0.186764114630768,4.1066765839722,4.72801693842822,3.267,5.27424285346844,1255
vru,BR,4.14878767682178,0.221268676097162,4.54426947246445,5.95236061238897,2.733,5.03194156457848,1255
vru,TB,2.46214482650487,0.131314390746926,1.88314635558227,2.12725339544958,2.334,1.96953565872431,1255
RT,vru,0.0755712854683213,1.41696160253102,6.40307668387377,7.48688543863143,5.06800000000003,5.24143555826645,1255
BR,vru,0.229055631726601,4.29479309487376,3.95314742986812,6.28786504702913,2.866,7.59386716148613,1255
vru,RL,7.53767113872277,0.402009127398548,2.12808152980718,2.86470646263891,0.732999999999993,1.22497057639411,1255
BR,vru,0.129718702913927,2.43222567963613,3.90777619835733,4.66460780733848,1.80099999999999,5.2844928897685,1255
vru,BR,2.82160242376225,0.150485462600654,8.89208324013908,9.52956021026452,6.33500000000001,4.69767295568009,1255
BR,vru,0.151836717827852,2.84693845927223,7.56014367358175,8.34748038352611,5.06599999999999,4.38663192339301,1255
vru,BR,3.79787068903184,0.202553103415031,5.83690963352907,6.34656029812974,9.068,7.28788604134523,1255
vru,BL,2.20033538126746,0.117351220334264,2.5150309076003,2.96233699965137,2.6,3.94626934505093,1256
TB,vru,0.155377303581777,2.91332444215833,4.4023371886455,5.53901253817855,7.00100000000002,5.93638414317399,1256
vru,BR,4.12056932414656,0.219763697287816,3.23249983875026,6.55981921075658,2.46700000000001,4.05528137835509,1256
TB,vru,0.120712483681915,2.26335906903591,3.20486561118865,3.44001247974951,5.73299999999999,9.2712253587312,1256
BR,vru,0.172755667155702,3.23916875916941,4.01519599624554,6.60246515159229,5.2,5.74686405583213,1256
LR,vru,0.325507346914891,6.1032627546542,2.80286351510852,5.39156242082104,2.06700000000001,5.6171568429579,1256
RT,vru,0.225567350449784,4.22938782093345,5.16282034963359,6.78363919211124,3.068,2.6977029053037,1256
BR,vru,0.198396912686434,3.71994211287063,6.17075185629088,6.81858699261138,4.60100000000001,3.65917536166718,1256
BR,vru,0.221908159034665,4.16077798189998,5.1250342226128,6.01394847103158,2.60100000000001,6.85034386010453,1256
BR,vru,0.24705683880501,4.63231572759394,3.54850527548839,4.40063358337937,1.60099999999999,7.42864691973393,1256
BR,vru,0.232854875641431,4.36602891827683,3.45747461954034,4.77328033801969,2.4,3.53308208119664,1256
TB,vru,0.125327253340143,2.34988600012769,5.66000413584137,9.12342458074879,4.93499999999999,8.04350618207946,1256
TB,vru,0.170917395235533,3.20470116066625,4.56813271494763,4.55920696983324,4.068,8.88104533134588,1256
TB,vru,0.0788701267990809,1.47881487748277,3.56794083820932,3.66988864167071,2.668,8.27355318167278,1256
RT,vru,0.121717149100512,2.2821965456346,4.64869265023901,5.81547102111761,4,2.78647189438811,1256
RT,vru,0.206798151766207,3.87746534561639,4.09659878211938,5.35343435990421,2.86700000000001,3.42014291196656,1256
BR,vru,0.0618739545120113,1.16013664710021,4.10632891051648,4.38930578107672,2.4,2.26031135563744,1256
TB,vru,0.10244355546931,1.92081666504957,4.24083805439409,6.53733007965762,4.334,3.55928862665869,1257
TB,vru,0.0549656243150575,1.03060545590733,2.13827198774327,2.20331935033581,9.536,3.92565035861946,1257
BR,vru,0.399966902278287,7.49937941771788,1.20085356048936,8.80505357567704,1.86600000000002,4.8832370579868,1257
vru,RT,3.09562530188506,0.165100016100537,5.43322096193856,8.57201566971683,4.13399999999998,3.48153616076417,1257
vru,BT,8.40858254242611,0.448457735596059,2.81823597412256,3.7693966656214,1.33299999999999,2.20845661237113,1257
vru,TB,5.13996851748468,0.27413165426585,5.26490462083452,5.95564217138234,3.068,3.67244587499201,1257
vru,TB,3.10083986940885,0.165378126368472,3.83562790986533,5.21298998627726,2.8,3.46157941103399,1257
TB,vru,0.051185286191743,0.95972411609518,2.84127485143813,2.90477874986565,5,9.9874235403859,1257
RT,vru,0.132128745627151,2.47741398050907,5.04402855376705,8.64585086948527,3.33400000000001,3.35605684279342,1257
TB,vru,0.0955450389533415,1.79146948037515,5.35600918630279,6.80272305810704,4.80100000000002,6.03613306650161,1257
TB,vru,0.0824369681224589,1.5456931522961,2.93938535162102,3.40722143365462,2.26700000000001,1.04751005076336,1257
vru,BL,2.33992896943447,0.124796211703172,3.04821547112628,3.28196892727921,4.934,8.65691826681248,1257
vru,BR,4.10765151834573,0.219074747645106,6.36738628711965,6.6570417130411,2.601,4.43987669138941,1257
BR,vru,0.332704482666825,6.23820905000298,6.99888212229179,7.85228575860841,4.401,4.29393971835962,1257
vru,BR,6.34582380574539,0.338443936306421,5.93279943454251,7.21336042046632,7.53399999999998,5.11059451147249,1257
vru,TB,5.81305917433363,0.310029822631127,5.88921411519827,6.24031330936427,1,0.383771099840496,1258
BR,vru,0.14813189589798,2.77747304808712,8.21464201272322,9.28115525852029,8.66699999999998,7.09431844784968,1258
BR,vru,0.155291316176128,2.91171217830239,7.38154760601676,8.14624423507237,3.46700000000001,3.36583639705766,1258
vru,LR,10.1689548149248,0.542344256795991,2.13502398769556,3.13311690382071,0.667,2.00601382953093,1258
vru,RT,1.50042419516426,0.080022623742094,6.83492246928579,8.06765433470851,2.2,4.10860169185306,1258
BR,vru,0.127553576263557,2.3916295549417,4.55550813770055,6.52944676178161,9.734,4.64192648355206,1258
RT,vru,0.100743060158861,1.88893237797864,4.56436335557264,5.62501714540147,3.468,1.70773168451085,1258
BR,vru,0.101975312290565,1.91203710544809,4.95811614247499,7.57006362231158,7.134,4.9098186915788,1258
BR,vru,0.217459296770407,4.07736181444513,3.0638086983813,6.05542112565773,2.33400000000001,7.21595310273417,1258
vru,TB,1.75912210494345,0.0938198455969842,3.90244164290548,7.85117817383541,6.13500000000001,8.15105848916114,1258
vru,LR,4.80956760187929,0.256510272100229,4.97923180183931,5.39572461253514,5.33300000000001,6.60939012559517,1259
BR,vru,0.223844901431331,4.19709190183745,1.88380905777861,3.65388681470837,1.2,3.97175110614656,1259
LR,vru,0.231774576398762,4.34577330747679,10.3174093915848,4.4344589304534,3,4.64570361354145,1259
vru,BR,2.58470165574306,0.137850754972963,4.98606556261323,5.84247203700476,4.46700000000001,6.16391643958551,1259
vru,BR,2.09551870060748,0.111760997365732,3.81893252778488,4.55307685751656,3.2,6.27519310969692,1259
RB,vru,0.0542679193320013,1.01752348747502,2.72557156283832,3.44065263145394,4.6,1.42319985803186,1259
vru,BR,1.80088044946214,0.0960469573046476,8.95723284925172,9.25900122929209,7.53399999999998,4.61365801736211,1259
BR,vru,0.363287928178038,6.81164865333822,2.57820786618875,6.30867595946141,1.66700000000001,6.7938974480761,1259
RB,vru,0.0716056856020365,1.34260660503818,6.80748079507201,7.55888381030574,6.134,7.55121921028092,1259
vru,BR,1.22874264858051,0.065532941257627,4.77430120202377,6.48654027502428,7.868,4.24184419628993,1259
BR,vru,0.261430284559867,4.90181783549751,6.94720217153524,9.34130366227159,4.39999999999997,7.50148040124761,1259
vru,BT,9.02743314790765,0.481463101221742,2.44037867861722,3.59938501200469,0.8,1.14324253639458,1260
BR,vru,0.215716941441515,4.0446926520284,7.7599690318356,6.9980399185213,8.8,9.54370288719998,1260
BR,vru,0.186560606438196,3.49801137071617,8.15941439292386,9.92733454457526,9,9.72186176195111,1260
TR,vru,0.16271171946629,3.05084473999295,4.649619920037,5.90349229153607,3.46700000000001,3.95703678903164,1260
BR,vru,0.145141455383936,2.72140228844881,8.08919446060512,9.38392479035722,8.53400000000001,5.424180525733,1260
BR,vru,0.345135117859532,6.47128345986622,3.2083650167379,7.50004243764535,1.866,5.91505087386978,1261
vru,BR,2.67279587269964,0.142549113210647,4.67632045466449,5.02174445854582,6.601,5.62295578381096,1261
vru,BR,5.14256225566707,0.27426998696891,5.16220129042348,5.81771883579614,8.93299999999999,8.87365608361549,1261
vru,BR,5.73052493470128,0.305627996517401,2.91662430949107,5.6438940110178,2.86700000000001,2.96012004979566,1261
vru,BR,3.89322122065905,0.207638465101816,5.38740055840135,7.93789243997787,2.13400000000001,5.00820533272081,1261
BR,vru,0.0981487727107291,1.84028948832617,8.12576978773572,8.58650316766356,5.33299999999999,5.57478961732523,1261
LR,vru,0.123368872605017,2.31316636134407,6.9847502321136,7.70864127026643,2.66599999999999,3.70197831103854,1261
BR,vru,0.161970004068214,3.03693757627901,3.70645815250379,4.26091232671302,1.33299999999999,2.44481526800718,1261
vru,BR,3.04582899597534,0.162444213118685,3.86785252453356,7.74085445555624,5.13400000000001,3.69884053063226,1261
RB,vru,0.0839088184338989,1.57329034563561,2.32445963888043,2.52434891173423,2.66699999999999,3.20310529497545,1262
vru,LR,4.12920946952318,0.220224505041236,2.51115427643399,3.01216434347031,1.2,8.16579080727914,1262
TR,vru,0.298927437176577,5.60488944706082,2.5989614349947,6.49400616913778,2.06700000000001,4.99534661174821,1262
vru,BR,2.10795635952026,0.112424339174414,4.24094126429365,4.79749733236483,8.40099999999999,4.33321702782918,1262
BR,vru,0.141537865996744,2.65383498743895,7.40416320047501,8.28077798859169,7.067,3.42662309421733,1262
BR,vru,0.229544571261292,4.30396071114922,5.58656367167682,7.62868542602087,3.533,5.14209020620063,1262
RB,vru,0.103494810093241,1.94052768924827,2.39425281297313,6.70073995497002,2.33399999999998,0.493299935144755,1262
RB,vru,0.134714205635817,2.52589135567156,3.01559864523428,3.23932008051532,1.13400000000001,4.73056739180822,1262
BR,vru,0.228901083149636,4.29189530905568,6.82789334871833,8.69405911781397,3.6,5.19628948684744,1262
vru,BT,13.7016816515982,0.730756354751903,5.71529418781618,8.44834612225816,0.6,4.01729999800209,1262
RB,vru,0.0608408309894366,1.14076558105194,4.45049975278444,4.57673935981423,3.33399999999998,4.70431473259995,1263
RL,vru,0.162691040849904,3.05045701593569,2.86904233356396,3.6494667102089,2.13400000000001,9.94872237131059,1263
BR,vru,0.134020865128305,2.51289122115572,8.36419870616091,8.65467168078403,2.6,5.22808212329063,1263
vru,TR,6.32918393220693,0.33755647638437,5.98361942161625,8.86916313409714,2.6,5.10098870961745,1263
BR,vru,0.126234982872144,2.3669059288527,8.1118780697826,9.96107562442159,5,4.90640844900103,1263
vru,BR,4.78326750779235,0.255107600415592,2.89836127305044,7.53169909164926,2.267,3.42692222265609,1263
RB,vru,0.132246752963889,2.47962661807291,7.47311102020358,7.52917510623865,8.26699999999999,8.65987469196168,1263
RB,vru,0.108057573935103,2.02607951128318,1.89049197895289,3.37962161481346,2.2,3.67919519961328,1263
vru,BR,3.66182332970865,0.195297244251128,4.69990001242632,9.46070653429678,4.53400000000001,4.84566590863831,1263
RT,vru,0.244318093822612,4.58096425917398,0.429067028444224,3.54168171788713,2.86700000000001,9.25623210932349,1264
vru,BR,2.23302136568973,0.119094472836785,4.16580175478096,4.67560728081723,8.334,7.06365526610798,1264
RB,vru,0.134962208241161,2.53054140452177,2.95121663289024,2.61125530218559,0.8,0.354213144659693,1265
vru,BR,2.88902969057849,0.154081583497519,5.68742014580586,6.10036226552318,1.93300000000002,3.94502705970435,1265
RT,vru,0.202852078179168,3.8034764658594,5.98496358326269,6.83482291972403,5.401,7.21311385280768,1265
vru,LR,9.53057976994566,0.508297587730435,4.81534690081555,6.71719208028244,9.60000000000002,4.45304755304038,1265
RB,vru,0.0612997045079074,1.14936945952326,1.78929434569834,1.9369477026325,3.73399999999998,0.353076700436918,1265
BR,vru,0.122182812844703,2.29092774083819,3.63785800674447,5.82953253461995,5.2,5.60217100825664,1266
RB,vru,0.181632573403979,3.4056107513246,5.07828632338601,6.59755582052748,9.468,4.10499139934064,1266
LR,vru,0.282074198082549,5.28889121404779,2.6765477634934,5.58752666109201,4.06699999999999,6.13305971382565,1266
vru,BR,2.94753553762907,0.157201895340217,4.34126091606668,4.93784316575755,6.06700000000001,8.94163897002634,1266
vru,BR,5.32657036524834,0.284083752813245,6.65090491079749,8.29265436871151,3,5.44457542491642,1266
RB,vru,0.13578276378987,2.54592682106007,7.72007314724018,8.30967399505766,5.80100000000001,5.25332495836687,1267
vru,BR,2.06170605889975,0.109957656474653,8.16340932287006,8.75912080782967,4.00099999999999,3.17060461017144,1267
RB,vru,0.442404214521054,8.29507902226976,7.25356537225795,8.3535956530341,2.6,6.96318995984281,1267
RT,vru,0.131967100737619,2.47438313883036,6.84562193194433,9.10759269244296,3.534,6.36316102364611,1267
TB,vru,0.218150936070553,4.09033005132288,4.35671534647333,9.58093539291717,3.4,8.15877440631685,1267
BR,vru,0.210118103092062,3.93971443297617,3.82945110409186,7.53566467703516,7.40099999999999,9.49389804573964,1268
RB,vru,0.083543019964037,1.56643162432569,4.81961253084034,4.75099877080766,4.53400000000001,3.62561508974589,1268
RB,vru,0.110504516366272,2.07195968186759,4.1384950640696,4.32520040951815,4.068,3.59076762262867,1268
RB,vru,0.0892156151040649,1.67279278320122,3.78307660912365,3.76186129959526,1.53299999999999,5.07756306200351,1268
RB,vru,0.0591241317063668,1.10857746949438,2.47052214332857,5.71443259488582,4.86699999999999,8.56585477654657,1268
BR,vru,0.228521894852088,4.28478552847665,5.2957482572378,7.02316242174186,3.068,4.12102822583722,1268
vru,BR,1.72526083949212,0.0920139114395797,6.67263663923216,8.69069155298751,6.46800000000003,3.46627488988933,1268
vru,BR,1.40508906028376,0.0749380832151339,7.82392217097631,8.77621297856238,6.4,4.95380511472085,1268
BR,vru,0.208535769756022,3.91004568292542,5.16747144670154,8.71866480579924,4.8,8.38035874465304,1268
vru,TR,1.33356557276749,0.0711234972142663,2.79125153270643,3.35369786750246,1.6,0.634175346463743,1269
vru,TB,5.5897438766516,0.298119673421419,4.32086977370591,5.99937800056686,1.46700000000001,5.66187185362185,1269
vru,TB,6.38022304377229,0.340278562334522,4.45686050962114,6.71929978586579,1.534,3.21787191207916,1269
vru,BT,3.15156095874709,0.168083251133178,4.83113805405523,2.72294446948118,3.46699999999998,5.97468476786674,1269
BT,vru,0.139958053893364,2.62421351050058,4.38107746928519,4.90098223985234,3.13299999999999,8.79970120638573,1269
RT,vru,0.110686441602659,2.07537078004986,6.02873693248069,7.35564665650861,2.6,3.3209354705938,1270
RB,vru,0.0969156634270284,1.81716868925678,4.55863016715009,4.66197528006247,2.33300000000001,3.14091250427813,1270
RT,vru,0.207509289042689,3.89079916955042,5.16388730718318,7.84256234938808,2.26700000000001,2.44446433928738,1271
vru,RB,2.03375148171678,0.108466745691561,6.59447047259908,6.85695219773788,1.66599999999999,2.23323724721438,1271
RB,vru,0.144388059374562,2.70727611327305,6.00199756917138,7.10876489883153,1.6,2.41484705260365,1271
vru,BR,2.67175698650804,0.142493705947095,4.72941560542572,5.56541877021479,9.868,5.3668186314852,1271
vru,BR,4.5114866840895,0.24061262315144,1.59609718480654,4.19365422252665,1.13400000000001,6.34349245340732,1271
vru,RB,3.53109657166777,0.188325150488948,5.37403105010995,6.24580171938963,1.46700000000001,1.16845378154009,1271
BR,vru,0.413115976243736,7.74592455457006,2.95245675417496,7.35732257018111,1.26700000000001,3.09560700840639,1271
vru,RB,1.65044616672858,0.0880237955588577,4.97673525162698,5.00502174382812,1.86700000000001,2.40951936867897,1271
vru,RB,2.27014365532788,0.121074328284153,8.72980146986557,9.68587635076435,2.73299999999999,3.44060586561204,1271
RB,vru,0.10451802998415,1.95971306220282,7.84058845427289,8.44435094731677,4.533,5.36539544884284,1272
RB,vru,0.311123504747831,5.83356571402182,3.70921806213922,4.44618045052354,1.53299999999999,2.48287436068384,1272
vru,BT,4.23527622413951,0.225881398620774,4.77275287161819,5.23627264977994,4.33299999999999,7.8969212128711,1272
RB,vru,0.121431831249287,2.27684683592413,3.4870927507799,4.26499339634399,1.33299999999999,6.03267862258418,1272
vru,RB,1.42472822460518,0.0759855053122764,1.6925654997122,3.03862363447947,2.06599999999999,0.148699034484587,1272
BR,vru,0.202078554393118,3.78897289487096,5.87759243465715,7.36525647964451,2.53300000000001,3.23942164909517,1273
RT,vru,0.0554880143288613,1.04040026866615,2.86881277155148,5.84764282693753,3.4,3.48788507582077,1273
RB,vru,0.0689204069998825,1.2922576312478,8.72477666673964,8.88699393576186,4.4,4.9613898791723,1273
RB,vru,0.0829434169519873,1.55518906784976,6.88468233498684,6.72461625637766,2.46700000000001,5.36577638399265,1273
RB,vru,0.106851330294178,2.00346244301584,6.36567322675682,6.92300853304744,2.33299999999999,6.03314477554756,1273
RB,vru,0.115132885347661,2.15874160026865,3.86811873859395,3.88504636312334,3.6,3.19476859731249,1273
RB,vru,0.219264697214366,4.11121307276936,4.33697558625716,6.07178568055397,1.8,3.36474436355142,1274
vru,RB,2.83586806915139,0.151246297021407,3.71571247182838,4.01044637891108,3.8,4.14542306182059,1275
vru,RB,2.91857035725257,0.155657085720137,5.45158072069201,4.35211470862163,1.26699999999999,0.69151520943195,1275
RB,vru,0.235237565847516,4.41070435964093,4.66433479203944,7.74256239967291,2.001,8.56810183830868,1275
vru,LR,6.31112074522288,0.336593106411887,3.20299971264271,4.37086553449143,1,5.41326467385477,1277
BR,vru,0.157009008917239,2.94391891719823,7.64970335656029,8.94033124736025,9.60100000000001,3.79526773834463,1277
RB,vru,0.16541344027975,3.10150200524532,4.62561426851234,4.86661731481065,1.26700000000001,4.19434272799756,1277
vru,TR,5.17155051160657,0.275816027285684,4.44493256555963,5.64919902870808,1.33299999999999,6.86297069747041,1277
vru,BR,2.69586374415466,0.143779399688248,5.34063337585108,5.94221450944846,4.06699999999998,5.40755157964297,1278
RB,vru,0.268510964297283,5.03458058057406,4.09737396581992,6.49168185840669,1.6,0.536614896877895,1278
vru,TR,5.40387905902843,0.288206883148183,1.63281679118421,3.49764782154661,0.666666666666667,0.00150982269630778,1278
vru,LR,8.24764579423968,0.43987444235945,2.47122176364975,4.29694069302145,0.0663333333333261,1.66359274650081,1278
BR,vru,0.272537194499991,5.11007239687483,4.61534661640239,7.24389515836082,2.40099999999999,7.05638814345769,1280
vru,TR,3.54268323891129,0.188943106075269,7.6853215018921,7.612209704648,2.468,2.32406888478984,1284
RB,vru,0.321409634536019,6.02643064755035,4.43951789655067,4.87225258826483,2,2.94526059437897,1285
vru,BR,3.06291588122502,0.163355513665335,3.58574961151773,3.95015997299553,4.733,8.58148976485,1286
RT,vru,0.105476563603801,1.97768556757126,5.97976225965635,6.96486440636425,4.667,3.86592085024479,1286
vru,BR,5.43502613844742,0.289868060717196,5.34785555438463,8.17378892432018,2.53299999999999,2.88248556780341,1310
BR,vru,0.264331440538715,4.9562145101009,6.91865258624714,9.09977549807823,3.20100000000002,5.64694674524044,1312
RT,vru,0.0662419079486821,1.24203577403779,2.76055628102549,8.17914269371949,1.06633333333333,3.73588290377171,1312
vru,BR,2.85085934120277,0.152045831530814,2.4565551277078,2.91081233408976,0.532999999999993,0.0525476528776565,1313
BR,vru,0.251887854534447,4.72289727252087,4.80983655570091,7.14921657649281,2.33399999999998,3.6032852737102,1313
vru,BR,7.54395758328964,0.402344404442114,3.27911364396439,7.69268673096151,1.86700000000001,3.95952711564314,1313
RB,vru,0.154131770776949,2.88997070206779,2.44121406117797,3.24812462801341,5.60100000000002,1.60521741474664,1313
RB,vru,0.144479967199025,2.70899938498172,4.824397154725,5.10263802078315,1.4,4.97034709931463,1313
vru,LR,5.61063319107325,0.299233770190573,4.75170591210287,5.58944052254654,6.33299999999999,4.57251865629415,1314
vru,RT,3.46782652109528,0.184950747791748,3.47269400771116,6.17018766680707,4.2,3.96153667526468,1314
vru,BR,4.83770443367172,0.258010903129158,5.91110361064899,7.75420142267668,2,7.30079048094168,1314
BR,vru,0.163687837663461,3.06914695618988,6.73056024267984,6.73395449475245,4.6,5.65476459074859,1315
vru,BR,4.66647883168198,0.248878871023039,16.5412828461032,5.44402991272155,5.2,4.81254884362672,1315
BR,vru,0.217271425227637,4.07383922301819,7.42718292716766,8.65702880930404,4.667,6.94933215801766,1315
BR,vru,0.25194756332261,4.72401681229894,5.64725395366524,8.13012961224679,2.467,8.49704663241809,1316
RB,vru,0.342576041646124,6.42330078086483,3.21197578322048,4.10412098380661,1.80099999999999,1.84565768056566,1316
RT,vru,0.192483205693181,3.60906010674714,6.24636698007856,8.94923077563691,4.66700000000001,5.84737437096028,1316
RT,vru,0.152944431379432,2.86770808836434,3.78872403330154,7.50575884721599,5.133,2.66403762798476,1316
vru,BR,1.20426264924025,0.0642273412928132,6.61097274826282,6.92159158864737,5.8,6.90649683648397,1317
BR,vru,0.111207395482678,2.08513866530021,8.33152636061839,8.86969307154076,2.73299999999999,4.69828852500748,1317
BR,vru,0.251507861779745,4.71577240837022,7.97000722250955,9.00609661489371,3,4.44190229345433,1318
vru,BR,4.15256363465397,0.221470060514879,5.54960031799133,6.67083174474311,2.33299999999999,1.08713273713038,1318
RB,vru,0.181148964122156,3.39654307729042,3.07597395024242,4.58197838085107,2,9.41789002139586,1318
RT,vru,0.22578382628889,4.23344674291668,3.86325021060489,6.31434886429025,3.867,4.93015027720446,1318
vru,BR,2.2842087041704,0.121824464222422,7.22122849842734,9.32490835517433,3,2.5386914738526,1319
vru,BR,2.37575675914685,0.126707027154499,6.47785495748062,6.53511378964729,3.4,3.61967176930915,1319
RB,vru,0.17303214904603,3.24435279461307,4.14738358365591,5.42343894807423,2.6,0.7127611243288,1319
vru,BR,2.52548320168921,0.134692437423424,8.72977371337439,9.12779801409951,2.8,3.23435114295311,1322
vru,BR,4.6796589233895,0.24958180924744,6.6774011403323,9.67455418114463,2.8,9.22966526443839,1322
vru,BR,4.7569260838169,0.253702724470235,3.27322775449233,4.67353557937459,7.60099999999999,3.76321880240226,1323
vru,BR,5.29647287863485,0.282478553527192,1.48275902330375,7.09922427845474,1.53400000000001,3.20083258571244,1323
vru,RB,5.17371347958593,0.0591281540524106,1.35650968726664,8.20225299051206,1.6,0.023972045632478,1323
vru,RB,1.94251417461609,0.103600755979525,2.56574974189666,3.42221889225535,1.4,0.541770202718792,1324
vru,RB,4.34717561016185,0.231849365875299,5.5432597854898,6.02677323339345,6.2,7.50675023161847,1324
BR,vru,0.097147204940784,1.8215100926397,7.85730384501901,7.95028894770564,3.4,7.62439787237914,1325
vru,BR,3.33115869601279,0.177661797120682,6.86844192184934,9.31839501036804,3.33400000000001,4.12606051697575,1325
vru,LR,3.33450229317036,0.177840122302419,6.96354537111975,7.33287740104043,2.66699999999999,3.64929834189882,1326
BR,vru,0.172204897535478,3.22884182879022,7.9191072759855,8.72392455472194,9.334,9.52003905038467,1326
vru,BR,2.27636528806219,0.12140614869665,9.38571249753276,9.33691981358504,2.533,2.90821765261603,1326
RB,vru,0.174512882394403,3.27211654489505,0.815472820766365,6.05374405632404,1.73299999999999,0.384415016086239,1326
BR,vru,0.350686806990207,6.57537763106638,4.12452708709621,7.87272234930132,2.46699999999999,5.84565452009047,1326
vru,BR,8.06891103571591,0.430341921904848,6.98179166055013,4.14648188852595,1.6,2.77435697559993,1327
LR,vru,0.225609980250907,4.2301871297045,3.95399842221084,4.78272006510633,4.2,5.99388150878981,1327
RT,vru,0.0104490403020617,0.195919505663656,5.33205339801132,7.40223259847139,4.39966666666667,4.50731144589062,1328
BR,vru,0.130849900974248,2.45343564326714,4.14706682575031,5.3116208946079,3.534,4.79402534478323,1328
vru,BR,3.22441106058823,0.171968589898039,4.6327741849212,5.73182583033986,2.80099999999999,4.26929723604422,1328
BR,vru,0.25202689358761,4.72550425476768,4.04926623179809,6.80677224602496,2.73399999999998,3.24718404282962,1328
RT,vru,0.193128068750828,3.62115128907803,4.21740377863996,6.57582076023964,2.93299999999999,5.41732192672742,1328
BR,vru,0.264290378108513,4.95544458953463,5.63995237148642,7.72823653713878,2.93300000000002,7.38849636320141,1328
RB,vru,0.171094909664448,3.2080295562084,2.41132671337985,2.90978556669116,3.00099999999999,5.5438243891233,1329
RB,vru,0.342875495836783,6.42891554693968,4.68613588768021,6.01928132275435,1.93400000000001,2.88940180915861,1329
BR,vru,0.207024401789616,3.8817075335553,5.46038211090319,6.66403165906084,2.866,3.09106692380124,1329
vru,BR,5.30666868905738,0.283022330083061,5.29057158941869,8.86527840642379,3.00099999999999,3.20226878957103,1329
BR,vru,0.178681845334143,3.35028460001519,6.56001388482472,6.97771758819558,9.668,4.02125010851578,1329
BR,vru,0.209262792216571,3.9236773540607,6.77362075727403,9.61042098523592,2.13300000000002,5.3456904597742,1329
RB,vru,0.145788773499695,2.73353950311927,2.88817756763082,3.94079587397064,1.46700000000001,4.01788967352546,1330
RB,vru,0.1185558740514,2.22292263846376,2.26480100028804,2.85341901086543,1.06699999999999,0.16121967066569,1330
vru,RB,3.2430844129964,0.172964502026475,0.776209567940995,1.79945312867854,8,6.96722922829165,1330
RB,vru,0.145363180288743,2.72555963041392,3.11261144013578,3.50062692527936,3.13500000000001,4.78183609330623,1331
RB,vru,0.214420889108686,4.02039167078787,5.99899847891335,7.92784628361083,1.73300000000002,3.97231174080552,1331
vru,TB,6.46753992812371,0.344935462833264,2.86859387214193,3.46262932666403,4.53399999999998,5.61897068729495,1331
BR,vru,0.183169375366899,3.43442578812935,7.93993512863217,9.71478828259485,3,6.17796999331482,1331
RB,vru,0.100179612610451,1.87836773644595,1.56893174922412,1.77514502487281,6.6,0.0365216483988039,1331
BR,vru,0.17056331604713,3.19806217588368,3.98980505942892,6.08319186452067,1.533,4.17983833318938,1331
vru,RB,2.27788181847432,0.12148703031863,3.53604972728072,4.00446681410592,1.26700000000001,2.11985725091812,1331
RB,vru,0.0989441892694075,1.85520354880139,5.86238109747331,6.02941371554273,3.26700000000001,5.29633664163715,1332
vru,RB,3.80709345050122,0.203044984026732,3.77657195750009,6.19898900797841,2.53399999999998,5.81028982059906,1332
TR,vru,0.258340836001118,4.84389067502096,5.9368810793721,6.81943447840444,2.73299999999999,4.25139287561001,1332
RT,vru,0.217761151191135,4.08302158483378,3.6819820128351,6.39824917513786,3.267,3.18503951407455,1333
RB,vru,0.0579643439647916,1.08683144933984,2.27203398294968,4.17264974613059,7.40100000000001,1.72311503499747,1333
RB,vru,0.104365179659574,1.956847118617,5.45304969801482,5.50166056543711,6.00100000000001,3.41068611488316,1333
BR,vru,0.148450157497723,2.78344045308231,3.40390424917012,5.41064811752412,2.94500000000001,6.63642717278749,1334
vru,BT,4.65166357399484,0.248088723946391,3.35711831766207,4.10945958070513,2.22333333333334,9.64999359504417,1334
BR,vru,0.140456958384429,2.63356796970805,5.3383275879552,6.57255473811167,4.33499999999998,8.00446002095219,1335
RB,vru,0.137315991813925,2.5746748465111,2.60562066828771,3.86981730129994,1.22166666666667,0.178949642162312,1335
RB,vru,0.0357658885126608,0.670610409612391,4.46400446658709,5.80440263787545,7.44333333333334,2.22619426068521,1336
vru,RB,1.05643169877945,0.0563430239349043,2.20081368100978,3.74333347552802,3.27666666666664,0.656738693025063,1337
BR,vru,0.166711661095124,3.12584364553358,3.05129623101467,3.53187922455778,2.5016666666667,4.07759012709835,1337
vru,BR,1.16396705493409,0.0620782429298181,8.2774294229751,8.55070364402427,6.5,5.59256637030619,1337
LR,vru,0.0729666023255804,1.36812379360463,6.35333298058331,6.31959653855707,5.94666666666667,6.88896077174917,1338
BT,vru,0.309397628396466,5.80120553243374,3.88270005732322,5.93430479354099,3.64333333333331,5.11672717745749,1338
RB,vru,0.140516083156642,2.63467655918704,2.8428781850873,3.73348141066532,1.05499999999999,0.117599786029061,1338
RB,vru,0.0225669712260715,0.42313071048884,9.57695059081492,9.63489225421276,9.89166666666667,8.01606098381332,1338
vru,BR,1.90581435778733,0.101643432415324,6.00233004094859,5.03132726882473,4,6.59357960965773,1339
LR,vru,0.0794037978214717,1.48882120915259,2.05102140028461,2.2557701989668,2.66666666666667,1.63095300161112,1340
RB,vru,0.0864552426397773,1.62103579949582,4.00905603427135,5.17500989956224,2.88833333333332,5.77647233294083,1340
RB,vru,0.0969130909238741,1.81712045482264,5.37363862225341,5.57047272463769,8.33666666666665,7.71504868735042,1341
vru,BR,2.88006698247796,0.153603572398824,3.51855631584977,5.6560090766914,9.94500000000001,8.42477886357062,1342
BR,vru,0.188381547703968,3.53215401944939,4.14926696094118,7.94585005735405,4.33333333333333,9.32493150002532,1342
RB,vru,0.0957337562107529,1.79500792895162,8.20809472831576,6.04583222276848,2.22333333333333,9.58379500258487,1343
BR,vru,0.193643044859315,3.63080709111215,6.67531608897082,8.68562859825171,4.77666666666664,4.60325349109203,1344
RB,vru,0.106884646443915,2.0040871208234,3.49696469840587,3.62939254639872,4.94333333333331,7.06433711476462,1344
TR,vru,0.137565308252119,2.57934952972723,2.03875380827563,3.92192630560459,2.18000000000002,1.34732814722051,1344
vru,BR,1.80679567246038,0.0963624358645535,5.82133794832203,6.58513007036274,7.16666666666667,8.82550239739779,1344
RT,vru,0.125596907881846,2.35494202278462,3.58057600570084,8.03924201857454,2.96666666666667,5.47642859384637,1344
vru,BR,3.62476290257101,0.19332068813712,4.24551359438231,9.47620849707253,4.11166666666665,6.45730839181321,1345
BR,vru,0.150775188254977,2.82703477978081,3.17000126226063,7.11281144120066,4.61000000000001,9.06563396862881,1345
RB,vru,0.0856842129088309,1.60657899204058,2.47328307936978,2.29935774359531,1.22166666666665,0.451358754155192,1345
BR,vru,0.184878532167134,3.46647247813377,4.18093759409247,7.12076868932888,3.16666666666667,6.56495961754793,1345
RT,vru,0.0819650320416995,1.53684435078187,4.82821587070121,8.25315490341177,8.88999999999999,6.51277331539011,1346
vru,RB,2.06061911705095,0.109899686242717,2.75152397728042,8.73394078267328,5.66666666666667,7.62565964480039,1346
TR,vru,0.097784948777474,1.83346778957764,1.37937698316693,1.63455845148118,1.44499999999998,0.129211774258406,1346
TR,vru,0.103205347160384,1.93510025925719,2.4373229566562,5.33570944258754,2.78000000000002,0.892128565854732,1346
vru,BR,1.09381691427279,0.0583369020945488,1.92347417380838,2.82019612233917,5.11333333333332,6.06082410916849,1347
vru,TB,2.09149971335763,0.111546651379073,3.1049649786111,3.4390801205568,7.39000000000002,7.57209866222787,1347
vru,TB,4.79125073033349,0.255533372284453,2.54696742977302,2.98756637754394,5.055,5.01978117541263,1347
RB,vru,0.0871473238966315,1.63401232306184,2.58846283024204,2.83575416098448,2.22166666666665,9.25424072133049,1347
TR,vru,0.16932026863653,3.17475503693494,3.45255853259672,5.0277288694351,1.445,7.57602351551075,1348
vru,BR,7.21738361286962,0.384927126019713,2.64122567579658,9.55717997150778,1.83333333333333,1.8888778433904,1348
vru,RB,1.73984586688217,0.092791779567049,1.81653254868015,9.44156017360748,3.44333333333334,9.45936734558108,1348
RB,vru,0.0930641230256234,1.74495230673044,4.86075162428986,9.94634780120007,4.11166666666666,5.12542487317604,1349
RT,vru,0.212401161680217,3.98252178150406,6.88054855654231,5.41923163263944,4.18000000000002,1.56929795591939,1349
vru,RB,1.60576225395633,0.0856406535443376,2.66860389665591,2.98320427990166,1.55666666666663,0.521575040690396,1349
BR,vru,0.125591462454369,2.35483992101942,7.12482826352755,9.20645389515115,6.39,8.37051441204101,1349
RB,vru,0.0342991405172677,0.64310888469877,4.16408118053281,6.19081455912814,7.61,3.85408104876283,1350
vru,TR,5.62843842087081,0.300183382446443,2.3622510871421,3.95116040818827,0.833333333333333,2.06610678590384,1350
vru,BR,8.42479593360063,0.449322449792034,1.48143762327779,2.10672697350882,1.39000000000002,0.78662407312143,1350
vru,BR,3.4221812480716,0.182516333230485,4.10071612856169,6.29914882810233,3.27833333333335,7.32851576990437,1350
Further inspection,vru,0.466099345562329,8.73936272929368,1.72838476861958,4.57510872714114,2.61000000000001,3.05227315695228,1351
BR,vru,0.00674710855909808,0.126508285483089,7.30989822223516,7.83439752971293,8.5016666666667,8.83564782576858,1351
TB,vru,0.0998362710023345,1.87193008129377,4.10800910225445,5.6252603650976,7.27833333333335,2.92564863931191,1351
TB,vru,0.11034223558059,2.06891691713606,4.72160429447464,5.86201123991344,6.39000000000002,3.36626394514248,1351
vru,RB,3.11392837063189,0.166076179767034,1.48987467398588,3.12383464689398,1.33333333333333,0.636636618014416,1351
BR,vru,0.555983952454324,10.4246991085186,1.40765712725294,2.26682807671468,2.22166666666672,0.424893260971708,1351
BR,vru,0.0883777910255178,1.65708358172846,3.19571548443508,4.5465256207524,3.66666666666667,8.10273966219209,1351
TR,vru,0.417491243841971,7.82796082203696,2.90003552078353,9.19876257969442,1.27833333333333,6.93936796460066,1352
BL,vru,0.0546783854152642,1.0252197265362,1.0392769141144,3.02705015345486,5.27833333333335,4.9018914011685,1352
RB,vru,0.101051267614496,1.89471126777179,1.34609974902851,1.65556034572479,2.66666666666667,0.23715438217001,1352
BR,vru,0.140909280494235,2.6420490092669,3.3988742860313,5.62405600021054,3.66666666666667,7.19164998692186,1352
vru,BR,1.33872677976593,0.0713987615875163,5.75647911488181,6.57244554932653,5.27833333333335,6.5436186181279,1352
BR,vru,0.144268572192454,2.70503572860851,5.37601999683934,6.70737058404149,6.5,7.12099722012392,1352
BR,vru,0.464437875374501,8.70821016327189,2.70111809090749,6.61862467139204,4.05666666666663,7.29664867430861,1352
vru,BR,1.57334899547537,0.0839119464253529,2.37789752220351,7.58576144244104,8.27833333333333,8.77037044365129,1353
RB,vru,0.316337995437408,5.9313374144514,3.81296916364225,7.02181317829418,2,2.78324489227458,1355
RB,vru,0.109286097341244,2.04911432514832,4.00314085420562,3.47138107972286,1.61166666666666,0.339008462153626,1355
TR,vru,0.114913947211601,2.15463651021752,3.14614497152419,8.5479543824912,4.22166666666665,2.54884918030669,1355
vru,BR,1.64327004549591,0.0876410690931154,6.35908517607501,7.48041173227619,9.945,4.9106780658264,1355
BR,vru,0.135665830593719,2.54373432363224,4.77397564671973,7.99964497634801,3.33333333333333,8.0921148468642,1355
vru,BT,8.92350679638622,0.475920362473932,1.78514378913713,2.52295547896698,1,3.49086454264696,1355
vru,BR,2.6267526108326,0.140093472577739,6.00203272153912,8.19639711771795,5.11000000000001,6.26146701153452,1356
RB,vru,0.0432234097992645,0.810438933736209,3.49137376496506,2.98604265937002,4.00166666666667,1.52598494466724,1356
BR,vru,0.142297526436192,2.66807862067861,4.62739797132693,7.21412355822617,2.5,9.58541452326227,1356
vru,BR,3.80892111865044,0.203142459661357,1.72458558780883,2.16086587745456,2,1.33993612539654,1356
RB,vru,0.083492458127273,1.56548358988637,3.20310452800803,3.07450747174387,2.44500000000001,6.4474501526693,1357
RB,vru,0.125896779849719,2.36056462218223,4.65711487808528,5.9226535421523,3.22333333333333,7.53120376337617,1358
BR,vru,0.128460989788851,2.40864355854096,5.9781691138794,8.6821164941307,6.38833333333338,9.6636627370347,1358
RB,vru,0.061678606026877,1.15647386300394,2.20316914170752,4.81794699735176,2.72333333333333,0.421946621425647,1358
RB,vru,0.167275475554822,3.1364151666529,4.04326785807698,4.7980126357632,2.66666666666667,4.97832368409276,1358
RB,vru,0.0828395766293828,1.55324206180093,1.78901769823258,4.86739458251107,2.44333333333331,0.0128623365421887,1358
RB,vru,0.0891450942363668,1.67147051693188,3.45129345383045,5.54120883252833,2.61166666666665,6.18435243447714,1359
RB,vru,0.0880304217258372,1.65057040735945,4.94722666384863,5.1156964114063,3.66666666666667,7.7204885338037,1359
vru,BT,7.10303568261212,0.378828569739313,2.43462428300947,3.87090418807014,0.555000000000048,1.68870558658681,1359
RB,vru,0.0489983724916459,0.91871948421836,9.32504382825412,9.65497208806291,7.83333333333333,7.16887097425953,1359
vru,BR,2.01344504904774,0.107383735949213,0.784354767262717,2.61639322743839,2.61166666666668,2.7481966632999,1359
vru,RB,3.80939513171615,0.203167740358195,1.97469294271916,2.54073559076828,1.055,0.182074223232972,1359
vru,RB,2.27614271302297,0.121394278027892,5.63950040147121,8.95948284078031,4.83333333333333,1.7434195321945,1360
RB,vru,0.103898891544695,1.94810421646303,4.12868471342703,4.7080125556475,5.94333333333334,8.36977824233724,1361
vru,BR,1.34246709282813,0.0715982449508338,8.07421209162325,8.39184713938604,4.27666666666666,5.71118478042252,1361
TR,vru,0.160423337356465,3.00793757543372,3.47690328701877,3.83447265991365,1.05500000000005,0.053057483549777,1361
BR,vru,0.206456456573145,3.87105856074647,3.83807757497068,8.10020474851101,3.77833333333333,6.1826350648567,1361
vru,TB,1.7619288010152,0.093969536054144,2.03869747064259,2.21746841542557,2.55833333333333,8.68401267482829,1361
vru,BR,3.1882371184161,0.170039312982192,6.17147298874369,8.09414062295836,5.88833333333334,4.49448616544477,1362
BR,vru,0.160633126872034,3.01187112885064,4.55667576565298,7.53659791581784,5.33333333333333,5.88113059647702,1362
RB,vru,0.224626509913593,4.21174706087987,7.65389432167451,8.41401335025157,4.16666666666667,7.18076445681166,1362
vru,RB,2.77685940629341,0.148099168335649,6.17952723344666,8.83467998377778,3.60999999999998,5.95150301031916,1363
RB,vru,0.08076084851305,1.51426590961969,3.61067800362683,4.07542700493752,3.60999999999998,3.81792721543657,1363
vru,BR,1.28208372000707,0.0683777984003773,8.30100393980347,9.07369139056133,6.16666666666667,4.09524961994634,1365
vru,TB,3.75240072741031,0.200128038795217,1.64804312926538,1.9268236714928,6.44333333333337,4.5352118709312,1365
vru,BR,3.03710536181487,0.161978952630126,4.96585298013054,9.02548855724526,3.38833333333334,6.0429309509045,1366
BT,vru,0.06992943225296,1.311176854743,6.38457855502173,9.07276547803642,8.11166666666668,7.02496493704033,1368
vru,BR,3.53070998924373,0.188304532759666,2.05326368737461,4.97823104282734,4.44666666666665,8.02137867924251,1368
vru,BR,3.25146153241841,0.173411281728982,5.42342468392682,9.40112294092073,5.38833333333332,6.02824603990518,1368
RB,vru,0.111124674955834,2.08358765542188,3.24161163927031,5.52207771643191,2.5,9.7235748735752,1372
vru,BT,4.29481607229754,0.229056857189202,4.87247728252138,8.12665240313873,2.61000000000001,3.33986723328273,1372
vru,BR,4.66709924653631,0.24891195981527,2.50996644376153,5.24077626127617,1.38833333333335,2.07723227303985,1372
BR,vru,0.476454667487741,8.93352501539514,2.32279254153226,8.43746241613727,1.33333333333333,3.89732022445356,1372
vru,BR,1.76072098578492,0.0939051192418625,6.23664408652082,8.30698711583492,6.16666666666667,5.13404767074831,1375
vru,BR,1.00252549973071,0.0534680266523047,2.93988224059251,7.83852371363056,6.72166666666665,9.06901557916989,1377
RB,vru,0.0389044413704513,0.729458275695962,5.71029877833895,5.75338347864307,5.55499999999999,7.46286385482519,1377
vru,BR,2.2104221998184,0.117889183990315,5.42506203822799,6.72840566612345,3.16666666666667,6.59421150915784,1378
vru,BR,1.20542677061248,0.0642894277659988,8.95887136650812,9.62643711306557,8.94333333333331,5.68713345709493,1379
vru,BR,4.67649851504546,0.249413254135758,3.78348260971577,8.32310886405953,3.66666666666667,8.78445741706113,1381
vru,TB,7.74405753970842,0.413016402117782,1.85561887592592,2.47990629987357,1.39000000000001,2.32532991383194,1382
vru,TB,4.25368068332256,0.226862969777203,4.72897307364672,5.30674596465442,4.445,8.38956923395818,1384
BR,vru,0.236799522698349,4.43999105059405,2.91311815779093,8.67738769934115,3.16666666666667,6.34068017511501,1385
RB,vru,0.0581498992147023,1.09031061027567,9.07797690217518,9.4481455069458,4.39166666666667,9.83882614389294,1391
vru,LR,3.58457721167594,0.191177451289383,4.09991974707421,4.39171455737624,4.77833333333335,6.34693253486762,1417
vru,LR,3.46591913009086,0.184849020271512,8.80165911054532,9.40018815847873,3.88833333333332,8.47475824549221,1418
vru,BR,2.67666853998496,0.142755655465865,1.52197961239628,7.89339380020141,3.61166666666662,8.04964553977286,1420
vru,BR,2.7189572728497,0.145011054551984,6.74126792734285,8.14129662648212,4.44333333333331,5.81608020470621,1421
vru,BR,1.70964013361196,0.0911808071259713,1.13823499122501,4.87025477696228,5.835,5.45477245289356,1421
BR,vru,0.1075700426386,2.01693829947376,2.36795618218819,3.89489295910186,6.33333333333333,6.87766840526295,1421
vru,BR,1.61181959355715,0.0859637116563813,1.2895428362746,8.4130565714597,4.22333333333336,0.804159325912737,1421
vru,BR,2.22947405392111,0.118905282875792,3.67150611314803,4.69993503385076,6.88833333333338,8.88846368104923,1421
BT,vru,0.196062974694682,3.67618077552528,3.55148306237966,5.81543904755061,3,5.49317083335039,1421
RB,vru,0.147857515285674,2.77232841160639,2.13915907393774,3.61340513505109,2,0.52775914164873,1423
RT,vru,0.0973526953304865,1.82536303744662,4.62214004489907,5.32743287263277,6.55666666666663,4.450839227529,1424
RB,vru,0.084976182492067,1.59330342172626,2.42770156819473,2.51904996637391,1.39000000000001,0.0546201159166521,1424
vru,TB,1.97731978139622,0.105457055007798,3.50574167135546,3.69308133873883,3.16666666666667,0.953723275832923,1424
vru,TR,2.3241376372409,0.123954007319515,2.65586401400088,3.20460338774927,2.16666666666667,0.901905147819854,1424
vru,TB,4.71460501582537,0.25144560084402,3.57239441451106,3.8763735230726,6.11166666666666,7.67048952512184,1425
vru,TB,5.46169979459308,0.291290655711631,3.30426486695975,3.65168519611465,3.83333333333333,9.61923687385294,1425
vru,BR,2.74928338258965,0.146628447071448,6.03947068231509,7.6003423548058,4.83500000000001,5.16342346661752,1426
RB,vru,0.0136917915524166,1.19803176083645,1.44673140260844,3.86221423997723,4.39000000000002,0.0259402163594925,1427
TR,vru,0.258111894862565,4.83959802867309,2.56326154930285,3.25948823719574,1.5,6.40461119944969,1428
vru,BR,1.66890954665042,0.0890085091546892,2.40532445877805,2.92063943738319,5,9.07059859307076,1428
BR,vru,0.111245553964222,2.08585413682917,4.71547455513808,5.62709671912707,6.22333333333336,7.75438247242216,1428
BR,vru,0.0980115414321231,1.83771640185231,8.17430321730376,9.35015586845047,6.72166666666665,7.78279318722433,1428
vru,BR,1.26050791471187,0.0672270887846333,7.95694701124212,7.97653243825188,7.33333333333333,6.59798655380133,1429
vru,RB,1.03644988781606,0.0552773273501901,8.28805769995606,8.55641542950255,4.88833333333332,7.22598623666692,1430
vru,TR,2.09662289198934,0.111819887572765,9.06121815561717,9.35394263501768,7.88833333333332,6.30621962870614,1430
vru,BR,3.13061797067453,0.166966291769308,7.41180468432843,8.38382834606221,5.33333333333333,5.17635004850273,1430
BR,vru,0.118142090068609,2.21516418878641,2.74489710167947,6.43134057628811,4,4.62700066274973,1430
RB,vru,0.129103623435714,2.42069293941964,4.17102643855839,5.85151007500236,2.60999999999998,6.75486473151155,1430
BR,vru,0.122762443495532,2.30179581554122,3.24488455968966,3.57632417877056,4.77833333333333,7.2753089675297,1430
RB,vru,0.0724884493673533,1.35915842563788,2.39788422637804,2.50002046341235,1.66666666666667,0.74039706247643,1430
BR,vru,0.160157038203906,3.00294446632323,2.19674391044983,3.45610887600622,1.38999999999999,0.663511500595072,1431
RB,vru,0.0721701337423244,1.35319000766858,2.40467558661094,2.54675908261831,3.33333333333333,6.95716772189708,1431
RB,vru,0.0710459943599987,1.33211239424998,2.62798114042151,2.76752831835202,3.83333333333333,6.99970106156329,1431
RB,vru,0.121573208436165,2.2794976581781,7.77383324988484,8.19160778242519,4.16666666666667,2.77545507506057,1432
TR,vru,0.13003009403002,2.43806426306288,1.37661182421358,7.01099978637712,3,0.946060730828178,1432
vru,RB,0.756228560579723,0.0403321898975852,1.88169110909101,6.60396247051373,5.16666666666667,9.91572343605267,1433
BR,vru,0.120693919738758,2.26301099510171,2.11806639896721,4.852988045912,3.05500000000002,3.90556044197359,1434
RB,vru,0.0977493700598501,1.83280068862219,1.48764690527726,1.646672425283,4.38833333333335,0.364592627153117,1434
vru,BR,3.48858471763134,0.186057851607005,4.55236162750277,4.927782537602,4.94499999999995,7.8304192329607,1434
RB,vru,0.056271374343507,1.05508826894076,2.01095724847355,2.46576196772545,9,1.09335341667335,1434
vru,BR,1.10368139539433,0.0588630077543644,5.56231791642699,6.44765478486143,9.11,7.30733449288071,1434
RB,vru,0.130476439630832,2.4464332430781,2.75851666219015,5.99768707531894,2.33333333333333,3.3196126415341,1434
vru,TR,4.2283829172778,0.225513755588149,4.1583238029058,4.57129240179543,2.94499999999998,5.3121971693887,1435
RB,vru,0.112797327133305,2.11494988374946,1.89579639869707,2.22643171508165,1.83333333333333,0.603491209458541,1436
TR,vru,1.26173713906534,3.15434284766336,6.42498653857929,7.61887938835826,3.33333333333333,4.43011922343147,1437
TR,vru,0.148773519483962,2.78950349032429,4.49709660165269,6.8371394739913,3.77833333333335,1.08027106122184,1437
RB,vru,0.224020225466726,4.2003792275011,1.58752964668704,2.09257332133165,0.943333333333309,0.338355877111183,1437
RB,vru,0.154347029569801,2.89400680443377,1.71307313117485,2.59693550608565,1.16666666666667,0.0251645595015884,1437
RB,vru,0.0461880436600837,0.866025818626569,6.19761332774835,6.14508917504292,4.22333333333336,8.01913329255549,1437
RB,vru,0.0315396855376531,0.591369103830996,9.09351760202519,9.78360286083747,9.83333333333333,8.81440379601233,1437
RB,vru,0.0593018350965371,1.11190940806007,2.53151089839042,2.70905783519432,8.60999999999998,9.91165020310942,1437
RB,vru,0.12082430343575,2.2654556894203,3.28266885998694,3.26314372072297,1.05666666666669,0.659301690588533,1437
RT,vru,0.0315446910776682,0.591462957706278,5.66339272268653,6.5546059587169,4.39166666666667,4.64067201734105,1437
vru,RB,0.966807664335128,0.0515630754312068,3.29878344819787,9.52960187321971,5.16666666666667,5.48706699022339,1438
vru,BR,0.438366133959497,0.0233795271445065,8.76480126898108,9.68467763941292,9.66666666666664,9.20615642654487,1438
RB,vru,0.132560109734319,2.48550205751848,5.90725769491374,9.20481097286335,4.83166666666667,7.3061066362586,1439
BR,vru,0.090891247418838,1.70421088910321,5.78226835506558,9.68854303101578,4.27833333333335,5.81589941417033,1439
vru,BR,1.4569393352678,0.0777034312142829,6.3391569692677,6.62684946853213,8.05499999999999,6.36354658482418,1439
vru,BR,1.05643640729922,0.0563432750559582,8.24028359602385,8.30497636793743,6.07666666666664,7.6574793976597,1439
vru,RB,0.939591519246475,0.0501115476931453,1.94832334089295,6.01286386610026,5,1.09563940437023,1439
LR,vru,0.118116961932429,2.21469303623303,7.69377850582898,8.64441086896894,4.89000000000001,7.38654127219211,1439
LR,vru,0.0857404427490107,1.60763330154395,8.05197159480787,8.16147316548395,6.00166666666667,6.50183076393129,1439
vru,BR,1.60413571892432,0.0855539050092972,4.62311159355456,5.34424772554843,9.83333333333333,7.69778024708702,1439
RB,vru,0.0624003817557894,1.17000715792105,5.32128105441399,5.54798838455381,3.55499999999999,7.76830730281926,1440
RB,vru,0.0868687352697859,1.62878878630849,3.26662739242532,3.42574561141084,1.94500000000001,7.86169043248921,1441
TR,vru,0.185813406424948,3.48400137046777,6.89046957889424,9.2782203476768,4.22333333333333,7.3188708796324,1441
vru,RB,1.77289703978707,0.0945545087886435,1.59906530428126,1.88893622665416,7.16833333333334,8.79110726752066,1441
vru,RB,1.61648921021186,0.0862127578779658,1.86870468062857,2.09359621703815,7.16833333333334,3.69242107149714,1441
vru,BR,3.73010894005628,0.198939143469668,2.85826778665128,8.93741322477337,2.94500000000001,8.36746836497654,1441
vru,RT,3.22722805973536,0.172118829852552,2.70708004377482,7.41609830273794,3.44499999999998,4.18077639349729,1441
RB,vru,0.089242932540717,1.67330498513844,2.51804613730404,2.57489507508146,1.55666666666663,6.3616524468203,1442
vru,BR,2.41758174066168,0.128937692835289,5.05121039056662,8.20725359751607,6.16666666666667,4.69782647457507,1442
BR,vru,0.197870450226608,3.71007094174891,4.13341917512529,8.59362195634731,5,7.39234753999494,1442
LR,vru,0.129020391500645,2.41913234063709,4.88482170243212,6.93764425291251,6.27999999999999,8.07854321137211,1442
BR,vru,0.153005433008839,2.86885186891574,2.6328359467013,4.72740584366978,3.2233333333333,6.22709623652238,1443
BR,vru,0.0741321423489912,1.38997766904358,5.28109045953691,7.0613364986649,8.94499999999995,6.3989914971003,1443
BR,vru,0.178040235231741,3.33825441059515,6.12996809236959,7.47968220198555,2.5,8.32699530882267,1443
vru,TB,2.26218621029427,0.0180974896823542,4.52876765577111,5.6838534623068,6.77833333333335,8.52513399797148,1444
RB,vru,0.108466800571845,2.03375251072209,1.66858803149606,1.82929418896831,2.66666666666667,7.17251646384415,1444
RB,vru,0.0620505793581284,1.16344836296491,5.36566446989679,5.51207557414421,4,4.46588753091308,1444
RB,vru,0.0894760420576078,1.67767578858015,2.52540073779126,6.26488274367591,3.44333333333337,1.4150351948321,1444
BR,vru,0.272243790591301,5.10457107358689,1.46292400327,3.62707941966467,0.944999999999952,1.71341424669802,1445
RB,vru,0.0833035494519331,1.56194155222374,5.16850760866204,5.3327263130841,4.11166666666667,9.44942152741005,1445
RB,vru,0.061630342100081,1.15556891437652,5.40464619730792,6.08031391796553,4,9.29463774807546,1445
RB,vru,0.0968255461949563,1.81547899115543,7.59156517665945,7.81632997189291,3.225,7.55888510135481,1445
vru,BR,2.12951465408819,0.113574114884704,1.35890803886073,1.86415530588485,8.16833333333331,8.35221391261978,1445
RT,vru,0.0224422938028779,0.420793008803961,5.93157710266293,3.31241006108668,7.35666666666663,0.739760388941769,1446
BR,vru,0.106830973727893,2.00308075739799,5.51639823288437,5.83166506367623,4.55666666666666,8.68951558646975,1446
RB,vru,0.0972354532617515,1.82316474865784,6.72837887849483,7.97724909921762,3.61333333333333,9.40281796715086,1446
RB,vru,0.102811809785997,1.92772143348744,3.44614625721454,3.93179413225509,5.94500000000001,9.09378513572693,1446
RB,vru,0.0590196805191795,1.10661900973462,3.08824492281018,4.69291789756878,2.61000000000001,5.00974772365903,1447
BR,vru,0.1541413671621,2.89015063428938,6.40290382188756,7.01213888140282,5.86833333333331,5.43451631286793,1447
RB,vru,0.0639327737346141,1.19873950752401,4.93884786562094,4.65571630079178,8.16666666666667,7.16966405357295,1448
RB,vru,0.110944528788359,2.08020991478173,4.63176119788991,5.23365650033314,9.33333333333333,9.75491663884126,1449
vru,BR,3.10993419270399,0.165863156944213,2.44633188911303,3.26017551727502,6.27833333333333,4.17570265864624,1449
BR,vru,0.112341641588083,2.10640577977655,4.63307998351935,9.63872576232984,4.33333333333333,7.89983726076465,1450
BR,vru,0.134239459756551,2.51698987043533,4.95168802541322,7.67113043384355,5.83333333333333,8.85210242145814,1450
RB,vru,0.102962374522092,1.93054452228922,3.82141545645284,5.10659526366939,2.33500000000001,6.52119869653794,1451
TR,vru,0.0536670324591718,1.00625685860947,7.14128913115807,7.97911198995878,7.88999999999999,7.35969449440522,1451
RB,vru,0.0770697318712096,1.44505747258518,4.77250749329362,4.35515836056118,3.055,6.87787601193808,1452
vru,BR,2.65066510807276,0.141368805763881,6.27070397624889,8.78414126025909,4.00166666666666,6.29028911414793,1452
RT,vru,0.0432795986975311,0.811492475578708,7.78704992838849,8.43683558394879,5.00166666666667,5.15689585229536,1452
BR,vru,0.100993021202162,1.89361914754054,4.63808683409812,7.89352874789817,6,9.71593064614386,1453
BR,vru,0.127157016231728,2.38419405434491,4.03680192787245,4.26253900538554,4.83333333333333,6.42393478406816,1453
vru,TR,1.93328605828884,0.103108589775405,9.58582670861233,8.64704834300129,3.21333333333334,1.47784347060473,1453
TR,vru,0.221483313954912,4.15281213665459,5.91333325012881,9.0213043325731,3.50166666666666,8.61523719800375,1453
vru,BR,1.15507837073849,0.0616041797727197,8.58561908965401,8.76800411140673,9.28,4.96713248485052,1453
RT,vru,0.0968395448354789,1.81574146566523,4.36645382855227,6.65259094246761,5.44500000000001,6.34888773873799,1454
vru,BR,2.43762182147275,0.130006497145214,6.28711151074226,8.01470754654989,5.88833333333335,6.70085521815298,1454
TR,vru,0.157188049804789,2.9472759338398,6.21152678962353,9.58749850821494,5.24500000000001,5.02472852973982,1454
vru,BR,4.62331822606539,0.246576972056821,6.10098316362341,9.62516998695839,5.30166666666667,6.42788589622944,1454
RB,vru,0.0653923235837952,1.22610606719616,3.97450223706132,3.57519034915935,1.61166666666666,6.28714311381353,1455
RB,vru,0.0477097845566914,0.894558460437964,3.11441063640374,6.16014524738013,6.05499999999999,6.5626584273585,1455
BR,vru,0.173466225202283,3.2524917225428,3.96813498233242,6.16424782710106,4.05499999999999,4.8508515433132,1455
BR,vru,0.0995152037663669,1.86591007061938,6.82311041614028,8.88453120890506,8.05833333333333,5.57468771559255,1456
RB,vru,0.0712009345903282,1.33501752356865,1.75410189001903,5.9763827701166,3.61166666666662,0.0093019252218217,1456
vru,BR,3.11886987241141,0.166339726528609,4.98717369125715,9.40598080193741,4.555,7.26317043254498,1457
vru,BR,2.80502325834701,0.149601240445174,3.83847133781715,7.58401477409237,3.38833333333332,5.90261293461869,1457
BR,vru,0.10826055332183,2.02988537478431,2.94774983969456,2.67646895799748,2.27666666666664,0.545536059086305,1457
BR,vru,0.185239149890104,3.47323406043945,3.56569952605405,4.6006670294053,3.1233333333333,6.64823094443661,1458
BR,vru,0.177746533632403,3.33274750560755,3.95791337924545,6.49598539849764,3.83333333333333,6.14533598913978,1458
RB,vru,0.154450861059126,2.89595364485861,9.3711129362989,8.48161897554649,2.44500000000001,2.08127392331977,1458
vru,BR,5.85981522306208,0.312523478563311,2.59515918341134,3.62465407123484,1.27666666666667,5.21326671336953,1459
vru,BR,2.82163252133018,0.150487067804276,4.08911209593477,7.44038567099417,4.66666666666667,5.30773827855873,1459
BR,vru,0.0736409650661734,1.38076809499075,3.55606877458491,3.6841044752385,5.225,9.97752310258768,1459
vru,BR,2.39385959918735,0.127672511956659,4.1074018007519,5.81015949608947,6.66666666666667,9.20397927736768,1459
RB,vru,0.0428027993559596,0.802552487924242,4.00607593355931,7.63999924663435,5.61000000000004,8.07374556456392,1459
RT,vru,0.371493459412257,6.96550236397981,3.38435057553235,6.06887028568944,4.5,5.90370572118931,1460
LR,vru,0.138048979603428,2.58841836756427,7.12916108717338,9.67217421284521,4.555,4.83696890524677,1460
BR,vru,0.156735020492902,2.9387816342419,6.57778040155142,8.2142463609549,4.11166666666666,5.30491890505856,1461
vru,BR,2.96787587746465,0.158286713464781,6.17758624661979,8.16016608057148,8.45,5.38203280045602,1461
BR,vru,0.182677565988418,3.42520436228284,4.86429976180496,8.1815062396738,6.33833333333332,7.50067084953748,1461
vru,RB,3.5440326447507,0.189015074386704,1.96303919428167,2.29876046120485,1.61333333333338,4.7173947538181,1461
RB,vru,0.0742608124454474,1.39239023335214,7.71362781469576,7.73911381327427,3.72166666666672,9.32985936577373,1462
RB,vru,0.0824021616925214,1.54504053173478,6.14862993482538,6.61206498803089,3.11000000000004,6.35979311053459,1462
vru,LR,1.32984421800828,0.0709250249604418,3.218735002782,4.01800941367172,2.44500000000001,4.04510598612102,1463
LR,vru,0.124903915187023,2.34194840975667,5.93704023698236,6.58480681645908,3.83333333333333,7.4142940083317,1463
vru,TR,3.31161946430979,0.176619704763189,6.79088577796564,7.50832618871429,3.38999999999999,5.87892261106967,1463
vru,TR,1.7839636556625,0.095144728302,8.95149482044702,9.03562052097811,5.50166666666667,5.97916360871953,1463
RB,vru,0.104761083966806,1.96427032437762,2.89853003611698,2.48870961623032,3.55500000000005,3.63067225260906,1463
vru,RT,3.37416215499683,0.179955314933164,4.61800356038989,6.88417170100015,4.77666666666667,3.76604286531698,1464
vru,RB,1.02881354622495,0.054870055798664,2.36471938175062,7.09304491155415,5.38999999999999,1.28160834240813,1464
RB,vru,0.264899394003033,4.96686363755688,5.64272454871699,6.09275201647868,6.7233333333333,9.66162861273586,1464
vru,BR,2.00028388392116,0.106681807142462,4.84571559255871,8.10002314578326,7.16833333333331,6.83447145779158,1466
vru,BR,1.95115379482382,0.104061535723937,3.35723175203508,7.90172976972421,6.38999999999996,7.90146017790961,1466
vru,LR,1.81402917166525,0.0967482224888131,4.39390209162608,6.41349315571061,5.22333333333336,4.84654599317415,1467
RB,vru,0.0409204520058046,0.767258475108836,6.04608977605121,5.95910745489371,8.05500000000005,5.0131367023011,1467
RB,vru,0.0455065650874039,0.853248095388824,6.56284724403429,6.54633499184881,7.33499999999998,5.37670903734038,1467
vru,BR,2.83826161484397,0.151373952791678,1.26168522972566,5.05441090368792,2.83333333333333,8.57335823385604,1467
vru,RB,3.29181779347768,0.175563615652143,2.11233327550805,8.56087720119917,3.44499999999998,5.63965262760869,1468
vru,BR,2.91491455188531,0.155462109433883,2.76295672942147,6.07130371175194,4.61166666666668,6.99485594006095,1469
vru,TR,3.73195807437304,0.199037763966562,5.01629908632108,7.45966276187543,3.77833333333335,5.64553163760537,1469
vru,BR,3.95730782110051,0.211056417125361,3.07439516667927,5.51319320536733,3.5,6.24597621016736,1469
TR,vru,0.196590982868533,3.686080928785,2.49463399633958,3.95461759603171,2.38833333333332,5.70163110585917,1470
vru,TR,1.9302017270206,0.102944092107765,8.06011368292697,9.05042244947638,9.5,5.50793380293861,1470
RB,vru,0.0819487514328081,1.53653908936515,6.09175783303493,6.83062791102597,2.89,7.66197764483291,1471
vru,BR,2.77822575954152,0.148172040508881,1.5681616200847,4.05481470841603,2.835,2.74809348185897,1473
vru,BL,1.49797297843445,0.0798918921831707,2.40388691234084,2.53472288237135,3.27833333333333,7.17858536095898,1473
vru,RB,1.42146708922024,0.0758115780917463,5.49577500334235,5.55823486525754,2.55666666666667,5.34219766610232,1473
vru,RB,1.51606526098879,0.0808568139194023,5.98521158503009,7.00434414607889,3.61166666666662,6.9159520765981,1476
vru,BR,2.91681440769413,0.15556343507702,2.79161527344114,3.18706075332302,3.33333333333333,6.13563086506418,1479
vru,RB,1.38820173972576,0.0740374261187071,3.1070115435586,7.117567172485,3.27833333333335,0.665366264186092,1484
vru,BR,3.06266487741304,0.163342126795362,2.4388141355264,4.6415707406567,4.66666666666667,4.40682399239827,1492
RT,vru,0.120656691430855,2.26231296432854,4.46554700025573,4.97459874210224,3.94500000000001,5.35017940111376,1495
RB,vru,0.109820468254688,2.0591337797754,10.3656997933323,9.96729120743123,2.88833333333332,6.72426000519939,1500
LR,vru,0.0985053435053219,1.84697519072479,3.71877783379009,4.39354649268936,3.5016666666667,5.33216591647522,1512
vru,BR,2.50663838654261,0.133687380615606,5.41935223739456,9.30766097799791,6.27833333333335,8.25802754407458,1513
vru,RB,1.65533282488675,0.0882844173272931,8.17684163912724,9.0036990203868,4.66666666666667,6.24361381992524,1513
vru,TB,7.16950565913917,0.382373635154089,5.22076390524111,6.50339421135434,1.445,4.01811088548169,1514
vru,LR,2.97165665851888,0.158488355121007,9.13525349400433,9.82934922873981,4.5016666666667,8.85603141451403,1514
RT,vru,0.19339539529909,3.62616366185794,3.70031345097837,8.14311853190906,2.60999999999998,5.00471748001203,1516
vru,BR,5.43265721104999,0.289741717922666,4.873203668215,5.99247402338727,4.44333333333331,9.71854320679978,1517
vru,LR,3.66847531524102,0.195652016812854,2.17589788631432,2.46291007458507,3.5,7.3645275213883,1517
RB,vru,0.0744915249016163,1.3967160919053,5.9775224916528,5.90055475156983,2.33333333333333,8.15870227641263,1519
vru,BR,1.88315739797677,0.100435061225428,7.05323136013418,8.6943249449213,6.27833333333333,5.75334612852546,1520
vru,TB,6.54213085981476,0.348913645856787,2.31968191025219,2.90958364515123,0.888333333333321,1.84226455304948,1521
RB,vru,0.108116238002231,2.02717946254183,4.25736837387702,4.33119008694991,4.38833333333332,6.55749428385287,1521
RB,vru,0.0539837145941773,1.01219464864082,3.68228241881668,3.75275830065351,6.94500000000001,7.10971417485655,1521
RB,vru,0.0844291249484686,1.58304609278379,2.84536569490286,6.72747562406086,6.33333333333333,2.78424323857752,1522
RB,vru,0.123732459449987,2.31998361468726,6.85616528973589,7.77529268118241,4.66666666666667,8.45570173021883,1523
RB,vru,0.0735608662814725,1.37926624277761,7.34490125696632,7.27371742638712,3.83333333333333,5.57615082311436,1523
RB,vru,0.0797532653527161,1.49537372536343,3.68946548424409,3.94375078958293,1.88833333333335,5.26370001724592,1524
RB,vru,0.207454574055956,3.88977326354918,5.99047448809198,6.68986129732803,3.72166666666665,6.30343109280899,1524
RB,vru,0.0895054732305752,1.67822762307328,7.95198502412762,8.05437217929986,3.05500000000005,8.65036995506205,1524
BR,vru,0.0676017809118808,1.26753339209776,7.64414111658887,7.86619253840848,7.61166666666668,7.44635547663598,1525
BR,vru,0.0846741018892658,1.58763941042373,6.61219596075279,6.85911313641767,5.57833333333335,7.2943354892337,1525
vru,LR,9.79788737224201,0.52255399318624,1.5404598726743,4.203910722135,0.721666666666715,1.07302950429425,1526
TR,vru,0.175249260447787,3.285923633396,3.2136190873835,4.77980122920438,1.94333333333331,3.21744098411161,1526
RB,vru,0.0614312660515527,1.15183623846661,1.81096176909163,4.08124200722745,3.27999999999999,0.760157438421389,1526
RB,vru,0.0893106231771991,1.67457418457248,1.64031120692592,1.82877742055375,4.44499999999995,9.04029386667736,1528
RB,vru,0.0823317056982699,1.54371948184256,4.14463879903589,4.46632054619473,2,6.35835838010261,1529
vru,RB,1.33979626726129,0.0714558009206023,4.89995799924161,5.33177086216459,2.77833333333333,4.58009110336968,1529
vru,TR,2.23139221637277,0.119007584873214,5.50542976906775,7.09401616240029,6.66666666666667,7.16709487411728,1529
TR,vru,0.135576843233653,2.54206581063099,8.32574794583212,9.46299301659393,8.5,7.24404052390244,1529
vru,BR,2.20542305787033,0.117622563086418,7.45311474238751,8.36255153284988,7.83333333333333,7.12758449350818,1530
RB,vru,0.0567448279995318,1.06396552499122,6.08316275423286,6.23586663354748,5.5,7.74597517146818,1531
vru,TB,5.90075045117616,0.314706690729395,4.57339690689783,5.10224040022993,8,8.21761979150237,1531
TR,vru,0.164547811630244,3.08527146806707,7.81950509896636,8.20603000339933,4.05499999999999,7.18309192491401,1532
vru,BR,1.8647908749745,0.0994555133319735,4.77866164887109,7.60104776743949,4.88833333333334,4.59262939204459,1532
vru,BR,2.39941444470092,0.127968770384049,5.46920134029197,9.67911803870959,6.88999999999999,7.82351386054666,1532
vru,BR,1.22349874254698,0.0652532662691725,8.82175575618997,9.29234319910273,6.94333333333334,4.52537052589558,1533
TR,vru,0.16397206439429,3.07447620739294,7.12451805557175,8.63708452669222,5,6.71867387440304,1533
TR,vru,0.146691437069789,2.75046444505854,8.35526497126373,9.70315475378745,6.66666666666667,5.9505561163468,1533
BR,vru,0.114200419059972,2.14125785737448,4.79845090419227,6.58216843505494,4.77666666666666,5.54144998072789,1533
RB,vru,0.0420518761150218,0.788472677156659,3.0043198811144,4.42410960660722,3.83333333333333,0.917324634507036,1534
vru,BR,2.45575887563515,0.130973806700541,6.45215401664265,8.410825620971,6.77833333333335,6.06583275544292,1534
vru,BR,1.89257150135236,0.100937146738792,5.66043644348641,7.21377866242189,7.94666666666665,5.29959852656449,1534
BR,vru,0.099518573611957,1.86597325522419,7.03402597811593,7.28558522254308,5.55666666666669,7.64372361955857,1534
vru,BR,3.10180688963182,0.165429700780364,5.04529246255218,7.91719919031431,4.39000000000002,4.65481663614243,1534
vru,BR,1.911290097561,0.10193547186992,4.13052708293,7.08848134730322,4.5,7.89298111322068,1535
RB,vru,0.0966514723595009,1.81221510674064,2.30659066285146,2.47112721292787,5.16666666666667,2.53775699009531,1535
BR,vru,0.128776239209625,2.41455448518048,3.54858026320536,7.38498861017772,4.5,7.61235985175868,1535
RB,vru,0.062903178539484,1.17943459761532,3.30767798973002,3.16175323629236,1.72166666666666,6.27114854638315,1536
TB,vru,0.155340360400496,2.9126317575093,3.20826476277359,4.12239404986214,2.225,0.681476315392801,1536
vru,BR,2.96978769972796,0.158388677318825,1.51195121904313,6.20361775565301,3.61166666666668,5.72121817096687,1537
RB,vru,0.0378486048633644,0.709661341188083,2.81720345264068,3.08431944125722,3.66666666666667,1.71008406850325,1537
TR,vru,0.185427898352407,3.47677309410763,4.25294435528971,7.1382949469855,2.61166666666668,8.93464831184872,1538
RB,vru,0.158752676574048,2.9766126857634,6.80483201105565,9.83509608312122,4.11166666666668,6.88605855158407,1538
RT,vru,0.0495851198907631,0.929720997951808,1.93864546646637,2.97890932440846,6.13333333333334,7.55514818161148,1539
vru,BR,1.26933837272553,0.0676980465453617,5.7094017952435,6.2945341003522,4.61166666666662,4.78649098891453,1539
vru,BR,2.32875088926334,0.124200047427378,5.38710053169309,7.66051244650537,8.44500000000001,7.15928457638151,1539
BR,vru,0.131826100568732,2.47173938566372,5.02653339642559,6.27481622543268,7.83333333333333,7.62675216496081,1540
RB,vru,0.0878953510539456,1.64803783226148,2.04875853526743,2.57357693205109,4.22166666666665,2.65797466186235,1541
RB,vru,0.0878517467953628,1.64722025241305,1.55450381638883,1.86681404163481,2.66666666666667,0.295415419602009,1541
vru,BR,1.97997283845375,0.1055985513842,7.96326106771808,9.00305429641868,9.61166666666668,6.65352587824553,1541
vru,BR,1.66907791235781,0.0890174886590833,8.10943417543662,9.72447420891893,7.05500000000005,7.70290489015064,1541
vru,BT,1.71312381466697,0.0913666034489052,6.85555256373429,9.04651021755238,5.83500000000004,7.29435257080349,1541
BR,vru,0.0477795715512739,0.895866966586387,9.35820410554292,9.61759942679605,5.22166666666667,5.72123410494136,1541
TR,vru,0.163027862175386,3.05677241578848,2.23058016574949,3.0891204203249,1.27666666666664,9.13227917107186,1541
RB,vru,0.0674709077934799,1.26507952112775,7.05605208326145,8.31053396602547,5.16666666666667,7.65051783530596,1542
RB,vru,0.0918765836243939,1.72268594295739,2.53589617531531,3.06105105530128,1.5,0.131810014160224,1542
vru,RB,1.52207451748168,0.081177307599023,2.81214580315749,6.50786541306859,3.445,1.21415518436661,1542
RB,vru,0.100342393346345,1.88141987524397,1.71325986225953,1.88401779542159,3.22166666666665,0.813465225390479,1543
BR,vru,0.0934974098797768,1.75307643524582,5.6840732292831,6.41879361948189,5.555,8.39545529684343,1543
vru,BR,9.42169951836574,0.502490640979506,4.77866502791573,4.86962265099721,1.7766666666667,3.13392471928873,1543
RL,vru,0.121873878097772,2.28513521433323,1.57199102475067,4.56067709945421,3.05666666666669,1.20261627715192,1544
BR,vru,0.110612838488832,2.0739907216656,5.35266018033134,6.03290642283809,4.44500000000001,8.87493223504253,1544
LR,vru,0.0727557742315695,1.36417076684193,4.70900372616671,5.18096989696951,6.05666666666666,6.2151683181701,1544
RB,vru,0.0613828240876257,1.15092795164298,2.62902205652939,3.37023032851634,5.83333333333333,5.89611065096375,1544
vru,BR,1.51798734937032,0.0809593252997506,3.94672127307546,4.35324888375343,8,7.69849430258442,1545
BR,vru,0.0869000093654886,1.62937517560291,4.20864639248287,4.63886585467424,2.78,9.76014752823441,1545
vru,RB,1.24646738065606,0.0664782603016567,2.29878012853001,6.42364258467297,4.00166666666667,1.10159192588352,1546
RB,vru,0.0749683524737551,1.40565660888291,3.5228547687277,3.5112824599779,1.72333333333336,4.09974758779316,1546
RB,vru,0.100500481028889,1.88438401929167,3.17048485749625,3.9143701554468,1.66666666666667,0.424433938079545,1546
vru,BR,2.27171907825665,0.121158350840355,4.78621645250451,9.29261607045494,5.94333333333331,6.39422404105865,1546
BR,vru,0.118514484074393,2.22214657639487,6.20118623630785,6.23052674332693,1.94333333333337,1.97888769020228,1546
vru,RT,0.437805446159871,0.0233496237951931,2.50095435331972,4.14063191460655,2.66666666666667,8.601218809911,1547
RT,vru,0.129634933372814,2.43065500074026,4.70212572345503,9.94956603611347,7.77833333333335,9.5647995075666,1547
RB,vru,0.0745236279692122,1.39731802442273,5.31485258935541,5.41569724245777,8.22166666666666,4.98088154510352,1547
RB,vru,0.0787726756776867,1.47698766895663,4.43358106877754,4.46340386371381,3.55666666666669,5.5560490202591,1547
RB,vru,0.0978085033238324,1.83390943732186,3.10698476087826,3.34063429194704,1.77833333333335,7.62976178731065,1547
vru,LR,2.0670327270749,0.110241745443995,5.67556755649265,5.69227703363612,4.66666666666667,4.49756825519342,1547
LR,vru,0.173472971534923,3.25261821627981,5.19979977571788,5.29168250433804,4.13333333333333,5.38523451447562,1547
RT,vru,0.101972919215254,1.91199223528602,6.29951003080735,7.58711329066523,6.66666666666667,7.36163739481997,1547
vru,LR,5.43804032406814,0.290028817283634,5.36148802069991,8.45859303972854,9.16666666666667,9.95950518226548,1548
BR,vru,0.110713156145858,2.07587167773483,4.49528514390151,9.67709001516105,8.78166666666669,9.75298702586845,1548
BR,vru,0.150996552700982,2.83118536314342,3.6310095715125,7.75837188409782,4.10999999999998,9.90690756946669,1549
RB,vru,0.0642084152224413,1.20390778542077,3.34799717849257,4.88836670323573,3.44500000000001,5.11282634029832,1549
BR,vru,0.122163629471895,2.29056805259804,2.54860636828289,3.2458985093053,2,7.58324080977054,1550
vru,TR,2.23992456872308,0.119462643665231,4.55864038848128,7.8975581904233,4.22166666666665,8.78632653309543,1550
RB,vru,0.0427459577392401,0.801486707610753,5.56796384620371,5.61847961772909,8.66666666666667,6.39198040020115,1550
BR,vru,0.148809285791823,2.79017410859667,5.14396432387986,7.47568584568464,6.61166666666667,7.05144433752856,1551
RB,vru,0.058786433389607,1.10224562605513,2.61438593869847,2.90134303645761,3.33333333333333,7.59767708219264,1551
vru,BT,7.22980625906718,0.38558966715025,11.0540011189859,8.10306560744353,1.27833333333335,4.42509733248126,1552
TR,vru,0.169954649812226,3.18664968397924,5.957665828362,7.58730083069005,3.94499999999995,7.18506905648712,1552
BR,vru,0.108939496089505,2.04261555167822,6.83755383788527,9.06335407459293,9.16833333333331,6.0785467905078,1553
vru,BR,3.25468171859474,0.173583024991719,2.99366904361248,4.27982369176737,3.77666666666667,6.4573088547217,1553
RT,vru,0.0925761329163817,1.73580249218216,4.73006050968355,5.47822585305328,4.27833333333335,4.80731171192685,1554
BR,vru,0.0855283973829676,1.60365745093064,7.98186446871588,8.65785762766077,8.50166666666664,7.91197332968086,1554
BR,vru,0.0869457027109063,1.63023192582949,6.94663063659772,7.93619102657821,6.72166666666665,7.69379137626101,1554
RB,vru,0.127756740263007,2.39543887993138,1.90176719316359,8.2404001764534,5.22166666666665,6.03823139454744,1554
RB,vru,0.0722645920126498,1.35496110023718,2.13443215946639,5.95954309881504,4.00166666666667,1.50132873896488,1555
vru,RB,1.21259879314742,0.0646719356345292,2.6973111750983,8.92642717091133,5.33333333333333,7.31303110492481,1555
vru,RB,1.33664159571779,0.0712875517716154,2.26236986843297,7.27596838293176,3.5,0.683866681260725,1555
BR,vru,0.121161880708754,2.27178526328914,6.4655511245498,9.22750691419433,3.83333333333333,6.67754850141515,1556
RB,vru,0.1073458583566,2.01273484418625,2.49964816200099,2.77665215047051,0.943333333333309,0.157839761642473,1556
RB,vru,0.0978446828839969,1.83458780407494,3.01513735148937,3.37145094354284,4.33333333333333,9.82220497706261,1558
LR,vru,0.1334931833584,2.50299718797,8.6291678253958,5.52070503771032,2.33333333333333,2.09009828090175,1558
BR,vru,0.193927359195257,3.63613798491106,1.47766962711623,5.13292289312262,2.55499999999999,3.95641056696839,1561
vru,BR,1.40121451517253,0.0747314408092015,7.1868803864153,8.44310568809115,8.22166666666669,8.44096507483687,1561
BR,vru,0.0946688754014733,1.77504141377762,5.77794947727766,6.42883797206155,4.83333333333333,7.99498430531328,1561
vru,RB,0.799188608070048,0.0426233924304026,2.10511639550505,2.49356239704094,2.88999999999996,0.749478345380285,1562
RB,vru,0.115097483824296,2.15807782170555,2.94864535475246,1.80438520722802,0.721666666666662,0.159343488818967,1562
vru,RB,1.61803616656473,0.0862952622167854,7.16184153757486,7.38077543136316,2.88833333333332,8.38020195396161,1562
vru,BR,1.27415502433062,0.0679549346309663,2.65226450030457,4.00288345583704,4.83333333333333,9.24941120505103,1565
RB,vru,0.0577583992819817,1.08296998653716,5.40303937867347,5.24806058174198,3,7.82807303106778,1568
vru,RB,0.978403718926183,0.0521815316760631,2.50488494839347,6.32980904846024,4.39000000000002,0.820047346077837,1568
RB,vru,0.045618686679466,0.855350375239987,8.85835773658727,8.89221039968585,8.94333333333332,7.12227467013466,1570
vru,RB,2.61872527651166,0.139665348080622,7.05263484665557,6.56575161576116,1.72166666666665,6.73458860933475,1583
BT,vru,0.154310657381488,2.89332482590289,2.81538421027023,3.82449350395268,1.66666666666667,8.77780157536714,1593
RT,vru,0.094058108571462,1.76358953571491,2.51217384146457,3.61727493298616,4.88833333333332,3.39040218575317,1598
vru,LR,3.32457745636479,0.177310797672789,3.17323110198919,3.54946346117821,6.83500000000004,8.13371143341887,1598
vru,BR,1.28566716694181,0.0685689155702299,8.08657656943552,8.42082342036739,5.33500000000001,6.06254822300242,1600
vru,BR,3.08540033328455,0.164554684441843,2.74441789285656,4.92183202145093,1.72333333333336,4.51053151632041,1600
LR,vru,0.106234365517044,1.99189435344458,4.35351429160032,6.01580938808992,7.77833333333334,7.20766153565069,1601
RT,vru,0.120920544535884,2.26726021004783,4.47662155791197,5.68445014186855,5.94500000000001,6.20031651512216,1601
RT,vru,0.140829189495309,2.64054730303705,6.84324815138853,7.87238300732116,8.13333333333333,7.60842993943891,1601
vru,LR,3.87499347729489,0.206666318789061,3.63090255124911,4.94982869118049,2.72166666666666,5.95404316320313,1602
vru,BT,6.64724249755101,0.354519599869387,2.81823106345341,3.8243672594543,1.06666666666667,8.97172743384579,1602
LR,vru,0.113894107805744,2.1355145213577,2.71309222944837,4.59937274034342,1.52166666666665,1.46957272120611,1602
BR,vru,0.164582487045201,3.08592163209751,1.88144014933617,4.45151683487452,1.63333333333333,4.36978326148822,1603
RT,vru,0.230570719198365,4.32320098496935,3.66157630987009,7.18311856532165,3.38833333333338,9.09695027393022,1604
vru,RT,1.98030606123702,0.105616323265975,4.06642882558426,6.06056239336893,7.39000000000002,3.36954401502469,1604
BR,vru,0.247871052734541,4.64758223877264,4.15464291692267,7.67584750817605,2.33333333333333,3.13383112696741,1604
RT,vru,0.124459904695025,2.33362321303172,3.94444514541032,7.29286886229431,5.335,5.09937417714623,1605
RT,vru,0.132183678614117,2.47844397401469,5.70632996119549,8.00677836957304,7.44500000000001,5.30683407572469,1606
RT,vru,0.0917914528740311,1.72108974138808,6.88126372382508,8.58371699765711,6.27833333333335,6.74125913651046,1606
vru,RL,0.870306779695366,0.116040903959382,1.72650566318483,3.57551788000579,2.89000000000002,0.00164691891199927,1606
BR,vru,0.0980525908297145,1.83848607805715,1.9527585933844,3.78488984396694,1.845,0.94744364650294,1607
BR,vru,0.187739664489545,3.52011870917897,5.65899515231001,6.17601441023947,5.83333333333333,9.41666475961208,1607
RB,vru,0.0750473840439097,1.40713845082331,4.20469298762903,4.17118289808811,2.10999999999999,8.18819558267043,1608
vru,BR,2.27459431242901,0.121311696662881,7.57042521502777,8.72202778715644,5.68999999999999,5.24036117256558,1608
vru,BR,2.43326200496197,0.129773973597972,6.8775647413962,8.64820032975335,5.05499999999999,5.36807077188853,1608
RB,vru,0.0494692074124202,0.927547638982878,2.86286859053069,2.84895440534659,5,3.47141076681974,1609
RB,vru,0.201630183768274,3.78056594565514,3.95110737458376,5.00712377757994,1.66666666666667,5.79337735298074,1610
RB,vru,0.182042566915324,3.41329812966233,5.5129329894914,6.34435098984571,2.86666666666667,0.920868411269186,1610
TR,vru,0.0564638463588244,1.05869711922796,2.8353267284946,4.63962697983043,2.055,8.18308681524099,1611
BR,vru,0.127444095970033,2.38957679943812,7.42700568228053,9.98696298056296,5.60999999999999,8.08630874885172,1611
vru,BL,0.992628444466592,0.0529401837048849,2.39858259381326,2.4081558342798,5.88999999999999,4.01340081942928,1612
RB,vru,0.0694484027762473,1.30215755205464,2.2278266944941,7.63889475096433,4.77833333333333,1.23985792416841,1613
BR,vru,0.10599939386545,1.98748863497718,4.69166476420808,5.72887733748941,9.33333333333333,5.11987381982986,1613
RB,vru,0.0673052144296712,1.26197277055634,5.64919212147489,4.65887770907652,2.55499999999999,8.60330433354734,1614
vru,BR,3.98495556986193,0.21253096372597,7.55129146722502,9.8014830664377,3.72333333333333,3.95838289972261,1614
vru,BR,2.1515283884949,0.114748180719728,6.47051131418439,8.55695585732532,3.88833333333332,7.64410613076196,1615
vru,TB,2.58404326606703,0.137815640856908,4.4713128985984,7.27182615389906,2.61166666666668,1.12507671643932,1615
vru,TB,2.55128704142471,0.136068642209318,3.33354414364185,4.81266101350738,1.66666666666667,0.749662723578912,1615
RB,vru,0.120812664425202,2.26523745797255,4.69734945350702,7.84952467012882,2.555,5.38670468018903,1615
RB,vru,0.154071241095471,2.88883577054008,3.52858364747745,8.37527533338726,3.5,7.42371550776952,1616
RB,vru,0.0589212837101313,1.10477406956496,5.38453486546991,5.53292260895524,3.55833333333333,5.06334798962765,1616
RB,vru,0.0811298273095462,1.52118426205399,4.24745358193585,5.26014198056651,3.38999999999996,4.96953671646299,1616
RB,vru,0.0874211316447902,1.63914621833982,2.12141071198458,2.14180555317056,6.06666666666667,5.97973828723629,1616
RB,vru,0.0851006535269138,1.59563725362963,2.34775411300433,2.87255694761506,1.945,7.47347522134845,1617
RB,vru,0.0408053827237217,0.765100926069781,1.96420030868839,4.38890387586767,4.00000000000002,6.90723232334277,1617
vru,TB,3.91431093334245,0.0447349820953423,3.40992726911089,4.32567387339083,2.5,5.15409219555744,1617
TR,vru,0.109387305869873,2.05101198506012,7.58178984941197,8.62702350898778,6.11166666666665,5.74963500808169,1617
RB,vru,0.0472657535315186,0.886232878715974,3.79971372100578,4.66260633641597,6.66833333333337,5.51146528699547,1618
vru,RB,1.98199816768353,0.105706568943122,3.37513395338961,3.63607447161784,7.88833333333338,9.2886105469355,1620
RB,vru,0.0523924615819674,0.982358654661888,2.24355708817977,5.73262250205525,4.77666666666667,0.730603018117391,1621
RB,vru,0.0696052392558609,1.30509823604739,2.83866938942179,2.6495950824151,5.27833333333333,4.65871692898243,1621
TR,vru,0.160793440648252,3.01487701215472,3.50708326063363,3.86417564079664,2.05499999999999,9.01675589043576,1622
RB,vru,0.146253279557545,2.74224899170397,2.82039165683246,9.65468702684579,5.11000000000004,8.9402027457159,1622
BR,vru,0.198636454361412,3.72443351927647,4.28809768878108,9.65664387517992,3.27833333333335,1.23155043961277,1623
TR,vru,0.301754982819201,5.65790592786002,4.78647454812902,6.27979539973715,3.10999999999998,1.62956462833264,1623
RB,vru,0.0539166329112318,1.0109368670856,4.54004413743667,4.73748475534135,8.72333333333333,5.33796673162524,1623
RB,vru,0.0172056659080574,1.50549576695502,6.62256809923919,7.09461486832756,5.44666666666667,4.63579287142226,1624
RB,vru,0.115171412971458,2.15946399321483,5.91027922152122,6.17237317011111,6.11166666666667,8.92908270298392,1624
BR,vru,0.177982722826057,3.33717605298857,4.00003570780972,6.16912582396022,4.22166666666665,7.29475109279504,1624
BR,vru,0.19486191578815,3.65366092102782,1.98402672151799,8.35354410656266,3.27833333333328,7.50429182277801,1625
vru,RB,1.95815903092203,0.104435148315841,6.61842681802879,8.63818602275564,3.61166666666668,7.29413967389798,1625
BR,vru,0.167379591588568,3.13836734228565,0.92337736733215,5.48241078868637,2.27833333333333,2.38575840010548,1625
BR,vru,0.0456567413782761,0.856063900842676,6.68491151760466,7.49587293042149,8.22333333333334,9.6711072055924,1625
RB,vru,0.12539823652059,2.35121693476106,2.59633375919301,2.84779575860404,1.72166666666665,3.58846834248266,1626
vru,BR,3.27415921432006,0.174621824763736,5.26769281250484,9.08522634303511,4.33500000000004,4.63236156002079,1626
BR,vru,0.11285928586824,2.1161116100295,7.13628828709803,8.42322457245625,6.16666666666667,6.56922066132065,1626
vru,TB,6.98007118273642,0.372270463079276,0.358347844561865,7.69247209452096,1.11000000000004,6.607914539091,1626
RB,vru,0.0853738101543876,1.60075894039477,1.7717120183281,2.00418125541834,1.11166666666668,0.0423424041957303,1627
vru,BT,5.47788672033577,0.292153958417908,3.68360093410422,5.67352245296843,9.94500000000001,5.46256301135279,1627
vru,BT,5.17829367304372,0.276175662562332,3.37102346321634,4.82880230809,5.05666666666669,9.18805296851632,1627
vru,BT,6.00150229327495,0.320080122307997,2.63974951824167,3.65061487554974,2.5,8.1849735125312,1627
RB,vru,0.0777619268031815,1.45803612755965,3.72232656536463,3.9167249433503,2.77666666666664,6.65770355300804,1627
vru,TB,4.36894519313796,0.233010410300691,1.28830978726241,1.70080567520888,6.72333333333336,0.0381110107058429,1627
vru,RB,1.41221821291876,0.0753183046890003,5.40108014793777,5.39727211513817,3.16666666666667,4.91270536522225,1627
RB,vru,0.0654099114045639,1.22643583883557,3.33605719765289,4.09792587716231,2.94499999999998,7.55610894524402,1627
BR,vru,0.0778410818985613,1.45952028559802,2.46249892207244,6.17463763836697,3.94499999999995,8.91785475026976,1628
RB,vru,0.0981147252633207,1.83965109868726,3.77526567843815,3.60161622656966,3.44333333333331,7.90541890844922,1629
BR,vru,0.0535965150220314,1.00493465666309,3.48430068084305,8.74247204172111,9.77666666666667,3.04509307850168,1629
RB,vru,0.0681638556121999,1.27807229272875,3.16029989485897,3.43145585482224,2.44333333333331,6.39487566487256,1629
RB,vru,0.11119174190614,2.08484516074013,2.75074488884836,4.72673681816272,3.66666666666667,6.3423225278302,1630
RB,vru,0.103012188969545,1.93147854317896,3.6689586666172,3.93731156857994,4.835,8.66080325543978,1631
RB,vru,0.140893011871428,2.64174397258927,3.4202579541068,3.69384441100153,6.27833333333332,9.64772667729379,1632
RT,vru,0.140794737035355,2.6399013194129,3.23053103594303,6.57167442542228,1.30666666666667,2.52556288702138,1632
RB,vru,0.122300904004538,2.2931419500851,4.78935455900059,5.63475875142635,4.16666666666667,9.59888587270927,1632
vru,RB,0.966393831553212,0.0515410043495046,3.13720592584777,8.43124488593586,5.11166666666666,0.734948185342949,1632
BR,vru,0.124578552960927,2.33584786801739,1.62360440291785,3.48626276412317,3.61166666666668,2.07106312677509,1632
vru,LR,0.959608119385031,0.051179099700535,8.39675564399181,8.57505172431318,8.11000000000004,8.98401164410502,1632
BR,vru,0.145506570522538,2.72824819729758,3.67243176147542,5.41016056768324,3.22166666666665,5.60276334600468,1632
RB,vru,0.111451038721806,2.08970697603386,4.947615421749,7.64812523231554,4.05666666666667,7.38217442672139,1633
RB,vru,0.0689675279134779,1.29314114837771,7.60043579347876,7.8525034486435,4.83333333333333,9.05486106449516,1633
BR,vru,0.150931049301448,2.82995717440215,1.7661882492521,2.06573105214627,2,7.13722836411066,1633
vru,RL,28.354411823552,1.51223529725611,6.89149477464943,9.01593712960204,3.44499999999995,4.62701024363899,1634
BT,vru,0.167249949767671,3.13593655814384,1.54486118551179,5.4078740360634,3.33333333333333,3.44310661223206,1634
RB,vru,0.0913384640521085,1.71259620097703,1.91023524153073,2.40978464320566,1.445,0.237115104893504,1634
vru,BR,3.5707743795573,0.190441300243056,2.15347475875222,6.39432518230027,3.16666666666667,5.52816231085582,1635
BR,vru,0.403109020713577,7.55829413837956,7.80559364180862,9.40094251160422,8.05499999999999,5.47717356223671,1635
RB,vru,0.0780590370990603,1.46360694560738,4.62004490650905,4.68708393989785,2.88833333333332,6.01940035738469,1635
BR,vru,0.200319915199233,3.75599840998561,4.91613642035706,8.01508961719795,3.22166666666665,7.2497937296231,1635
BR,vru,0.105042626450002,1.96954924593754,6.514354167574,9.1741345449303,9.88999999999996,6.02916644082172,1635
vru,BR,2.43516111862175,0.129875259659827,5.29718130954936,8.96142743796987,4.5,4.94566052412925,1636
RT,vru,0.0164648711054258,0.308716333226734,6.52684089321718,8.84655886326938,4.94333333333331,8.23059373636598,1636
RB,vru,0.156379491492901,2.9321154654919,1.73119561200635,1.95518679812187,4.05666666666667,1.83558149018479,1636
vru,BR,2.59552173982858,0.138427826124191,6.14239479158784,8.29173352559889,9.77833333333334,6.23715293990235,1636
BR,vru,0.0738480410101004,1.38465076893938,8.48303132343356,8.61266417531242,5.38833333333332,8.30564776010132,1636
vru,RB,0.706870692008638,0.0376997702404607,5.78615509816523,6.2571958532705,7.55833333333335,9.41599413921234,1636
RT,vru,0.103497419898653,1.94057662309975,3.55491918971629,4.34363746704928,5.17833333333335,7.38170655346572,1636
TR,vru,0.181178714136582,3.39710089006092,4.43627595831552,4.33973318954071,1.11000000000004,0.534546193804231,1636
RT,vru,0.0752224635623857,1.41042119179473,3.7088268693484,3.9895498838668,4.77833333333332,4.38241650340487,1637
vru,RB,1.27202115238928,0.0678411281274283,2.34989182820659,5.31798526928463,2.38999999999996,0.256649278393335,1637
RB,vru,0.0811268704689302,1.52112882129244,2.76313484758559,3.36736680086592,2.44666666666668,8.02360884466339,1637
RB,vru,0.0697285750947165,1.30741078302593,5.31687574005651,5.03401335820363,2.66666666666667,9.25705819111379,1637
RB,vru,0.0619752468411804,1.16203587827213,4.08013386873897,4.04374001326856,7.5,9.36124559112785,1637
RT,vru,0.11457106352426,2.14820744107988,3.26499601015693,9.72481245804914,3.83333333333333,2.62872940207625,1638
RB,vru,0.0693395678477632,1.30011689714556,5.18829006005454,5.45179887634253,5.72166666666672,8.47118097934236,1638
vru,TB,11.2173961835777,0.598261129790813,3.57279934563328,4.83581114470672,0.666666666666667,1.5488970535395,1638
RL,vru,0.361192198095129,6.77235371428366,1.72659452943714,2.40659995217878,1.66833333333337,2.83310530628772,1638
RT,vru,0.0515439033751243,0.966448188283581,1.78909151140201,3.20868187056775,3.70999999999998,0.437144474352227,1638
vru,BR,1.87196790954103,0.0998382885088548,2.90726491746738,5.35448738633701,5.66833333333337,6.38296371216966,1638
vru,BR,1.44132868226825,0.0768708630543067,3.26539047383194,4.81473689886344,3.72333333333333,7.05702763565198,1639
RT,vru,0.0872846258049941,1.63658673384364,4.87633947439063,5.08697106443437,5.66666666666667,3.84805699747733,1639
TB,vru,0.0561339562995474,1.05251168061651,6.03964323313536,6.37448393195332,5.66833333333334,6.93718934268524,1639
vru,BR,11.8997175515427,0.634651602748943,3.09315047276916,4.1055487622648,0.721666666666655,1.28002724501201,1639
BL,vru,0.235569545529945,4.41692897868647,5.26125888126376,8.77505375735852,3.27833333333335,6.98601771111126,1640
RT,vru,0.0982587296372281,1.84235118069803,4.52993465813458,8.31505019854235,6.22166666666672,9.24058031567916,1640
vru,BR,2.34053168097557,0.124828356318697,0.602549951848505,4.90905361885956,3.89166666666667,3.02066217014551,1640
vru,TR,3.37052770314549,0.179761477501093,0.272292359291826,6.03610611377143,1.77666666666664,0.205155805989188,1640
vru,BR,3.18886745805021,0.170072931096011,4.02923350350847,6.11657221305066,9.83333333333333,8.29498103077211,1640
vru,BR,0.158459894288967,0.00845119436207823,4.65443619151707,6.43383573584336,7.225,8.20302757501168,1640
TR,vru,0.107854013563792,2.0222627543211,2.38958631751607,7.85488759124377,4.5,1.81503336609506,1640
vru,LR,5.74115938952282,0.306195167441217,5.46064958023648,7.61591268389334,3.33333333333333,3.96608640285556,1640
vru,RT,3.3007197610127,0.176038387254011,4.51042694768572,6.35692869367726,2.945,7.45904385274497,1640
vru,BR,1.25736997200024,0.0670597318400128,4.02099139496644,4.12551969376646,6.44500000000001,9.90401498526835,1640
RT,vru,0.111665258642618,2.0937235995491,7.9912833457649,9.86490697027316,4.66666666666667,7.17101017586621,1640
vru,TR,3.53667505523472,0.188622669612519,1.88295223156002,2.47639999387166,1.44500000000001,0.494155900762867,1640
BR,vru,0.0509334429793421,0.955002055862665,3.56987399467948,4.12939184513596,8.94500000000001,8.36875320123767,1640
RT,vru,0.111912184422549,2.0983534579228,5.25479322823286,7.73143162576543,5.33333333333333,7.30372348214578,1640
BR,vru,0.179188703060398,3.35978818238247,3.70360560062496,9.14719149637005,6.38833333333334,7.08578457939113,1641
RB,vru,0.198807621299411,3.72764289936396,2.55000276688269,3.10962691294489,1.22166666666665,3.40265861740438,1641
RB,vru,0.0692631058276109,1.2986832342677,4.14663844718788,4.20715770655479,2.945,7.97591100252492,1641
BR,vru,0.628963800629271,11.7930712617988,9.5869531083648,6.08500633458892,1.11166666666665,2.23447454988931,1642
vru,TB,2.86726809912776,0.152920965286814,5.98095696406236,6.11329160600037,8.94666666666665,9.14696262224975,1642
TB,vru,0.0733636416942611,1.3755682817674,3.54889301241042,3.63210920119038,9.11333333333335,7.46460341608593,1642
BR,vru,0.0878471426623935,1.64713392491988,7.91228227375006,8.09232721849327,4.72166666666668,6.68940467853276,1642
BL,vru,1.15206738700899,21.6012635064186,5.73780961514165,7.15917960235785,5.83500000000001,8.46233387104111,1642
TR,vru,0.213088044289167,3.99540083042188,2.56644458135674,3.33132021515373,1.10999999999998,8.22727667871515,1643
RT,vru,0.0216135677798264,0.405254395871745,6.23798437351409,6.31478315230011,8.27999999999999,6.10351451774649,1643
LR,vru,0.135033407730919,2.53187639495473,8.76085302393584,9.10080823137254,6.4,6.66234366639573,1644
BR,vru,0.0588418673647039,1.1032850130882,2.15387435471785,3.68395682895098,2.8,2.50392454369994,1644
vru,TB,12.350454940022,0.658690930134508,2.66837734802317,4.18504112829377,0.444999999999982,2.05535764356818,1644
vru,RB,1.44084105602003,0.0768448563210681,3.08323813027144,3.3135953540267,8.39,8.07609001750198,1645
RB,vru,0.0585568428349104,1.09794080315457,5.04138659873095,5.3025612925012,4.16666666666667,6.21786741517849,1645
vru,BL,1.59859319199052,0.0852583035728276,1.64131256371213,1.78323983313769,4.33333333333333,2.1708818951298,1645
RB,vru,0.0518689095655467,0.972542054354001,2.48078138296202,2.63968736102092,2.39000000000002,1.4996960141262,1645
TR,vru,0.138414583853111,2.59527344724583,4.80263994539491,4.96463215747508,3.28,8.86923122271128,1645
vru,BR,2.09730736904446,0.111856393015705,4.30099402071317,9.32990087573572,7.16666666666667,6.30032427080725,1645
RT,vru,0.160400054557874,3.00750102296014,6.91701192517097,9.36852907927376,7.89166666666667,8.28999671849649,1645
RB,vru,0.250848146946469,4.7034027552463,2.72828655042128,3.24335693154296,2.88833333333332,5.19305099501034,1645
RB,vru,0.107497653441274,2.01558100202389,1.6730226846156,1.82304472319581,2.16833333333333,9.31076745685088,1646
RT,vru,0.114955490499815,2.15541544687153,6.30629552547166,6.80162347164828,6.38833333333335,7.11525115968066,1646
vru,TB,4.33962136619668,0.231446472863823,2.04082958892096,2.71940369272729,2.055,0.761168946492657,1646
TR,vru,0.201150109962798,3.77156456180247,3.74036998914259,6.95429215811791,1.88999999999999,4.51369571275558,1646
vru,RB,5.49981205690603,0.293323309701655,3.5967562808081,4.18271398442983,3,4.52634843394923,1646
TB,vru,0.0881669208012983,1.65312976502434,5.98841347362558,7.18717024375559,8.89166666666667,7.63228912335172,1647
vru,BR,2.84593300131157,0.151783093403284,3.55960132747209,7.25464479329763,3.38833333333332,4.22991652836118,1647
RT,vru,0.128575074070438,2.41078263882072,5.32686211807006,6.84514448512949,4.31166666666668,5.04772798951317,1647
RB,vru,0.164593133135559,3.08612124629173,2.95961572411559,3.56182156874783,3.11166666666662,5.93275355815895,1648
vru,RB,1.18693388798499,0.0633031406925326,2.53360344967262,2.53964557110478,1.33333333333333,0.740668334965504,1648
vru,LR,3.64851283725775,0.194587351320414,3.93884527771466,5.60616080064346,2.88833333333334,6.50436283622319,1648
RB,vru,0.100072908360984,1.87636703176846,2.18037627753877,2.66128604592581,1.16666666666667,0.229153517486871,1648
RB,vru,0.116217167752112,2.17907189535209,3.89037850482815,5.12309112139966,3.33333333333333,0.457019599961496,1648
RB,vru,0.0983144565520426,1.8433960603508,7.48485116416614,6.61460176602992,4.33333333333333,9.92828751495126,1648
vru,BR,2.62103686418437,0.1397886327565,1.88839052025045,2.37302521767754,2.27666666666664,3.74998716917773,1648
RB,vru,0.0987711978480082,1.85195995965015,2.76689236832925,3.89607504655807,1.77833333333332,5.79514648353699,1649
vru,BR,2.12395800542016,0.113277760289075,6.99156862504351,9.32136706092335,5.3,7.33284147787895,1649
BR,vru,0.108337424293527,2.03132670550364,6.84342415668322,8.39975378131935,9.27666666666667,5.79110673270659,1649
RB,vru,0.068233955376206,1.27938666330386,3.1967563336335,3.44826774245556,3.33500000000001,0.984094654562875,1649
BR,vru,0.180560074019767,3.38550138787063,7.04465849627101,9.83594645797085,4.38999999999996,5.4323259459559,1649
BR,vru,0.0804811152329968,1.50902091061869,1.83021765374096,2.54171723561566,3.83333333333332,2.44187458803609,1650
vru,TR,2.02355280636172,0.107922816339292,3.26866764044771,6.8786461036051,7.5,6.46955307011865,1650
RB,vru,0.0506200841557252,0.949126577919848,3.87222084033376,5.75341830112892,3.16833333333331,0.8520015224617,1650
vru,LR,6.05308129418201,0.322831002356374,3.45157241030336,4.67998535847089,5.44499999999995,6.44379986245407,1650
vru,TB,4.92399917169345,0.262613289156984,3.65674708472501,5.2289331127347,1.16833333333331,4.14100597951441,1650
BR,vru,0.111903324748087,2.09818733902663,5.86079168829228,7.78419166276823,8.5,5.90478373889565,1651
RB,vru,0.0905958860844296,1.69867286408305,2.2990785418859,2.58667223764071,1.61000000000001,6.22974927081492,1652
RB,vru,0.0803764639506938,1.50705869907551,4.46311388244187,4.61724853568598,2.555,9.63789899415345,1652
vru,TB,6.4999927026892,0.346666277476757,3.44035924208104,4.1461099635113,3.61166666666665,3.91619805054946,1652
TR,vru,0.142201178797438,2.66627210245197,4.73290021484134,8.09320384290343,5.27833333333328,9.827490256316,1652
BR,vru,0.126716432959065,2.37593311798247,4.14332084408715,7.49060339971734,4.11000000000001,9.49489073292499,1653
BR,vru,0.157930864618977,2.96120371160582,2.94773565618696,5.43869807925701,3.75499999999999,4.85953814684694,1653
BR,vru,0.155789406878288,2.9210513789679,6.69519533325602,6.9615757213039,4.27666666666664,7.10116729426715,1653
RB,vru,0.0706491087040385,1.32467078820072,2.04022177184485,4.18073769129773,3.5,1.64167477167258,1653
RB,vru,0.0813078932045866,1.524522997586,3.49914058107045,3.80567411752178,1.83333333333333,6.55044363311781,1653
RB,vru,0.115003080476622,2.15630775893666,4.69531735670957,4.63059613351472,4.11166666666668,9.12091328383109,1653
vru,RB,4.60658294912241,0.245684423953195,4.7564459193097,5.50518200762617,4.44500000000001,4.91017182742481,1653
TR,vru,0.133005648915158,2.49385591715921,2.81413708239144,3.72411549806815,2.33333333333333,1.05920850523441,1653
vru,BR,5.25316761840288,0.280168939648154,1.43442787433904,8.15550055279035,2,4.70663590734017,1654
TR,vru,0.160400471945865,3.00750884898497,5.99327857756755,6.74404578056207,4.05666666666663,9.62451878697587,1654
RB,vru,0.0568133289033672,1.06524991693813,2.49264119074065,5.10249417844116,3.77833333333333,0.943349541905764,1654
RB,vru,0.0794643786360624,1.48995709942617,1.17531100859622,1.60423152583157,7.33333333333333,1.18202401959133,1655
RT,vru,0.0750157181808734,1.40654471589138,5.80592079339392,6.14582003574042,3.89166666666667,4.685383510479,1655
vru,TB,2.93473482414789,0.156519190621221,3.80213670589911,4.10917461029153,8,7.68455125679368,1656
vru,RB,3.596022120027,0.19178784640144,6.91338066277807,8.12247871378001,2.945,1.54312650452913,1656
vru,RB,1.94214178166942,0.103580895022369,3.38112110629479,5.80764156789349,2.16666666666667,5.27987606605867,1657
TR,vru,0.178182687637422,3.34092539320167,7.23776405890344,8.77243957425766,5.05666666666667,8.61426790003773,1657
BR,vru,0.232304831280257,4.35571558650481,4.94426765026715,9.88545703816146,2.72333333333336,6.02926233831522,1657
vru,TB,3.19425151202622,0.170360080641399,3.71877817160961,4.25331299058452,6.61,5.94279282174501,1657
BR,vru,0.127056949426844,2.38231780175333,8.85032596012748,9.29874660241133,7.77833333333335,7.99278268405006,1657
TR,vru,0.1307145774407,2.45089832701312,1.51039183770229,2.12397506375019,0.945000000000012,0.0435220678217481,1658
LR,vru,0.093101660107494,1.74565612701551,6.91157022805338,7.14016455073749,7.38833333333332,4.97556836380535,1658
LR,vru,0.0993934977407281,1.86362808263865,5.95563777411819,7.14271025919459,6.33333333333333,5.25201619526238,1658
LR,vru,0.159436254851919,2.98942977847348,5.48268485378425,6.14390961637499,3.44500000000001,9.38103665934946,1658
RB,vru,0.0675285260503438,1.26615986344395,3.03991940194748,6.28993022342787,3.55666666666666,0.971618946040308,1658
TR,vru,0.137339333527634,2.57511250364313,3.09312648413384,5.44979986626117,5.16666666666667,7.08817359220709,1659
LR,vru,0.175778067855792,3.2958387722961,3.7238635336181,4.59901378202968,3.38833333333334,3.50270331513671,1659
LR,vru,0.0972954908591954,1.82429045360991,4.42743244190103,5.00209103448207,4.61166666666668,4.8483616977973,1659
LR,vru,0.147149251732824,2.75904846999044,7.21236400907394,7.88578080794665,6.88999999999996,9.25213913466651,1659
vru,BT,8.97204413071848,0.478509020304986,1.06037196770022,2.64130595819051,1.16666666666667,3.65033288638986,1660
RB,vru,0.0858608806684474,1.60989151253339,7.3949979947439,5.89459060871686,2.16833333333337,5.74373910477077,1661
RB,vru,0.0572172214018886,1.07282290128541,5.8596996360775,5.57468423037822,2.94500000000001,4.70849260546391,1661
RB,vru,0.0841210475382131,1.5772696413415,3.65981262556382,3.31707884035482,1.33333333333333,4.7521872963229,1661
RB,vru,0.0923236338768138,1.73106813519026,3.64235518582688,5.04970543207272,7.55666666666669,8.42046639730823,1661
RT,vru,0.100471967022997,1.88384938168119,4.49206567787142,7.2479002548651,6.22166666666672,6.20161854838677,1662
RB,vru,0.0688929395868372,1.2917426172532,7.23339963968662,7.3403683618252,5.83333333333333,7.59247320298002,1663
vru,BR,2.16251255117265,0.115334002729208,4.9514506827522,8.01457474467823,4.77666666666664,6.52835163914289,1663
vru,LR,4.05055706060945,0.216029709899171,6.31077494051714,6.70807888107446,3.05500000000005,6.57683183854611,1664
RB,vru,0.14815264750716,2.77786214075924,1.94876153004544,5.4236466385912,2.38833333333338,0.169497553525178,1664
RB,vru,0.0977604139285694,1.83300776116068,9.90805320166273,5.51464672889694,4.88833333333338,1.78717143402963,1665
vru,RB,0.77613466835311,0.0413938489788325,2.58225711078062,2.49827503958974,2.66666666666667,1.37522775665393,1665
vru,LR,1.22160498652385,0.0651522659479385,6.33919637936863,7.59155106036448,9.66666666666667,5.04914843467616,1665
RB,vru,0.0564583273453187,1.05859363772473,6.49556309534892,6.45390352481761,4.61166666666668,5.12657288119599,1666
vru,TB,6.3495094334718,0.338640503118496,3.302192702707,4.04979532261664,5.61333333333335,4.05210737588099,1667
RB,vru,0.176168596023255,3.30316117543602,1.88295859645872,2.16452657978971,3.74500000000001,2.14747155294516,1674
vru,BR,2.12856022490652,0.113523211995014,7.50891030726627,9.83406190971304,6.27833333333333,7.74319154916397,1696
vru,BR,1.29238282072827,0.0689270837721745,8.99234042126251,9.46131408536838,6.27833333333332,5.30380418422577,1697
BR,vru,0.283478308673955,5.31521828763665,5.35247411089016,8.9047952042216,2.72333333333333,7.75461617604378,1698
vru,LR,4.63013220422067,0.246940384225102,4.06928975145398,6.79656223406617,3.33333333333333,8.15814769062398,1698
vru,LR,4.28710222131181,0.228645451803297,3.24363431978799,4.19090090833135,2.61333333333332,6.0272618021292,1699
RT,vru,0.101759676184616,1.90799392846154,3.07086698444664,5.26590737687789,4.33333333333333,9.15154051343316,1699
BR,vru,0.0861966291315589,1.61618679621673,3.47394533017231,5.07391805714838,2.88833333333332,3.90184802424885,1699
vru,BR,2.60895720214536,0.139144384114419,3.39514819614767,9.42380371539427,5.22333333333333,6.06671951023026,1699
RT,vru,0.100009757183919,1.87518294719847,5.21189697769244,9.19980318465285,6.5,6.42503631432243,1699
vru,RB,1.68696403903012,0.0899714154149395,4.56649877291071,4.45187018749908,1.77833333333335,4.59438176105998,1699
BR,vru,0.166196789170184,3.11618979694096,6.54799248768414,7.91403857690094,4.22166666666665,4.40050354907483,1700
RB,vru,0.205707283603758,3.85701156757046,2.39495760437825,7.45655166802297,1.77833333333335,5.63230812137113,1701
BR,vru,0.0818886763340885,1.53541268126416,5.86859161402322,9.56254552993778,7.94666666666665,9.02762043212238,1701
BR,vru,0.129028296429273,2.41928055804887,7.53468833207013,9.58334204490107,5.88833333333334,9.21662790784824,1702
BR,vru,0.160157782625837,3.00295842423444,5.35471451596187,7.801972048216,3.66666666666667,9.9319441158213,1702
BR,vru,0.152607760311562,2.86139550584179,5.57634158615251,7.23360047465247,4.39,4.54491853998994,1703
vru,LR,0.955525897015627,0.0509613811741668,4.15711571416252,4.27012998523493,9.91333333333333,9.31849609076638,1703
RT,vru,0.0998325670091449,1.87186063142147,4.57236401656053,8.41148236570974,6.00166666666664,8.07453705694982,1703
vru,BR,2.87131053073198,0.153136561639039,6.03565773003428,7.95384655987164,3.94333333333331,5.45684876860586,1704
BR,vru,0.127363098829391,2.38805810305108,5.22644744016398,5.94140911468224,2.83333333333333,1.43217357805672,1704
vru,BR,1.43729711725942,0.0766558462538355,7.57788329000581,8.03649290181397,4.72333333333333,6.1757785432172,1705
RB,vru,0.075832507799009,1.42185952123142,4.98832210605317,5.2696200068793,3,8.54442156643236,1706
vru,BR,4.33247011648323,0.231065072879106,4.9757734391602,7.88462986996832,4.83333333333333,8.70412690227183,1707
RB,vru,0.0682087884457982,1.27891478335872,5.82486507291855,5.7089010723439,4.55666666666669,6.60999038187518,1708
RB,vru,0.152943438717311,2.86768947594958,6.76164323771579,9.31261837708336,4.27666666666667,6.68910780976567,1709
RB,vru,0.121804954423326,2.28384289543737,1.95571279061785,2.18523510018417,5.33499999999998,4.02742899516429,1709
RB,vru,0.0799911049101446,1.49983321706521,1.73283006857845,8.58261313189567,4,0.279416440840921,1711
vru,TB,1.69820277182588,0.0905708144973802,9.48872549711894,9.59890637611513,3.39166666666667,9.50947196832387,1711
TR,vru,0.145343434779211,2.72518940211021,5.29966066637822,6.2501227266453,6.33333333333333,9.82746821018497,1712
BR,vru,0.117477834839289,2.20270940323667,8.18539267762122,8.07298423693642,6.25833333333333,9.14121384056945,1712
BR,vru,0.0540792732207143,1.01398637288839,0.428794559058731,3.40825347047011,3.83333333333333,1.17772309439571,1712
RB,vru,0.246477033214576,4.6214443727733,2.45151010332645,3.01763974182043,3.40999999999998,1.82165689239178,1712
BR,vru,0.0936249886527518,1.7554685372391,7.16622044042335,7.86854089313253,5.61333333333333,4.54681116022924,1713
RB,vru,0.123967162797382,2.32438430245091,2.92147568189476,7.15026973906514,4.33333333333333,8.84751475059246,1714
BR,vru,0.137984366783897,2.58720687719808,5.42303579052705,7.45702445085988,6.33500000000004,9.84182067032984,1714
vru,BR,1.01973173808352,0.0543856926977879,7.08291809022408,9.05335982248219,7.44499999999998,8.20880568402388,1715
BR,vru,0.0318453221104087,0.597099789570163,6.58662466634157,6.60281302786903,7.5,5.02685209095381,1715
LR,vru,0.124281778794101,2.33028335238939,4.88695642460043,5.47352225243944,6.945,8.2400835092937,1716
BR,vru,0.0744328439398395,1.39561582387199,8.98216699060524,9.10780939008459,6.38999999999999,5.06943805297829,1716
TR,vru,0.134131931316579,2.51497371218586,5.93170070646892,7.09906555291538,5.11166666666665,9.01233522137803,1717
RB,vru,0.3089305323067,5.79244748075063,4.09077455545709,4.44128622185755,4.77833333333333,8.40937697785617,1717
vru,RB,1.93727920209141,0.103321557444875,2.45352447397157,2.70378691722976,2.5,9.45959229336297,1718
BR,vru,0.0463227648763922,0.868551841432355,6.86095109214305,7.73912730984955,8.72166666666666,5.39514642331654,1718
BR,vru,0.474499779863239,8.89687087243573,7.0370836002288,9.00875873597155,2.44333333333332,4.79117116849871,1718
vru,RT,1.78210275103118,0.0950454800549961,3.04037520044031,8.96585632627771,9.51333333333332,6.51682906358224,1719
RB,vru,0.135237001748175,2.53569378277828,8.61309647101035,9.67751634659491,3.11166666666668,9.15253216898371,1719
RB,vru,0.0745962580838254,1.39867983907173,4.58917432702497,4.4730877855885,2.27666666666664,8.00332549746593,1720
vru,BR,2.91097860109955,0.155252192058643,4.56370046431896,6.65612756171141,3.83333333333333,5.32218342135677,1720
BR,vru,0.157746074835427,2.95773890316426,3.46256544173693,9.89821871021898,5.94333333333333,8.38759473079371,1721
vru,BR,2.25173338295618,0.120092447090996,6.26643034500273,7.4916421632554,4.83333333333333,3.91824649174426,1722
BR,vru,0.24022851665642,4.50428468730788,3.51326734973041,4.67721150177276,3.00166666666664,7.87440572497912,1722
RB,vru,0.0900588443933487,1.68860333237529,4.91642507432856,6.24004182189162,7.94333333333331,5.51247353486515,1722
RB,vru,0.0452050454013327,0.847594601274987,5.06816350908341,5.20593287786925,8.00166666666664,8.61963729112011,1722
RB,vru,0.0792872181441759,1.4866353402033,2.41306965718203,3.25413640254081,7.77833333333335,7.24679017825169,1722
RB,vru,0.0828216561080345,1.55290605202565,2.60155729283526,2.99455067612021,3.22166666666672,9.85464575527831,1722
BR,vru,0.123811696419368,2.32146930786315,3.93501783517012,7.36611934493815,5.61333333333338,6.63803295788232,1722
RB,vru,0.0767416557295141,1.43890604492839,1.93482053433425,1.62036457051931,2.16833333333334,0.211130432890627,1722
vru,BR,2.67723015586069,0.14278560831257,2.74501991424918,5.56281672773149,3.33333333333333,8.32422590616837,1722
TB,vru,0.133793133995433,2.50862126241436,3.63504751193662,8.77593731809625,4.94333333333333,6.03549156947208,1723
RB,vru,0.0579289096391468,1.086167055734,2.36611517447295,4.97414139112705,4.83500000000001,1.61356088611252,1723
RB,vru,0.0704920179525336,1.32172533661001,2.99925547273093,3.0677078633017,7.33499999999998,4.44986093960926,1724
RB,vru,0.0768940472733195,1.44176338637474,3.05998116161509,3.20328073465154,4.94500000000001,7.32267679935155,1724
RB,vru,0.079221123172758,1.48539605948921,2.04733651588842,2.07680757441273,1.5,0.25978316562324,1724
RB,vru,0.162250136648055,3.04219006215104,7.66326388138928,8.39247056171901,7.05499999999999,7.30854372920804,1724
vru,BR,1.28977873263075,0.0687881990736402,6.96535701426906,7.40634351649992,3.66666666666667,6.09645808034231,1724
vru,BR,4.57816902225633,0.244169014520337,3.83313918046663,2.54223879209582,3.16666666666667,8.316997677111,1724
vru,BR,1.90366869276172,0.101528996947292,6.578609194623,9.14144774362361,7.66666666666667,5.76637274405994,1724
BR,vru,0.113013902072319,2.11901066385599,4.44596374919943,6.89957929101834,4.77833333333335,5.51034853792742,1724
vru,TB,2.40861785696366,0.0192689428557093,4.72876736049376,5.80475723719592,3.945,6.30620261414632,1724
vru,TB,6.00012366898439,0.320006595679168,1.85123422212998,2.4281252352775,1.39000000000001,2.8265510722305,1724
RB,vru,0.0666183878325582,1.24909477186047,2.88538139242319,3.52382997725589,3.94500000000001,6.70885255908278,1724
BR,vru,0.122383366556706,2.29468812293824,4.97404820503913,7.36350958447181,6.11166666666662,7.45341634539991,1724
BR,vru,0.068401865296103,1.28253497430193,8.62377029729445,8.90594861012663,6.06666666666667,7.03245006877773,1724
RB,vru,0.0798621580641889,1.49741546370354,6.56896863163509,7.13006776536997,4.61333333333332,6.92706919234071,1725
TR,vru,0.191714191150241,3.59464108406702,2.58904419125231,3.35884229905676,1.33333333333333,8.85034559279019,1725
vru,BR,2.93160923953345,0.156352492775117,1.66324824406461,8.62289023637853,4.55499999999999,6.39749225524215,1725
RT,vru,0.0908548222767934,1.70352791768988,6.269226579387,6.5513360484606,4.88833333333332,5.62970606361407,1726
BR,vru,0.108802020355788,2.04003788167102,4.08282379631556,5.16454084522457,4.27833333333332,3.97682829666123,1726
RT,vru,0.127368436014798,2.38815817527747,4.73436983997796,5.54783787801358,4.44333333333331,8.4363638364595,1726
RB,vru,0.106572333365617,1.99823125060532,3.37432179456275,3.58355117509167,8.61166666666668,9.27231680878426,1726
vru,BR,1.5517241418143,0.0827586208967626,6.33304702961083,7.56149082058015,7.83333333333333,7.01285805516527,1727
vru,BL,2.92508141871519,0.156004342331477,1.45494335602189,1.68784101458402,2.77833333333333,1.03401227110455,1727
RB,vru,0.0479763473974874,0.899556513702888,2.18327872734278,5.88280366794083,4.61166666666662,0.733446547255334,1727
RB,vru,0.0852130166765325,1.59774406268498,2.66510082985052,3.09490829528713,1.39,0.110407257922303,1727
RL,vru,0.143002684290054,2.68130033043852,2.37719607903134,5.44850893642118,3.11000000000004,6.78876688888649,1727
vru,BR,2.96299658838288,0.158026484713753,4.60819944784702,5.73532833858563,8,9.5146634530549,1727
RB,vru,0.0540951662318406,1.01428436684701,4.47993301790435,4.16236501601738,2.88833333333333,5.46179418601013,1728
RB,vru,0.0587974402933133,1.10245200549962,8.51079621031668,9.56963598314679,8.88833333333333,8.14165758802279,1728
RB,vru,0.129880506441818,2.43525949578409,6.86613189995408,9.7882844252399,5.16666666666667,8.71930618611263,1728
RB,vru,0.301303140027366,5.64943387551311,6.52744339745762,7.08640486242814,3.66666666666667,5.69778195889373,1728
RB,vru,0.0627770066962372,1.17706887555445,4.5649934053377,2.74037537443613,1.05499999999999,0.641748678173722,1728
BR,vru,0.0792356239498826,1.4856679490603,8.01795363504391,9.17502932189884,8.72166666666667,7.54486109381916,1728
BR,vru,0.0527574884815292,0.989202909028672,6.81816589058743,7.3281555815894,6.945,6.35548475930674,1728
RB,vru,0.207380010297294,3.88837519307427,3.93516279844334,4.4665793374861,3.5,4.60331901842127,1729
vru,BR,0.974769069586173,0.0519876837112626,6.89852133882604,6.94417903869648,5.88833333333332,4.9243504929244,1729
vru,BR,2.4369679263382,0.129971622738037,4.4701542117676,8.19141918779546,4.44500000000001,7.26531418015912,1729
vru,BR,2.24739662854335,0.119861153522312,4.58572944419712,4.94279721153566,4.16833333333337,7.23190397197356,1729
RB,vru,0.0619711195860294,1.16195849223805,1.69830968140674,4.88456904692295,4.16666666666667,1.74714274356503,1729
vru,RT,3.21707179902358,0.171577162614591,2.48929426844061,5.70488418379079,2.5,9.78294254875221,1730
vru,BR,2.26062666989892,0.120566755727942,4.95649399883581,7.74727128366647,7.38833333333335,9.04700288556216,1730
RB,vru,0.0713618265520793,1.33803424785149,5.52496571271386,6.09617580368407,3.77833333333332,8.74890336543388,1730
vru,TB,6.20659472010842,0.331018385072449,3.9857397383622,5.04498709329481,1.55500000000002,3.25476400588817,1730
BR,vru,0.22232039926466,4.16850748621238,1.84314620045035,8.47964156725896,3.61166666666668,7.21470850939168,1731
BR,vru,0.13976096114121,2.62051802139768,5.11684312922246,7.45534426649864,5.27666666666667,6.3188859335515,1731
RB,vru,0.0753634015760082,1.41306377955015,2.32483540796784,2.50178575178602,1.66666666666667,0.195304147310274,1731
BR,vru,0.173272145247506,3.24885272339074,3.53170573053664,9.24469601099731,5.83333333333333,7.07314195428029,1731
RB,vru,0.0633495897725794,1.18780480823586,2.1327423297214,2.01440819184908,1.05666666666666,0.251054610444382,1732
vru,TB,4.22709604584433,0.225445122445031,6.64434741799176,7.81541447010092,3.83333333333333,4.53187724250037,1732
vru,TR,3.39955699318333,0.181309706303111,7.00991724612079,7.51376450756976,9.88833333333332,6.04570779403749,1732
TR,vru,0.117469510228677,2.20255331678769,8.18673496342766,8.43019203705296,7.8333333333333,7.23782744804944,1732
RB,vru,0.0674083506093188,1.26390657392473,2.22775514276002,5.62649658200672,3.88833333333332,0.321185387868765,1733
RB,vru,0.0622573615105637,1.16732552832307,4.10610703779138,4.12372527856736,8.27666666666667,6.43064443777061,1733
RB,vru,0.0901961950127329,1.69117865648874,2.9160711780753,3.33123915200831,2.055,8.922066787894,1733
RB,vru,0.051230217779137,0.960566583358819,4.05815219704434,9.22344325212701,6.44499999999998,9.73908123257285,1733
RB,vru,0.0604959853066277,1.13429972449927,4.49703143890588,5.54759976349268,8.78000000000002,8.66659594059804,1733
RB,vru,0.0613041063444939,1.14945199395926,4.54661526927285,4.93597650703076,6.72500000000001,5.93215969334985,1733
vru,RB,2.47955693848762,0.13224303671934,4.24482574088608,5.10933368743117,1.66666666666667,4.89783632727578,1733
TB,vru,0.196918472191756,3.69222135359543,3.30757555418112,6.12496898808521,1.94499999999995,7.72636292312927,1734
BR,vru,0.193490709658343,3.62795080609393,4.65766612118228,7.49389012558962,3.055,9.12627322193405,1734
TR,vru,0.143270474084235,2.6863213890794,3.46973298178284,5.80070563633677,2.92166666666665,9.42330619475164,1734
BR,vru,0.126902714786109,2.37942590223955,2.88299785864304,4.21161105487161,7.27833333333328,5.27345305619364,1734
RB,vru,0.0757068847652088,1.41950408934767,3.47510988794612,4.14888867896087,3.22166666666665,4.23337330278221,1735
vru,TB,1.42890529797013,0.0762082825584068,2.11018120790393,2.35664884084001,3.16666666666667,7.99149859828744,1735
vru,BR,1.40149817697829,0.0747465694388419,5.79816273192056,8.96953458451458,7.44666666666665,8.95486927102998,1736
vru,BR,3.39924379405228,0.181293002349455,1.57810018212576,4.61249743339903,1.83333333333333,5.46629517445067,1736
BR,vru,0.124719962604099,2.33849929882686,7.75131849311509,9.55766362581168,6.72166666666667,6.60998996306402,1736
BR,vru,0.0816132721652224,1.53024885309792,5.87940530648447,6.76597079158301,7.33333333333333,8.80795026955672,1736
BR,vru,0.0770944844472598,1.44552158338612,5.83281893539299,6.99391035556355,9.445,8.04291956437685,1736
vru,TB,1.85556980859369,0.0989637231249968,4.99436139179992,5.27576969856448,8.72166666666669,7.7724323785526,1736
vru,TB,6.83481194083428,0.364523303511162,4.69737633669999,8.88708111102459,1.39000000000001,4.01397667999716,1737
vru,BR,1.49411827780147,0.0796863081494118,2.72597410603939,4.74797607091538,4,9.21585806170254,1737
RL,vru,0.160227148806099,3.00425904011435,2.30376714763167,5.7515666599648,2.05499999999999,8.752625630584,1737
TR,vru,0.226536328043623,4.24755615081794,1.92520124521556,2.35714898970165,0.888333333333321,0.854257047718738,1737
TB,vru,0.0309975722252347,0.581204479223151,2.01035513021797,2.74486793748709,5.16666666666667,0.982667380032153,1737
BR,vru,0.141687673405096,2.65664387634554,3.37539369747101,6.0386901624051,4.22333333333333,5.50476969259947,1737
vru,RT,2.68630402019526,0.143269547743747,2.75119698777637,3.0543124419301,2.05499999999999,7.80207901216915,1737
vru,RT,0.981953667999644,0.0523708622933143,6.60637047886036,6.75352291628036,5.22166666666672,3.2118517795713,1737
RT,vru,0.12187139693019,2.28508869244106,6.46700607591088,8.6134520686989,7.5,7.79720963817135,1738
vru,BR,1.3533448586608,0.0721783924619094,4.58646932147019,5.18050028115661,7.39166666666667,7.80479357659514,1738
BR,vru,0.0838487403725147,1.57216388198465,3.64064742192505,7.36024787455099,7.22166666666665,7.91198777000725,1738
RB,vru,0.0765475174630314,1.43526595243184,4.66568567758445,4.94644606326947,3.66833333333331,7.86621941908469,1738
RT,vru,0.0892536329317861,1.67350561747099,6.27745838200629,6.7503965456617,5.38833333333334,3.70979781903818,1738
BR,vru,0.12629182019125,2.36797162858594,3.82602378118327,5.93817659887306,2.94500000000001,5.52564731946015,1738
vru,BL,8.44178475563538,0.450228520300553,1.68984757653644,2.42262893864851,1.05666666666669,1.49094932385853,1738
vru,BR,9.00727370262608,0.480387930806724,3.64136325157727,5.57789543811806,0.776666666666642,5.50182507943317,1738
vru,BT,5.69988777097689,0.303994014452101,4.36737364377532,7.03663771541711,6.7766666666667,8.48389107111973,1738
BR,vru,0.112147927298319,2.10277363684349,3.65013400272883,4.96959731412085,4.32166666666665,5.88087122696295,1739
TR,vru,0.22461069458888,4.2114505235415,2.92054659056762,3.89302046971143,1,6.20239493672001,1739
RT,vru,0.324918404158584,6.09222007797344,4.42887427984293,6.53361060063379,1.88833333333338,3.49185826350363,1739
RT,vru,0.281368202690048,5.27565380043839,4.56062071705311,3.76928020823248,2.38999999999999,7.80399714162874,1739
vru,RT,5.09791938418873,0.271889033823399,5.95775894846794,6.92671406570412,5.5,7.08790311744923,1739
vru,TR,6.30438015136019,0.336233608072544,4.87037269986838,6.30183302122085,3.11000000000001,4.8676877082363,1740
TR,vru,0.179221846645791,3.36040962460858,4.59065619771874,6.3462206540417,3.38999999999999,7.65425225341399,1740
BR,vru,0.0870038050714686,1.63132134509004,5.96203131713707,7.26740835145397,6.66666666666667,7.93469026116183,1740
vru,LR,3.22656533279856,0.172083484415923,2.13307669371103,2.46197006945605,4.88833333333338,7.34865031390284,1740
vru,BR,2.47274424998176,0.131879693332361,2.69344289926782,6.56523891966047,4.225,6.34314425620261,1740
RB,vru,0.184327860099672,3.45614737686884,1.90223508735153,3.36597783559817,1.33499999999999,2.59462364321099,1740
RB,vru,0.0717674352475372,1.34563941089132,3.30679674923222,2.48010933116567,1.33333333333333,0.249638756317999,1740
RB,vru,0.0650038789841787,1.21882273095335,3.64311584842314,4.32976337723737,3.11000000000004,6.73079963524716,1740
TR,vru,0.222530393544988,4.17244487896853,4.93400529061067,6.89906900494669,4.83333333333333,9.72399783634041,1740
vru,BR,2.37750441911912,0.126800235686353,4.17820524144407,5.50498813517374,2.05499999999999,6.72569651395199,1740
vru,BR,3.11661557116357,0.166219497128724,3.30855327204997,8.75919200025593,5.83499999999999,6.06765374551654,1740
vru,BR,2.64073196180367,0.140839037962862,5.153474831652,8.17191831486851,7.94500000000001,7.88937693922772,1741
RB,vru,0.129204425117583,2.42258297095468,2.67296497549683,2.97577028215515,3.16666666666667,4.20857856191426,1741
RB,vru,0.0462926799648768,0.867987749341439,2.91488570348581,2.77064202358671,5.11333333333335,1.4932536999246,1742
BR,vru,0.200443767102856,3.75832063317855,3.36430552910141,7.61614159722611,2.55666666666669,9.85564723953929,1742
RB,vru,0.09634276495081,1.80642684282769,2.22025143387339,2.77461774315705,1.66666666666667,6.81047124651036,1742
BR,vru,0.0753590951714793,1.41298303446524,7.21233859244812,9.10325201670882,7.94666666666668,6.1298166868384,1742
RB,vru,0.130477244563032,2.44644833555685,6.2522066601129,9.02001131406377,4.72166666666665,7.89917212202133,1742
BR,vru,0.092236489511179,1.72943417833461,7.23196133938734,8.0584460854559,7.27666666666664,8.88886518899,1742
vru,BR,2.62060243562026,0.139765463233081,1.83563596647048,4.27053530607421,2.44333333333337,8.76156826538273,1743
BR,vru,0.121503144045874,2.27818395086014,3.45932763698218,5.42770472287944,3.16666666666667,7.88785183291655,1743
RB,vru,0.082194189003398,1.54114104381371,11.9115866442732,8.58150145775965,6.8,8.99059413782989,1743
BR,vru,0.104452672027949,1.95848760052404,2.48269163849675,2.97419720920196,2.22166666666665,1.48573841481583,1744
BR,vru,0.148993229062461,2.79362304492114,5.77068436458931,8.72741009322106,5.27666666666667,7.15836765382668,1744
vru,RB,1.61356125831975,0.08605660044372,4.8775316264235,4.52772861078675,6.94333333333334,9.73857232976029,1744
TR,vru,0.572176126093228,10.728302364248,3.90433063705097,4.76997245808403,2.55666666666666,3.01801716638303,1744
vru,TB,4.07039251293138,0.217087600689674,2.99856510602949,5.05935007508462,1.39000000000002,6.04006575481997,1745
RB,vru,0.0708534446659069,1.32850208748575,4.1259353044806,4.31550985689481,3,5.66258306660145,1745
vru,TB,4.85879033215254,0.259135484381469,3.26628052940528,3.81783886269815,5.88833333333334,8.81129108358593,1745
vru,BR,5.02241074978968,0.26786190665545,1.6404674456979,4.38915383335482,1.38833333333332,5.47544082017133,1746
vru,BR,2.83147519854528,0.151012010589082,3.08413756586682,9.31577357069964,6.05500000000002,5.25255894689401,1746
BR,vru,0.180032621264611,3.37561164871145,2.80511868743239,3.44590470119667,1.83333333333333,2.71261035671707,1746
vru,TR,1.78282788890618,0.0950841540749962,5.51519453878827,7.32783423822984,3.66666666666667,7.80116608802074,1746
RB,vru,0.100688667496374,1.88791251555701,3.31824489840513,4.19878682948689,8.39166666666667,7.69804040233891,1746
RB,vru,0.0753768100362126,1.41331518817899,3.40721639474242,3.13907216897048,1.61166666666665,0.497750307800575,1746
RT,vru,0.107380010598741,2.01337519872639,3.88869831552828,4.62067377912915,6.44500000000001,6.74201865922175,1746
RB,vru,0.0654996454706124,1.22811835257398,13.970056260086,3.96859727346574,4.335,0.0684817012640753,1747
RB,vru,0.133662955484829,2.50618041534054,0.719606071086002,2.22738307026741,3.38833333333332,0.83246666935179,1747
vru,TB,1.50708452203921,0.0803778411754243,3.94327873744683,4.13305100396104,7.5,9.51430787440836,1747
RB,vru,0.122064659352664,2.28871236286246,2.20905280932756,4.17381393788982,2.77833333333334,0.35763556841563,1747
vru,RT,0.533854505554815,0.0284722402962568,3.81030665787172,5.75104375759195,4.27666666666666,1.82320193384299,1748
vru,BR,1.76898456886454,0.0943458436727753,1.35762798979801,2.48617886714321,3.38833333333332,2.01747685406497,1748
RB,vru,0.106910070154072,2.00456381538885,3.72655733254754,4.8774072644951,3.16666666666667,6.94743938695984,1748
BR,vru,0.140414869166893,2.63277879687924,3.97532689508701,8.73164741148531,5.72166666666665,5.42483389526823,1748
RB,vru,0.0833707204573224,1.5632010085748,3.20971246534038,2.92257033059643,1.61166666666668,4.53952589327805,1748
vru,LR,3.54412257554514,0.189019870695741,5.14766521710452,5.46112039501699,5.835,6.55949014148657,1749
RB,vru,0.070900874503127,1.32939139693363,4.29614333738956,4.40053955654819,2.94333333333332,5.32348055870846,1749
RT,vru,0.0391204142289617,0.733507766793032,4.66398751285151,5.15544226123158,3.77666666666664,4.43509333648554,1749
RT,vru,0.059663243557717,1.11868581670719,7.31150658827732,8.38614245500581,5.16666666666667,6.93424538550386,1749
RB,vru,0.0794945473251442,1.49052276234645,3.40647924697215,3.72905509713323,2,5.95673507122803,1749
vru,LR,6.98612326503947,0.372593240802105,1.42203412229976,1.9668113408829,1.38833333333332,0.0152586112481835,1751
RB,vru,0.0633012082916412,1.18689765546827,2.27116529055711,7.26659573696293,4.05666666666663,0.757657182650514,1751
RB,vru,0.115014740413296,2.15652638274929,5.69123646727156,6.17032194297474,3.89,1.12715379265557,1751
BR,vru,0.069494905320261,1.30302947475489,9.3842723196569,9.4335978289306,6.16666666666667,7.75749309897157,1752
RB,vru,0.0613811877568721,1.15089727044135,4.77063331099689,4.90998646522989,3.27833333333328,7.3462772878429,1752
RB,vru,0.0928915785887763,1.74171709853955,1.79316039672156,1.97629568195055,3.27833333333335,0.325753527891495,1753
vru,RB,1.71261860578121,0.0913396589749978,1.82619429612485,2.23256724509561,2.5,8.78988092424377,1753
RB,vru,0.0727946560256951,1.36489980048178,3.57080157151691,3.2319562201203,2.39000000000002,5.86303245620062,1753
RB,vru,0.119577087499997,2.24207039062493,3.44911939315185,3.82684525413377,5.44333333333337,7.85332697385423,1754
RB,vru,0.148133860256107,2.77750987980201,8.97936770823541,7.88631447835727,3,1.3798600977075,1754
RB,vru,0.136602938498297,2.56130509684307,10.3511684521335,8.21880211137032,3.10999999999998,2.09466655092787,1754
RT,vru,0.177411673042601,3.32646886954876,5.6087428660493,6.80993085758184,5.11166666666668,6.56671356237047,1754
vru,BR,1.13540001903246,0.060554667681731,6.20997828978166,6.76004245781811,6.31166666666665,4.42438001808428,1754
BR,vru,0.0800214027585065,1.500401301722,5.248974523806,7.16691669685026,4.66666666666667,4.7890977185695,1754
RB,vru,0.163088976776678,3.0579183145627,4.0861295324891,5.80997021178163,1.94499999999995,3.58875155243171,1754
BR,vru,0.1174692347667,2.20254815187562,7.67263871358962,9.70178570649385,9.11166666666666,9.47766430083619,1755
RB,vru,0.0891336230456066,1.67125543210512,3.42331288824171,3.45381781497967,4.10999999999999,5.07123758940946,1755
vru,RB,1.01395188264944,0.0540774337413033,3.10254314767474,6.64200261475452,4.61000000000001,5.26515390518061,1756
vru,BR,1.34183583088926,0.0715645776474274,6.65330283736421,9.4197124676001,9.39,8.82109800383552,1757
vru,TB,2.29951495194104,0.122640797436855,2.45954938151344,3.10827940484278,6.61166666666665,9.07685802743398,1757
vru,BR,2.45305988696409,0.130829860638085,6.47399765557415,9.07591834956873,5.16666666666667,6.74462506942787,1759
vru,BR,7.4510836215419,0.397391126482235,3.06958156667585,5.16704768190201,2.5,3.66403011648731,1759
RT,vru,0.393877241442102,7.38519827703941,3.21729347546285,5.17390751052726,4.66666666666667,2.5412560824752,1759
RB,vru,0.112454909900572,2.10852956063572,9.45433238784422,7.43458551446696,2.16666666666667,7.58775893204724,1761
vru,RT,1.87962096474912,0.100246451453287,5.71582093104482,6.20222500131089,6.06833333333334,4.81643253063923,1791
RB,vru,0.270947004803616,5.08025634006781,1.79360301810137,2.22455494789591,2.445,3.26012165145945,1793
vru,BR,2.81733699248714,0.150257972932648,7.60771226478823,9.06119975538763,5.77833333333335,6.76978352498819,1793
LR,vru,0.18598231184184,3.48716834703451,6.33343867495041,8.50432394839652,5,7.52198981094435,1794
vru,BR,3.04647243910983,0.162478530085858,6.04565316182265,9.08766101418852,4.725,5.12526681285785,1794
TR,vru,0.152403501800018,2.85756565875033,3.43857454269893,3.91767932904954,1.5,2.03798289615448,1794
BR,vru,0.417215138618685,1.04303784654671,3.43349071426254,3.53680683842975,2.72333333333333,6.10311695121576,1795
vru,BR,1.87147904514649,0.099812215741146,4.92731557353784,7.81216790222946,5.72166666666665,7.96235501089913,1795
vru,BR,2.19344561799365,0.116983766292995,6.50261756904835,8.30373993635531,9.44666666666665,5.98952201850631,1796
RT,vru,0.0955051010121158,1.79072064397717,3.8439086082005,5.44494764006731,8.06666666666667,4.87257131282357,1797
vru,BR,3.30006426595319,0.176003427517504,3.75301056925169,6.97081155977082,3.83333333333333,6.72747546917264,1798
vru,BR,1.96546934900735,0.104825031947059,4.47092825920417,6.67492437593182,3.72166666666672,5.36796928887695,1798
RT,vru,0.0866018620923011,1.62378491423064,3.83533687972935,4.92368867986741,4.5,5.11456810071235,1798
BT,vru,0.40621870132631,7.61660064986831,8.95004466343685,4.49727257037074,1.26666666666667,1.59478151474427,1800
BR,vru,0.0630911656373798,1.18295935570087,9.664157388491,9.60167901838747,5.44333333333331,7.22053600917783,1801
vru,LR,3.94475336247958,0.210386845998911,4.20417570948138,3.43193485465313,1.72166666666665,9.50220876260322,1801
BR,vru,0.0237414967101224,0.445153063314796,8.22712229192416,9.92343982167687,4.44499999999998,7.3275004647004,1801
vru,TR,3.08034805093769,0.164285229383344,3.99048872044851,5.46995715412533,2,3.09561427914834,1801
BR,vru,0.0322492050322475,0.60467259435464,7.38085703058525,9.9344015321023,4.94500000000001,9.36727038100239,1802
RB,vru,0.0566790490504218,1.06273216969541,3.5707644855524,3.55255161504956,2.61166666666668,6.0637527040828,1802
vru,BR,2.77768970972035,0.148143451185086,1.68756690505428,2.07737348445442,4.55499999999999,3.89179554513919,1804
TR,vru,0.169930746618363,3.18620149909431,5.53380100910346,7.55173101190917,3.39000000000002,5.70579828524206,1804
RB,vru,0.0768663943186054,1.44124489347385,3.30083622160497,5.3903718171136,4.33666666666666,8.9429173053836,1805
RB,vru,0.0472825122289827,0.886547104293426,3.40326572353433,3.70311711751231,3.66666666666667,1.50556748512671,1805
TR,vru,0.170861852711182,3.20365973833467,3.51802391949072,5.45676908744162,2.055,2.83379663979069,1805
BR,vru,0.0946351032888175,1.77440818666533,2.03194324811219,2.33852614331639,3.66666666666667,7.3196501999182,1806
vru,RB,0.968072772901933,0.0516305478881031,3.17232751826647,3.81498566443702,3.33333333333333,1.39180589260637,1806
RB,vru,0.0708982121209286,1.32934147726741,8.62439028123007,7.35611449620752,4.5,1.22203650722118,1807
RB,vru,0.105964833089706,1.98684062043198,1.83905944125163,2.0100660007344,6.445,1.51960402164611,1808
RB,vru,0.179418688288616,3.36410040541155,2.73815332840365,4.22439698999871,2.94333333333331,9.71184350636377,1808
vru,RB,1.6038496932683,0.0855386503076429,4.91810559711238,5.69266507369405,4.22333333333336,2.1043831368988,1808
BR,vru,0.0947835661050976,1.77719186447058,4.4496005938429,7.20465021382933,6.05500000000002,6.93155661967521,1809
BR,vru,0.116951487201909,2.19284038503579,6.40490371556429,8.2496929548489,6.72166666666668,7.60578049054523,1809
vru,TB,7.20720824377842,0.384384439668183,3.83718567747635,5.33680201113898,1.16666666666667,2.05078542547206,1809
vru,TB,7.10055964440533,0.378696514368284,5.16156008238651,6.77777188760239,1.72166666666672,2.85536561815434,1809
vru,BR,6.4056010297531,0.341632054920165,5.29051426425178,7.95554604758548,3.38833333333332,8.62102900316235,1809
RB,vru,0.0780133235583582,1.46274981671922,1.90125705886925,9.09068598851816,4.44500000000001,0.905161754474853,1810
RB,vru,0.118676415603355,2.22518279256291,5.48254970989851,6.15101383885493,9.11166666666662,9.72140806561023,1810
BR,vru,0.217457476455502,4.07732768354066,4.76649623429947,7.9487107187113,3.83333333333333,8.80753179883134,1810
RB,vru,0.0764884482365449,1.43415840443522,3.83637199592185,4.18256159642706,2.83333333333333,6.13844863756996,1810
RB,vru,0.138315985675829,2.59342473142179,5.64766113596624,8.79446804545507,3.38833333333332,4.49367529858178,1810
RB,vru,0.0756626737763575,1.4186751333067,3.86320476681326,3.88605003822336,2.11000000000004,8.37013039351191,1811
RB,vru,0.082717113105582,1.55094587072966,2.3915602054876,4.40590616144436,3.7766666666667,0.0696836478162948,1812
RB,vru,0.0723650360440228,1.35684442582543,3.69819732363101,3.99710654623539,6.16666666666667,8.14328627285782,1812
BR,vru,0.101675553606901,1.9064166301294,7.05995151748658,7.96613027471431,8.88999999999999,6.75970835248012,1813
vru,BR,1.50323792397763,0.0801726892788071,7.90334429033948,8.60009373569128,7.66833333333332,7.41446760643822,1813
RT,vru,0.202823070909759,3.80293257955799,4.38198460146716,7.45446184560697,3.94500000000001,8.03290236632207,1814
vru,BR,3.30472492480433,0.176251995989564,6.65506310061346,9.39058966855594,5.055,8.50324570783571,1814
RB,vru,0.0681452192452528,1.27772286084849,4.55972414683447,6.08132243168614,5.11166666666668,4.20859711313057,1814
RB,vru,0.0931789597711504,1.74710549570907,4.26517585206255,5.82083474178508,2.38999999999996,9.43319219066628,1814
vru,TR,2.84175985337482,0.151560525513324,3.11095801310204,5.4198035466489,2.55500000000002,2.02537958318339,1815
RB,vru,0.0568428472516481,1.0658033859684,7.40233398328442,8.85178742627531,8.05833333333333,8.83612772008453,1816
BR,vru,0.143480509038496,2.6902595444718,6.53752956377382,7.77298562402381,4.66666666666667,5.48740714492913,1816
BR,vru,0.113283346832906,2.12406275311699,4.30381895193021,4.76664316297647,9.055,5.87825818568584,1817
RB,vru,0.0681690747959847,1.27817015242471,5.85570239519231,9.61314175528904,7.94500000000001,9.85543565062551,1817
vru,RB,0.845987827415723,0.0451193507955053,9.03625899723091,9.98258200364444,7.77833333333335,7.89390665740024,1817
RB,vru,0.0376074893449625,0.705140425218047,9.40673803423381,9.73855865034975,9.72333333333336,7.57426491633628,1817
BR,vru,0.240055449172678,4.50103967198771,4.17003044262314,6.81421766953602,4.16666666666667,8.05686113594031,1817
RB,vru,0.0517101046357841,0.969564461920953,8.13600870713701,8.22923530541618,4.88833333333335,8.43079860984344,1817
vru,BR,1.92201526045229,0.102507480557455,5.93454791315109,7.55768724726824,4.05666666666669,6.35689385726529,1817
RB,vru,0.111660606746518,2.09363637649721,4.24260032418431,6.6481801651273,4.2766666666667,1.45664434837878,1819
RB,vru,0.0194819973742678,1.70467477024844,9.11088326338025,9.42483078521947,6.27833333333335,7.4233823687271,1819
RT,vru,0.0561197905189913,1.05224607223109,4.98792664422642,7.10281531899099,9.33333333333333,7.00461401332836,1819
TR,vru,0.0796269342422177,1.49300501704158,4.38751125764302,5.61885133008421,7.22333333333333,9.36522530302751,1820
RB,vru,0.0739297084740292,1.38618203388805,4.01694446302728,5.75269174279324,3.05499999999999,7.46491763187287,1821
RB,vru,0.0951267470775791,1.78362650770461,4.93160048943438,5.44274281985372,5.33333333333333,9.15423984499317,1821
BR,vru,0.141172405996064,2.6469826124262,3.8029837252681,5.12425390073755,4.83500000000001,8.51472804224036,1821
vru,BR,1.99394754445288,0.106343869037487,6.64172061080511,8.34825641474876,5.60999999999998,6.29241294415386,1822
RB,vru,0.055536972125858,1.04131822735984,5.85983450952154,5.93208949162718,5.33333333333333,5.78115860915606,1822
RB,vru,0.098548572340717,1.84778573138844,4.52425318786124,5.53988510959051,5.66833333333331,7.63012403199945,1822
vru,RB,1.20341799177804,0.064182292894829,2.48398764378966,7.63689293862368,5.44500000000001,1.55093450432164,1822
RB,vru,0.139112373195164,2.60835699740932,7.08762515551306,9.73395001649649,4.83333333333333,8.77447120728572,1823
vru,LR,2.09931643958426,0.111963543444494,3.59895448469077,5.28771771656284,2.89,7.11424331366906,1824
RB,vru,0.0389096485626125,0.729555910548985,4.10614495218075,3.78887173962434,3.16833333333331,7.0608557275939,1824
RB,vru,0.047822957089693,0.896680445431744,4.50203898809609,4.38844999501037,8.89000000000002,5.5468426204771,1824
vru,BR,3.02210517583442,0.161178942711169,5.71879265967169,7.6082265658417,4.22166666666665,6.24799233441617,1824
RB,vru,0.120152111361108,2.25285208802077,3.56003908898455,6.73029344481639,2.22166666666665,4.89459019212495,1825
RB,vru,0.0775916351888815,1.45484315979153,2.57721624206237,3.24426158927681,5.5,7.27894345550048,1825
RB,vru,0.109123831201881,2.04607183503527,3.79745702518503,3.76234012211204,1.61000000000004,0.671302545570182,1825
RB,vru,0.0999185006538309,1.87347188725933,3.00958906189276,3.61918434677009,1.72166666666665,6.88871433987693,1825
vru,BR,3.08093083269278,0.164316311076948,4.11185224651749,5.09711967005301,7.33333333333333,6.08370891250427,1826
BR,vru,0.0863144608969883,1.61839614181853,3.78759242435423,6.92855676849677,5.5,6.44278066908619,1826
BR,vru,0.135410727177712,2.5389511345821,6.0887504618344,8.12916923134634,6.83333333333333,5.78651094590003,1826
vru,RB,1.02477386552153,0.0546546061611483,2.6103718603692,2.19413316822699,2.27833333333332,0.433306463094509,1826
RB,vru,0.0762666822575726,1.43000029232949,4.41927591929155,4.52241340786099,5,7.1316611185576,1826
vru,RB,0.945641207810687,0.0504341977499033,7.34134264748691,7.90003736987632,6.555,5.25254688602975,1826
RB,vru,0.110144089293664,2.0652016742562,6.6906016249626,7.20618246037743,4.55499999999999,6.11372778848866,1826
RB,vru,0.0814678751908637,1.52752265982869,9.5012849705282,9.61991958567539,9.39000000000001,5.69754443595152,1826
RB,vru,0.0676712458745858,1.26883586014848,6.3455854989166,7.18064723451559,4.22166666666667,6.26085927627238,1826
RB,vru,0.101165251330686,1.89684846245036,3.71903219020089,5.64099349509998,3.055,6.77524631142836,1826
vru,RL,4.8772424488939,0.260119597274341,8.69629612412951,9.40637653922551,4.61166666666668,9.36288622538608,1827
vru,RT,1.82560313991312,0.0973655007953665,4.65183161186305,6.74834917698191,5.63333333333333,6.69500324761638,1827
RB,vru,0.0469881897380054,0.881028557587602,2.22316949132444,2.19304084344748,2.72166666666667,4.24601289225784,1827
vru,RT,1.5020355024988,0.0801085601332691,3.88026605836729,5.04965454305224,5.72333333333336,3.56856495272422,1827
RT,vru,0.0945564091557871,1.77293267167101,8.69328488672776,5.83673975531477,8.00166666666664,7.44794511373242,1827
vru,BR,2.10343213387548,0.112183047140026,2.55912726386483,3.90922840369415,4.16833333333331,4.38401448696996,1828
RB,vru,0.0404289793617058,0.758043363031983,3.69152511969977,4.22421414211421,5.55666666666663,6.43354965744251,1828
BR,vru,0.0629610332385506,1.18051937322282,5.68268816951872,6.73277726880113,5.38999999999999,6.39764261812822,1828
RT,vru,0.108314306747061,2.0308932515074,3.69069555711203,4.08593730769427,2.33333333333333,9.59093112124328,1828
BR,vru,0.0569660905833003,1.06811419843688,1.74044147818856,2.06652811226765,3.66666666666667,0.0107617354379464,1828
TB,vru,0.0637035805644297,1.19444213558306,2.39250940399155,4.81882083676537,4.33333333333333,1.37571946907888,1828
RB,vru,0.0540756293431131,1.01391805018337,4.80512716991173,4.82520702311228,7.61333333333338,6.87384378683725,1829
RB,vru,0.100100799905425,1.87688999822672,4.35424496187982,4.36265239087764,2.66666666666667,6.2825754754165,1829
RB,vru,0.105224519459395,1.97295973986365,3.20008267111943,4.63055117840789,2.22166666666667,7.21560229247293,1829
vru,BR,1.86688184974878,0.0995670319866014,5.86117362004326,8.85431983179653,6.72333333333336,7.05053878050362,1829
vru,BR,1.6290777697624,0.0868841477206616,3.50594340696195,7.68040734669258,4.16666666666667,6.58228755041987,1830
BR,vru,0.134212352635187,2.51648161190975,4.75191006087758,7.98917997460182,4.94666666666667,6.61279221944726,1830
BR,vru,0.106740655817012,2.00138729656898,8.32254694099992,9.53766803993622,2.72166666666667,8.79137721312862,1830
vru,RT,2.62026232617026,0.139747324062414,2.40052105298643,2.74916373089139,1.61166666666665,1.38126390333727,1830
vru,LR,7.24176377649407,0.386227401413017,3.0905985618072,3.71032115995367,2.27833333333335,5.66292398462548,1831
RB,vru,0.0821455765565328,1.54022956043499,2.05980804174024,1.94724365515659,1.38833333333332,0.2654386638283,1831
vru,BR,1.65404159669186,0.0882155518235659,4.91080465481236,6.34932916225232,7.05666666666667,8.34778378898259,1831
RT,vru,0.0676386937526326,1.26822550786186,3.59130443390236,4.59475399559096,4.27833333333335,3.9840512472284,1831
BR,vru,0.0665645027392632,1.24808442636118,4.58016030837477,7.43295284123404,6.05666666666667,6.51993078359434,1832
vru,TB,1.67136264691538,0.0891393411688204,1.87397119527682,2.07437765291739,5.22166666666665,6.99280446051231,1832
vru,TB,1.69195945502467,0.0902378376013159,2.31683908489792,2.68599795600448,4.77833333333335,4.19446382062215,1832
RT,vru,0.156623333954211,2.93668751164146,2.06007605970833,6.70373990712525,4.22166666666665,6.64509564398481,1832
BR,vru,0.148868048767023,2.79127591438169,4.24990141741019,6.16240339549369,3.66666666666667,4.43106916699824,1832
RB,vru,0.0354518425542317,0.664722047891844,2.39139217073699,2.97090959930215,8,2.66113855845974,1833
RB,vru,0.158934496526598,2.98002180987371,6.23581391763644,8.26753397461684,5.10999999999998,5.23744960976727,1833
RT,vru,0.161737033674555,3.0325693813979,4.73597591805598,6.69777173690502,4.88999999999999,6.76368396908827,1833
vru,LR,3.17174891756033,0.169159942269884,2.357497173532,2.64271625027317,1.39000000000002,6.58677760653521,1833
vru,TR,3.37638419695027,0.180073823837348,4.16953233152162,6.10451472493159,3.94499999999995,4.77111373704121,1833
RT,vru,0.198694389912611,3.72551981086145,6.13326093024435,4.48809040674861,4.31000000000004,4.4924957104896,1833
vru,RB,2.45295480831507,0.13082425644347,2.0163253110351,3.342987293693,1.16666666666667,0.0474393189113718,1834
TB,vru,0.0523512599396572,0.981586123868572,4.11132037178308,4.17730423852811,4.22166666666665,6.00715827302488,1834
TB,vru,0.0498728574963389,0.935116078056354,3.83005051767471,3.86426730196138,5.72333333333334,5.35195962050461,1834
BR,vru,0.0894984756555017,1.67809641854066,3.86906467979295,6.0416806910923,7,9.70896295799728,1835
RB,vru,0.179547457160899,3.36651482176687,3.74056844905778,3.81325597333275,6.05833333333333,7.72567760434289,1835
BR,vru,0.0699413711827732,1.311400709677,2.28713491289835,2.41908431456276,4.27666666666666,5.08120077489688,1835
BR,vru,0.0860171226834189,1.6128210503141,5.27799181907489,6.43768717794167,5.2233333333333,6.53578671007085,1835
RT,vru,0.0925605034086753,1.73550943891266,4.75450420584365,5.25603306602968,5.22166666666665,6.73190480957795,1836
RB,vru,0.0124799353408893,0.233998787641675,3.76484847731319,4.65162691095458,5.11166666666665,9.06559913167759,1836
BT,vru,0.110461751030453,2.07115783182099,4.88012407832062,7.96281983521238,5.22166666666665,8.54640074645237,1836
vru,TB,2.89689096372389,0.154500851398607,3.89377988247165,4.27956238870488,7.05500000000002,8.61234706432709,1836
BR,vru,0.131050329961419,2.4571936867766,3.9826217619222,5.3197426851655,2.22333333333333,5.42040272249542,1836
vru,BR,2.22444094737232,0.118636850526524,5.57827078496349,8.08017876775274,9.22166666666666,6.74613164617539,1837
BR,vru,0.142462644392213,2.67117458235399,5.57423380306196,7.0835762888972,6,5.78612011280348,1837
LR,vru,0.273044281593256,5.11958027987355,11.943626709316,2.41844330659269,2.66666666666667,6.14766941886096,1837
vru,BR,2.14869541762645,0.114597088940077,5.62972063104382,7.29637805551727,5.44666666666672,4.31168135821502,1837
vru,BR,1.49742508403525,0.0798626711485469,6.27912646021187,7.27966989039178,7.00166666666664,3.68857928249293,1837
RB,vru,0.0708321698755886,1.32810318516729,2.84895277644584,2.98896242080438,4.5,7.22017043404314,1837
RB,vru,0.0767697005701373,1.43943188569008,1.94628100577724,2.10274520709126,5.22333333333333,0.827236518411627,1837
RB,vru,0.148473219189411,2.78387285980145,6.53836609161752,9.8081715397696,4.27833333333335,7.86887106290144,1837
RB,vru,0.0640098809938958,1.20018526863555,3.17489003657295,3.29649232654417,2.66833333333331,5.73666049986955,1837
RB,vru,0.0994627207104708,1.86492601332133,3.33791822058906,3.40633962566312,1.55833333333333,7.64343834902743,1838
RB,vru,0.120163885728421,2.25307285740789,5.03208546596304,6.60505444431803,3.22166666666665,5.38989506369038,1838
RB,vru,0.0600585168433139,1.12609719081214,4.4733507964116,4.4665049284947,6.33500000000001,5.8042199271818,1838
RB,vru,0.0582249468846167,1.09171775408656,4.35650661738177,4.31151319230811,4.88999999999999,6.18919362303805,1838
RB,vru,0.0842995594420051,1.58061673953759,2.93633302557798,3.04143436455355,2.11166666666665,7.84072967105294,1838
vru,BR,2.19841839849872,0.117248981253265,5.94347286939936,7.05413692065525,4.11166666666668,6.72575538813791,1839
TR,vru,0.182306603954004,3.41824882413758,8.60826290776816,9.39933882418534,5.44333333333331,6.57942460367461,1839
RB,vru,0.0715452190732117,1.34147285762272,3.15117652109311,3.35199336906448,7.83333333333333,8.9214568865815,1840
vru,BR,1.18491203466617,0.0631953085155289,7.08124128323255,8.62009379471571,6.83333333333333,7.47955558560056,1840
vru,BR,2.12154577077864,0.113149107774861,5.72481955250422,7.2094485958144,7.10999999999998,6.18960416888275,1840
RB,vru,0.116400436706742,2.18250818825141,4.41315518780602,4.61615573888507,1.72166666666667,8.77968390293484,1841
RB,vru,0.178259169007092,3.34235941888298,3.56775717195262,4.06090877824786,3.27833333333335,3.56785602168044,1841
RB,vru,0.0650672841368683,1.22001157756628,2.81358164991822,3.41539384607066,2.33333333333333,0.400025633981178,1841
TR,vru,0.0956385324216152,1.79322248290528,1.60399790728162,2.37785183310584,5.83500000000001,7.73808488345482,1841
TR,vru,0.140171725087363,2.62821984538806,1.40093403555798,4.65522600941059,2.16666666666667,0.655760521516458,1841
vru,TR,2.22442515898503,0.118636008479202,6.08026899270009,6.70399681829794,5.61333333333332,5.75570693843452,1841
RB,vru,0.108738322745903,2.03884355148567,3.15295733331084,3.76898273462957,1.55499999999999,6.85099845119732,1841
RB,vru,0.114315647059074,2.14341838235763,2.06889389527155,2.22334041235096,2.66666666666667,2.721506635659,1842
vru,RB,1.92892187921773,0.102875833558279,4.60126981136403,4.39139164362263,1.5,4.51916469839969,1842
TR,vru,0.126658209517172,2.37484142844697,2.14781031859422,3.72595774435167,1.77833333333335,3.08078618295337,1842
vru,RT,1.61501600578166,0.0861341869750218,2.20146523820851,2.11353848918093,7.6,2.87729277851019,1843
BR,vru,0.109364043894411,2.05057582302021,5.01814498890787,5.84414915364266,5.50166666666667,9.37538832703499,1843
RB,vru,0.0668595914580993,1.25361733983936,3.02638255265682,4.50511036759756,3.27833333333335,0.990500010172185,1843
RB,vru,0.0654557765870404,1.22729581100701,2.41588299929352,3.98730312113063,3.05499999999999,0.560140105075805,1843
RB,vru,0.326962341848599,6.13054390966122,8.26398597322152,9.14011499460759,4.16833333333334,6.45356174964915,1843
RT,vru,0.207630009575636,3.89306267954317,6.64544054555026,9.21485345677478,4.44333333333334,5.36876027543656,1843
vru,LR,2.88564576907866,0.153901107684195,5.76242548030035,6.3977826751273,6.88833333333335,9.92277834877254,1843
RB,vru,0.047656402140024,0.893557540125451,4.36378994301629,4.58592930266124,9,4.32500658197764,1844
RB,vru,0.0626156722552584,1.17404385478609,5.0168950148491,5.03987317781928,6.27833333333335,6.31813318908661,1844
vru,RB,2.01124273222128,0.107266279051802,6.23889520905768,5.78783710183271,2.10999999999998,8.06775265848297,1844
vru,BR,2.67473799932189,0.142652693297168,6.54186732426474,8.87941629357453,4.05666666666666,4.38006216809009,1844
vru,BR,2.45100290084399,0.130720154711679,2.03598105952566,3.84382144673099,1.66666666666667,3.24341151084276,1844
RB,vru,0.200885522303045,3.7666035431821,2.53947483949122,3.17360840111872,3.27833333333333,2.23809138746109,1845
RB,vru,0.0468419995097925,0.878287490808609,5.73693445253609,5.95174436181286,8.44500000000001,6.46134492765397,1845
RB,vru,0.0696270523750473,1.30550723203214,4.62033669295349,5.01242995604723,3.66666666666666,7.35258522892308,1845
BR,vru,0.184291372857833,3.45546324108437,5.81359454244677,6.69934160494137,4.22166666666672,5.98519121888586,1845
vru,TB,2.65557990962306,0.14163092851323,6.76428384221842,7.77652565469793,7.55833333333333,9.60869848563171,1845
vru,RB,2.22298977063652,0.118559454433948,6.38148091895024,6.95957216060349,3.445,2.15624807621775,1846
vru,BR,3.05046730959774,0.162691589845213,2.77414821992692,4.80657337318082,3.16666666666667,6.29594030650565,1846
vru,BR,3.62894771234889,0.193543877991941,2.82305455473921,7.35515949272678,4.66666666666667,5.5050009629851,1846
vru,RB,6.25264887521047,0.333474606677892,4.68793946979612,5.18444109502398,3.27833333333328,6.24866173247224,1847
vru,BR,3.90845953754219,0.208451175335584,5.19847004126497,5.72911884495635,3.16666666666667,3.60404657657233,1847
RB,vru,0.0593352095074088,1.11253517826391,4.77916482944527,5.36476121624602,3.10999999999998,8.76064016414055,1848
vru,BR,1.31645735911717,0.0702110591529156,7.49585927446099,9.01707461883698,8.38833333333332,8.63673138923502,1848
RB,vru,0.106024709964897,1.98796331184182,6.03012800894246,8.02342103350426,4.38833333333335,6.83585804633477,1848
vru,BR,2.65562669027595,0.141633423481384,3.05293439287897,7.98319712921239,4.61166666666665,4.96962839999364,1849
TR,vru,0.132992086631377,2.49360162433832,3.07154169207492,4.5583810630747,2.05499999999999,9.6349906144344,1849
vru,RB,0.944888710279482,0.050394064548239,3.4722909252657,4.21064934364274,3.44500000000001,1.31646024411992,1849
BR,vru,0.155712551036392,2.91961033193235,3.61285654518251,7.25070571961634,4.61166666666668,7.34869741064521,1849
BR,vru,0.126608126464791,2.37390237121483,2.09654015024556,4.59236817042133,2.39166666666667,1.66783103740146,1850
BR,vru,0.0887064021902893,1.66324504106792,0.813598112966046,2.71134001166079,1.5,0.566073647178881,1850
RT,vru,0.0884877570123396,1.65914544398137,4.40780184391079,6.07902055385938,5.33500000000001,4.75087856862252,1850
RB,vru,0.117495354938498,2.20303790509685,3.48956180693832,3.17563014793674,1,0.551371305847222,1850
RB,vru,0.103315627735696,1.93716802004429,3.5728380548051,3.78285421494678,1.66666666666667,5.6283882121927,1850
RB,vru,0.129306401240514,2.42449502325964,8.3070966344929,8.2003068701592,2.16666666666667,9.77884622467486,1852
vru,TR,3.33098049377843,0.177652293001516,6.7998412333306,8.76484500291602,4.33333333333333,6.12471579986124,1852
vru,BR,1.76984587814605,0.0943917801677892,4.55494633810243,7.41234345918138,3.7233333333333,4.77954856857426,1852
RB,vru,0.0921570966813931,1.72794556277612,4.99372552225867,5.53446621691888,2.77666666666664,7.62025594622008,1852
vru,TB,3.23034823823605,0.172285239372589,3.92167802342997,4.48473010438889,7.44333333333331,5.90937570690564,1852
vru,TB,6.25751756648634,0.333734270212605,3.73494044611257,4.28732608892645,7.5,5.72845848194497,1852
vru,TB,3.08501237623618,0.164533993399263,4.61220007792873,5.07781860955244,8.61166666666668,6.34791623280842,1853
RB,vru,0.0691245838210147,1.29608594664403,1.79860907795485,1.92609671481489,2.77833333333332,0.353282995876789,1855
RB,vru,0.0824440108358327,1.54582520317186,3.90034122715922,4.88901864352554,2.55666666666666,6.79520318272328,1855
vru,BR,3.17168861512168,0.169156726139823,6.35211129653018,6.75783871829026,5.88833333333332,6.99468153062902,1855
vru,BR,4.41603943925871,0.235522103427131,3.8528543162298,4.35098210042799,2.66666666666667,7.39571525173267,1855
vru,TB,2.81381763601399,0.150070273920746,4.87252723039976,5.26009838382545,6.94500000000001,8.78441034556992,1858
vru,RB,2.14109711681333,0.114191846230044,5.80416621301042,4.928180132394,1.66666666666667,0.12597003574539,1859
vru,RB,2.54121107998467,0.135531257599182,4.55162717457326,6.76619462057379,3.77833333333328,0.9227421636007,1863
vru,LR,3.29033703487483,0.175484641859991,2.4853136059907,2.87320395149007,1.33333333333333,7.13608900114185,1889
LR,vru,0.152003440815772,2.85006451529572,4.83333555951567,6.44086508385986,2.61166666666666,8.65777579306571,1889
BR,vru,0.0823045125121859,1.54320960960348,9.76044022038724,9.74471381791362,4.22166666666665,4.48055703581628,1890
vru,LR,3.7621136063618,0.200646059005963,1.6806048250694,2.19390637707507,0.888333333333352,0.00659967662991205,1890
RB,vru,0.0781774149099062,1.46582652956074,4.24894496766373,4.66134638851321,2.55500000000002,7.67386887222645,1891
vru,BR,1.94279509669172,0.103615738490225,6.70706662886462,8.56865080732208,5.13333333333333,7.59729949872561,1891
RT,vru,0.123554868308913,2.31665378079213,6.93877512995057,6.93159121322412,7.525,9.88601761631159,1891
RB,vru,0.143125978449174,2.68361209592202,2.02055426338554,2.01127494144278,0.666666666666667,0.198305605221274,1891
RB,vru,0.112818571119395,2.11534820848865,3.62702531464998,4.24542535856389,3.61166666666668,4.247056452072,1891
BR,vru,0.140138094555545,2.62758927291646,7.90768943261555,9.07492821978561,5.33333333333333,6.53557824347685,1892
vru,BT,6.31181854374603,0.336630322333121,2.57722637299192,3.10160019510922,1,2.94630186289138,1892
vru,BR,2.37058933985499,0.126431431458933,2.04245759821554,2.94765800958208,0.943333333333339,0.0123702071310074,1892
vru,RT,2.76502530799631,0.14746801642647,8.09980607996089,9.02023742128663,4.27833333333328,2.67745630920647,1892
RT,vru,0.115849513543375,2.17217837893828,2.04428746756741,4.86433953806737,2.83333333333333,5.72865962175299,1892
BR,vru,0.171061865791782,3.20740998359592,4.16656398688415,7.1818243483569,4,8.82630561357067,1892
BR,vru,0.156603943840321,2.93632394700602,4.47256091802736,6.39139705749853,4.72333333333333,4.88392525371011,1893
vru,BR,2.02552568158164,0.108028036351021,5.34321168557782,5.8587385544373,7.11000000000001,6.51795524452341,1893
BR,vru,0.090575647154668,1.69829338415002,9.30790325121151,9.74668679019192,5.33333333333333,7.72677944546776,1893
RB,vru,0.152111190898116,2.85208482933967,4.08533156948336,4.6259006218002,1.94500000000001,4.91329587229448,1894
BR,vru,0.127797118150323,2.39619596531855,5.69106245561061,6.54724304865841,4,2.05050809392602,1894
RT,vru,0.109838489337425,2.05947167507672,4.76275166920978,6.04184962980561,5.05666666666669,5.08064438170666,1895
BR,vru,0.100485879673469,1.88411024387755,7.00224794093799,7.59738950069472,5.7766666666667,5.77950460418737,1895
TR,vru,0.117877627896797,2.21020552306493,1.82291113678451,5.89344521509711,3.38833333333334,2.77061151480391,1895
BR,vru,0.187311649652895,3.51209343099178,6.05517527331497,8.67128581365155,5.72333333333333,9.07825668289493,1895
RT,vru,0.0636745410478845,1.19389764464784,4.25350857050072,5.70333542319072,5.55499999999999,3.67602491458422,1895
TR,vru,0.106366180213358,1.99436587900046,1.81438738244411,5.76750214463241,2.11166666666668,0.417856650609347,1895
vru,BR,2.69180798174364,0.143563092359661,8.14181153938232,9.40786256260507,4.77666666666664,7.66937200115349,1895
vru,LR,3.71322984955299,0.198038925309493,4.83105910278164,6.08942745923132,5.38833333333332,8.12673946603277,1896
BT,vru,0.46194265816884,8.66142484066574,2.29394357283764,5.50786376198712,0.554999999999988,0.19321341599658,1896
vru,TR,3.14415810324158,0.167688432172885,2.17100988255384,2.51607794361336,1.55499999999999,0.365212897599145,1897
TR,vru,0.124468345141887,2.33378147141039,3.11743299728347,3.90269092671079,2.61166666666668,1.26773997341141,1897
BR,vru,0.0712127018770099,1.33523816019393,6.35560601195087,7.27894181433722,5.94333333333334,9.17208304026767,1897
vru,BT,7.48594784752056,0.399250551867763,1.34161079789828,2.08994528170936,1.38833333333332,0.451502497865315,1898
BR,vru,0.129125861331285,2.4211098999616,3.69793113597422,5.17659604052133,3.05500000000005,6.90059858515404,1898
vru,LR,3.56579646307467,0.190175811363983,4.15809590682775,4.47369129630782,4.5,7.82724825422398,1898
vru,BR,2.53576920012903,0.135241024006881,6.3031628491678,9.4908427982349,5.27666666666664,6.25269827392435,1898
RB,vru,0.128031081842201,2.40058278454127,5.40399604691072,5.7351451913836,1.88999999999996,5.43022945653114,1900
RB,vru,0.107372157207188,2.01322794763477,7.51746031173491,7.59681891596758,2.72166666666665,4.80642678224454,1900
RB,vru,0.0668749898862968,1.25390606036806,1.79445878036653,9.19100201190646,5.27833333333335,0.337201161850301,1901
vru,BR,2.33222192002845,0.124385169068184,7.04856341865644,9.73761347130032,8.33500000000004,4.92930670494451,1901
BR,vru,0.0823505909775193,1.54407358082849,8.34019842848607,8.87188098071334,4.83499999999998,6.79250522908529,1901
BR,vru,0.150783053162782,2.82718224680216,4.33659296492874,8.37287222936324,5.39000000000002,5.73659803581019,1901
BR,vru,0.0257758406787138,0.483297012725884,8.74805648679174,9.66573520403247,7.38999999999999,8.12778982481869,1901
BR,vru,0.132992104224944,2.4936019542177,4.16782933983472,4.85859140360072,6.77833333333333,6.18443643290466,1901
TR,vru,0.111150521029777,2.08407226930832,6.01373228255208,8.54898653802686,4.55666666666666,8.08139188687173,1901
vru,TB,3.39653221701731,0.18114838490759,2.27474737936423,2.82922503753766,1.72166666666668,4.84332179717165,1902
vru,RB,2.20275627887835,0.117480334873512,2.13139321470758,2.10246536898032,1.22166666666668,0.0988877482725811,1902
RB,vru,0.0824791091355962,1.54648329629243,1.94225844637172,2.42202075966765,3.33333333333333,1.4563468549991,1902
BR,vru,0.107035305294721,2.00691197427603,6.37249511991897,7.27657165529505,5.33500000000001,9.71659396645615,1903
RB,vru,0.0286580143316097,0.537337768717682,4.43232169622916,4.6178049453768,4.88833333333332,6.02998804882955,1903
vru,RB,1.06510446060615,0.0568055712323279,5.20849259997943,6.09144921732004,7.11166666666666,4.81647143269267,1904
RB,vru,0.0919902519373738,1.72481722382576,3.42065175382425,3.61020583309097,3.92166666666667,3.8307753742202,1904
RB,vru,0.139128749197347,2.60866404745026,8.08768283372715,9.21188094555195,5.72166666666665,8.61092829753992,1905
RB,vru,0.0680831405930312,1.27655888611933,4.16626643083263,4.18335089437157,5.66666666666667,6.69755004394442,1906
RB,vru,0.0494921045158248,0.927976959671715,2.60194459447095,6.8692514346902,4.555,0.761352269817853,1907
RT,vru,0.124637452470449,2.33695223382092,3.76766104001644,7.18689818800976,4.94500000000001,6.75131505132358,1907
RB,vru,0.249956943953989,4.68669269913729,4.29935386544218,5.0254031786473,2.55499999999999,3.58819177225326,1908
vru,RB,1.65126466556108,0.088067448829924,1.88215036280623,2.10037501203474,5.05500000000002,1.59655827053484,1908
vru,RB,2.25298429987234,0.120159162659858,4.94143506432312,8.22423070632012,3.83333333333333,1.59828804749179,1909
LR,vru,0.181762737643279,3.40805133081147,7.27816328312104,7.93794964944448,5.83333333333333,7.89013524244918,2209
vru,BR,2.62523698381862,0.140012639136993,6.381263781037,9.05819605353048,4.7766666666667,5.10168404384563,2210
vru,BR,2.47250685904757,0.131867032482537,1.88804795879552,5.71434050048693,3.60999999999998,6.66696145422186,2210
vru,BR,1.52826522022566,0.081507478412035,6.87310452661603,8.54086722016596,5.5,8.98316129062806,2210
RB,vru,0.0690463841775786,1.2946197033296,4.0372132635356,4.02535493674247,2.27666666666667,7.91641482985709,2211
vru,BL,4.88879004558341,0.260735469097782,1.83007466710543,2.29166826661595,1.38833333333332,2.90654434679447,2212
vru,BR,2.48024210734302,0.132279579058294,3.57668895133742,5.73996768396849,4.22166666666665,4.96516740655163,2212
vru,RB,0.444046309259211,0.0236824698271579,8.67426563988801,8.61407424251339,8.33333333333333,6.57324890429596,2213
RB,vru,0.158320410326389,2.9685076936198,4.18291195956335,4.65240051967937,3.33500000000001,5.70606026359163,2214
vru,BR,2.56222817704476,0.136652169442387,2.95836752090039,7.44302090122127,4.78,4.29152538696462,2215
vru,RB,2.45821199946323,0.131104639971372,7.73253894909689,9.02667906992615,4.44333333333331,7.09660439433269,2216
RB,vru,0.0630127829453705,1.1814896802257,4.48552768740537,4.3812184757168,2.88833333333332,6.49511563054583,2218
BR,vru,0.102352345682323,1.91910648154356,6.52041994174327,6.81090989556199,5.33333333333333,8.87671282496789,2218
RB,vru,0.125159461044377,2.34673989458208,6.8055651985047,6.52574344012582,2.96833333333334,9.81789569584673,2218
vru,RB,1.96145681795586,0.104611030290979,2.8505913086235,8.2434572157906,3.60999999999998,1.3057450347314,2218
BR,vru,0.170642893257969,3.19955424858692,4.55180646631079,7.03544112940948,3.44333333333331,8.08471917260824,2219
BR,vru,0.110567271939126,2.07313634885861,5.72159271695362,8.30557208872409,4.55666666666667,8.90818855824658,2219
RB,vru,0.077138019537485,1.44633786632784,5.32766701222073,6.05335845782351,3.66666666666667,7.5791201920983,2220
BT,vru,0.321570821351883,6.0294529003478,1.81709474027774,3.99807177969179,1.16666666666667,1.3879024376037,2221
RB,vru,0.105722861143329,1.98230364643742,4.21573028475107,4.48091839966852,8.22166666666667,9.65109902917489,2223
LR,vru,0.117780192663663,2.20837861244369,4.70127583896837,7.54524664523516,6.945,7.74247940555063,2223
TB,vru,0.0518441351125451,0.972077533360221,3.23202054601325,5.38780997964963,4.05499999999999,1.02874856463371,2224
BR,vru,0.125403659797459,2.35131862120236,5.84178274550225,6.02927225640481,6.66666666666667,8.73306769835181,2224
BR,vru,0.120128505493013,2.25240947799399,5.06777171748501,5.18791888002402,7.61166666666668,8.20063445237833,2224
BR,vru,0.116591472546404,2.18609011024508,4.72958687375719,4.93031542022908,4.72166666666665,7.98145735572291,2224
BR,vru,0.127431243920831,2.38933582351559,4.38230650497173,4.73598772018523,3.38833333333332,8.10616317154026,2224
RB,vru,0.116665509170999,2.18747829695624,3.98698860557809,8.32223029582727,4.55499999999999,7.97299344922595,2224
vru,TB,2.41995071634098,0.129064038204852,4.03207483650247,4.51341702168679,9,8.8573378342751,2225
vru,TB,2.44686766537827,0.130499608820175,4.96242581077529,5.27970490200329,6.66666666666667,9.91413370797919,2225
vru,BR,3.13616630079761,0.167262202709206,1.71328825612572,4.72793852929223,2.77666666666667,7.27459935337533,2225
TR,vru,0.069431597128,1.30184244615,5.82645775236619,5.77459832878492,5.5,8.42994381392832,2225
vru,RB,1.85430529775203,0.098896282546775,4.57499718349807,5.72561719244804,2.05666666666666,4.86764500674406,2225
RB,vru,0.0702286912972952,1.31678796182429,2.02279464616398,3.31220766451194,2.33333333333333,0.505312232158937,2226
RB,vru,0.0742974561502587,1.39307730281735,2.38516268415441,7.56999153090683,4.5,9.47150160829471,2226
RT,vru,0.13113103943558,2.45870698941712,3.8128349265558,9.44035599565329,5.55666666666669,3.69855153177286,2226
vru,BR,2.56039309675034,0.136554298493351,5.19850007616055,9.22135514025702,5.2766666666667,7.6281688509829,2226
vru,RB,0.953340665685834,0.0508448355032445,1.67845842518477,2.74608644371872,2.89,0.175431341476356,2227
RB,vru,0.0907993712579405,1.70248821108638,3.93523604668702,4.22307434566674,6.61166666666666,9.7031712527599,2227
RB,vru,0.181405831883335,3.40135934781254,4.88426882171091,9.71621359738392,3.27833333333335,0.66924529042247,2227
RB,vru,0.12157565237729,2.27954348207418,3.67850213980748,4.36006843392348,5.61,7.54564868131005,2228
vru,BR,3.14177853299893,0.167561521759943,2.99940462878341,3.83315077624714,5.55499999999999,9.84606070776047,2228
RB,vru,0.0773037725082977,1.44944573453058,3.0984901595075,3.30838339180633,3.66666666666667,8.55923486409055,2229
RB,vru,0.0630228547650916,1.18167852684547,6.88731632832873,7.96258771215069,2.11166666666668,3.49924389782107,2230
RB,vru,0.13236341284629,2.48181399086793,3.84612827936002,4.25420078939221,5.55666666666666,9.15411078930121,2230
RT,vru,0.120598622304893,2.26122416821675,8.33368888057541,3.95660637633225,8.74666666666669,3.21545872389105,2231
vru,RB,1.92091899637068,0.10244901313977,4.0492479533363,5.24074950991469,3.72166666666667,1.19983646600955,2232
vru,BR,3.21532037944411,0.171483753570353,5.09529747690024,7.25982488092161,3.5,4.4010916051025,2232
RT,vru,0.106952077050954,2.00535144470539,5.79993177077328,3.23729047435801,7.55666666666669,1.57219004221094,2233
vru,LR,2.93108849262193,0.156324719606503,5.99836305471506,6.33559884327062,3.66666666666667,8.51268452565264,2234
vru,BR,3.79524791303954,0.202413222028775,2.35028052485008,2.99006439582986,4,3.86566517971384,2236
vru,TB,6.15938397573746,0.821251196764995,15.416932362768,1.64494095372505,4.81166666666668,3.81310831874966,2238
RB,vru,0.0551275257399345,1.03364110762377,3.25130006520837,6.0119133280205,5.44333333333331,1.61080805344461,2238
vru,BR,9.52966224205108,0.508248652909391,1.34294851672344,4.21379365581823,1,1.07695214036892,2239
vru,BR,10.894075534804,0.581017361856216,5.07019196355287,6.47728041127055,1.04500000000001,2.44511389138228,2239
RB,vru,0.120835000501721,2.26565625940727,4.84397550861799,5.61126441866705,3.445,5.36580093195413,2241
vru,BR,1.48650473270343,0.0792802524108496,2.36827398141392,2.62629002793278,0.166666666666667,3.1452537928623,2273
BR,vru,0.097010007279506,1.81893763649074,2.75085916513688,3.45939257935704,1.83333333333333,3.50368625263066,2273
vru,BR,2.65583378983299,0.141644468791093,6.10167432206306,8.24670968097809,3.5,4.93105117135558,2273
RT,vru,0.206192860232999,3.86611612936873,4.91343444320389,6.97321609770884,2.44500000000001,5.34397903168597,2273
vru,RT,2.76142820353023,0.147276170854945,2.2862653381536,2.89803399519865,6.76666666666667,3.13856460192805,2274
vru,BR,3.09202314592809,0.164907901116165,10.8448974663515,4.50024555481228,1.44500000000001,1.02217168733062,2275
vru,BR,1.46151712014727,0.0779475797411876,5.82002595276976,6.12460893169246,2.33333333333333,1.62510835057943,2276
vru,BR,2.75906016645896,0.147149875544478,5.9285027537246,6.35935102285896,5.77833333333333,9.29783997998548,2276
RT,vru,0.19131803008937,3.58721306417569,3.28446169347379,9.14365636129259,4.33333333333333,4.75737604345129,2277
vru,BR,2.49356601192536,0.132990187302686,6.44793337407745,8.80376907363611,5.33333333333333,5.7487798870586,2278
BR,vru,0.0925164585745467,1.73468359827275,5.57590539296389,5.62652839959446,3.77999999999999,9.9680476938493,2278
vru,BR,1.39285059675249,0.0742853651601327,8.70226404166716,8.97565716643368,4.16666666666667,5.70707204087171,2279
RB,vru,0.171674925147233,3.21890484651062,4.89064886245008,6.18940105920019,5.77666666666664,7.00787752754467,2280
vru,BR,2.09242169770855,0.111595823877789,1.98900831787617,4.62807487296551,1.72333333333333,0.0832631674189838,2281
BR,vru,0.268740307450838,5.03888076470322,5.84295446153659,9.27420215180099,4.22166666666668,9.14056467439863,2281
vru,BR,8.71473001405192,0.464785600749436,5.19513075746265,7.51909881026209,1.11000000000001,8.76382123907972,2281
vru,RB,1.5558732952026,0.082979909077472,5.07805081431594,5.26972091374882,2.33333333333333,7.33964193240368,2281
vru,BR,3.98450389139711,0.212506874207846,5.39165429605449,9.36460886520236,3.77666666666664,8.61689191362636,2283
RT,vru,0.142846880810202,2.67837901519129,4.9178500247988,7.17166760929943,5.05666666666667,5.40962088969931,2283
vru,LR,3.45679639478628,0.184362474388602,3.80172516282604,4.50403641235128,3.44333333333332,8.3079741427279,2283
RT,vru,0.345706646731677,6.48199962621894,1.73576800092568,3.80969099772894,0.776666666666642,1.5038975798892,2286
RB,vru,0.0602813369662365,1.13027506811693,2.22787775329521,4.44214274094447,3.77833333333335,1.52264837627052,2287
RB,vru,0.207620338035872,3.89288133817259,6.69080517597697,8.50154940940933,5.55833333333333,8.76583183166502,2291
vru,RB,2.70783822525043,0.144418038680023,1.49823614794249,8.06614982886203,3.72333333333336,9.4619675022595,2291
RB,vru,0.0596876873929707,1.1191441386182,1.50297199677429,2.01545464625583,4.445,0.462638688024693,2291
vru,BR,1.48609322462176,0.0792583053131604,7.44546633301893,8.87631394866138,7,6.95203987431803,2291
vru,BR,1.19013368015648,0.0634737962750122,2.99157332295377,3.24417484863176,3.94500000000001,5.01487256099868,2291
vru,BR,2.54455910551586,0.135709818960846,1.52444489836589,7.9853006633105,3.94500000000001,5.79461417027247,2292
vru,TB,2.53770433356641,0.135344231123542,4.79421948339392,5.62645281925958,5.16666666666667,9.18669189954712,2292
RB,vru,0.0934739844828912,1.75263720905421,5.40121081164502,6.22378291209105,6.27833333333328,9.2245751946102,2292
BR,vru,0.0663373846933715,1.24382596300071,6.07353688029701,7.44248404046289,6.44500000000001,5.18846701332331,2292
BR,vru,0.133820136609242,2.50912756142329,4.83081400591555,7.2683304898758,4.83333333333333,6.41604476325909,2292
vru,BR,1.43885247602986,0.0767387987215926,4.66598307361416,6.79825939090675,9.61166666666667,6.74717420871123,2292
RB,vru,0.060081375368946,1.12652578816774,4.10432557871068,5.34153853704519,3.77833333333333,8.7833314958399,2292
RB,vru,0.105190904800162,1.97232946500303,3.80594514485802,4.04755273360706,7.5,9.42629082040869,2292
vru,BR,2.6188230214834,0.139670561145781,4.15804530704505,6.35500141091623,3.28000000000002,6.87618134664813,2293
RB,vru,0.0834898676579339,1.56543501858626,2.68759399644234,3.16154959453837,2.66666666666667,8.93963522527333,2293
vru,RB,1.45624651975832,0.0776664810537772,1.74444031098866,7.67795600322248,3.61166666666668,0.572446798802883,2293
RB,vru,0.0475478840522495,0.891522825979678,7.37686166864809,8.28718286372768,8.16833333333332,9.40239202685223,2294
vru,BR,2.26183077733641,0.120630974791275,2.63560735178423,3.65952617390063,1.52166666666665,2.9070500498242,2294
RB,vru,0.0521313545642202,0.977462898079129,2.4870909117086,5.49361453111889,7.26833333333337,5.03296509657292,2294
vru,TB,1.96029410806521,0.0156823528645217,4.27738184428526,4.44788595829874,8.61166666666668,8.99194564866677,2295
vru,BR,0.870776949644082,0.046441437314351,7.62189401641776,8.98312680941851,8.72166666666667,6.8560264979525,2297
RB,vru,0.241520754819345,4.52851415286272,2.89455279542996,3.2444554111391,8.11166666666668,6.11439633961878,2297
RB,vru,0.21906282412092,4.10742795226725,1.69784097873715,2.00427945203421,3.38999999999999,6.07832325916333,2297
BR,vru,0.0470795387582351,0.882741351716908,8.65549717092252,9.43265409369978,7.66833333333334,8.17717949297641,2297
BR,vru,0.117659383685717,2.2061134441072,6.4648132437272,7.16822104343895,6.27666666666666,4.03409002058485,2298
RB,vru,0.0362422716268737,0.679542593003882,4.20483810754512,4.32770125339606,7.61166666666667,4.09394780551057,2298
BR,vru,0.0839527369771403,1.57411381832138,3.33798782768205,5.85932864920308,5.72166666666665,9.70149032063645,2299
RB,vru,0.0661709990319469,1.240706231849,5.23670004400701,5.37579876976051,8,7.09824602953628,2300
RB,vru,0.0892905447083925,1.67419771328236,5.2205608960331,5.77594049891648,6.77833333333334,9.23655520581333,2300
RB,vru,0.0480103407853318,0.900193889724971,8.65634400601185,9.06423194879889,2.77833333333332,3.91282105437294,2301
RB,vru,0.048548945676236,0.910292731429425,1.89868957728353,3.12406368649405,3.88833333333338,1.09834747427988,2301
LR,vru,0.115864657311105,2.17246232458321,8.27287780837566,9.17902189390719,8.77833333333331,7.9756121811909,2302
vru,RB,1.11158295019166,0.0592844240102217,2.58407203004964,2.96103762900619,2.22333333333333,0.540031566771395,2302
RB,vru,0.158578227902182,2.97334177316592,2.63544261932236,6.90276673593279,2.55499999999999,0.430603555873739,2302
RB,vru,0.0902903826726988,1.6929446751131,3.19029499490974,4.34998088848648,2.55499999999999,7.4740295190209,2302
vru,BR,1.95819249796992,0.104436933225062,7.72743013409801,8.39099244244983,6.66666666666667,6.05263340100676,2303
RB,vru,0.11027273568652,2.06761379412225,2.76185033716174,2.08361761588292,0.666666666666667,0.113885091353735,2303
BR,vru,0.0999124364194134,1.873358182864,7.57096606104283,8.10989503815162,5.11166666666666,5.28889939880495,2303
vru,RT,3.67297646979031,0.195892078388817,3.67505222015855,5.77867062649645,2,2.95378313066203,2303
RB,vru,0.108613078158551,2.03649521547284,1.34044819934986,1.61215339604603,4.38999999999999,0.498118058377509,2303
vru,BR,2.25954070350278,0.120508837520148,5.89736488117625,7.1539030989568,4.39000000000002,6.73521991236239,2303
BR,vru,0.094050471616559,1.76344634281048,5.80340596448324,8.25843106432116,7,9.79263808521408,2305
RB,vru,0.114228721958254,2.14178853671727,3.01229097266499,2.52923451036941,1.055,0.235133451726596,2305
vru,BR,4.85389461990402,0.258874379728214,4.92528644266937,9.30193977701547,3.88833333333335,7.58841983182004,2305
RB,vru,0.101364600724234,1.90058626357938,3.39897224194061,3.72354255687928,1.66666666666667,0.596477403505378,2307
BR,vru,0.167155833354444,3.13417187539583,3.02619897464375,9.94864470857133,5.77833333333335,7.40731060004337,2307
vru,BR,2.96841520617463,0.158315477662647,5.00153666763124,6.90735574527766,3.94500000000001,4.21266598682753,2307
vru,RL,8.33421239742187,0.4444913278625,1.15241977579992,2.83127209786344,1.22166666666665,4.13833163450258,2308
vru,BR,1.31293874090463,0.0700233995149136,9.14671026158688,9.83512123287933,8.88833333333334,7.96838659623027,2308
vru,BR,3.25511643178255,0.173606209695069,2.35314590736285,5.29640029333409,2.555,6.54005432372158,2308
BR,vru,0.0963395431095674,1.80636643330439,1.71824987396708,2.15785277851331,8.11166666666666,5.51273901349358,2308
vru,RB,0.95264610414652,0.0508077922211478,6.00271972967083,5.92640016915307,7.27833333333335,4.22854537512844,2308
vru,BR,2.1526287130977,0.114806864698544,6.5003846255901,9.53629967919079,5.66666666666667,4.69607433925166,2308
vru,TB,3.65375768306954,0.194867076430375,3.09700972406996,3.42714371770124,9.83333333333333,9.59766420839481,2308
vru,LR,10.6945939170584,0.570378342243113,6.55322118828146,8.26668883334977,1.66666666666667,2.54852931726852,2309
RL,vru,0.243273580928632,4.56137964241184,3.95904639999226,4.69203331954389,1.55666666666666,5.26164937425146,2310
RB,vru,0.0432363861728826,0.810682240741549,2.30950342274693,5.53350604555371,5.44500000000001,0.997236566656594,2310
vru,TB,5.41448250978647,0.288772400521945,2.09953930848302,2.56022401548814,6.0016666666667,5.14232916176541,2310
BR,vru,0.10229742129064,1.91807664919951,2.38237634313449,2.9028912736891,1.555,3.45558329353723,2310
vru,BR,0.847953887220981,0.0452242073184523,8.00528833875077,8.15721619171439,9.11166666666666,4.71806916880025,2310
BR,vru,0.318991213413536,5.9810852515038,1.5274289520947,2.10790909384794,1.66666666666667,3.55494936636878,2311
RB,vru,0.0892712640852103,1.67383620159769,3.61964027067068,5.4932488055951,3.55666666666663,6.27778584365408,2311
vru,LR,6.39281985532259,0.340950392283871,1.64500063345902,2.25986539772437,1.555,7.2891296364454,2311
vru,LR,5.94942237788257,0.317302526820404,4.04318536790018,4.88678999020142,4.38833333333334,8.10711670485538,2311
BR,vru,0.166787922500827,3.12727354689051,3.40905253406432,3.58330488927756,6.83333333333333,7.86290792490635,2312
RB,vru,0.0920007013413474,1.72501315015026,2.29603960306166,3.7036708293371,1.88833333333334,0.0282694554076197,2312
RT,vru,0.204589105117757,3.83604572095795,0.636127727952968,7.62192884997113,4.61166666666662,1.97317365120488,2312
vru,BR,2.40654623486564,0.128349132526168,6.24189990551985,7.96424605542162,6,6.95917706076232,2312
RB,vru,0.158916959131248,2.97969298371089,5.9390405997832,8.54437520360564,4.11166666666668,8.11103994230332,2312
TB,vru,0.0591633967854662,1.10931368972749,3.14122262817064,5.27081274153619,6.22166666666672,7.15911485290553,2312
vru,BR,1.09080758806162,0.0581764046966197,9.99027201640832,6.27708996479709,8.77833333333334,9.78057734688781,2313
RB,vru,0.0557097776469637,1.04455833088057,3.0931607036027,3.50382791229498,4.50166666666664,0.658531211412595,2313
RT,vru,0.137068829972956,2.57004056199293,5.69022622145818,7.1857348314906,5.33333333333333,5.82242315925865,2313
vru,TB,9.68665967069574,0.516621849103773,4.71015432875393,5.36526382760741,6.33333333333333,3.8611010978122,2313
vru,BR,2.18181044366548,0.116363223662159,2.78334618292485,6.71884379451153,5.835,8.88543211374527,2313
RT,vru,0.135109948032474,2.53331152560888,5.25188127657953,6.05882814722738,3.5,4.84042818093572,2313
BR,vru,0.092556347744309,1.73543152020579,8.11455879243725,8.86139624339907,9.83333333333333,8.88989852108813,2313
RB,vru,0.271456141526634,5.08980265362439,4.23067586086364,4.67612451791167,7.55833333333333,8.23500334445731,2313
BR,vru,0.0549440360925907,1.03020067673608,4.3759656596095,6.38968843000009,7,5.71999671283061,2313
vru,BR,1.11769450655038,0.0596103736826868,8.81350518978283,8.90148927266426,6.05499999999999,7.4172375336256,2313
vru,BR,0.856225529002628,0.0456653615468068,6.69180366104734,9.58052989585778,9.33333333333333,8.48878747649407,2313
BR,vru,0.0918973214282755,1.72307477678017,4.78703370205939,7.70440204515248,7.88999999999999,7.2640700513805,2313
BR,vru,0.219769458854195,4.12067735351615,3.01974194348245,7.53789776384633,4.33333333333333,7.1399697043616,2313
RB,vru,0.0633284829207857,1.18740905476473,2.51047016899205,3.495669691322,2.77833333333335,1.05486484392374,2313
RB,vru,0.0624615007777855,1.17115313958348,4.03024522406341,3.97336121948256,3.5,6.85103547971049,2314
BR,vru,0.128560987286713,2.41051851162588,6.93076048665634,8.73715467361584,5.55499999999999,6.01415933713855,2314
BR,vru,0.0803095975403448,1.50580495388147,4.47650050672917,5.51937012435282,8.89166666666667,5.81243371136563,2315
BR,vru,0.110310069885548,2.06831381035403,2.70393985249942,6.93174598890005,5.72333333333333,8.8354528926451,2315
BR,vru,0.0778159228008905,1.4590485525167,3.76471791137712,5.38241227575391,3.94500000000001,7.94056184005284,2315
BR,vru,0.111618229092226,2.09284179547924,4.99047732680497,6.72944851668501,8.55666666666666,5.47494499927992,2315
vru,BT,3.35455617251884,0.178909662534338,1.69392397210654,1.97148067207296,3.55499999999999,1.47394458160677,2316
vru,BL,7.99798220275578,0.426559050813642,6.23196040486825,6.99431324076275,4.88833333333338,6.54305094358039,2316
vru,BT,8.63662355800107,0.460619923093391,4.36155023241547,6.30199959349014,0.888333333333321,2.89564064338948,2316
vru,RB,3.13432425548787,0.167163960292686,2.18864699813338,2.87228470334668,9.83500000000001,5.5294079028909,2316
vru,RB,3.33567652030422,0.177902747749559,2.38873044480065,2.84874301722183,6.66833333333334,7.77946264205889,2316
vru,BR,2.35956127368289,0.125843267929754,4.66675107245988,8.08465367953453,8.89166666666667,5.15558736247898,2316
RT,vru,0.123928977564227,2.32366832932925,5.02641858491043,5.83525975891448,4.11333333333332,4.2980389391438,2316
RT,vru,0.0794491800001227,1.4896721250023,5.30429990248378,6.16659432036882,4.02333333333336,5.42133533421978,2316
RB,vru,0.144898917285004,2.71685469909383,8.18964383581496,8.34041546852593,3.5016666666667,5.32666234929867,2317
RT,vru,0.0687531812426843,1.28912214830033,3.20708021562734,6.28558264764027,3.17833333333335,4.7165770750979,2317
vru,RB,1.08183946794937,0.0576981049572996,2.27684821942766,6.70813185337502,3.38999999999996,0.300175371007666,2317
RB,vru,0.074483608613432,1.39656766150185,3.40585041637245,6.46854816999978,3.27666666666666,0.915046951811548,2317
RB,vru,0.11362371074378,2.13044457644587,1.27939186467031,1.56203793710062,6.66666666666667,0.297184827834654,2317
vru,BR,3.08034401870205,0.164285014330776,2.79637079125101,6.87595745224998,3.83333333333333,5.84176885932222,2317
RB,vru,0.0551876166093629,1.03476781142555,2.95086717866904,2.93706065108717,4.61,1.01488721068338,2318
RB,vru,0.11043546522254,2.07066497292262,4.08255619373653,4.6623401545054,5.72166666666665,9.47277340118631,2318
vru,LR,3.31707844663473,0.176910850487186,8.96510178773531,9.44852717321553,8.22333333333333,8.54687517462814,2318
RB,vru,0.226031286908587,4.23808662953601,4.85766136222365,5.70067156526594,2.88833333333332,6.45945690953766,2318
RB,vru,0.134109951017705,2.51456158158198,5.56025471411868,8.66985585031311,4.66666666666667,7.310546729863,2318
RT,vru,0.0843971079664254,1.58244577437048,4.9858445420187,5.4721080489634,3.77833333333333,5.70398618940359,2319
RB,vru,0.0561142713174748,1.05214258720265,4.55025513894782,4.6487011891124,9.72333333333333,5.22993982125496,2319
RB,vru,0.333932054128266,6.26122601490498,4.02629790942907,4.93195312877458,3.44666666666665,4.41305543063107,2320
vru,BR,4.12383460253381,0.21993784546847,8.6018335436167,9.90013801854033,4.22333333333336,7.60642016725751,2320
vru,RB,1.44368667478001,0.0769966226549338,2.55964786525527,3.22011790043596,1.77666666666667,0.78206939481665,2321
RB,vru,0.0968255666671384,1.81547937500885,3.4645470171235,3.05687634022584,1.61166666666666,4.58496889354234,2321
RB,vru,0.11610998904875,2.17706229466407,2.69280676452831,3.02315932083125,2.05500000000005,0.414231702759264,2321
RB,vru,0.0429866813743055,0.806000275768229,3.57342257367763,3.05701092984968,4.66666666666667,1.62789396784783,2322
RB,vru,0.0649023856020967,1.21691973003931,4.26550693328629,4.6970599818929,2.89,6.05411925764047,2322
TB,vru,0.0842158398124643,1.57904699648371,5.10303907488785,5.73251677766537,7.88999999999996,8.17270920666552,2322
TB,vru,0.10047741106243,1.88395145742056,3.20650983536308,3.7426649793573,4.83333333333333,8.32513250128271,2322
vru,BR,1.17295639501734,0.0625576744009248,4.83623832895602,5.30935027638465,6.38833333333335,9.28368444409222,2322
vru,BR,1.11277693940438,0.0593481034349002,8.14698787562425,9.27464220303207,8.44333333333332,6.92882483858074,2323
RB,vru,0.229288202104091,4.2991537894517,3.77505456148665,3.99659930763115,7.72166666666665,6.6909831008749,2323
RB,vru,0.0840695384894133,1.5763038466765,3.68345938861047,4.71522414054729,3.16666666666667,6.91117030569741,2324
vru,RB,1.40917878688046,0.0751562019669578,5.47380191774294,6.2662617100269,6.89166666666667,9.32781462117169,2325
RB,vru,0.0991490710785204,1.85904508272226,3.11280038050018,3.64739836546923,1.27833333333332,0.596793580979979,2326
RB,vru,0.0601132482063441,1.12712340386895,6.51353767423673,7.41645137401592,3.77833333333335,8.0948699422056,2326
vru,BT,7.57943934637129,1.01059191284951,2.74959233629164,4.67488105256129,2,3.82323495046992,2326
vru,BR,1.3631639974706,0.0727020798650988,7.09943635662634,7.49405285596976,8.94333333333331,6.13400180714157,2326
RB,vru,0.0687336797983569,1.28875649621919,1.73130009775895,1.86955539957827,2.5,0.175204408109246,2326
vru,BR,1.78320580650492,0.0951043096802621,0.949214949240681,2.5513084506118,2.55666666666667,1.17489188412897,2327
vru,RB,2.06215654240068,0.10998168226137,4.77524824518246,4.96097209245952,1.66666666666667,5.59599760835978,2327
RB,vru,0.0654214639352437,1.22665244878582,3.46765147919648,5.28225183556864,2.83333333333333,0.341021271857876,2328
vru,BR,4.86044884528059,0.259223938414965,7.30529898795888,9.37856305748317,9.60999999999998,5.86101253880152,2328
vru,BR,1.1354017837536,0.0605547618001922,8.63078443822636,8.94262109345803,7.94500000000001,6.38711381823877,2328
vru,TR,3.03067362957233,0.161635926910524,6.34247842868651,7.78445998863409,5.835,6.79168880434301,2328
vru,BR,2.76332825648541,0.147377507012555,5.62811446172755,7.63115670269098,3.89000000000002,5.30764793071913,2330
vru,BR,4.1589511693023,0.221810729029456,2.52519929785001,4.690277524577,2.66666666666667,6.09684035386127,2330
vru,TB,7.08720516191262,0.377984275302007,5.74609959989492,6.95308391179148,2.10999999999998,3.83034323654357,2330
RB,vru,0.0453535731046639,0.850379495712449,2.79563148069215,4.75530949210038,5.61166666666668,1.5864348457726,2333
vru,TB,3.37965586167783,0.180248312622818,4.22876613349984,4.87741802337803,7.66833333333334,7.38132091545205,2334
vru,TR,2.96285447312064,0.158018905233101,4.66812192617522,5.79708480073318,2.89000000000002,2.51976385679787,2335
vru,BR,4.60865128564272,0.245794735234278,4.74504107390138,7.99448888048592,4.67833333333332,5.80871642630682,2336
vru,TB,3.22012582727306,0.17174004412123,5.1414257183039,5.55932785165352,7.55499999999999,8.18991271213765,2336
vru,RB,1.11998789405228,0.0597326876827885,5.19764669670619,6.93620172883222,4.66666666666667,1.60678268042381,2338
RB,vru,0.0696178876186169,1.30533539284907,3.46219019827153,3.37986001955672,2.16666666666667,0.902669030098059,2365
RB,vru,0.153847369780502,2.8846381833844,7.67757383865752,9.34726223992049,4.11000000000004,7.7449518243975,2368
RT,vru,0.108708977220276,2.03829332288017,5.27816200659475,9.2891508107839,7.27666666666664,4.59680510712269,2371
BR,vru,0.0810609597784317,1.51989299584559,7.83211308714935,8.35140958642697,8.225,5.45845387604548,2373
BR,vru,0.143938198546247,2.69884122274213,5.83016346228262,7.24945245073753,8.55833333333333,4.73613168443978,2373
vru,BR,2.61159878326238,0.13928526844066,7.19628217443039,9.86205666479353,4.445,5.93133651514793,2374
vru,RT,1.45710068421472,0.0777120364914519,3.23393001805365,4.88830053405198,8.03499999999998,8.24518699882456,2374
RB,vru,0.244646659075045,4.5871248576571,3.07734162597288,5.63026821197957,2.5,5.07422114419895,2378
vru,BR,2.75221914259147,0.146785020938212,3.87020646653349,5.06897482569152,2.88999999999999,2.05723553614005,2378
RB,vru,0.138637187559529,1.03977890669647,7.57584467593472,9.66498470537886,6,8.90153934127499,2378
RB,vru,0.108115010395973,2.02715644492449,4.89466321738617,4.68789811074948,1.61000000000004,4.42912080943385,2381
RB,vru,0.0757424126491251,1.4201702371711,2.4954081014974,2.45006319056716,1.55499999999999,0.268024810436059,2381
BR,vru,0.144570321448603,2.7106935271613,3.05809572690634,6.58436835748994,3.66666666666667,7.33717792231098,2382
RB,vru,0.0420107113721072,0.78770083822701,6.23819258448053,6.41546269675931,7.27833333333332,8.65738306364801,2384
TR,vru,0.161924207710495,3.03607889457178,5.05303588846189,7.25637618615012,3.27833333333328,2.98472026435963,2384
RB,vru,0.121826243456512,2.28424206480961,4.32417252796057,7.37208287735092,3.05499999999999,9.03351107619703,2385
vru,BR,3.04085180408425,0.162178762884493,6.38972431472653,9.72127504477644,4.83333333333333,4.85162445917668,2385
RB,vru,0.08566174694371,1.60615775519456,5.56362392847723,6.12724756039172,4.44500000000001,0.634630897692491,2386
RB,vru,0.0464791005620721,0.871483135538853,5.1737258701497,5.15183147783603,4.83500000000004,5.34582646773776,2386
RT,vru,0.239707069095222,4.49450754553542,7.8606342896347,9.65769994785983,5.05499999999999,7.24543363527024,2387
RB,vru,0.0479841872754901,0.89970351141544,6.12691138475243,6.17591468141554,3.55500000000005,8.75299750781598,2387
vru,BR,1.53970695967988,0.0821177045162605,7.5899302776395,8.57010155089085,9.55666666666666,6.04268284625589,2387
RB,vru,0.0511435762264678,0.958942054246272,4.47425645225506,4.4753540477743,3.16666666666667,9.93278077943503,2389
RT,vru,0.344273578939827,6.45512960512175,8.55236575848218,9.29077817536165,5.055,9.58374036087344,2389
vru,BR,4.85438394399377,0.258900477013001,4.25689613039531,8.66630262139176,6.11166666666666,6.45282858121707,2390
RB,vru,0.0844002237752955,1.58250419578679,1.77552817773338,1.97244514027174,2.88999999999999,7.47697665165709,2390
BR,vru,0.121751795300634,2.2828461618869,1.9968447956842,2.50592533720924,1.44333333333332,0.402653459145006,2390
vru,TB,3.94059318821366,0.0315247455057093,7.26093339038509,8.31148572571283,5.00166666666664,5.27434798109166,2390
RB,vru,0.135277735188749,2.53645753478904,4.57906627220472,8.57976549346337,4.16666666666667,0.655055408941897,2390
LR,vru,0.128095864884131,2.40179746657745,8.11549203898802,8.58901847682732,6.66833333333334,9.6342695769905,2390
RT,vru,0.261491304224857,4.90296195421606,5.99128817800025,9.66829616633498,3.72333333333333,5.35062505531954,2391
RB,vru,0.0832667590259578,1.56125173173671,3.96081859308737,4.25389640679598,2.94499999999998,6.26082177455569,2392
vru,BR,3.31284289563744,0.176684954433997,3.07716973372097,4.98069222815062,5.16666666666667,4.16585291096393,2393
BR,vru,0.091026093373251,1.70673925074846,4.02777910787896,4.21880217614455,2.33333333333333,6.88202147750309,2393
RB,vru,0.0453828679045997,0.850928773211245,5.12022048241601,5.41047302060565,4.83500000000001,7.17898692589677,2393
vru,BR,2.05672589095226,0.109692047517454,5.01859644225856,8.81677239758309,9,4.21176379535328,2393
vru,BR,2.50839804665875,0.133781229155134,4.05435302579462,6.27628522107733,7.88999999999999,5.87477636800775,2394
vru,RB,0.742464907690518,0.039598128410161,2.82456796974983,5.77369395595989,6.5,6.11765170581884,2394
RB,vru,0.101208398092134,1.89765746422751,2.65360701650757,2.52465548559788,3.11166666666665,2.72359481023048,2394
RT,vru,0.130775632748543,2.45204311403518,1.80356294022797,2.13338812578302,2,0.0230512630595604,2395
RB,vru,0.0617912591408419,1.15858610889079,1.62892797880951,1.69521618801238,5.66833333333334,1.02104315972269,2395
vru,BR,3.51652070847158,0.187547771118484,3.49437354238568,7.09814115569491,3.22166666666667,5.84295552729685,2396
RB,vru,0.155989066004986,2.92479498759349,5.92233420144291,6.71571303441148,3.5,1.29449462655842,2396
RB,vru,0.250547872945526,4.69777261772861,4.39421872939166,5.98794524681231,1.72166666666665,3.46793196948745,2396
RB,vru,0.0510329268472521,0.956867378385977,2.0891960387931,4.96525183395397,3.72333333333336,7.29025548110387,2396
RB,vru,0.0767522060342236,1.43910386314169,4.31230004383174,5.43025978018538,2.72333333333336,4.99802819957457,2396
vru,BR,1.3631521556248,0.0727014482999895,7.31100571126241,8.66817100494389,8.445,7.03194906450074,2396
BR,vru,0.254378728718286,4.76960116346786,5.53990605238938,6.14453722954404,6.33333333333333,6.1217312604004,2396
BR,vru,0.0767484084700945,1.43903265881427,4.32033157344096,6.57174412901398,4.5,7.98656258680705,2396
RB,vru,0.139988259645632,2.6247798683556,9.02973382081722,9.59378161817054,6.72166666666665,9.90525544314083,2396
vru,BR,1.96565033816036,0.104834684701886,3.14983127034871,6.20343735516553,3.83333333333333,8.31501620971011,2396
RB,vru,0.0695661884803154,1.30436603400591,3.8497417241456,5.2971017679199,2.66666666666667,6.39426130999384,2397
RB,vru,0.0642812206684793,1.20527288753399,7.87955640488322,8.41022151854193,6.16666666666667,8.28316462296284,2397
vru,RT,1.73367771175047,0.0924628112933586,8.29414692004979,9.43035001341629,2.55499999999999,4.75633124834991,2398
vru,BR,1.86528481934239,0.0994818570315944,3.32629443522005,4.12676737189975,9.38999999999999,6.68212702430716,2398
vru,BR,2.19738906319149,0.117194083370213,3.05270879605683,5.12286350712782,5.27833333333333,5.99244119373479,2398
RT,vru,0.130444131188733,2.44582745978874,6.07568033510989,8.23494018950008,8.05500000000005,5.53427091112917,2399
vru,TB,3.66988989800394,0.195727461226877,3.44561071703103,3.85806099171717,5.33333333333333,6.36371844919915,2399
vru,BR,1.97064197610457,0.105100905392244,5.63391616797598,8.71580176879149,8.88999999999999,9.53669976007247,2399
vru,BR,1.26308834510848,0.0673647117391188,2.4116599316978,3.74707809370402,2,1.40947949286881,2399
BR,vru,0.210891013700493,3.95420650688424,3.09023309853459,4.1324094802698,1.55666666666663,5.01682126160088,2400
RB,vru,0.156159420819256,2.92798914036105,4.74602545346467,8.08849443569711,5.66666666666667,6.29816913460351,2400
RB,vru,0.182170757861523,3.41570170990355,3.34325294922393,3.61769642641255,4,4.52177168947281,2401
vru,BR,1.41660957461941,0.0755525106463687,4.6874580326354,6.11546316657249,9.11000000000004,3.84087832263183,2401
vru,BR,2.37731324240293,0.126790039594823,6.88144290491217,5.03258000066441,4.5,4.40050411164723,2401
RB,vru,0.0773015696473567,1.44940443088794,3.35653926394908,3.42692541649332,2.05666666666669,7.13748955396918,2401
vru,RB,1.46420754715786,0.0780910691817526,5.41136366031749,8.04719957025268,7,7.17538876589051,2401
vru,RB,1.49041003437648,0.0794885351667455,6.03846789381349,8.59912662584677,6.16666666666667,7.82385663961524,2401
vru,LR,3.04402659288819,0.162348084954037,1.91319414400753,2.52363022972896,2.22333333333333,8.48528191923521,2402
RB,vru,0.151403888683413,2.838822912814,3.77570088566307,4.88902535946501,2.66833333333333,2.5125001519855,2402
BR,vru,0.10294327246114,1.93018635864637,6.58779824647092,8.11794771152081,7.27833333333334,6.37295318792484,2402
RB,vru,0.0766077071253756,1.43639450860079,2.7026072598738,3.24286409387307,1.72166666666665,0.380699972542733,2402
RT,vru,0.0359172707460956,0.673448826489293,7.79264778954145,7.98891430250831,1.72166666666665,6.06804347904576,2402
vru,BR,2.53813769881924,0.135367343937026,4.01351543720819,4.24025080475181,4.72333333333336,2.93551388162255,2402
RB,vru,0.0805639786469391,1.51057459963011,1.35349406324751,1.67173484542847,3.05666666666667,0.107627400763109,2403
TB,vru,0.0672845283109814,1.2615849058309,3.84700511107468,4.63961377862508,8.27999999999999,9.67761888791123,2403
BR,vru,0.133830321112652,2.50931852086223,7.34123267666326,7.56523016512567,3.88999999999999,4.86456546908855,2403
vru,BR,2.70128368333134,0.144068463111005,2.51818660471293,7.30501658179677,4.51166666666668,7.0775467078909,2403
vru,LR,3.73577082011629,0.199241110406202,4.72953869372864,7.42716972134982,3.44333333333333,5.51847687280768,2404
TB,vru,0.102375543188574,1.91954143478577,1.80590354849628,2.07183963138751,2.38833333333332,0.295222181517955,2404
RT,vru,0.0904158153998284,1.69529653874678,4.57489148839112,7.13838534260957,5.44666666666665,4.19191122679384,2404
BR,vru,0.0370004373013324,0.693758199399983,3.23425942332343,4.39822525744746,5.225,7.56373846898122,2404
RB,vru,0.0793607872486908,1.48801476091295,6.16969203404409,6.00945154556492,2.77666666666667,5.8220492103467,2405
TR,vru,0.179915598043829,3.37341746332179,3.02719488986451,4.47892467958657,7.77833333333335,7.75742910451741,2405
vru,BR,1.67589219852545,0.0893809172546908,5.82032208390612,8.2250689343448,6.61166666666668,5.78465108013077,2405
BR,vru,0.0296614140777935,0.556151513958627,4.84585569618891,8.528950957169,8.1,5.14330860822024,2405
vru,BR,3.44734210973514,0.183858245852541,3.07185957216206,3.357110447521,2,3.75708705638293,2405
RB,vru,0.190009486583517,3.56267787344094,1.86498306349019,2.2374756583024,1.16666666666667,9.45953010485558,2405
BR,vru,0.115932861176338,2.17374114705633,4.04252018404115,5.75752483320414,8.36666666666667,4.44966490283198,2406
BR,vru,0.0908019093125546,1.7025357996104,5.1330578323458,6.18656960236342,6.83333333333333,5.48378437331319,2406
LR,vru,0.146435651194192,2.74566845989111,4.5856714112971,6.89139008115552,4.11,4.73069587109802,2406
vru,TR,2.35628774983895,0.12566867999141,3.21199348364284,4.00709860836469,3.44333333333331,9.056577461914,2407
RT,vru,0.126572671858146,2.37323759734024,5.27751512715688,5.93897863437219,3.835,6.49205203647655,2407
RT,vru,0.0862120512121172,1.6164759602272,2.8190753480237,3.11645154436821,2.16666666666667,2.90084490560024,2407
RB,vru,0.10498992404517,1.96856107584693,1.83942345051666,2.3481770746102,1.60999999999998,0.006233416776795,2407
vru,TB,1.26684348010949,0.0675649856058394,2.62691838668134,3.25126159139322,6.39000000000002,6.7410741274964,2407
RT,vru,0.162384562223538,3.04471054169134,5.69789800847327,5.85660864337416,8.55500000000005,9.39104279581396,2407
vru,BR,1.3755792520322,0.0733642267750509,1.23520885950848,9.75961565585929,6.05666666666669,6.22226456514786,2407
TR,vru,0.0918387371883401,1.72197632228138,1.87863914950622,6.33476095095919,2.5,2.48995389668762,2408
RB,vru,0.06718866546512,1.259787477471,1.70737071703521,1.84248500566979,2.16666666666667,0.384141358850372,2408
RB,vru,0.0513588117779876,0.962977720837267,2.04692686919118,2.88703728407726,3.05666666666669,0.74731236713443,2408
RB,vru,0.540742263152888,10.1389174341166,9.23101263989348,5.91305836921195,6.39166666666667,6.31542147728853,2408
BL,vru,0.0437859373333455,0.820986325000229,2.17133252248958,2.23993482159662,4.60999999999998,8.15401784746333,2408
RB,vru,0.112489184921026,2.10917221726924,3.45861786539726,5.55592518987058,3.89000000000002,9.79598379393435,2408
vru,TB,2.76220629137723,0.147317668873452,3.05030189464673,3.35490591611576,4.83333333333333,9.97496606585721,2409
BR,vru,0.0674147899020013,1.26402731066252,2.57961819803936,2.85361884596931,1.44499999999998,7.97291307576347,2409
vru,BR,1.25620471689359,0.0669975849009917,5.57947766216966,6.39398480989707,7,8.1046025819087,2409
BR,vru,0.109980020750491,2.0621253890717,6.25915673008093,7.85923426123966,8.5,8.42222887068663,2409
BR,vru,0.281387720328676,5.27601975616268,2.43257089218215,2.39277243988636,2,7.85256972842625,2410
RB,vru,0.0881907128323368,1.65357586560631,1.919295391507,2.13621252937242,1.66666666666667,0.0789531758348303,2410
vru,RB,3.88126588663453,0.207000847287175,2.85690490343911,3.26818840478121,1.5,3.66122599562916,2410
RB,vru,0.0733468368280489,1.37525319052592,4.31283526447231,4.55502555679207,8.55666666666668,8.20669083796244,2411
BR,vru,0.11683465044505,2.19064969584468,2.15883601550794,3.42579700385067,1.89,1.95849307429685,2411
BR,vru,0.185928943640024,3.48616769325044,1.17470952240372,4.65395109111079,2.39166666666667,8.14416153574949,2411
BR,vru,0.121234261383421,2.27314240093914,4.38249801132554,8.28315459968742,5.50166666666666,8.75295555900207,2411
TR,vru,0.2405971258459,4.51119610961063,2.69060265091679,3.83275301890311,2.05499999999999,1.23208570985456,2411
LR,vru,0.118389736568105,2.21980756065198,11.4503408018793,4.02412715324574,7.89166666666667,4.64119462320387,2411
BR,vru,0.140285776402332,2.63035830754372,14.5015746134078,9.03909563765574,4.66666666666667,8.66593859926603,2411
TR,vru,0.196328152202772,3.68115285380197,2.18508019601864,6.10580229515866,2.33333333333333,1.35276520760993,2412
vru,BR,1.98691803069365,0.105968961636995,8.11246651079567,8.85483641358702,9.17166666666668,7.77605739508934,2412
vru,TR,3.03712924924603,0.161980226626455,1.18597875330461,1.54322737929187,4.16833333333337,5.30890797683556,2412
vru,BT,6.15263749257057,0.328140666270431,2.50066293111786,3.47741674880293,1.05499999999999,7.45930717154899,2412
RB,vru,0.121912341586205,2.28585640474134,4.64754235036123,5.96755504273651,3.55499999999999,0.710282009388059,2412
BR,vru,0.152066408798776,2.85124516497704,3.46118341253631,6.20173768971322,9.5,5.47440023063701,2412
RB,vru,0.0938187564358456,1.7591016831721,3.84423455539703,4.56102409099158,5.10999999999999,9.23117775894659,2412
RB,vru,0.118721402331577,2.22602629371706,6.72348772021506,7.17791381529867,4.05666666666663,5.78449992949482,2413
RB,vru,0.28534668685247,0.713366717131175,3.16506878926008,3.41786603551786,7.88833333333332,5.67146771727127,2413
RB,vru,0.582020235780445,1.45505058945111,2.81784094331443,3.01250932352822,7.61000000000001,9.01493971307461,2413
RB,vru,0.0868940592047098,1.62926361008831,3.52825559952806,4.39335839394733,2.83333333333333,9.96084378717555,2413
RB,vru,0.129249368106992,2.42342565200609,2.70837556210578,3.09635043774022,8.66666666666667,9.5328844827487,2413
vru,BR,3.36817498566016,0.179635999235209,3.75672722504341,4.58112149488971,9.16666666666667,5.42304334142919,2414
RB,vru,0.0521114750211308,0.977090156646203,3.42614419641503,6.41382269762302,4.77833333333328,1.38807141800709,2414
RB,vru,0.0527097318794835,0.988307472740316,3.62321270594097,3.8493117500911,2.94333333333333,3.34174991248054,2414
RT,vru,0.10263101260377,1.9243314863207,3.55794322858387,9.0080153705494,4.88833333333334,6.68890763032181,2414
vru,BR,1.12810959488374,0.0601658450604662,5.64063416219718,7.73056768418428,8.77833333333331,7.9143279151519,2414
BR,vru,0.128480895908516,2.40901679828467,7.51094294188211,8.52585869680064,7.38999999999999,8.54169142046666,2414
RB,vru,0.102395895356248,1.91992303792965,3.268511847542,3.50952431173806,4.16666666666667,9.29343015475835,2414
BR,vru,0.0595328287963345,1.11624053993127,2.08252433717407,2.61090011044409,2.83333333333333,1.01012687357235,2414
vru,LR,4.65076338526869,0.248040713880997,2.09562844242979,3.08177528919541,4.39000000000002,4.08651665942878,2414
RB,vru,0.0635027768259054,1.19067706548573,2.80695962417441,3.57172079118047,2.27833333333335,1.10991392247054,2414
vru,RT,1.85356796251457,0.098856958000777,11.9400923583916,8.74470315224929,4.44333333333334,4.50487474981962,2415
RB,vru,0.0513224899256644,0.962296686106208,7.72178084494956,6.63576922826208,3.44333333333334,6.73956114861084,2415
RB,vru,0.135196308287269,2.53493078038629,8.20656355067933,9.72045966292335,3.77833333333335,7.18627558711074,2415
RB,vru,0.141218985013393,2.64785596900111,6.92786283843985,9.40926921265934,4.38833333333332,8.04852544385271,2415
vru,RT,1.23726320494653,0.0659873709304814,7.9561013328445,7.96876037680121,5.835,5.51887499622232,2415
vru,RT,14.5978024115998,0.778549461951989,3.95584454592557,5.03992492529475,4.73500000000001,6.34146003797726,2415
TR,vru,0.153394515482477,2.87614716529645,2.399952017916,3.99299132631207,1.66666666666667,5.86672177664145,2415
vru,BR,5.1434080822064,0.274315097717675,5.13041507781845,5.8597530965882,0.776666666666703,3.04828375403062,2416
vru,RB,5.85451107161038,0.312240590485887,5.53585634249482,7.32188316125034,1.55500000000005,6.25374272511533,2416
RB,vru,0.0420879702249372,0.789149441717572,7.85490279376867,8.54064827337339,7.66666666666667,5.73371612083105,2416
RB,vru,0.0673435632959806,1.26269181179964,1.7054994013156,1.83904482113475,4.77833333333335,0.994345036423313,2417
vru,LR,3.56727549471017,0.190254693051209,3.67095071526114,5.01450707597813,3.60999999999999,6.8515544079738,2417
RB,vru,0.118882425455507,2.22904547729076,3.7873813898875,4.45694664271843,4.05499999999999,6.91356587219122,2417
RB,vru,0.0404244398634225,0.757958247439171,2.29434950002645,3.5024083140446,3.33333333333333,0.415132835140284,2417
RB,vru,0.14091654568337,2.64218523156318,10.9661519802267,9.57601082177787,3.19166666666667,1.68825866847586,2417
RB,vru,0.0595955613577532,1.11741677545787,8.41960361627697,8.30460015579159,3.61333333333332,9.89886366382295,2418
BR,vru,0.112905309018137,2.11697454409008,7.1693521296336,7.92549524346902,4.94333333333331,6.23131676663388,2418
vru,BR,1.204846553022,0.0642584828278398,9.46518237992693,9.7506365599146,5.555,7.13664250314389,2419
vru,RB,1.68812968404107,0.0900335831488573,3.93979694475968,4.74478672778457,2.44500000000001,1.59935469438458,2419
RB,vru,0.0446450511197903,0.837094708496069,7.70087466398056,8.71134818547638,7.44333333333337,7.99731130895468,2419
vru,BR,4.67736789396357,0.24945962101139,3.99477704925117,4.58904514496737,2.27833333333334,7.90686299483457,2419
vru,BR,0.991409683798034,0.0528751831358952,6.86791657648507,8.14837429540216,7.11166666666668,6.96439971326421,2419
vru,BR,0.885565092097705,0.0472301382452109,5.32742494471562,6.3724563737711,6.16666666666667,5.2332272973133,2419
vru,BR,2.59894266083819,0.138610275244703,2.41830599525243,5.92443966282664,4.33333333333333,4.31486363760287,2419
RB,vru,0.0555435294362352,1.04144117692941,5.83739090020533,5.84941993441835,5.66666666666667,5.48380107883404,2419
RB,vru,0.0834504754654742,1.56469641497764,2.80437258568194,3.22715215110725,1.83333333333333,6.38445730335568,2419
RB,vru,0.0589572394359096,1.1054482394233,5.29461444614362,5.3769898359404,4.22166666666665,5.53112095126158,2419
vru,BR,2.23320696964135,0.119104371714206,2.90225741641748,3.18940547645393,3.22333333333336,7.98235261824893,2420
RB,vru,0.100834912827031,1.89065461550683,4.78076539847213,4.77618615903641,2.05666666666666,4.92551481535792,2420
RB,vru,0.0937440418637672,1.75770078494563,4.89488620249654,4.18631898406456,2.38999999999999,6.24122023191581,2421
TR,vru,0.175983645653686,3.29969335600661,4.00824178146166,6.52756299414953,5.38833333333332,7.74210305409874,2421
RT,vru,0.138501982153688,2.59691216538165,6.4300085945819,7.8559681721584,6.16666666666667,4.99099679820458,2423
BR,vru,0.188332957635724,3.53124295566982,3.67953173565764,5.7442022634797,3.12166666666665,7.30705055015909,2423
TR,vru,0.163437730438183,3.06445744571593,5.36355820292363,5.85825994448694,3.61166666666668,3.98679211212275,2423
vru,TB,2.60428419077983,0.138895156841591,3.87402566030545,4.49947534687699,7.77833333333328,7.44331225213693,2423
RB,vru,0.0783603703074886,1.46925694326541,4.26231031611556,4.58845244035462,4.16833333333331,7.60006603200268,2424
vru,TR,3.30967319261161,0.176515903605952,5.6929456083694,6.16915330912148,2.83333333333333,4.62073217982369,2424
vru,BR,0.946979097162485,0.0505055518486659,5.11076269711798,6.25775175983566,7.50166666666664,6.00604850323229,2425
vru,RB,2.09835407633301,0.111912217404427,3.32065276338608,4.13397975889178,2,1.92835507623417,2425
vru,BR,3.1370873966319,0.167311327820368,4.39610457357809,4.82284539593699,5.55499999999999,6.00779544387412,2426
BT,vru,0.137783172044824,2.58343447584044,3.06512806959378,6.84307325704788,3.83333333333333,6.51200299751185,2426
TR,vru,0.135657398343885,2.54357621894785,5.49443560863965,6.60816302367546,5.27833333333335,9.30327437334617,2426
BR,vru,0.107480828284528,2.0152655303349,6.25609448995557,8.24983407740304,4.88833333333338,6.40460961011543,2427
BR,vru,0.232830665426634,4.36557497674939,6.47009038117502,8.36525795108518,3.81166666666668,9.00062980231602,2427
TR,vru,0.20848494796275,3.90909277430157,5.95591483811809,9.90205217206586,5.83333333333333,9.32869273165917,2427
vru,RB,2.55503920302879,0.136268757494869,8.15478718346214,9.74135856165102,5.725,8.52332395986837,2427
vru,TR,2.23142348234801,0.119009252391894,4.25290601966971,6.78189957534069,5.77833333333335,6.4897884330927,2428
vru,TB,3.14809615896837,0.167898461811647,3.064991417925,4.08588887785957,2.05833333333335,6.13286559312033,2429
vru,TB,3.17781870677029,0.169483664361082,4.76986285386842,5.67789891821009,2.88833333333332,5.4471798255446,2429
vru,BT,5.74233058704766,0.306257631309209,1.66422930086317,2.96378656024268,1.22166666666665,9.35183767357536,2432
RB,vru,0.0904933906237072,1.69675107419451,5.09071579437717,6.75288055038988,3.16666666666667,1.27571222665072,2432
vru,LR,3.31912154630988,0.177019815803193,9.48284008856021,9.84571130459456,4.72333333333336,2.5741777926641,2444
vru,BR,1.28144444974074,0.0683437039861729,3.49234163414466,3.86132819981182,4.33333333333333,6.02658313686382,2462
vru,LR,3.21182108266192,0.171297124408636,4.02465495164665,4.46895194095481,3.22166666666672,9.98665497358979,2463
RB,vru,0.300385518313474,5.63222846837763,5.12778032924467,8.78250095076696,2.89000000000002,5.85839573566831,2465
vru,RB,1.19029943675156,0.0634826366267497,8.6495852751496,8.85744107253597,9.33333333333333,7.48993286654185,2465
vru,RT,2.5289294617347,0.134876237959184,3.97716463838262,7.11840981687763,4.16666666666667,4.99100945242593,2465
RB,vru,0.110415423987766,2.07028919977061,4.00619837857347,3.65213341457071,1.27833333333334,0.585659369137485,2466
TR,vru,0.198747421237771,3.72651414820821,3.58726727308896,6.20054117011525,1.77833333333333,8.3751762187175,2467
vru,BR,1.42872581736272,0.076198710259345,8.75916912622397,9.012425200588,5.33333333333333,4.7400446497871,2468
BR,vru,0.144152225715389,2.70285423216354,3.62922593589004,8.32020154526048,3.88833333333332,5.28115002078415,2469
RB,vru,0.100905179659963,1.8919721186243,5.28967896894161,7.01858473379828,3.94333333333331,7.18391519852198,2469
LR,vru,0.117358160557918,2.20046551046096,8.16992598870744,8.48783140301016,6.33333333333333,9.69212810155684,2469
LR,vru,0.141330392710615,2.64994486332402,6.3961296880365,8.64169049234999,9,8.17558349493106,2469
vru,RT,1.15748717839895,0.0617326495146106,6.15785338004963,8.08763664416258,5.745,7.45104850728894,2470
TR,vru,0.172422882977726,3.23292905583236,1.94952776878342,2.52162618843667,1.5,1.52256796402655,2470
RB,vru,0.0550430276774774,1.0320567689527,2.85159434871797,4.96057677998405,3.22166666666668,0.753654783842032,2471
RB,vru,0.05415633577039,1.01543129569481,3.58477238673758,5.18916212924231,3.5,0.980156009438903,2471
BR,vru,0.110415361547036,2.07028802900692,2.0973102571529,2.37657901876919,1.72333333333333,1.59696188601896,2471
BR,vru,0.183687898625289,3.44414809922417,3.78988984714379,4.22250357098856,2.33333333333333,2.7206779268478,2472
RB,vru,0.20210915169157,3.78954659421694,7.46141522674746,8.39196002275902,3.77833333333335,9.78849504325152,2474
RB,vru,0.0941513704483651,1.76533819590685,5.67741494844213,8.29616620351762,4.94333333333333,9.30902673846485,2476
RB,vru,0.0483088407861329,0.905790764739993,3.11171235621307,6.96154858165557,5.44833333333333,1.44311942784944,2476
BR,vru,0.193651421612269,3.63096415523004,4.51328789372596,8.1932017005865,5.16833333333337,7.02970180242283,2476
RB,vru,0.0817802558258757,1.53337979673517,2.99470377015614,5.41040592450665,6,2.22447567726761,2477
RT,vru,0.0485189629529716,0.909730555368217,3.62445722379126,9.16329325560995,4.37833333333335,6.30948434485496,2477
vru,BL,2.71587417137084,0.144846622473112,1.57746978804528,1.68312269488952,3.07833333333328,0.77731005370534,2477
RB,vru,0.0427774793872751,0.802077738511408,1.87371033238302,3.52605366245321,5.16833333333334,1.52745536952576,2478
RB,vru,0.0999613221736735,1.87427479075638,7.46977712873682,9.82480138201034,5.88833333333334,9.79877306722118,2478
vru,BR,2.31833191342438,0.123644368715967,6.406318587321,7.69929816008698,4.00166666666667,6.31635345076447,2481
vru,BR,0.833993914279241,0.0444796754282262,8.91083885363985,9.57734809429849,7.05500000000005,8.02222360613498,2483
vru,LR,3.26516770646115,0.174142277677928,2.51180955222097,4.18997608527796,3.44500000000001,7.26843291562933,2483
vru,RL,4.03309687629487,0.21509850006906,1.81263587836995,3.55741785443497,0.666666666666667,0.000604413916287706,2484
vru,LR,3.71447696603325,0.19810543818844,6.68826003824347,9.94378309970471,4,9.80291658700245,2484
BR,vru,0.0797100579350956,1.49456358628304,6.02067749961553,7.52286127363984,7.42333333333336,9.74258454713605,2484
RB,vru,0.081311470315938,1.52459006842384,4.80434330171024,5.01639386620506,2.39000000000001,7.73158567707491,2484
RB,vru,0.0820404678347809,1.53825877190214,4.44907145203715,6.44023896472528,5.5,1.95807468644382,2485
BR,vru,0.150418908628452,2.82035453678348,1.84049296248575,2.84609701521462,1.16666666666667,5.41393378597168,2485
BR,vru,0.0644390508160225,1.20823220280042,6.74661124322523,7.35806793943313,6.5,7.36278770132218,2486
BR,vru,0.131816315524483,2.47155591608405,3.53901643148263,5.67184899707391,2.76666666666667,4.65042338684039,2486
RB,vru,0.0483173638797312,0.90595057274496,2.38155641796312,4.04632247522939,4.27833333333333,1.20363311183273,2486
RB,vru,0.0921709857572254,1.72820598294798,2.86373171865227,3.24716309509916,1.66666666666667,4.74435399392965,2486
RT,vru,0.0326257403250884,0.611732631095407,6.4728080816026,8.07752147278809,4.83333333333333,6.63358099885381,2487
RT,vru,0.0127337831124713,0.238758433358837,8.19754267311402,8.99062615129952,6.44500000000001,6.78247788032341,2487
vru,BT,17.9383201240257,0.956710406614704,7.70116958274778,9.11584090095663,1.72166666666667,3.05097743145841,2488
RT,vru,0.772852027194508,14.490975509897,1.56185818931349,2.75636086475291,1.88833333333332,2.00879056010446,2488
RT,vru,0.77059178729518,14.4485960117846,2.04035668884355,3.26053639242421,2.60999999999998,3.18533918257791,2488
RT,vru,0.774124667186046,14.5148375097384,1.63287276692279,2.82200871639369,2,2.26616054736375,2488
RT,vru,0.784343466279669,14.7064399927438,2.72741948551786,4.05124881507957,3.16666666666667,3.164064127083,2488
RT,vru,0.784720920309899,14.7135172558106,2.14907355564866,3.56633220186095,1.38833333333332,2.40672555625444,2488
BR,vru,0.197462063558686,3.70241369172537,1.57792972847486,1.98397455356981,1.2233333333333,0.0503281346890426,2489
RB,vru,0.0565285363436164,1.05991005644281,1.59020563860782,3.68295923018524,2.2233333333333,0.145818234380102,2490
BR,vru,0.137301790539593,2.57440857261738,4.8039574910883,6.9545049562051,4.555,9.08282926844067,2490
RT,vru,0.140907340408428,2.64201263265802,4.65835297404604,7.8978812949902,9.39000000000002,5.81392344294732,2490
RB,vru,0.0654735023577745,1.22762816920827,3.34982917720417,4.11157450256686,3.83333333333333,6.30887281050392,2490
vru,BR,2.42617020519755,0.129395744277203,6.8289197765485,7.54050881626945,3.66666666666667,7.34908001338858,2490
TR,vru,0.101520920663804,1.90351726244632,2.12350237709046,2.20708583403155,2.22333333333333,0.303824988808085,2491
Further inspection,vru,0.040022643847566,3.50198133666203,6.11395307434901,6.65641273717299,8,9.78736374651793,2491
RB,vru,0.0575718803587104,1.07947275672582,1.97858728802348,4.63158693604248,3.94499999999998,0.907118593034956,2491
BR,vru,0.0517065691906113,0.969498172323961,8.99926828880044,9.22577483856707,5.41166666666665,8.05662584335661,2492
vru,BR,1.88331770141314,0.100443610742034,4.76571635775954,6.33524351630152,3.94499999999995,4.77164808628781,2492
vru,BR,1.62951214343632,0.086907314316604,6.37870202259481,7.24153602635355,6.11500000000002,9.16758927974159,2493
vru,BR,3.63059895605673,0.193631944323026,1.91558419322607,4.96649215103518,2.16666666666667,5.80699219893657,2493
BR,vru,0.0701742624967503,1.31576742181407,3.3352159253767,3.82005689056029,2.445,4.05103429194523,2493
vru,RB,2.59954091083659,0.138642181911285,3.26138134881611,8.92318359563188,4.89,9.05497651957725,2493
vru,RB,4.27911737701865,0.228219593440995,3.98991413083386,9.9592142340331,2.55666666666666,6.33180046985287,2493
RT,vru,0.0596084157660211,1.1176577956129,1.83152675043442,2.21370242803957,7.54500000000001,2.49268354643118,2493
RB,vru,0.0543589276594193,1.01922989361411,2.78972820720247,6.27000768914311,4.60999999999998,1.11185643378394,2494
BR,vru,0.0806085744915394,1.51141077171636,5.5146412024,7.21856971265925,4.89000000000002,4.98857953737278,2495
vru,BR,3.35990420812597,0.179194891100052,2.90100772231605,8.48309745460293,5.33333333333333,9.6542046078283,2495
vru,BR,2.28962107601959,0.122113124054378,7.99066566543922,9.75389254821049,5.38833333333333,6.90935240669865,2496
RB,vru,0.0471527160034103,0.884113425063943,2.57169659950815,5.99678971604348,4.5,0.874253004395413,2496
RB,vru,0.060720773756637,1.13851450793694,5.75647576231986,6.97343489834384,5.44500000000001,8.38792385847697,2496
RB,vru,0.0319078230880695,0.598271682901303,6.77653025850206,7.09809263249957,6,7.97069322448413,2496
RB,vru,0.0499563711519025,0.936681959098171,3.06692956480833,3.24277314216217,6.11333333333335,4.39609470298937,2496
RB,vru,0.0498480322516657,0.934650604718732,2.80756243167579,2.81174600922286,4,4.35065005280223,2496
RB,vru,0.0581891129638136,1.0910458680715,3.08134469684517,3.36778429240241,3.44500000000001,5.92877137048761,2496
vru,BR,1.12060871186708,0.0597657979662445,9.33728042434967,8.8250441265819,6.55666666666666,7.21697003023454,2496
RB,vru,0.113706004467544,2.13198758376645,2.84806239397115,8.6519487731324,3.11000000000001,6.17107803564055,2496
BR,vru,0.0513985041385574,0.963721952597952,5.97908529894042,5.18476735241768,4.05666666666669,7.99364745621761,2496
TR,vru,0.210587735420009,3.94852003912518,2.86750649163652,3.61917399178758,1.94499999999998,4.1150531534914,2497
LR,vru,0.143837784818962,2.69695846535553,5.2819765145919,5.60297699614943,6.33333333333333,6.07604175816589,2497
RB,vru,0.0637711849299602,1.19570971743675,5.42034681369853,5.42803522602172,6.05499999999999,9.5650053604051,2498
vru,BR,4.45884838541125,0.237805247221933,4.95546523947813,9.37018438327172,4.22166666666672,5.14661074840598,2498
RB,vru,0.0475193787501327,0.890988351564989,8.91715653265374,9.24028167485612,6.88833333333332,9.35513470221726,2498
RB,vru,0.0769911523191984,1.44358410598497,2.57572024211207,2.73773308485182,5.77833333333332,4.0882092978853,2498
vru,TB,2.87578009853292,0.153374938588423,6.446927763559,7.99962962149359,5.66666666666667,9.72082512493831,2498
vru,TB,4.66314995113263,0.0373051996090611,5.00872511041025,6.50773585724911,6.33500000000004,6.08662474393171,2498
vru,BR,3.78907241042684,0.202083861889432,4.60470545891896,7.87138115292178,4.72166666666667,7.4081338682637,2499
BR,vru,0.175419447177883,3.28911463458531,4.29451511678069,9.98175247350072,3.77833333333335,4.80304700388822,2499
BR,vru,0.209645460593889,3.93085238613543,4.18822654871447,7.19928075923905,2.22166666666667,3.13916664437992,2499
vru,BR,0.815942497961242,0.0435169332245996,4.15364021072635,6.69845440372261,9.83333333333333,7.81028712835508,2499
vru,BR,1.83279984669894,0.0977493251572769,3.42190223378417,5.70555438684412,4.555,5.38551889984392,2500
TR,vru,0.165885248822879,3.11034841542899,2.54583411889185,5.11968879934735,1.72166666666668,4.02258106559226,2500
RB,vru,0.163369300128479,3.06317437740897,4.21927890853617,5.22352795261936,3.7233333333333,3.88165820240433,2500
RB,vru,0.0896929062192627,1.68174199161117,1.95600302646858,2.42400796566776,5.5,8.40392820318015,2501
TR,vru,0.166482496311786,3.12154680584598,5.04621405016567,5.72523653058205,6,7.3817006457545,2501
RB,vru,0.0557917201329938,1.04609475249363,1.96795221628102,2.022752432381,1.33333333333333,0.204063621555577,2501
RB,vru,0.0959879830629464,1.79977468243024,4.85902708690877,5.05858838035819,4.72166666666668,8.42732864789458,2502
RB,vru,0.0700506565370902,1.31344981007044,6.89100472906435,7.04663363001299,6.38833333333332,8.02348613165785,2502
BR,vru,0.150656390620669,2.82480732413755,8.38507436140377,9.80143180120341,6.61166666666668,7.09315625004844,2502
BR,vru,0.157863725975777,2.95994486204582,6.78625114724559,8.24352423501584,4.66666666666667,7.07782948437042,2502
BR,vru,0.164902963767668,3.09193057064377,3.68140648643602,7.1791760755379,2.89,3.78345878347758,2502
vru,TB,6.21512579807769,0.331473375897477,15.1207198307889,1.74269347353375,4.16833333333334,6.55269256745725,2502
RT,vru,0.18383785488986,3.44695977918487,5.80165513662824,7.02804013840768,3.55666666666666,6.95372125256387,2502
vru,BL,1.54001086210201,0.0821339126454405,1.7371851276042,1.92406183518364,4.21999999999998,1.56362162340156,2502
RB,vru,0.10928432750007,2.04908114062631,3.47110313858364,4.30431097663866,5.22166666666665,8.1249416244802,2502
vru,TB,5.55400496226194,0.296213597987304,1.98258083554061,2.57802648909934,2.27666666666666,3.3946110907566,2503
RB,vru,0.0907843847448236,1.70220721396544,2.85738069189173,2.95164449928532,1.72166666666667,0.547351954239337,2503
BR,vru,0.124415994216665,2.33279989156247,2.38259618461458,2.81124086018236,1.77666666666667,0.790781555923263,2503
BR,vru,0.0643072537824714,1.20576100842134,8.58000671528435,9.09983293089115,9.66833333333334,8.94273450941465,2503
RT,vru,0.116443696084481,2.18331930158401,1.6574061384236,3.20356397579901,1.88833333333338,0.0317343379131253,2503
RT,vru,2.74476850881849,51.4644095403468,1.85255460870531,4.28767093627237,8.41333333333334,1.72458462040628,2503
BR,vru,0.057034646728985,1.06939962616847,2.43605745351056,2.5129511890645,3.44500000000001,3.31577747565365,2503
BR,vru,0.115744169518984,2.17020317848094,1.9450582433901,2.69753618928134,1.45666666666666,6.23560551177015,2504
vru,BL,0.847476011914827,0.0451987206354575,1.79331721752571,2.17895210085866,3.94333333333334,4.42063869087894,2504
BR,vru,0.186512755032538,3.49711415686008,3.27899210219659,3.55315697095154,3,9.48374770044634,2504
TB,vru,0.0417101326604721,0.782064987383852,7.13433546279891,7.36116289386733,7.88999999999999,7.33768720320234,2504
RT,vru,0.105765485269193,1.98310284879738,7.66909379708216,8.70102879264692,5.11166666666668,9.31121179102357,2504
BR,vru,0.110127408074774,2.064888901402,8.67740261056376,9.81277572592941,7.66666666666667,9.69118046406503,2505
vru,TB,2.1837860611799,0.116468589929595,3.88148548939681,7.197750814578,4.05499999999999,9.95573819099745,2505
vru,TB,2.80625234826089,0.149666791907247,3.28979061571407,3.52193192241495,8.72333333333333,8.88614940860012,2505
RB,vru,0.10116611440092,1.89686464501726,7.96538408270348,8.40207057112475,9.33500000000001,9.63367817790899,2505
BR,vru,0.160537712422588,3.01008210792353,5.92702554699116,6.72923825751762,3.88999999999999,9.60285915616531,2505
vru,BR,1.57801818390341,0.0841609698081818,3.65377807594046,5.8896878897785,4.27833333333335,6.52291163572994,2505
TR,vru,0.133020545084758,2.4941352203392,5.09712377636036,5.81798135425487,6.44500000000001,8.02545975692132,2505
BR,vru,0.135261720803368,2.53615726506315,3.09814373613043,4.40736004763359,5.00166666666667,5.48391484965702,2506
BR,vru,0.13344907184651,2.50217009712206,6.01950212386816,8.64620798282666,8.445,4.79313522646648,2506
BR,vru,0.0973921840517958,1.82610345097117,7.56464497543287,8.07618293589151,8.55666666666666,7.15018511213481,2506
BR,vru,0.0987247676739019,1.85108939388566,7.06747609797531,7.83986025157443,7.16833333333334,7.38073448615018,2506
vru,BR,1.67016687052073,0.0890755664277725,3.82239819949123,5.55766113311471,8.16666666666667,9.18501670651455,2506
RB,vru,0.0547442435222224,1.02645456604167,3.28981265665093,6.560740394172,5.05666666666668,1.49648462357522,2506
vru,BR,1.51959385592707,0.081045005649444,6.14508624506212,6.29621199723317,5.555,6.36418699105895,2507
vru,BR,1.69771685017985,0.0905448986762589,5.20066610472343,5.84510810171833,8.28000000000002,7.87852687378196,2507
vru,BR,1.89109999878619,0.10085866660193,2.14807464618485,2.8138169392314,2.55833333333333,8.63762985247347,2507
vru,RL,4.25593331811418,0.226983110299423,6.99947742058368,8.61643305064623,9.89000000000002,7.79036803546536,2507
TR,vru,0.283495469335178,5.31554005003459,3.07051956845872,3.75282659799292,1.945,3.87807741782919,2507
RT,vru,0.0385996988485178,0.723744353409709,6.1685237199404,6.64891462786804,6.83333333333333,3.76168104478427,2508
BR,vru,0.200511525804008,3.75959110882514,8.93907850159102,9.1893905189065,4.11166666666667,5.09420548614158,2509
BR,vru,0.0728601460116262,1.36612773771799,5.60579031951053,7.11136774642225,3.89000000000002,6.88667166913218,2509
vru,BR,5.10004088141545,0.272002180342158,1.74784007106016,2.4105163652214,0.723333333333335,0.0537326796573423,2509
vru,BT,5.32965282536426,0.284248150686094,6.14621682180959,3.34177694370827,0.5,0.0965862384703734,2509
BR,vru,0.0391601259827279,0.734252362176148,5.72821306822361,6.79861709442809,9.61166666666665,9.26172864112997,2509
BR,vru,0.0922762224161125,1.73017917030211,7.12151088500635,8.40081990295617,4.83333333333333,7.08626933754673,2510
vru,TB,1.98046105065612,0.105624589368327,3.01131394718602,3.78077232404516,6.94500000000001,9.61270561540986,2510
vru,TB,1.97138282214993,0.10514041718133,2.39695256879871,2.53736290071247,1.83333333333333,9.79611511489798,2510
Further inspection,vru,0.0590792413878713,1.10773577602259,3.95956821541051,6.05867487852849,8.77833333333334,8.48065017099436,2510
BR,vru,0.083092704452397,1.55798820848244,4.18018253181442,4.62731640335354,5.39000000000002,5.02316988244238,2510
RB,vru,0.099566708178297,1.86687577834307,2.0768818939748,2.61170027252603,1.22166666666667,0.0402096252688072,2511
RB,vru,0.0354476344171692,0.664643145321922,8.25149680497172,6.81985583956178,4.83500000000001,8.76740715080223,2511
vru,RB,3.40269739922605,0.181477194625389,2.87525348237683,3.4007447760433,2.5,4.1814355060404,2511
vru,BR,2.49376757980683,0.133000937589697,2.7921794933094,5.84971016175,4.72166666666667,5.90580502470302,2511
vru,BR,1.46674226935839,0.0782262543657809,7.03067303154639,9.73641678368511,7.555,7.15991020355196,2511
BR,vru,0.125406380806833,2.35136964012811,5.06424417962748,7.38782095849564,5.445,7.9230887726493,2512
vru,LR,6.35777844419412,0.339081517023686,5.45250106665347,7.41333524931955,2.44500000000001,7.45432363969662,2512
RB,vru,0.0789376070592,1.48008013236,5.14111087203466,6.15266667843765,4.44500000000001,9.14315069628519,2512
TR,vru,0.195405146353908,3.66384649413578,3.19328863322032,4.52144448315418,1.44500000000001,6.05559023682953,2512
vru,BR,0.821396952153293,0.0438078374481756,8.79843161049176,9.32818045387088,5.44500000000001,5.94420761309463,2512
RB,vru,0.0666345807458967,1.24939838898556,5.6303063167676,5.74993496002337,5.5,6.87946363718712,2512
vru,RL,5.72961205605908,0.305579309656484,3.50654133153768,4.12997398490683,4.61166666666668,4.79207639082948,2513
RB,vru,0.055211686081073,1.03521911402012,3.91867389907589,4.95060894812434,4,1.58570709939694,2513
vru,TR,2.53446035580455,0.135171218976242,5.48681795037516,8.85353250924472,6.22166666666668,5.41096254319406,2515
RB,vru,0.0606577391627744,1.13733260930202,5.44244559634594,5.37236114220158,6.83333333333333,5.78153148539151,2515
vru,BR,5.74043418759157,0.306156490004884,2.86807101581763,3.60352524114045,2.05500000000005,2.38524807889229,2515
vru,BR,2.32564608937918,0.124034458100223,2.43386491668548,6.15132889683351,4.55833333333335,5.02390370390142,2515
RB,vru,0.0599819711385035,1.12466195884694,2.59793417655628,4.99260506881261,3.055,0.908108544919723,2516
BR,vru,0.0613390971872224,1.15010807226042,7.59004547795397,8.22685046640894,5.39,6.5958535535888,2516
RB,vru,0.106189685974251,1.99105661201721,4.54680632544986,5.59609665102434,2.61000000000001,6.56602049623559,2516
RB,vru,0.0801817493243404,1.50340779983138,4.77590688749013,5.16090883919488,6.22166666666665,3.41608510934011,2516
RB,vru,0.0721129045994745,1.35211696124015,4.24508054585577,4.50307680879323,2.38833333333332,5.93335357247241,2516
RB,vru,0.0506100291412793,0.948938046398987,7.73984546758269,7.96645293652674,6.83500000000001,5.73896922461805,2516
RB,vru,0.157191270117093,2.9473363146955,2.54248306114918,8.07071630083612,3.33333333333333,7.32511280502791,2516
vru,RB,1.66920397067863,0.0890242117695271,5.914540211598,6.99060065558641,7.05833333333333,9.87580099117931,2516
vru,BR,0.692198051668934,0.0369172294223432,8.95254928936765,9.93607451875515,5.27833333333333,4.6359653152421,2517
vru,BT,2.78384027052888,0.148471481094873,2.66307477147436,2.98462173417791,7.11166666666668,9.35706875687475,2517
RB,vru,0.191396862840118,3.58869117825222,4.95016542146041,8.93152862398733,3.16666666666667,0.882079032792612,2518
TR,vru,0.138862816833434,2.60367781562688,6.33775333121171,7.20980460642924,5.88999999999999,3.44197860405645,2518
vru,BT,6.4320359598309,0.343041917857648,5.05513515625186,6.70596862071802,1.34333333333337,4.01765864587675,2519
TR,vru,0.267524615683603,5.01608654406756,3.70779103269162,7.42911271009466,1.66666666666667,5.07313059400126,2519
vru,TB,5.94906467482411,0.317283449323952,3.03393076792787,3.55568058877205,6.33333333333333,5.81983122894785,2520
RT,vru,0.118789355687331,2.22730041913746,5.06295456178386,6.42150528507135,4.66666666666667,6.45502769329307,2520
vru,BR,3.05124602538692,0.162733121353969,5.35243979770203,7.46602463923445,4.91166666666668,6.1152189604667,2521
BR,vru,0.140877028517767,2.64144428470813,4.70956900567406,7.49978241155657,5.55833333333333,4.75929152455509,2521
vru,BR,1.51748684459586,0.0809326317117791,5.38282786886101,7.45803031181816,9.72166666666667,7.89573535990523,2521
vru,LR,6.09665787399746,0.325155086613198,2.0631007721653,2.870068172305,1.77666666666667,1.57270893068981,2522
BR,vru,0.153411866744581,2.8764725014609,5.78496564016081,7.11231284459433,4.05499999999999,9.55263904675945,2522
RB,vru,0.0977031750090766,1.83193453142019,6.81812962900442,7.17971693038221,3.10999999999998,7.49840565971805,2522
BR,vru,0.156387146454995,2.93225899603115,2.5289583157828,3.55919421174761,1.94666666666665,1.11490382847487,2523
vru,RB,1.62491095948618,0.0866619178392628,2.45775735655014,5.67645224035801,2.55499999999999,0.593480763871107,2523
vru,LR,1.86747341949437,0.0995985823730333,6.85485184880907,8.69795804261353,6.61333333333332,8.88688961023185,2524
vru,TB,3.63325820668708,0.193773771023311,5.11619846807745,6.13809244858143,6.77833333333328,7.14147540766064,2526
RB,vru,0.0515306279657605,0.966199274358009,7.69197583272643,8.50210238228603,5.33333333333333,8.63732914589893,2526
RB,vru,0.039139255831724,0.733861046844826,8.00468498450648,8.55596139506684,5.89000000000002,8.20488732044567,2526
RT,vru,0.0952143162137726,1.78526842900824,4.86445873262677,7.59058375746388,5.05499999999999,7.16932841667637,2527
vru,BT,5.55123764413459,0.296066007687178,3.60809452404382,5.34330373709077,6.66666666666667,6.29688027367049,2527
vru,BR,3.78150637444565,0.201680339970435,3.29517643678307,5.03617110579929,2.61166666666662,6.72739024359491,2531
RB,vru,0.075219697685718,1.41036933160721,4.62626774084487,4.64910713822184,2.61166666666668,5.68120863209087,2532
RB,vru,0.0805947222657021,1.51115104248191,7.3015032646434,6.39010936298246,2.72166666666668,0.711806259913747,2534
RB,vru,0.125172599693893,2.3469862442605,4.6804888449915,5.0292440938861,7.27833333333335,9.53263479078309,2534
vru,RB,1.29452130131771,0.0690411360702778,3.31812956363034,3.65528851198003,5.44333333333334,7.05427903606709,2557
BR,vru,0.0554519551746062,1.03972415952387,8.55497192503071,8.67535046025089,7.16833333333331,6.26658876086706,2560
BR,vru,0.0924285978570824,1.73303620982029,8.34101072331102,9.12251837375906,6.33500000000004,5.50775908688112,2560
vru,BR,1.93804884303397,0.103362604961812,1.98326047176826,7.53646013950805,2.55499999999999,0.61914674929807,2561
BR,vru,0.10512609430979,1.97111426830855,7.11493313879136,8.2159038231122,5.22333333333333,9.05620965363641,2562
vru,BR,1.93910199514717,0.103418773074516,7.48478340352616,7.67257974651269,3.35499999999999,4.46217118921403,2563
RT,vru,0.125465707609354,2.35248201767539,4.92099194177731,5.17538094930483,2.88999999999996,5.57949326533967,2564
vru,BT,6.82344975834084,0.363917320444845,2.91691060856336,3.81891037596462,2.05499999999999,4.55634832520437,2565
RT,vru,0.0715510616531283,1.34158240599616,4.83749186003206,6.52439605269634,7.72333333333336,7.51486039504606,2566
RT,vru,0.155411767326525,2.91397063737234,4.65152730723919,8.25155339613009,7.88833333333333,4.16838111128517,2566
vru,BR,1.82550892657014,0.0973604760837406,7.43228389652358,7.53170529258309,3.94666666666668,4.92437870165936,2566
RT,vru,0.0859177525183348,1.61095785971878,5.97314735993319,5.13722687299606,7.94666666666672,7.73459616160466,2567
BR,vru,0.385760284915586,7.23300534216725,1.45407960153485,2.05196891027825,1.11333333333332,0.640740298342256,2567
BL,vru,0.183842982946373,3.4470559302445,6.02044231685872,7.77652555884309,4.055,5.04279958352101,2568
RB,vru,0.0529262465096342,0.992367122055641,3.84044745077134,3.91125391072985,4.835,4.72889555232382,2572
vru,LR,5.30840512249041,0.283114939866155,1.88980067519056,2.87892969549953,4.055,5.34756023414128,2572
BR,vru,0.112083819877801,2.10157162270877,7.58106335084965,9.76120547182649,5.27833333333333,6.50987540555742,2572
RB,vru,0.227796230076285,4.27117931393035,4.7835042069325,4.80851564021098,6.77999999999999,9.21820344047129,2572
RB,vru,0.0722977386477816,1.3555825996459,6.50005149166603,7.51101567862596,4.38999999999996,7.2443167331921,2574
RB,vru,0.0501681011823844,0.940651897169707,3.1758894216927,4.82531651625541,4.39000000000002,1.38450287823011,2576
vru,BR,2.58621353422303,0.137931388491895,5.41841898311358,9.50108481695911,7.33333333333333,7.85029545101097,2576
RB,vru,0.0476062457068886,0.892617107004162,2.17755816560728,7.08207628387917,6.33333333333333,1.30130243629642,2577
TR,vru,0.223498992933312,4.19060611749961,2.54260376752233,4.14154946187179,1.555,7.27208858631606,2577
RB,vru,0.105574781880082,1.97952716025153,5.6115098848539,3.06592462263146,2.27833333333335,0.639744144457858,2578
vru,BR,3.4804332271618,0.185623105448629,7.34114785915473,3.10848222760223,3.05499999999999,3.56616971993996,2578
vru,RB,0.185345217940961,0.00988507829018457,4.30148778521798,9.13255602201927,9.27833333333334,8.05466612785904,2579
RB,vru,0.108683551857148,2.03781659732153,3.22309190873335,3.58769242784912,4.22166666666668,8.43443273507839,2580
vru,BR,1.75033921146196,0.0933514246113048,4.8270266206731,4.92761856104148,7.5,9.12149716739143,2580
vru,LR,2.83761614325689,0.151339527640368,1.8425376549547,2.27750874165786,2.94333333333331,1.27446322130762,2580
vru,BR,1.67872955456313,0.0895322429100336,6.93582620557808,7.12188454418655,6.16833333333337,5.35080383984342,2580
vru,BR,3.72921639444261,0.198891541036939,6.45134588817179,8.97591647417095,5.33333333333333,7.55783311680376,2581
BR,vru,0.0688912600883988,1.29171112665748,4.89466567400571,8.08849020051692,4.72166666666665,8.45788700772541,2582
vru,TB,3.77650137203225,0.201413406508386,4.59766938298486,5.43287712965926,4.88833333333335,6.28294168640321,2583
vru,BR,2.38056690113061,0.126963568060299,6.48416780473988,7.97970390690921,4.55499999999999,9.34603136925687,2583
vru,BR,3.07373737581689,0.163932660043567,1.25592882009997,3.66278129704792,1.72166666666665,0.800093648643725,2584
vru,TB,2.5671352988079,0.136913882603088,1.73304417570528,2.27230633545831,7.44333333333331,7.93879885020545,2585
RB,vru,0.0740603500287546,1.38863156303915,3.96198471272233,4.35257433679458,2.38999999999999,4.63614701997362,2585
vru,LR,1.47843987663369,0.0788501267537968,6.79118427949114,7.0257830019394,5.77833333333335,4.559363960038,2587
vru,TR,2.44846323754728,0.130584706002522,7.27385166283816,9.71927364833971,5.13333333333333,5.45747380000807,2587
vru,LR,2.89168157194853,0.154223017170588,7.32954276659984,7.95308470463092,3.77833333333333,4.92858266738665,2588
BR,vru,0.156899194584639,2.94185989846199,3.8716274706361,8.41067384475386,3.55499999999999,6.50490110564522,2589
vru,RB,0.687288679815389,0.0366553962568207,7.22591575153309,8.08375934466265,7.72166666666667,7.36244866373424,2589
RB,vru,0.0406671294157981,3.55837382388234,1.62706046929783,2.45245245706115,0.833333333333333,2.74874141537424,2589
RB,vru,0.0952495050373543,1.78592821945039,1.31881030034729,1.53661169083201,3.66666666666667,0.113020857193227,2589
TR,vru,0.147178746281583,2.75960149277967,4.1770903999839,5.67984861956329,2.66666666666667,6.08540184163298,2590
vru,BR,3.29348787483261,0.175652686657739,10.9376494646303,3.49400346654504,3.27666666666667,3.02900754270729,2591
RB,vru,0.0930139204702808,1.74401100881776,4.57664112219063,5.25968343649059,2.55499999999999,9.80626084892014,2591
vru,TB,2.61310992083825,0.139365862444707,4.52074325936763,5.75727828766016,3.39000000000002,9.38003964512571,2591
RT,vru,0.0946217992410062,1.77415873576887,6.89555150023603,7.91250409253808,4.66666666666667,7.41156317346759,2592
vru,BR,5.41807556566389,0.288964030168741,2.98034606214662,3.60234798619797,2,1.97181576398302,2592
RB,vru,0.0339929660239969,0.637368112949942,2.41016628377216,3.46006554319344,5.61166666666667,0.995124869215647,2594
vru,BR,1.53736695837297,0.0819929044465583,6.33971406412131,8.06469217922746,8.83333333333333,7.76908179622472,2594
vru,RB,3.23592596989081,0.172582718394177,3.15841603103179,3.62687441163106,1.77833333333334,0.91818445071193,2594
vru,BR,2.59191745442482,0.138235597569324,5.89520285957732,6.29622887317351,6.725,4.78708105744811,2595
BR,vru,0.134073765359906,2.51388310049823,2.64384255778835,2.99208552243327,6.55666666666666,6.14747764680884,2595
vru,BR,3.17993851023403,0.169596720545815,0.849977629274711,2.73608348967564,2.22166666666667,7.99665714111152,2595
vru,BR,2.65018061916841,0.141342966355649,5.54059624637349,6.88198305662038,4.33333333333333,7.20718321457613,2595
vru,TR,3.21944672111558,0.171703825126165,5.91872306571858,6.55101406181626,4.5,7.64907955873918,2596
vru,BR,1.12899170394733,0.0602128908771909,7.66165146492589,8.69562619283575,7.27666666666664,5.08952326524001,2596
BR,vru,0.141543752122926,2.65394535230486,5.26638391854999,7.65621700404941,4.27833333333335,6.55701073071257,2596
vru,BR,2.63426990153624,0.140494394748599,4.50075126287982,7.29574236676996,4.22333333333333,5.7900732170309,2596
vru,BR,2.97005838596869,0.15840311391833,6.28038969063458,8.29725108729933,5.38833333333332,7.2219279132924,2596
BR,vru,0.0876355535683585,1.64316662940672,6.92115659138666,7.43203652802701,7.72166666666665,7.21257770560735,2596
RB,vru,0.0933164788227244,1.74968397792608,2.37820221279149,3.38371511858377,2.83333333333333,1.41842308278958,2596
RT,vru,0.0565274708199743,1.05989007787452,2.63070463464316,3.33923841066387,9.64666666666665,6.86234743230679,2597
vru,TB,6.10714958558023,0.325714644564279,1.57783849388327,2.05285095383311,5.72333333333333,4.99567432886032,2597
vru,RB,1.72269709519738,0.0918771784105267,3.2647802925447,3.7942079756831,5.55666666666666,8.68269673393629,2597
RB,vru,0.1388471284299,2.60338365806063,3.4475258811572,4.63941157604201,2.27666666666664,2.62122661390648,2597
RB,vru,0.0539850236163272,1.01221919280613,2.45543439394107,2.64476785357728,6,1.86274600058588,2598
BR,vru,0.0788312942071517,1.47808676638409,4.52693908344095,6.35392469724311,8.89,7.24603143964155,2598
vru,RB,0.886480375049059,0.0472789533359498,2.64618328916472,3.0705611422891,3.05666666666666,1.79786951937476,2599
RT,vru,0.117186622764768,2.1972491768394,5.70711343460638,6.39971679733649,5.28,6.53260090371841,2599
BR,vru,0.15973605341004,2.99505100143826,3.95886102675495,7.29775002859887,4.66666666666667,6.9712737556389,2599
BL,vru,0.271655312436748,5.09353710818902,1.86524442393342,3.17576404050769,2.77666666666664,3.76738027390729,2599
BR,vru,0.0471852538349809,0.884723509405892,6.19830520224592,6.75970736388004,3.72166666666667,7.36112532544001,2600
vru,BR,2.39226732117812,0.127587590462833,7.24479898592536,8.24603427983438,5.00166666666667,5.55278202030017,2600
TR,vru,0.141080485436414,2.64525910193276,4.86956872509776,6.11932122302393,3.16666666666667,5.83467111691753,2600
TB,vru,0.0533321564939546,0.999977934261649,2.82514245006393,3.91907745918635,8.39166666666667,6.32194245137971,2600
TB,vru,0.058895288241632,1.1042866545306,1.86925219581021,2.2569736256538,2.77833333333333,9.70977462760322,2600
RB,vru,0.0694581890935312,1.30234104550371,6.46689121810748,6.56407786259584,9.33333333333333,7.97825911990302,2601
vru,RT,1.42516918230657,0.0760090230563501,9.62062403569006,6.05012261886553,7.13333333333333,0.366993208815141,2601
RB,vru,0.0910270239263523,1.70675669861911,3.56689478549208,4.81603008235281,3.66666666666667,2.79423174226744,2601
vru,TB,4.15954389465959,0.221842341048511,3.46350648917188,5.31517850962787,1.55666666666666,8.46506739692917,2602
vru,TB,3.37610842310356,0.180059115898857,3.73297643243808,4.72988447330116,2.33499999999998,7.77628251137526,2602
vru,BR,2.60863722100388,0.13912731845354,6.74048727005378,8.24655824617223,6.33333333333333,7.34199189546085,2602
vru,BR,2.88844403951337,0.154050348774046,8.14059420353846,9.3808419673625,6.05500000000005,8.62615170352696,2602
vru,BR,1.50428347451975,0.0802284519743866,4.66899676800646,6.83504317046721,2.21166666666666,8.22094855884706,2602
RL,vru,0.12527684711735,2.34894088345031,4.90240739521028,8.4253251399659,7.5,8.65542233035872,2602
RB,vru,0.122809841949041,2.30268453654453,1.5116580642642,2.28118066943337,4,4.68356213272761,2602
vru,BR,2.55852635076201,0.136454738707307,4.23141214086422,6.52622855381641,7.555,9.95078907864921,2603
BR,vru,0.0615133588111681,1.1533754777094,1.06390871162849,3.18541289291895,4.61166666666662,5.38261377756263,2603
vru,LR,2.4120531845414,0.128642836508875,2.24197813228421,2.84033819412506,0.833333333333333,0.43156204220446,2603
vru,BR,2.04706700870385,0.109176907130872,4.85620703850506,8.14852629146162,6.11166666666666,7.93189457355799,2603
BR,vru,0.111262379439019,2.08616961448161,3.23739999300722,5.82715821121439,3.66666666666667,7.03764053354498,2604
BR,vru,0.160119040174398,3.00223200326996,4.15916020125812,9.96281343559334,6.55666666666669,8.61433404061995,2606
RB,vru,0.0429621109947568,0.805539581151691,4.85305917203246,4.83592966536502,6.33333333333333,8.14347417425982,2606
vru,TR,3.29338106781121,0.175646990283265,3.71248364049214,4.58052428305829,3.83333333333333,4.28171298654934,2606
RB,vru,0.0614106381229793,1.15144946480586,5.99063303260061,6.26823233146195,8.94333333333334,5.67637327004409,2606
vru,BR,4.42128557003117,0.235801897068329,1.84638654736548,7.60759212071587,2.77666666666667,4.80965933730988,2606
RB,vru,0.102460762383527,1.92113929469114,2.213938350986,2.62857917415842,1.5,0.343084145371343,2606
RB,vru,0.0968921876072251,1.81672851763547,2.37542247081306,2.68125463962984,2.61166666666665,7.42796457749991,2607
vru,BT,3.93978647124136,0.210121945132872,5.42767647415196,6.02820031805209,1.66666666666667,7.51617097816289,2607
vru,BR,1.9808372081959,0.105644651103781,5.6562285081386,6.41575589745436,5,5.45875150865545,2607
RB,vru,0.118470924071351,2.22132982633783,3.76826380503821,5.44158206048047,3.11166666666668,6.14160408606943,2607
BR,vru,0.149909607315572,2.81080513716697,7.63942454305625,8.64717980769364,4.33333333333333,7.43157484695167,2608
BR,vru,0.163599490080497,3.06749043900931,5.7598655194666,6.7364650983633,4.33333333333333,9.60255661407855,2610
BR,vru,0.136343069604952,2.55643255509285,4.79060763021206,7.22873385553742,4.55833333333333,7.98749351007072,2610
BR,vru,0.12093080445502,2.26745258353162,3.46881582421179,3.5204742726006,2.94333333333332,6.28994871412409,2611
vru,RB,0.562575472160617,0.0300040251818996,3.10620523298253,3.61447246724241,5.22166666666667,1.2837467724314,2611
vru,BR,1.74859549583413,0.0932584264444869,6.13714337384204,7.43600096046801,4,8.5243627320101,2612
RB,vru,0.0867109876356619,1.62583101816866,3.49938451015808,9.5908105579448,3.16666666666667,0.484697227255323,2612
vru,RB,2.96921375153022,0.158358066748278,4.39667681434737,8.0155945025415,3.61333333333332,0.964689485482473,2612
vru,TR,2.94940426232875,0.157301560657533,5.28005324065335,6.04604685159375,3.33333333333333,3.09550705230431,2612
vru,BL,2.21035114564719,0.117885394434517,1.39808240106383,1.61327659408824,2.83333333333333,0.0355649950930173,2613
vru,BR,3.40988265450994,0.18186040824053,4.07369879800462,8.81326314310041,2.05499999999999,3.87251019167744,2614
vru,BT,5.48448311596348,0.292505766184719,2.62838738668211,4.37147158392309,0.943333333333309,1.96796409490551,2614
vru,RB,1.20058699205411,0.0640313062428856,4.54080983098266,4.25040884615757,2.77833333333335,0.671160300822527,2617
RB,vru,0.0393989151439823,0.738729658949668,1.96870324499603,2.47476729882084,3.5,0.858155536050086,2618
TR,vru,0.0539671403727068,1.01188388198825,6.74236191832749,9.45943735995639,4.83333333333333,8.85559622661943,2618
vru,RT,1.69399577809166,0.0903464414982217,4.64598898673686,7.16256626684066,5.50000000000001,6.43269168597556,2618
vru,BR,0.0947867795707341,0.00505529491043915,8.17048832916041,9.21639253337985,6.22333333333333,6.16791830868091,2619
vru,LR,3.32546976116673,0.177358387262226,4.13878552758741,9.48711383722781,4.72166666666667,8.94700845821646,2620
vru,LR,4.27662017154041,0.228086409148822,3.24010884496849,4.19339195871809,3.5,5.72530769109976,2621
RB,vru,0.199405438252879,3.73885196724149,3.98329703920414,6.72766254547815,5.16666666666667,5.45897170868682,2624
RB,vru,0.0845920966347461,1.58610181190149,4.52403185975146,5.45314016812588,2.88999999999996,1.36970833682441,2625
RB,vru,0.0403636027600093,0.756817551750174,5.36145666414606,5.42634965372423,5.61166666666668,3.83799092209642,2626
vru,BR,3.90350881398441,0.208187136745835,5.59978063090482,6.32670153483949,2.50166666666667,5.59091932413357,2627
vru,LR,4.44476670161036,0.237054224085886,5.5038079143114,5.94452890308956,2.66666666666667,5.06192594743124,2656
vru,LR,4.64054909995521,0.247495951997611,5.04022080537642,6.96549951372753,3.11166666666668,5.42051347976128,2658
vru,BR,2.66161641530162,0.141952875482753,5.49805539482237,9.60637816958142,5.33333333333333,6.34056874893609,2660
vru,BR,1.23650508437208,0.0659469378331775,25.2741377316549,9.95695052112998,5.72166666666667,8.3052288893216,2660
RB,vru,0.170089199708705,3.18917249453822,3.89856653381512,5.74880476867934,2.83333333333333,5.37690238606584,2660
vru,BR,2.67450237998178,0.142640126932362,3.68123225404002,4.28720257262626,2.05666666666663,2.42773065300222,2661
RT,vru,0.063307841849052,1.18702203466972,10.7050745917391,3.1314800201932,0.388333333333336,2.41149666813141,2661
BR,vru,0.115585962565761,2.16723679810802,7.8859403032482,8.56904702649885,5.38833333333334,8.45742553644232,2661
vru,BR,1.51972273590323,0.0810518792481722,8.38728251803652,8.63087792523571,6.27833333333335,5.93240813680827,2661
vru,BR,1.26510626229185,0.0674723339888989,9.00727063099453,9.91601735756486,7.33333333333333,4.53192847943849,2662
vru,BR,1.47921504446359,0.0788914690380583,7.69889146280452,8.05789867435593,4.94333333333331,7.06399266568509,2662
vru,BR,3.16048316076058,0.168559101907231,6.91476042546062,8.22411877222019,5.39000000000001,5.69155684682559,2663
vru,RT,2.6127916802821,0.139348889615045,1.90564682457751,6.32233733904359,2.7,3.8138367856136,2663
BR,vru,0.0530024277187413,0.993795519726399,8.2659306845778,8.96397640121994,5.5,6.1191177783818,2664
BR,vru,0.137409759686955,2.57643299413041,4.78762594295031,7.23532649582758,2.94333333333337,2.5318095184982,2666
RT,vru,0.0969037041029463,1.81694445193024,5.92520673612924,7.99850389997039,7.16666666666667,8.08573092605793,2667
vru,BR,2.81349058495958,0.150052831197844,4.4691510823673,9.16909251644069,4.94333333333334,8.03391032277194,2669
RB,vru,0.0973426702062496,1.82517506636718,4.21428173994268,4.39470650097534,9.11166666666668,8.28527247740043,2669
RB,vru,0.195738916380144,3.67010468212771,1.53799480296273,3.34944050797945,1.33333333333333,4.18857406744361,2670
RT,vru,0.136142095912956,2.55266429836793,3.30346898579144,6.54795287434364,2.16666666666667,2.25093789974534,2670
RB,vru,0.0485113203551225,0.909587256658547,3.5557673032811,4.53171990850481,4.27999999999999,1.69736178712308,2672
vru,BR,3.5791715467969,0.190889149162502,4.47333194695461,5.37903257096239,6.33333333333333,4.39007542776717,2672
vru,RB,1.46225306603588,0.0779868301885801,7.77328023682324,7.78940852217233,3.50166666666664,7.25690307047327,2674
vru,TB,4.01984005215413,0.21439146944822,1.68069810881983,1.95527012586354,6.11166666666665,9.72528531528178,2675
RL,vru,0.251230220022222,4.71056662541666,1.84082674671723,5.55856665730396,1.225,1.65088174454601,2675
RB,vru,0.0373291134056747,0.6999208763564,9.29422759671269,9.4079881142197,8.22166666666669,6.51938990326574,2677
RB,vru,0.170824371654833,3.20295696852813,6.21718016650964,6.82056194883171,5.66666666666667,8.0355429885681,2678
RT,vru,0.0831836165644197,1.55969281058287,6.24053195265625,7.64784073744351,6.33500000000001,8.88319578304639,2679
BR,vru,0.209531543762007,3.92871644553763,4.48737448966685,4.86975297486536,2.27833333333335,3.786733805947,2679
BR,vru,0.254489015883424,4.7716690478142,7.89975871429023,8.73336268695465,3.89000000000002,8.62578275557716,2679
vru,BR,1.92038113765344,0.102420327341517,3.36900415411727,3.72430066507352,2.33333333333333,3.76628563720174,2680
vru,TB,2.3456874391791,0.125103330089552,5.68243769612897,6.86282934018515,3.27833333333332,8.52624006886053,2681
vru,TB,2.49157486197976,0.132883992638921,4.19668930554555,5.82479640865312,2.88833333333332,6.62745687162828,2681
RB,vru,0.0317928729407704,0.596116367639445,1.96939229505778,2.25573188469619,3.88833333333332,1.40674803849564,2682
BR,vru,0.251691450668182,4.71921470002841,2.32597870832798,3.46370847999206,0.8,1.49968775190435,2682
vru,TB,3.37034686817384,0.179751832969272,5.11627793190802,4.83365487340957,1.16666666666667,9.33510576208762,2682
RB,vru,0.0698006389057766,1.30876197948331,1.77772474221752,1.9250650377962,1.05499999999999,0.00707277207510489,2683
vru,BR,1.42715119444328,0.0761147303703084,2.39775897873571,2.87765612112706,8.72333333333334,8.63980526661752,2684
RL,vru,0.0555664815629281,1.0418715293049,5.4164506981337,9.14145888277652,9.66833333333331,2.43021774470618,2684
vru,RB,1.16704999059445,0.0622426661650374,7.91215659588801,7.97909417380259,3.22166666666665,8.4952730767468,2684
vru,BT,2.47802313371207,0.132161233797977,2.36804040058451,6.82918264132426,2.23333333333333,0.627356140289358,2685
vru,BR,2.63129691051463,0.140335835227447,5.01264324166145,7.06775983402419,5.66666666666667,6.19891402474528,2686
RB,vru,0.104866494975694,1.96624678079427,3.73654337883622,5.08616019635268,2.66666666666667,7.53612638561565,2687
vru,TB,3.40788329886426,0.181753775939427,1.72172189077182,2.12447763143432,4,5.96466393409062,2687
vru,RB,0.970729000978479,0.0517722133855189,1.94080017227236,6.44533288428471,4.72333333333333,8.43247071300455,2687
BR,vru,0.279034996127055,5.23190617738227,11.2495508933765,8.94699308890737,2.72166666666665,9.55781914668328,2688
RB,vru,0.0805787457241685,1.51085148232816,5.75268931151006,6.18857719579314,7.5,7.16801705649135,2688
BR,vru,0.139898324691154,2.62309358795914,2.42895804930357,4.21476944910045,1.77833333333332,1.09358896655757,2688
vru,RB,0.663746782918897,0.0353998284223412,2.26886725933731,3.7798296600953,5.77833333333335,1.32295914280399,2688
RB,vru,0.0595161935316098,1.11592862871768,3.02052491796667,4.03748324714192,2.83333333333333,0.810697744539653,2688
vru,RB,2.87194921491193,0.153170624795303,6.35118841538378,6.37946545787241,1.5,6.2831444565989,2689
BR,vru,0.240904130029571,4.51695243805446,6.27343483262178,8.93441581719453,3.89,6.87671713733776,2690
RB,vru,0.0642106445558147,1.20394958542152,6.37501750304974,7.84902920154271,4.94333333333334,7.8991965919604,2691
vru,RB,1.66487640210661,0.0887934081123525,10.6285362921001,7.69351164316648,2,1.91242211754527,2691
vru,TR,7.95436754375704,0.424232935667042,6.10467007651823,7.16238780030312,3.945,7.8855494225474,2692
vru,TB,1.45848979457242,0.0116679183565794,5.79974846857427,5.35130717638453,2.77833333333328,1.02053817729792,2692
TB,vru,0.193928602677455,3.63616130020228,4.08340490141971,8.52789389693323,2.72333333333336,7.5626021943918,2693
RB,vru,0.0706473450456616,1.32463771960615,7.00910064328029,7.98082388798974,4.83333333333333,7.36812043335206,2694
TB,vru,0.0775136467939405,1.45338087738638,4.43124001233488,5.46890197605198,7.27999999999999,6.81895950709509,2695
vru,TB,1.78840920558746,0.0953818242979977,2.07938574543517,3.3739997976944,2.555,2.02928337491017,2695
RT,vru,0.0838625902402936,1.57242356700551,9.77546701563863,8.43344272602073,5.54500000000001,8.84330185884269,2696
RB,vru,0.0658188708633757,1.23410382868829,5.60248288103773,6.40337079945712,3.25666666666666,9.47759103529202,2696
TB,vru,0.0550054773584554,1.03135270047104,1.9141420688575,1.98991036877663,3.44333333333334,1.23140818021615,2696
TB,vru,0.0655764208364706,1.22955789068382,4.28117396944433,6.17436556810292,8.83500000000004,8.7636241567825,2696
TB,vru,0.0583925730500438,1.09486074468832,2.27564930440289,2.63612556040159,3.10999999999998,0.577973336348705,2696
RT,vru,0.0167655778506778,0.314354584700209,8.84015546507516,9.58754195035625,6.44500000000001,6.39630002126132,2697
TB,vru,0.05374936570031,1.00780060688081,1.96354207775716,2.32037681560083,3,3.21146297056732,2697
vru,BL,2.89657204762728,0.154483842540122,2.28782423115893,4.57666442026264,1.88833333333334,2.38880106102487,2697
vru,BR,1.24946602601462,0.0666381880541132,2.51639289021977,8.36944032077286,5.66833333333334,8.33364127235522,2698
RB,vru,0.0792763720371205,1.48643197569601,2.12725336311496,1.98977814223064,3.89000000000002,0.39322802645244,2698
BR,vru,0.128240685126312,2.40451284611835,6.94581797778255,8.3335691735581,3.22166666666665,9.54089842671072,2699
RT,vru,0.0869153898308962,1.6296635593293,5.61288493810344,7.71500346574909,6.44500000000001,4.70943278258122,2699
BR,vru,0.0804114728080756,1.50771511515142,3.89349227633922,5.01725732849505,4.27833333333333,2.56325841955606,2699
vru,RT,1.3001547965487,0.0693415891492642,4.91605967653553,6.21586567816552,5.83500000000001,7.45020235625236,2699
vru,BR,2.18670491098397,0.116624261919145,8.25002339831417,9.13849742788427,7.05666666666663,7.20989704597189,2699
TB,vru,0.0407351587328565,0.76378422624106,2.14197704898205,2.52373667427211,5.445,1.57049525203383,2699
vru,RL,5.70910653455771,0.304485681843078,2.91914611292058,6.2870063043015,1.05500000000005,0.314633120930162,2699
RT,vru,0.0454689024583434,0.852541921093939,9.00846720808921,9.15641538350968,7.08833333333332,9.56364685894186,2700
RB,vru,0.0848540841030739,1.59101407693264,2.08639997564101,2.1821636332546,4.38833333333332,3.82449121835249,2701
vru,RB,1.32456312418946,0.0706433666234377,4.29896285019015,4.2151443272898,2.33333333333333,3.7465699720871,2702
RT,vru,0.0635419589429001,1.19141173017938,8.14508688154014,4.13724874673148,2.22166666666672,7.38339757820008,2702
BR,vru,0.137011142450717,2.56895892095095,8.51296500574563,9.83150232770559,5.06666666666667,7.58703475739039,2703
RB,vru,0.0530168535295006,0.994066003678137,1.34498057167833,2.13081012525041,2.44500000000001,0.0133804594722125,2703
RB,vru,0.0968560206721342,1.81605038760252,7.88553217187212,6.28269415488264,3.54500000000001,0.511238050232497,2703
RB,vru,0.0721219117974435,1.35228584620207,4.76521090365498,4.60488886065416,2.22333333333333,5.69859677207744,2704
RB,vru,0.0365828069245151,0.685927629834658,3.17094769818267,6.30983305183298,6.72166666666665,1.54216011008899,2704
BR,vru,0.145073312654635,2.7201246122744,7.02695534721192,8.05453023395479,4.66666666666667,7.13743309029284,2704
vru,RB,1.20328561949211,0.0641752330395792,3.29005843898494,6.74352442604921,4.38833333333332,1.38776427781774,2706
RB,vru,0.0785711452320013,1.47320897310002,4.59627100712855,4.78747729294195,2.11166666666668,3.95070106305926,2706
vru,RB,1.02877371434073,0.0548679314315054,2.28141218293063,5.92765834290202,4.38833333333332,0.631875291297145,2707
BR,vru,0.174315902623248,3.2684231741859,2.18836829621587,7.65139034011477,3.38833333333334,8.21317330144131,2707
vru,TR,1.5815073026194,0.0843470561397015,7.40499251515671,9.58968004242027,5.77833333333335,6.01984783373249,2707
RT,vru,0.0787877066828258,1.47726950030298,5.32098567301593,6.41946374462037,7.88833333333332,6.13838367061399,2707
RB,vru,0.0746655199753168,1.39997849953719,2.60264835094171,5.18397367312126,2.94500000000001,0.81143885163861,2708
RB,vru,0.121523727773546,2.27856989575399,5.61005775739627,6.58449606588805,4.33333333333333,7.5780736492664,2708
RB,vru,0.0933951565519972,1.75115918534995,3.35269652141211,4.16826551306614,1.83500000000001,3.6861280272661,2708
vru,TB,2.48844113668146,0.132716860623011,6.1884105039929,6.78055240243963,7.11166666666665,9.34228584921363,2709
vru,TB,2.52015268658958,0.134408143284778,5.65189024191022,6.3311806880708,5.44499999999998,8.87729386929258,2709
vru,RB,5.69704696841138,0.30384250498194,3.53691201414843,4.10758698074234,8.39000000000002,7.59924100568928,2710
RB,vru,0.300363545509536,5.63181647830381,3.1994509763538,3.75420556356127,7.77833333333335,6.3392088957347,2710
vru,BR,3.359752299344,0.179186789298346,4.91726146688006,7.63889517779928,4.16666666666667,6.57597236227029,2710
RB,vru,0.0733611713318786,1.37552196247272,6.71143924218224,6.80320146131624,3.055,5.03008519791915,2711
RB,vru,0.0531842851551126,0.997205346658362,2.8011731078673,2.16047593934891,6.05499999999999,0.956644285142417,2712
vru,BR,1.17070074818653,0.062437373236615,6.9787647946635,7.97444363838101,3.61000000000001,5.54004800328151,2714
vru,BR,2.41773193732534,0.128945703324018,1.94412594036265,2.16346401492166,2.16666666666667,0.86938447277546,2714
RB,vru,0.106799219008571,2.0024853564107,2.55502101325608,2.2048218153047,1.22166666666667,0.0295910660393734,2714
vru,RB,3.17751328988803,0.169467375460695,5.7182022480463,6.36158928918226,5.05666666666669,8.04275611919964,2715
RB,vru,0.0307907701791798,0.577326940859621,2.55654626113733,3.48439594265003,4.16833333333337,1.93038588096148,2716
vru,BR,2.55689039247959,0.136367487598911,3.48921071490113,5.91633269013954,3.44500000000001,6.20059676018249,2716
RB,vru,0.0527908589089629,0.989828604543055,3.88880795093712,4.78028569230116,3.33333333333333,1.13096385266104,2718
RB,vru,0.121171891847962,2.27197297214929,4.639253126237,9.12225000979236,5.94333333333334,9.48187894435914,2718
vru,RB,1.09430951609198,0.0583631741915721,3.74780793967224,3.51629179919811,1.77833333333335,3.70286834310693,2719
RB,vru,0.0604449545791345,1.13334289835877,2.17768897088989,2.36979077797035,1.5016666666667,0.0819812972092007,2720
RB,vru,0.0373030125565379,0.699431485435086,4.03325233702055,7.89989135752296,8.55666666666669,8.85753252872903,2721
RB,vru,0.100895739906521,1.89179512324727,3.37134896867906,3.28441879375039,1.445,0.707086186353766,2721
RT,vru,1.99525463973577,37.4110244950457,10.1124230918796,3.15667671971493,8.05666666666666,0.672571997851911,2721
vru,RB,1.48262423687314,0.0790732926332339,8.99813721692361,8.79403292999348,3.11166666666668,5.89646806176561,2721
RB,vru,0.289371928176896,5.4257236533168,6.81712005865403,7.78253664571683,4.55666666666666,3.46766405382774,2722
RB,vru,0.0856573936528141,1.60607613099026,3.94148952356773,4.40531369882121,3.05666666666663,8.17013195204763,2725
RB,vru,0.0655651877383517,1.22934727009409,5.77947887228692,5.9225531943831,4.5,6.07703182892765,2726
vru,RB,6.0155440437473,0.320829015666523,1.97510099505287,2.71300912971572,0.555000000000018,9.30849932460661,2728
vru,BR,4.98426141424056,0.265827275426163,2.77543365643332,7.6453226550493,3.89000000000002,6.22407897005849,2735
RB,vru,0.144652601307762,2.71223627452054,6.14713881801431,5.30896268897793,1.5,0.74051017054289,2737
vru,BT,2.77547936580231,0.148025566176123,4.37427398836628,4.61409638758074,5.66666666666667,7.64270252500917,2760
vru,BR,2.21321480526734,0.118038122947592,3.62420152884416,4.1592340682217,7.77833333333335,8.69267571692821,2762
vru,TR,2.70679830548208,0.144362576292378,3.89265163854835,4.8475517115473,2.445,4.90156629762774,2763
vru,BR,2.83527998345213,0.15121493245078,2.38866446398747,2.77954545619318,1.83333333333333,2.01069423015555,2763
vru,RL,4.04941271421589,0.215968678091514,4.29285292820447,5.24770744651641,0.443333333333309,7.44404529148446,2764
vru,RB,2.96768712283008,0.158276646550938,5.30480828676508,8.63644068157622,3,8.24928367744652,2766
vru,LR,6.27136317571159,0.334472702704618,1.66664813004823,2.24941089324256,2.33333333333333,2.43276984135282,2766
RT,vru,0.166695221980684,3.12553541213782,6.01562124049546,7.28409874904996,6.83333333333333,7.3692638557896,2767
vru,BR,1.19001142335167,0.0634672759120891,5.85771338043512,8.45679059094706,8.16833333333334,6.88725524363853,2767
vru,BR,1.6206488518638,0.0864346054327359,7.62432376249447,7.75200898342862,6.05666666666667,7.42144525474866,2767
vru,BR,2.51281763175864,0.134016940360461,4.13705976619663,6.26134047540522,6.38833333333335,6.67453603192254,2768
RB,vru,0.084762628049942,1.58929927593641,3.62133573098007,4.30965071368836,2.5,6.35011155157994,2769
vru,RB,1.82502250280245,0.0973345334827974,7.3880146862723,9.94089043723258,5.88833333333332,7.61898392673654,2769
vru,RB,2.18414719917962,0.116487850622913,6.14028529223642,6.56079569416746,9.83333333333333,8.87267898562605,2769
TR,vru,0.156929654405993,2.94243102011236,6.03568381741658,8.00927798250252,6.72166666666665,6.35730410246457,2771
vru,RB,2.20034168371916,0.117351556465022,2.20034805235958,3.34804093836772,1.33333333333333,0.20007925816762,2771
vru,BR,1.40131483291966,0.0747367910890486,8.95230758037084,9.52459549303919,6.83333333333333,9.11419976679081,2771
RB,vru,0.131088288341447,2.45790540640213,5.35611076389041,7.47355682636916,4.05666666666668,1.17131464663452,2771
RT,vru,0.0932633620330493,1.74868803811967,8.62035914108326,2.6143533859023,7.64500000000001,0.437220298529726,2772
RT,vru,1.45356147166172,27.2542775936572,2.68213269121483,2.74791873620871,8.64666666666665,0.819060557730317,2772
RB,vru,0.0758534266450408,1.42225174959452,4.13417668388422,5.03608747571176,8.945,9.38441775956507,2772
RT,vru,0.112637221151919,2.11194789659847,4.98852409124438,8.40606838981741,5.94333333333337,4.96943805257894,2774
vru,BR,2.17339634339761,0.115914471647872,8.09526112570698,8.6360865390016,7.66666666666667,5.97799392793408,2774
vru,BR,1.72250436036134,0.0918668992192713,7.26611203312089,8.72900285678372,8.16833333333331,6.11929889820031,2774
vru,BR,2.2361726422019,0.119262540917435,5.2313053332794,8.58157742906909,6.2233333333333,6.88563317153987,2774
RB,vru,0.0851190596741324,1.59598236888998,2.88810637705627,3.41441129414991,2.11166666666668,4.20082630509131,2775
RT,vru,0.0623832109924374,1.1696852061082,5.66033052732621,4.53981664118453,6.46666666666667,1.94905811356437,2775
vru,RB,1.26204738665225,0.0673091939547869,1.64912490118285,5.8303976386299,3.11166666666662,6.47665776052793,2776
RB,vru,0.05361210019511,1.00522687865831,1.91126448338322,2.87279241225117,2.83333333333333,0.667415255429455,2776
RB,vru,0.0392436598345918,0.735818621898597,2.04333302195354,4.80790835529433,6.05666666666669,1.35562364844957,2776
vru,BR,3.21288101836743,0.17135365431293,6.45669071114136,9.71790718911853,6.27833333333333,8.75452032300989,2777
vru,BR,1.49836518425743,0.0799128098270629,6.07001860199986,6.19851667834207,7,5.77224609439281,2778
vru,BR,1.66842377062682,0.0889826011000969,7.43645657891093,8.1643944903116,6.16666666666667,7.26991078158185,2780
RB,vru,0.0715510908808343,1.34158295401564,2.75234632666947,2.89896801493862,2.11,0.696822411179365,2780
RT,vru,0.0787907469780405,1.47732650583826,11.4535306116982,6.09876487034771,9.61,5.91563767408785,2780
vru,BR,3.12987979073566,0.166926922172568,1.34938402639725,3.46359950754702,2.0016666666667,2.85470535045956,2780
vru,BR,1.64663236957959,0.0878203930442446,2.06573631335822,2.44554501311827,2.16666666666667,0.840653149945309,2780
LR,vru,0.110729722151056,2.07618229033229,2.33016372976492,3.37601193033847,1.66666666666667,4.48426579741744,2781
RB,vru,0.0180599814677712,1.58024837842998,5.76127099398419,8.85951233539246,6.16666666666667,8.02366527229938,2782
RB,vru,0.0503348645344879,0.943778710021648,3.90123537417198,6.49123990581936,3.44499999999998,1.26582432952232,2783
vru,BR,2.27893998765255,0.121543466008136,4.21189073949509,8.2250340464059,6.05666666666666,8.68602826165784,2783
vru,TB,2.47356047353351,0.131923225255121,5.47128903604243,5.80023342019861,8.05666666666669,9.88372362999097,2784
RB,vru,0.134408588108938,2.52016102704259,2.35867772547346,5.0515447998851,1.88999999999999,6.50690354248697,2786
RB,vru,0.0821173299263379,1.53969993611884,2.69108932424402,2.85562452037917,2.72333333333336,9.83987313543784,2786
vru,RB,3.77952399308837,0.201574612964713,5.69010496239612,6.30622344248614,3.77666666666667,7.21728529394259,2786
vru,RB,1.77363804067502,0.0945940288360008,3.58766552446032,4.08797517294148,4.27666666666667,6.11985480586259,2786
vru,RL,3.43432749215918,0.183164132915156,5.95945225872815,6.34193167664574,1.445,1.20546775515591,2787
RB,vru,0.0502452178590124,0.942097834856482,2.26894772542471,2.31128977652897,3.16666666666667,2.6279855486764,2787
RB,vru,0.0891622032017414,1.67179131003265,4.26528037144666,5.6521670036085,4.11000000000001,6.01421354033587,2787
vru,BR,3.27449520658102,0.174639744350987,2.35002960182135,2.75291742522033,2.05666666666663,4.00402822016004,2788
vru,BL,1.343900077128,0.0716746707801598,2.10557545566921,2.32376627440227,3.61166666666668,4.19990655155551,2789
vru,TR,3.33160586837358,0.177685646313258,4.86248561885397,4.33918804072008,3.11000000000001,6.68582287199555,2789
vru,RB,1.67071267781278,0.0891046761500152,3.53719909625615,5.98018679402,2.22166666666665,0.597914591191818,2791
RT,vru,0.172756150390285,3.23917781981784,4.21611382361845,5.60438159829429,3.77666666666664,6.6251148543312,2791
RL,vru,0.153441664044683,2.8770312008378,7.00398236755877,8.10184467798628,3.94333333333333,9.73066534420856,2791
RT,vru,0.170648938775664,3.19966760204369,4.50224621428081,8.21517142313563,4.16666666666667,7.28831089132479,2791
RB,vru,0.0455673738831751,0.854388260309533,1.47202764594402,1.71440386784684,1.77666666666667,0.256061350998741,2791
vru,TB,5.53394721951522,0.295143851707479,3.77835311084266,4.32169219646325,6.94666666666665,6.96482076722652,2792
vru,TB,5.37423101082591,0.286625653910715,3.71052918552346,4.26368345025771,6.77833333333332,6.66288154833718,2792
RB,vru,0.155794059597908,2.92113861746078,6.81082786066282,8.25535492780272,2.11000000000001,1.81448885228816,2792
RB,vru,0.0750639727219848,1.40744948853721,3.60362240418017,3.45230839495162,2.16666666666667,5.66184050104213,2792
RB,vru,0.0868141717591997,1.62776572048499,3.03730359082531,3.66815028315826,6,7.33506164083481,2792
RB,vru,0.0973584391894318,1.82547073480185,2.61697130397816,3.33614693564493,1.5,4.6359464334252,2793
vru,BL,2.90193477353019,0.154769854588277,1.60485981691635,2.49722317122069,2.66666666666667,9.78884347185782,2793
vru,BR,0.980234443253758,0.0522791703068671,6.67870940256115,9.18122482346742,8.05666666666666,7.6003813812594,2793
RT,vru,0.0518607403173873,0.972388880951011,5.89573729995227,6.51921190005941,6.81166666666662,4.80737144106808,2793
vru,TR,2.87627994376503,0.153401597000802,1.92991659103424,2.78185331415277,1.33333333333333,0.35691431535331,2794
RT,vru,0.0600186624751186,1.12534992140847,2.55422224349168,2.85705481038478,3.63333333333333,7.46659500863954,2794
RB,vru,0.0989476373295536,1.85526819992913,3.44675669016059,3.56031124291841,6.835,8.31923943278966,2796
RB,vru,0.0721514143533033,1.35283901912444,4.88712074813533,4.94812565535177,4.94333333333331,4.61245346435232,2796
RB,vru,0.0812044849769758,1.5225840933183,2.53096124849559,2.87103745153878,1.77833333333335,5.96824361433066,2796
vru,RL,4.37971831494591,0.233584976797115,1.65301000964608,6.72515710821684,1.33333333333333,0.865804352731049,2796
vru,BR,2.51976473817732,0.134387452702791,6.01371283799705,7.4792506391047,2.66666666666667,9.52575901632185,2797
vru,BR,4.40894432951723,0.235143697574252,5.82953033893282,9.39425170825886,6.55500000000002,9.82244080551321,2797
vru,BR,3.05815159723774,0.163101418519346,4.29524226899153,7.2777311101165,4.61,5.42007148660361,2797
BR,vru,0.131859126224739,2.47235861671386,2.48985401020339,2.89199433644944,1.38833333333332,2.75533868377464,2797
RB,vru,0.0575361063595877,1.07880199424227,1.82401418796536,1.69796361463076,2.77833333333333,0.0661818081646031,2798
RB,vru,0.159681829965306,2.9940343118495,7.28373961997589,8.00111320203067,3,1.68978290546607,2798
vru,LR,2.85373678483798,0.152199295191359,6.05691518412852,6.47049801755764,7.72166666666668,9.28703469114224,2798
BR,vru,0.116796952774124,2.18994286451483,1.60296072873541,2.23385301010777,1.72333333333336,1.97099508838906,2799
BR,vru,0.144071399040565,2.70133873201059,5.39067931142346,7.43261002538343,4.5,8.1225278107326,2799
vru,BR,2.53696565158436,0.135304834751166,4.48689458947118,5.79279138745445,2.83333333333333,1.32714148476615,2799
BR,vru,0.138497928291443,2.59683615546455,5.03896826863041,7.22310755800574,5.22166666666665,7.90032331490905,2800
RB,vru,0.0876946787431127,1.64427522643336,3.05709889613508,2.74739529031817,1.16666666666667,0.815049882768519,2800
vru,RB,1.05890780457482,0.0564750829106572,5.21486712770656,5.62001684847572,2.66666666666667,4.62046006240557,2800
vru,RB,2.30218908710071,0.122783417978704,3.44631929882903,7.37013568603794,4.83333333333333,8.05318412006023,2800
RB,vru,0.0853563274665684,1.60043113999816,2.38692740784585,2.60658956884012,6.10999999999998,7.5141976143306,2801
vru,RB,1.58224697475396,0.084386505320211,6.50797530727763,6.53351166257097,2.66666666666667,7.87224674744364,2801
RT,vru,0.165515794818316,3.10342115284342,0.198411033432846,2.57825965935478,4.66666666666667,0.157640226937211,2803
vru,BT,10.7708974006588,0.574447861368468,2.58226736795255,4.28289181818762,1.11166666666667,3.61574100048671,2804
vru,RB,1.24088658461023,0.0661806178458787,1.782976639014,6.98250773514542,3.38833333333332,7.85956247607194,2805
RB,vru,0.0453173893034863,0.849701049440368,5.57919531684599,7.62864636459807,7.72166666666665,5.78932978118681,2805
RB,vru,0.0511774928059088,0.959577990110789,4.79155850422832,4.83304635374259,4.83333333333333,2.1032358007314,2805
vru,RT,3.24838974287674,0.173247452953426,1.89172617388202,7.51302928629126,4.94500000000001,5.52037807068586,2806
vru,BR,1.98503014235332,0.105868274258844,3.73171451596563,4.90405961214864,3.32333333333336,2.95123351571666,2806
vru,BR,1.47592918512093,0.0787162232064496,7.41462252802005,8.77683088189817,6.39000000000001,8.43487439767751,2807
vru,BL,3.73543584110008,0.199223244858671,1.83247537495977,2.18278347454514,2.00166666666667,0.946972366262822,2807
vru,BL,3.8948229515403,0.207723890748816,1.61468877973832,1.94984691886139,1.77999999999999,0.953635713964922,2807
vru,RL,4.49759313882885,0.239871634070872,4.25876868297072,4.84833283401762,2.88833333333332,3.49074790337858,2807
BR,vru,0.158626422103727,2.97424541444488,6.00061828722794,8.58624730428642,4.61166666666667,9.03742712281622,2808
BR,vru,0.11088853824284,2.07916009205325,7.85545176867139,9.5451245704747,6.72166666666667,8.77429069279647,2808
RL,vru,0.158708576601352,2.97578581127535,3.08153188478521,2.95895455815696,1.27666666666664,0.650173175870108,2809
TR,vru,0.104578025428284,1.96083797678032,9.77757600105211,9.84392756900444,7.55666666666669,7.97446256012915,2812
vru,RT,1.29767213947433,0.0692091807719643,6.27257730730612,9.65100699010981,2.05499999999999,3.22219379171449,2813
RB,vru,0.0591849378175344,1.10971758407877,2.50824126603624,5.35696153764068,6.5,8.6976576643823,2816
vru,BR,3.33587485407801,0.177913325550827,5.50486968368086,7.63452388091927,6.83333333333333,7.20436224597146,2816
RB,vru,0.110394999478169,2.06990624021568,6.85943863339248,5.54553171931422,1.77833333333333,9.99312934110382,2817
vru,RB,2.62890627987106,0.140208334926456,3.03558407019663,3.56127471605143,5.2233333333333,8.18350271932193,2822
RB,vru,0.057874344178627,1.08514395334926,6.33036436652405,6.39546014091286,8.00166666666664,5.53195905111546,2825
BR,vru,0.137466290047829,2.5774929383968,4.38444439481147,7.25335823052416,4.77833333333335,9.04905155629288,2828
BR,vru,0.102554925914918,1.92290486090471,6.38620881335555,8.0171547385267,5.28000000000005,9.13429212308991,2828
RB,vru,0.0905917675042136,1.69859564070401,4.5971088778309,5.46935837472836,2.66666666666667,5.63325273131328,2829
vru,LR,8.24277662638561,0.439614753407233,2.24713477795317,3.93623661446254,0.833333333333333,7.23451464865503,2829
RB,vru,0.098062257960246,1.83866733675461,4.82397368762636,5.22699204396781,2.33333333333333,1.29684912392583,2837
RB,vru,0.108746609785941,2.0389989334864,2.34133341967241,2.48076353881382,1.88999999999996,0.404556009503571,2841
vru,RB,2.93892395948155,0.156742611172349,2.08884291998268,3.21120815102384,1.11166666666668,0.7987941514826,2862
vru,BR,2.3341589358652,0.124488476579477,4.7435154099749,6.46491108731781,6.03166666666666,7.1522604267656,2864
vru,TR,1.72832722508233,0.0921774520043908,6.27850293866245,8.80735328826987,5.16666666666667,8.36244402542269,2865
vru,RB,1.46415991439517,0.0780885287677426,3.66945422125101,7.68169254823284,8.27833333333333,8.72822297188319,2867
vru,RB,1.09517021054864,0.0584090778959272,1.46580210453539,2.47125792585107,1.83333333333333,0.00716751051099886,2868
BR,vru,0.0798522879644812,1.49723039933402,3.8239332266556,4.76790333279211,3.555,9.82303418964091,2870
RB,vru,0.180483853367709,3.38407225064454,6.90891645034642,7.64603846948795,7.61166666666666,6.5553038704868,2870
RB,vru,0.0681548838255955,1.27790407172992,2.88901305213616,3.19303603295126,5.72333333333334,5.74888317948763,2870
vru,BR,2.43241730441991,0.129728922902395,5.72578835640709,7.43408365441174,5.22166666666665,5.73399384339442,2871
vru,BR,2.25326962928767,0.120174380228675,2.14563115965697,3.88886437809084,3.225,6.88190566638466,2872
BR,vru,0.108574043322971,2.03576331230571,6.53236556704731,8.5833419238313,4.94499999999998,7.31476066501645,2872
BR,vru,0.183423803175307,3.43919630953701,4.87791172785997,8.18675356504107,3.22166666666665,6.42997623422382,2872
vru,BR,1.7429366257306,0.0929566200389655,8.01239745575457,9.05510922806132,7,5.73664306612252,2873
BR,vru,0.272850730016063,5.11595118780118,1.62352609629513,3.71367046628195,1.11,2.88033292748187,2873
TR,vru,0.175228334113434,3.2855312646269,6.33205712626017,6.82630461007951,8.61000000000004,7.82188185155829,2874
RB,vru,0.114228557707423,2.14178545701419,4.10936691448127,5.11735853339511,6.33333333333333,8.91730196030162,2874
vru,BR,1.29578919972265,0.0691087573185413,6.36421773475227,8.82943167507852,9.22166666666666,7.28591006206263,2875
vru,BR,1.32206923625408,0.0705103592668843,8.25145936957599,8.67629925122291,7.94500000000001,7.27529822023259,2875
RB,vru,0.144949004872895,2.71779384136679,6.20517595649497,8.52232238963593,4.22333333333333,2.13025294832586,2876
RB,vru,0.092057481693071,1.72607778174508,3.15009860340745,4.13386552888987,1.88833333333335,9.21457223211809,2876
RB,vru,0.0887163377897383,1.66343133355759,5.67237543384969,6.31956592776569,2.5,4.63224512080511,2876
TR,vru,0.154816487388565,2.90280913853559,4.99474846929342,7.2108443762272,5.44500000000001,6.65885270515335,2876
RB,vru,0.082634801634111,1.54940253063958,3.60511577136831,3.7134627880173,2.22166666666665,8.14835739178516,2877
RB,vru,0.0854588521666034,1.60235347812381,3.94164281465408,4.3066168154893,2.5,6.09451595570289,2878
RB,vru,0.0723120886570046,1.35585166231884,2.76232143692533,3.10885364426459,4.05499999999999,6.11015489356467,2878
RT,vru,0.242365265807076,4.54434873388268,6.27364295263299,9.48770873757872,4.11,5.43663472980806,2879
vru,RL,1.99025019402877,0.106146677014868,5.36884726467149,6.97216105973383,4.77833333333335,4.9925480018454,2879
TR,vru,0.121809252155225,2.28392347791048,2.0102665233639,3.09562940543142,1.5,1.57134198217068,2879
vru,TR,2.15444685202478,0.114903832107988,7.75838057036636,8.48516978821875,6.11166666666666,9.81633106933237,2880
BR,vru,0.183704809603387,3.4444651800635,5.44428677226057,9.04452512512979,4.44500000000001,8.92090964369921,2880
vru,BT,7.79977761397219,0.41598813941185,1.50916407488631,2.20419278320798,0.8,0.0033795759293311,2881
vru,BR,3.45525229011401,0.184280122139414,1.40630232923735,2.56072396867145,2.88999999999999,2.78572273757272,2881
RB,vru,0.0442984073205897,0.830595137261058,1.63935777312272,2.93614808761069,4.22166666666672,1.07280502397825,2881
vru,BR,4.0637813262563,0.216735004067003,2.92483475171034,3.31476179339804,2.33333333333333,5.0429106365702,2881
vru,RB,2.976868076904,0.15876629743488,4.70670213136491,6.03415839706048,2.5,0.534291533711513,2881
vru,RB,1.07119567652566,0.0571304360813686,4.61723228769112,6.80497305618987,3.88833333333333,1.14517156889406,2883
RB,vru,0.104291264336004,1.95546120630007,5.54600066343118,5.1267394830098,4.72166666666667,1.30234859844036,2883
vru,RB,1.19126182218991,0.0635339638501285,8.437355167515,9.51324787574565,5.33333333333333,6.85124888278828,2883
RB,vru,0.0685900367120693,1.2860631883513,3.12082970436363,9.79387971748324,5.33333333333333,9.66496100310095,2883
RB,vru,0.0803998024214724,1.50749629540261,4.09134904527152,8.24723171901601,3.77666666666667,1.08017363115052,2885
vru,RB,0.545887344005904,0.0291139916803149,2.68740373917304,3.0460023011045,6.05666666666666,1.60635659011003,2885
vru,RB,2.34987683016634,0.125326764275538,8.5280625614105,8.9711347626461,2.89166666666667,7.99581628904904,2886
RB,vru,0.0416522624829443,0.780979921555206,3.63314975347512,3.90094385548034,4.44500000000001,5.5671382445697,2886
vru,BR,5.25989705798283,0.280527843092417,6.34500535018335,9.21610683410247,7.55666666666666,6.71728119586022,2886
TR,vru,0.196920164454532,3.69225308352248,1.62573599110019,2.22650749592013,1.94500000000001,2.29652529102147,2886
vru,BR,5.7022409908931,0.304119519514299,5.0523552523103,5.47093129617668,3.61166666666666,3.62068410370722,2887
RB,vru,0.085310493837443,1.59957175945206,3.60482168977181,3.6970253757499,6.11166666666668,4.18867765582382,2887
RB,vru,0.109253417406339,2.04850157636885,4.94311439575256,5.98560345342319,2,4.28733446962146,2887
RB,vru,0.0626504148572141,1.17469527857276,3.37526218996969,4.1189711776326,2.66666666666667,1.01858770187784,2887
RB,vru,0.116174997494075,2.1782812030139,4.95663137164314,6.19969351530616,8.89,5.62249811452265,2888
vru,BR,1.51817299601075,0.0809692264539066,2.51566974658735,4.88714511786512,2.16666666666667,0.483479173960757,2888
RB,vru,0.146790900045369,2.75232937585067,7.43840011795495,6.14793947182365,2.83499999999998,0.847310757885651,2888
TB,vru,0.063823833562219,1.19669687929161,5.22544455970163,5.16938362985921,3.77833333333333,3.51883704415023,2888
vru,BR,2.36185867243003,0.125965795862935,3.01675794339031,7.46223333647995,6.5,8.09983369894284,2888
vru,RB,0.922871624087404,0.0492198199513282,2.48204448452963,4.78402462247861,4.83333333333333,1.57963577470249,2889
vru,BR,1.43816420609681,0.0767020909918298,6.86634834189648,7.67030964846903,6.83333333333333,8.94874637357069,2889
RB,vru,0.119917123277361,2.24844606145051,5.01089028777564,6.70642388775235,2.66666666666667,6.33398649708906,2890
RT,vru,0.818132417385781,15.3399828259834,2.81326375071946,4.0916145771939,2.16666666666667,2.4461256394412,2890
RT,vru,0.869264008393754,16.2987001573829,3.24827651659161,5.8468251176878,1.77833333333335,3.14847116356161,2890
vru,RB,3.03759606681804,0.162005123563629,1.86903570482818,8.46263462796315,2.34499999999998,1.68148726321896,2891
RB,vru,0.308847838045799,5.79089696335874,2.45174872480567,5.87169363487419,1.16666666666667,1.94183337695528,2891
vru,BR,1.41385552798709,0.0754056281593116,8.02078398516426,8.3487847707557,5.39000000000002,6.0630995886538,2892
RB,vru,0.0511912985723293,0.959836848231175,3.99710517603161,5.78412686358557,5.66666666666667,7.59448162061469,2892
RB,vru,0.0875050543501687,1.64071976906566,1.78286543815843,5.31087360112582,4.72166666666672,9.96392201449275,2892
BT,vru,0.433823712285878,8.13419460536021,1.61630377807116,2.36145326165511,1.33333333333333,3.13548787396513,2893
RB,vru,0.0661131332884922,1.23962124915923,4.24860073317274,4.21600561211283,4.27833333333335,5.51759790254039,2893
RB,vru,0.102458478533871,1.92109647251008,3.66851497610373,8.06750189933593,5.55499999999999,8.84450395443999,2893
RB,vru,0.0495367899565095,0.928814811684554,2.97425423305584,6.91950634549797,5.50166666666667,8.79629253555634,2894
BR,vru,0.111507351343672,2.09076283769385,2.69668418856781,9.25787917481744,4.50166666666667,6.97538677966714,2895
vru,BR,1.50679742875214,0.0803625295334472,6.50772686106787,7.57606004187234,5.44666666666668,6.4609271472426,2895
BR,vru,0.0871569005965576,1.63419188618546,2.58759015110268,5.84655048279277,4.05499999999999,3.91434498817491,2895
BT,vru,0.119111866678431,2.23334750022059,10.663374613478,9.21429412128364,9.7,7.72108021362344,2896
vru,RB,0.939307634238802,0.0500964071594028,3.69989284691644,4.81017022334665,3.72333333333333,1.21864593254085,2897
RT,vru,0.0897135602861024,1.68212925536442,2.70796983267068,2.92402595730656,3.66666666666667,1.50908190193952,2897
vru,LR,4.04411097019902,0.215685918410614,4.47422662157085,6.44620159984746,3.05666666666666,7.37872171017414,2897
vru,LR,4.25878812041904,0.227135366422349,4.09500387409537,5.82794897962692,2.66666666666667,5.93610614031034,2897
vru,RB,0.573415185361916,0.0305821432193022,3.50440393380963,5.60072929557285,4.05666666666669,5.11328242595236,2897
vru,RT,1.84867027623374,0.0985957480657996,4.57810298557644,6.41254834423261,6.94500000000001,6.93694432338696,2898
vru,BR,3.91858113861633,0.208990994059538,2.46892334001794,6.36450683688553,2.33333333333333,7.2240521441921,2898
RT,vru,0.183852131728275,3.44722746990516,3.06346226102731,6.29733888162605,3.77666666666667,7.87735439106933,2898
RB,vru,0.0783359882796474,1.46879978024339,4.39948718231634,7.14524791373213,3.38833333333338,1.08281801160659,2898
vru,LR,3.20487333980435,0.170926578122899,4.35014436575846,4.68324777169332,2.88833333333335,8.6396929588781,2898
RB,vru,0.0681236297494066,1.27731805780137,4.41259952627673,4.60880022339474,2.66666666666667,4.38329025774236,2899
RT,vru,0.122069573050264,2.28880449469245,6.39537021383337,7.57196061719931,3.33333333333333,3.87069667679523,2899
vru,TB,1.36758307449286,0.0729377639729524,2.65360633087817,4.01202134721531,2.55666666666667,0.808115970452202,2900
RB,vru,0.0753458893536087,1.41273542538016,3.80503019845801,3.81454229009866,2.60999999999998,4.76642594004684,2900
vru,TB,3.01486371064422,0.160792731234358,5.8904883490168,6.57324174508646,9.66666666666667,9.67381421505451,2900
RB,vru,0.135789941066312,2.54606139499334,7.23831699131142,8.9445519994292,3.88833333333332,2.09617138269215,2901
RB,vru,0.087204231748088,1.63507934527665,6.58484509183984,9.02031853529145,5.83499999999998,7.07825486950184,2901
RB,vru,0.120278250736348,2.25521720130653,3.3728519823604,3.83261983256518,5.94500000000001,9.11416522548892,2901
BR,vru,0.125312201392842,2.34960377611579,7.12749599933195,9.47004077552407,4.16833333333337,7.20840352656748,2903
RB,vru,0.0934537325395263,1.75225748511612,6.18724498156117,7.96816998297126,4.88833333333335,9.62214484981333,2904
LR,vru,0.130675263446535,2.45016118962254,4.38245159501162,5.65026452309202,5.11166666666667,9.25847034085036,2905
RB,vru,0.116866870037694,2.19125381320677,8.66725881614594,9.2564706596432,6.61333333333333,8.83660712760854,2905
vru,BR,0.268256690439882,0.0143070234901271,5.58577177189922,7.29150929366328,3.72166666666665,8.2470587640773,2905
vru,BR,3.27019337579408,0.174410313375685,3.59514519244326,6.45592264588178,3.72166666666665,4.77576875547056,2905
TR,vru,0.130695848803971,2.45054716507446,4.44895980043073,6.94496567251489,4.38833333333332,6.60206774367095,2907
RB,vru,0.0655671542973072,1.22938414307451,4.89658462967976,4.74703612272023,2.55499999999999,4.92138375765679,2908
vru,RB,2.03182628104808,0.108364068322564,3.38283283327487,5.30511763881546,2.5,5.35549305693242,2909
vru,RT,1.81408224434251,0.0967510530316005,1.90651993286815,3.45563567671287,2.92333333333333,1.72918254129082,2913
BT,vru,0.130688792130735,2.45041485245128,4.38634381625823,9.71526105423231,9.27666666666667,4.66394535405403,2913
RB,vru,0.183149673089429,3.43405637042679,2.19297752450104,4.40226125189723,1.77666666666664,6.7537430918892,2958
BR,vru,0.107572703027493,2.01698818176549,5.70577337277873,7.54112227747013,5.5,7.63386232424012,2959
