type1,type2,DV1,DV2,MD,MDc,PET,TTC,X30_mins
vru,RT,6.96880129007808,0.371669402137497,5.74088660017652,8.81423517059455,3.33300000000001,4.9823276203544,0
vru,RT,4.19558251984628,0.223764401058469,5.9904111683705,8.22734542346475,4.40100000000002,3.72744686660528,1
vru,RT,5.4029325133399,0.288156400711461,5.11195930401154,7.66989085090227,3.13500000000001,3.47845786973282,1
RT,vru,0.121830577436509,2.28432332693454,6.81463155885409,7.56737167025912,2.46700000000001,3.84905984521232,1
vru,RT,5.23133902239064,0.279004747860834,5.59135891554734,7.28890642809893,3.86699999999999,3.20570542409857,6
RT,vru,0.226079330395623,4.23898744491793,5.45997995335986,6.32021864470782,3.66700000000001,3.2376258277681,7
vru,RT,2.15689621636448,0.115034464872772,6.35261646537228,8.72084101147487,5.66699999999999,3.71199753274393,8
vru,BT,7.09327436335599,0.378307966045653,2.56668204747593,4.02415023851303,2.8,2.46013470335922,8
BT,vru,0.426432863008053,7.99561618140099,4.58313033104281,8.71765744885908,5.53299999999999,4.75249032834491,8
vru,BT,10.7121993878519,0.571317300685432,3.81464854292766,4.63461967557835,1.26700000000001,3.11637000425581,9
RT,vru,0.300962009996038,5.64303768742571,5.84735080095465,7.95596007257397,4,3.16028365292384,9
vru,RT,5.11477208291399,0.272787844422079,5.22549947239733,9.65764808843628,4.60100000000001,4.18885802864335,10
TR,vru,0.400021348586088,7.50040028598916,7.25996002396276,7.77996362419174,2.6,8.00680417936053,10
RT,vru,0.266177146053459,4.99082148850235,5.57665662545497,6.60279916472237,2.33299999999999,1.94871921386676,10
vru,RT,3.66665184242686,0.195554764929433,5.16424926804224,5.18557232803355,2.534,2.37582946266979,11
RT,vru,0.213891261299729,4.01046114936993,5.63936917172293,7.0569415655476,5.2,2.79093896131479,11
vru,RT,7.09952201566243,0.378641174168663,5.04513713201326,7.83926110636525,3.20100000000002,3.67433725282629,11
vru,RT,5.49025371781687,0.2928135316169,3.19806440557631,6.06448508184245,1.73399999999998,3.06408787970675,11
LT,vru,0.401797291420358,7.53369921413172,6.99371556086005,8.82910275549402,1.59999999999998,2.6964332427532,12
vru,RT,5.8572830840362,0.312388431148597,5.27640132438959,7.22295413443277,3.20099999999999,3.10808419703052,12
RT,vru,0.4554212789581,8.53914898046438,5.268883309391,7.83830548764765,2.13400000000001,3.72977869576407,12
vru,RT,4.4317145491166,0.236358109286219,5.91426588567904,7.8311277758716,6.80099999999999,4.62433263581354,13
vru,RT,4.94079746568762,0.263509198170006,5.42432430488091,7.94124759510777,3.6,2.39271941605762,13
RT,vru,0.29521396452247,5.53526183479631,5.13410536925519,6.25228407339747,1.2,2.07937864521094,14
RT,vru,0.163621633010664,3.06790561894995,5.1793066631617,8.29934202806121,5.8,4.08489177028179,14
vru,RT,0.5875327197179,0.0313350783849546,7.68337551097428,8.19757396740199,5.934,3.09386781637525,14
vru,RT,5.28145686983834,0.281677699724712,4.64904909216965,6.05088487276147,2.667,3.88449963608011,14
vru,RT,4.60768456626078,0.245743176867242,5.17902626742263,6.20922393737033,3.2,1.88112777155692,14
vru,RT,5.89776509627367,0.314547471801262,5.83675322856809,8.24197955951511,2.93300000000001,3.69737075276726,14
vru,RT,4.95377188367525,0.264201167129347,5.97721559427257,9.51520182480401,3.46900000000001,3.17750191598328,15
vru,RT,5.52131839292247,0.294470314289199,5.22157037825653,6.8801315122343,3.86699999999998,4.19871215208554,15
vru,RT,4.22732130848232,0.22545713645239,4.78795229670673,5.92937505241579,2.4,3.30123134312236,15
RT,vru,0.283414457144861,5.31402107146614,3.87452079901427,5.13465889050075,1.13299999999999,1.90269427477709,15
vru,RT,7.39063029123473,0.394166948865852,4.49148626898484,7.12047261530352,2.93299999999999,1.95675446075181,15
TR,vru,0.322656413483663,6.04980775281868,6.31801238814291,3.92164217437804,1.733,4.76684323657262,16
RT,vru,0.131500897935902,2.46564183629815,7.53790398240285,8.0736836180863,3,3.89540042805071,16
vru,RT,5.6177498241133,0.299613323952709,5.15107726795177,7.05238453894639,5.267,2.58172951293656,16
vru,RT,3.64547063015494,0.19442510027493,5.43145332097008,7.03910799509812,3.534,3.24984279114491,16
vru,RT,3.31041471840899,1.3241658873636,5.16695042569573,6.83273691663111,8.2,3.53212976173677,16
vru,RT,2.77741009040872,1.11096403616349,5.33467680387838,6.88531007566412,6.26700000000001,4.87200097266593,16
vru,RT,2.90245425872896,0.154797560465545,5.48480379303846,7.76492018801986,2.86700000000001,3.47691635813549,16
vru,RT,5.70988146606146,0.304527011523278,5.31324516474825,7.2886952572466,2.66700000000001,2.66257514712738,16
BT,vru,0.539788043441729,10.1210258145324,6.46002753113218,9.58962114591155,8.46699999999995,3.75990440985371,16
vru,RT,3.89308096735472,0.207630984925585,5.62784047074804,8.05483189192679,5.933,3.36861345165964,17
vru,RT,5.34478091546465,0.285054982158115,5.12300542133463,7.53667123351443,5.267,3.51778607854726,17
vru,RT,4.4399301074243,0.236796272395963,5.82790985225071,6.21491552423595,4.134,3.30653397753604,17
RT,vru,0.177319712745425,3.32474461397671,6.79298650861857,8.51568497206841,2.466,3.24756461447419,17
RT,vru,0.255399090316981,4.7887329434434,5.77426031141326,7.57852776579925,3.466,3.90346901646508,18
RT,vru,0.25207016009491,4.72631550177957,6.40026020987924,7.79389700014631,2.934,2.74806175340863,20
BT,vru,0.581709896427908,10.9070605580233,3.91846451691576,5.98616083287882,2.267,2.62729934263963,20
vru,RT,6.88171959280956,0.367025044949843,6.86687557277924,9.44535687681784,4.06600000000002,3.44423725294894,21
vru,RT,4.25961849569283,0.227179653103618,6.31089550686795,7.85129181403091,5.06700000000001,3.46885583194423,23
vru,RT,5.72126108877613,0.305133924734727,5.16423088093087,8.13052746396665,3.334,3.3288966471073,41
vru,RT,6.80847408831555,0.363118618043496,6.31078866912349,9.02753986743725,2.6,3.30596930741608,42
vru,RT,7.41897437640662,0.395678633408353,5.1275053795186,7.72516026682994,2.933,2.97554582340455,42
vru,RT,4.88054291951622,0.260295622374199,5.32859246214008,6.87416541387243,4.267,2.8832029726899,42
vru,RT,6.55101877626225,0.34938766806732,4.82256453453387,6.78194692401776,2.666,3.67558546667094,42
vru,RT,6.98760008098813,0.372672004319367,6.4359590663788,9.16754009565203,2.734,2.26084465023648,43
vru,RT,4.64840743993072,0.247915063462972,6.06795431883578,8.30227452655221,5.801,5.03806578981938,43
vru,RT,7.13309500246347,0.380431733464718,5.43334984619638,6.82720639594486,2.667,3.369476242461,43
vru,RT,6.37317456800393,0.339902643626876,4.89260206945705,8.73673713288798,3.6,4.61037763218059,43
vru,RT,5.49503269966747,0.293068410648932,5.24975245964565,8.07316364188399,3.2,4.74928224893604,44
RT,vru,0.276113138597692,5.17712134870672,4.84375810135961,6.81279766756888,4.668,4.6891154836138,44
vru,RT,5.87423905108724,0.313292749391319,4.44667073180575,6.85436877774882,2.6,4.03490907187089,44
vru,RT,5.46195781334935,0.291304416711965,3.24012030757717,7.35440414399779,3.13300000000001,3.53088273294618,44
RT,vru,0.224892107705686,4.21672701948161,4.26949064405438,8.09253928664261,3.866,3.26017246760957,44
vru,BT,4.95656173138366,0.264349959007128,6.76503493323987,7.44783740113719,5,2.55699983174893,44
vru,BT,4.88670119327563,0.260624063641367,6.47379154934939,7.08585918847295,3.86700000000001,3.53671548314034,44
BT,vru,0.221988887137472,4.1622916338276,6.89104209636431,7.07268354413507,3.534,3.42362291405947,44
vru,RT,4.62899203881226,0.246879575403321,6.05661607329674,8.56037147809576,6.26700000000001,4.53640659710326,45
vru,RT,6.32009119318514,0.337071530303207,5.74671388683649,8.77758312089263,7.534,3.42249270010407,45
vru,RT,4.94112279546443,0.263526549091436,5.43457876337186,9.24382701302581,8.60099999999999,2.39695025507058,45
vru,RT,5.22758007417391,0.278804270622608,6.15504103435088,7.93054276956626,5,5.65840823529033,45
vru,RT,5.78566295524835,0.308568690946579,4.90512562810715,8.17956449696259,3.06700000000001,5.08736053432693,45
RT,vru,0.202825178661415,3.80297209990154,6.13099285481998,7.8194775350153,3.4,3.00774396239244,46
vru,RT,7.36913620818879,0.393020597770069,5.91683959262911,9.12964872789312,3.26700000000001,3.71961841917018,49
vru,RT,4.57823062331986,0.244172299910393,6.13224969959794,9.09759714806529,4.067,5.68950855886377,52
RT,vru,0.276300204716633,5.18062883843687,5.53213631162132,7.23760388300659,3.73500000000001,3.06733716559544,52
vru,RT,5.65956549904644,0.301843493282477,4.27954738100568,6.2434332360509,3,2.86394237858014,54
RT,vru,0.320444314337848,6.00833089383464,5.31018878999004,5.90245088334628,1.466,2.12391830614393,56
vru,RT,2.22621447761056,0.118731438805896,7.52909442555562,9.62299502936527,3.53299999999999,2.66146949892766,58
RT,vru,0.204651187145514,3.83720975897838,3.71068384875126,4.22701215261409,1.6,2.00877874459223,58
vru,RT,6.23706669861643,0.332643557259543,4.55817896500744,7.78791632438039,2.4,2.77030103657232,59
vru,RT,0.841591986243104,0.0448849059329656,7.56162330562305,9.83554253056149,3.46600000000002,3.33627173821857,60
vru,RT,7.0022261542116,0.373452061557952,3.40599562358383,6.85751790595365,2,3.16954937129359,60
vru,BT,8.07673847173741,0.430759385159328,6.46785296789608,7.8386353882578,8.2,7.4816161614981,60
T,vru,0.425601081143476,7.98002027144018,6.83183407140903,8.49517476808506,1.93299999999999,2.91776388995837,60
RT,vru,0.202692872862695,3.80049136617553,5.80520653039325,7.4244688017142,2.2,2.49913530889443,60
vru,RT,4.16139363034116,0.221940993618195,5.17591635928407,8.32450258331338,4.60100000000002,4.41738940326312,60
vru,RT,1.0939103653594,0.0583418861525012,7.09791794291725,7.9114430311926,2.53300000000002,3.26443463329198,60
RT,vru,0.225865103728292,4.23497069490547,4.89279829826307,5.65873567848367,1.2,1.52838484067785,62
vru,RT,6.49177233956724,0.346227858110253,5.40116858028784,8.82637777878702,3.13299999999999,2.83272099478453,62
RT,vru,0.215364026932132,4.03807550497747,4.31642922126025,6.46773718634411,2.13299999999999,2.05341586879448,63
vru,RT,5.5378656894262,0.295352836769397,6.2133248949305,9.10481932835949,4.867,3.17724743754418,65
TR,vru,0.456101247928118,8.55189839865221,8.56476900843901,9.58894126519763,2.13300000000002,4.12849091217628,65
vru,RT,5.96252396964733,0.318001278381191,5.71130016746341,8.54831921794307,3.26699999999999,3.54779912690485,65
vru,TR,5.45394080494376,0.0623307520565001,5.3915600902024,4.26550250059632,1.73299999999999,6.06469880285886,65
vru,RT,5.51656460005881,0.294216778669803,5.95191499249372,8.63390125365839,3.86800000000001,4.02769430305663,65
vru,TR,5.29739928573329,0.282527961905775,9.53287129863533,9.59938475169232,7.26800000000003,9.96554413970348,67
vru,RT,7.211714901865,0.384624794766134,5.37889955622155,7.1719558851013,3.06700000000001,2.98205110496683,73
vru,BT,10.9756697677567,0.585369054280359,6.38819711808796,7.25744300334076,3.6,3.74119627951352,91
vru,RT,5.26558640239658,0.280831274794484,6.98263966414628,9.7360272956099,4.33400000000001,5.42412081954267,94
vru,RT,5.1325026784417,0.273733476183557,5.9211714872904,8.78194429581409,5.06699999999999,2.59931186328993,96
RT,vru,0.320867317370223,6.01626220069168,4.80984664445893,8.26923331396092,3.53300000000001,3.38270743408414,96
vru,RT,6.5608385444735,0.349911389038587,5.13117731513291,8.89402432070869,3,2.63065155372483,96
RT,vru,0.331738135693327,6.22009004424989,6.95477412177903,7.77214306614717,1.46699999999998,2.70452344915104,96
vru,RT,5.5322871034695,0.29505531218504,8.39969508769625,8.53395020665074,4.401,4.13401083069725,97
vru,RT,4.63340333296384,0.247114844424738,6.08705300018151,8.79837242768279,3.4,3.62650033197275,97
TR,vru,0.313706304464913,5.88199320871712,4.14765113811797,5.05701029885664,1.33299999999999,3.7918987556199,99
vru,RT,6.28625210306739,0.335266778830261,6.21824918666607,8.51058493386769,3,4.57022063713654,99
TR,vru,0.29415433436749,5.51539376939044,8.44233434675454,5.16134752979583,2.13299999999999,6.3835416728321,100
vru,RT,4.69506543838699,0.250403490047306,7.06485041017931,8.49755632872368,2.46700000000001,4.98793465014014,100
vru,RT,5.83783143008352,0.311351009604454,5.7366570222229,8.96514678487013,4.067,6.29996705847655,100
vru,RT,2.87077368201586,0.153107929707512,6.12437484235611,8.34276847209376,6,5.36581569551053,100
vru,RT,3.8151087473217,0.203472466523824,5.34631398999121,6.81245341209338,3.068,3.20227670878458,101
vru,RT,3.74693496902933,0.199836531681564,5.52337948025186,7.33192650306827,4.46600000000002,3.42224562310739,102
vru,RT,5.4706419117502,0.291767568626678,5.5254442478824,8.73971318458225,3.8,4.75073145165147,102
vru,RT,5.73806067014758,0.306029902407871,5.98407103679285,8.01443820625472,3,3.98414410544345,103
vru,RT,4.28872265113544,0.228731874727224,6.30123457257264,9.88285608877482,4.8,4.64981093512383,103
vru,RT,5.61029383806211,0.299215671363313,6.2331543207632,9.36185970221499,4,5.07305308226741,103
RT,vru,0.313570961247123,5.87945552338356,5.29425685857281,7.11474612116152,3.466,3.46839374389521,103
vru,RT,6.41536619885143,0.342152863938743,4.99031043244822,8.07218133581134,2.734,3.22544122374105,103
vru,RT,4.30685363095671,0.229698860317691,5.59603887609778,9.21526330213523,4.2,5.20857392920154,104
vru,RT,5.01321880495631,0.26737166959767,5.81421877257162,6.30548272707402,2.73399999999998,3.03826965980924,105
vru,RT,4.50302533178193,0.24016135102837,5.44390186380243,7.31001253929441,3.53300000000002,5.67662637440396,107
RT,vru,0.129855567334819,2.43479188752785,5.33437609269951,6.43095168666265,3.33300000000002,2.60249295694657,107
vru,RT,1.44815913765767,0.0772351540084091,7.26171608276399,8.17643656375065,2.86699999999999,4.07304581785209,107
vru,RT,3.32615422525625,0.177394892013667,5.67648490371837,8.11121721958117,4.40000000000001,3.15261289882809,107
vru,T,4.83256502213102,0.257736801180321,7.02898443804205,6.96960655005945,2.601,2.33545702787698,108
T,vru,0.264715514875369,4.96341590391316,7.3233129358884,7.46210042250865,2.268,2.53301583349928,108
vru,RT,7.34873892456757,0.391932742643604,5.35389216914743,8.30840528408813,2.93299999999999,4.88054118960744,108
vru,RT,5.98114178189897,0.318994228367945,4.96791335221764,6.83881562919354,3.26700000000001,3.58621422271435,109
RT,vru,0.227363513499982,4.26306587812467,6.12045185484144,7.26233632485202,4.53433333333332,3.04685096188255,109
vru,RT,5.00870717485478,0.267131049325588,6.28065885473724,8.97086558093396,2.53399999999998,2.52331313401793,109
vru,RT,7.00079666428165,0.373375822095022,5.22007547983545,6.9257904006752,3.13299999999999,3.95494796784202,110
vru,RT,4.45828944293333,0.237775436956444,6.15411060344987,6.89402487678067,3.73299999999999,2.98080533840188,110
vru,RT,5.78113762744214,0.308327340130247,6.12815592530453,9.9407065692903,4.533,5.72195884535072,110
vru,RT,7.41597254328874,0.395518535642066,6.41498168338892,7.99301373987212,3.13399999999998,2.93306716618674,111
vru,RT,4.14219872171225,0.220917265157987,5.32489120179198,5.96262394112794,3.53299999999999,4.3737619756925,111
vru,RT,3.10851279523716,0.165787349079315,5.58651985734106,6.95905286826264,4.93400000000001,3.42944989229536,111
vru,RT,1.77671873378858,0.0947583324687244,8.41197764221253,9.62202548336349,5.468,4.17381982403013,111
RT,vru,0.550080226331838,10.314004243722,5.01472895215597,6.4790610891884,2.46700000000001,3.04626432805732,112
TR,vru,0.288232788821674,5.40436479040639,7.21149619863021,8.68160034786299,2.00099999999999,3.07323904281309,113
vru,RT,4.05657429480523,0.216350629056279,5.49004461392121,6.27560237937127,3.267,4.60147713051684,113
TR,vru,0.312654403235179,5.86227006065961,7.35456274182877,8.02666325404843,4.73299999999999,8.44427307940532,115
RT,vru,0.540134403680222,10.1275200690042,5.96670496899677,8.53539890951163,3.33299999999999,3.12764613897564,116
vru,RT,6.81707786643376,0.3635774862098,5.36856432238278,7.18546970045645,2.86700000000001,2.91156024232349,116
vru,RT,5.68745029038599,0.303330682153919,6.50771078691189,8.73156202480973,4,4.550584345501,117
TR,vru,0.270631874167676,5.07434764064393,2.47807883570046,2.87745309282832,1.8,3.93966246948159,120
vru,RT,5.70986731890279,0.304526257008149,5.70786746271406,7.41567354119983,2.934,2.99979795483442,122
vru,TR,6.77777268094486,0.361481209650393,8.46882620437918,7.14893210377886,4.934,7.11557067546113,147
TR,vru,0.316926613367789,5.94237400064604,5.37170422265666,5.86372859831217,3.133,7.56963187952729,147
vru,RT,5.11377307442446,0.272734563969305,5.19272826536266,7.81601807498894,2.86700000000001,3.87661805866792,147
TR,vru,0.290747460868698,5.45151489128809,8.87483557853041,9.41561471227927,4.4,6.91219913360761,148
vru,RT,4.84315761101351,0.258301739254054,5.33089393772046,7.21762117002206,3,2.98126721560996,148
vru,RT,4.80705530627561,0.256376283001366,5.24874867132436,8.58241123197967,3.8,3.97803484844113,149
vru,RT,5.88991566285611,0.314128835352326,5.52605884757063,7.12985385979247,3.13500000000001,4.02489160030399,151
vru,RT,5.22589542599664,0.278714422719821,5.8718213439514,9.05082281367414,4.06700000000001,3.89738564378599,151
vru,RT,5.60421499896553,0.298891466611495,5.89060421257433,7.78543039610139,3.53299999999999,3.3161736674721,152
vru,RT,6.39935320209061,0.341298837444833,5.70200868923875,8.33604066348029,3.4,3.95621863702991,153
vru,RT,4.29970144033469,0.229317410151184,5.79253325428479,8.01092051974648,8.334,3.86550557747631,153
RT,vru,0.207042014795676,3.88203777741892,5.92881456328992,6.81701568381293,4.734,4.31467753215625,153
vru,RT,2.5587369820037,0.136465972373531,9.82294638525786,9.50927273324947,5.2,3.85095589627857,153
vru,RT,1.9558030591019,0.104309496485435,7.0264161199642,7.54829707518863,3.935,2.69167370602921,153
vru,RT,1.54031844819482,0.0821503172370571,7.31573575406689,8.20712633599308,2.06699999999999,4.03415746799272,153
vru,RT,7.26483391360174,0.387457808725426,6.66226146126117,9.21313984913829,3.6,3.59956775122931,154
vru,RT,5.09531509028063,0.2717501381483,5.86530146111646,7.80156188528131,3.2,3.11865699300585,155
vru,RT,6.04960710425089,0.322645712226714,6.25549271288311,8.89535412001949,3.534,3.04927867543927,155
vru,RT,3.97790334026303,0.212154844814028,5.772947141651,9.00200549324356,7.667,3.64249863746149,156
vru,RT,3.89779911863976,0.207882619660787,5.39331042095456,7.94340057409066,6.2,4.0129490099914,156
vru,RT,6.31967358409899,0.337049257818613,5.32174582917267,7.57945165611695,3.467,6.14289590954021,156
vru,RT,4.59913495954051,0.245287197842161,5.29116272811377,7.92082213922104,4.534,5.58606216103777,156
vru,RT,9.20366545040874,0.490862157355133,5.2839765695634,9.12379337173685,2.867,2.76474238142454,156
RT,vru,0.120464633596316,2.25871187993092,7.69517515031359,9.42522047738467,2.666,2.11437340505291,156
RT,vru,0.292128474814655,5.47740890277479,5.63291580140417,7.20133407691595,3.666,3.06542406410523,158
RT,vru,0.0397349756761418,0.745030793927658,7.67256852155642,8.118429205025,4.4,4.37222217234808,158
vru,RT,5.79466403908371,0.309048748751131,5.80068514388753,8.52497512611486,3.6,4.15590681760487,159
RT,vru,0.369574801955748,6.92952753667028,5.70185885999012,9.01517868311704,3.2,5.917904038496,159
RT,vru,0.266232424541868,4.99185796016002,6.37050344633808,8.80867192549457,4.06699999999999,5.35938280326405,159
vru,RT,5.15309904990951,0.274831949328507,5.51968809679116,7.93228972846424,5.66700000000001,3.71261654717912,160
vru,RT,5.87522567300963,0.31334536922718,5.39191171968746,7.48339675184674,4.13299999999999,3.48577187925844,160
RT,vru,0.410481991877546,7.69653734770398,5.45885313192888,7.38921966906389,1.2,1.69026924102638,160
vru,RT,5.5072912587918,0.293722200468896,6.19790236562303,8.21091934075673,3.66700000000001,3.60490414605513,160
vru,RT,4.69896157258105,0.250611283870989,7.53054238175046,8.04697382958483,2.13299999999999,4.0031051902788,163
vru,RT,6.23231564029024,0.332390167482146,4.99465213306355,7.33632487219041,4.53299999999999,3.12554128462425,163
vru,BT,12.99185893705,0.692899143309334,3.42138589765776,4.51937522210338,1.6,2.67959878624269,165
vru,TR,4.85253782925542,0.258802017560289,2.40456653394478,2.87969155691217,2.4,6.71197476728252,168
vru,RT,3.8147791180321,0.203454886295045,6.74670833118735,9.63534298745879,6.46599999999999,4.48673627840296,186
vru,RT,4.00478774872722,0.213588679932119,6.36116181948342,8.15344243787906,4.93299999999999,3.95029361107284,186
vru,RT,5.03891470915375,0.268742117821533,5.6564986293197,6.86019941840131,4.46600000000002,4.13387509311163,186
RT,vru,0.149845272080881,2.80959885151652,7.12690187907275,8.62260158556238,2.46599999999999,4.74052642727011,187
RT,vru,0.165167502401404,3.09689067002633,6.50043740655982,7.59625246553117,2.8,3.83161389336959,187
vru,RT,8.97646576341617,0.478744840715529,5.43923992333659,7.9498653840292,2.60099999999999,3.19395357739464,187
vru,RT,4.50287676039304,0.240153427220962,5.61747719261285,9.60719112864561,7.06699999999995,4.59247876776246,187
vru,RT,5.03144548418671,0.268343759156625,5.6864556581822,8.67439136049606,4.73399999999995,4.69609197247196,187
vru,RT,5.21822403616914,0.278305281929021,4.03527931424049,6.59129934575893,5.2,2.27821662504985,188
vru,RT,6.19175339089328,0.330226847514308,5.451004192466,8.5942184919655,2.86700000000001,3.2775240387522,188
vru,RT,6.64426865723741,0.354360995052662,4.94832252088676,7.66893037565681,3.334,4.05831372255915,188
vru,RT,4.18439575800925,0.223167773760493,4.04304602317585,7.80529882241791,4.8,3.06110232966372,188
vru,RT,6.67888953559478,0.356207441898388,5.17515287278824,6.91358919893096,3.2,4.64173025939185,188
RT,vru,0.172902681198485,3.24192527247159,5.47637872331414,6.95186662218596,2.866,3.17411810947164,189
vru,RT,5.82570147521347,0.310704078678052,4.68377948847158,7.57584846000827,3.4,3.08549888130403,189
vru,RT,6.70636157640881,0.35767261740847,5.55815155610144,9.26010498061718,3.06700000000001,4.54704435276901,189
vru,RT,3.20067597528914,0.170702718682088,6.11895595841512,9.25915029169296,5.00099999999999,3.27674585406149,189
vru,RT,6.61218908241217,0.352650084395316,5.10545687261688,8.77829998701602,3,3.17141323878046,189
vru,RT,6.36043691245168,0.339223301997423,5.33900144242733,8.68071397258765,3.601,3.39447420148402,189
RT,vru,0.246214286953613,4.61651788038025,5.39261504053723,6.22590776056709,1.8,2.91834837178038,189
vru,RT,6.3314419451859,0.337676903743248,4.14382207899537,6.51426803429718,3.13300000000002,2.58400384066782,190
vru,RT,5.07172255960228,0.270491869845455,5.60832950907304,7.66147199726847,3.934,2.39524126566017,190
vru,RT,4.38814731536748,0.234034523486266,5.84325446152669,8.78582686848752,5.06700000000001,4.5197780626547,192
vru,RT,6.0015526177646,0.320082806280779,5.81918773915252,6.8619137135687,3.4,3.32322940772499,194
BT,vru,0.437483031960985,8.20280684926847,7.45832312195832,8.90830708408596,8.667,3.4477118215833,195
vru,BT,8.76654842210276,0.467549249178814,6.81311332480622,8.08135380992888,6.801,4.85259933792452,195
vru,RT,6.58572526184963,0.35123868063198,4.51833225952834,7.14550067999653,2.46700000000001,2.88834609307195,195
RT,vru,0.269739752040475,5.0576203507589,5.95180040849687,9.78922144684446,7.00100000000002,3.36939631106884,196
vru,RT,9.10299686853597,0.485493166321918,3.89671968053505,7.76213674337841,1.26700000000001,3.11356946899145,197
RT,vru,0.380591256429115,7.1360860580459,5.61073657543647,8.2426714988535,3.20099999999999,2.98910650526629,198
T,vru,0.350438251251778,6.57071721097084,5.73208033120858,6.85789797778719,1.8,2.69371329366545,199
vru,RT,6.26338485350074,0.334047192186706,5.68062705694419,8.92446318551339,3.4,3.90270243963479,200
RT,vru,0.237809978257589,4.4589370923298,6.20713392192954,5.06985804210668,2.8,8.23861507749726,200
vru,RT,8.48896672450441,0.452744891973568,4.70035747634206,8.24897282439927,2.80000000000001,3.15698341715713,201
RT,vru,0.329625798784325,6.1804837272061,5.04648731297858,7.31226644504185,3.33300000000001,3.25773518827437,201
vru,RT,9.81208133065528,0.523311004301615,5.17991163671805,7.62542408231947,2.6,2.78995587680717,201
vru,RT,5.1601495366268,0.275207975286763,6.73983849948835,9.20370999861814,3.33299999999999,4.52995933984028,202
vru,RT,6.49456006568329,0.346376536836442,5.27511491019835,7.57575730196306,3.13299999999999,2.98746153980755,202
vru,TR,7.4768222903813,0.398763855487003,7.67617153702753,8.30681386449531,4.66700000000001,8.24310741189199,202
vru,RT,5.73897088190712,0.306078447035047,5.51546583579394,7.35569549331387,2.93299999999999,3.55957653100811,202
vru,RT,5.28277345697038,0.281747917705087,5.72486113130486,8.27429650551339,3.40100000000001,4.70873663656504,202
vru,RT,5.85278680795839,0.312148629757781,5.5616701870693,9.30128440569222,3.53400000000001,3.5144187016769,203
RT,vru,0.409867228598463,7.68501053622118,5.75197887078403,9.94741873188087,1.73400000000001,2.69349970520186,204
vru,RT,7.00053826278604,0.373362040681922,5.13875884755963,7.71121806969218,3.73299999999999,3.672109842099,204
vru,RT,4.56388439455649,0.243407167709679,7.00363285582843,8.96997473322741,3.933,3.49453635495492,205
vru,BT,1.63406921723949,0.0871503582527728,8.19019047950542,8.60551443496751,5.6,2.10048068566724,205
RT,vru,0.289117370424399,5.42095069545748,4.45513531038543,5.78080389490626,4.068,4.09448283486621,205
vru,RT,9.50984698804791,0.507191839362555,6.13916977814138,8.2393064213517,2.56700000000001,2.63380581784421,205
vru,BT,6.51784622443181,0.34761846530303,3.67653519710647,3.47058396351571,1.33299999999999,2.5822493479136,206
RT,vru,0.216809121309487,4.06517102455289,4.68139722297528,6.88854160998207,4.2,2.64533025858569,206
vru,RT,6.49551112999081,0.346427260266177,4.49895859616301,5.92647263402671,3.36700000000001,2.62091183776045,206
vru,RT,8.49107245263751,0.452857197474,5.18339067771037,7.70557470167184,2.534,3.23855020808743,207
vru,RT,2.55780038202392,0.136416020374609,5.99446778581672,7.85611000796436,5.13399999999998,2.51946671353438,207
vru,RT,3.84312295671965,0.204966557691715,5.94426970170566,7.54187520488431,4.13399999999998,3.01102165802611,207
RT,vru,0.171058697447978,3.20735057714959,6.15525348944927,8.85457585596124,5.40099999999999,2.74509569211752,207
vru,RT,1.01259660890164,0.0540051524747541,7.87251102918984,8.43738662091936,3.06700000000001,3.4907408254271,207
vru,RT,7.07802104343694,0.37749445564997,5.0479450325203,7.91137990486884,3.13399999999998,2.52398089061204,207
vru,RT,5.23732404313429,0.279323948967162,5.4282404925631,8.22098120847906,5.868,2.97366584092539,207
vru,RT,1.41385982253063,0.0754058572016337,9.15386019723384,9.89235979230514,3.2,5.02785644577821,208
TR,vru,0.313641534326009,5.88077876861267,4.91831663901861,5.50590959124285,2.4,4.35791084524323,208
vru,RT,6.39206113052154,0.340909926961149,5.27163330419596,6.83917406619713,3.8,3.29286622223418,209
vru,RT,4.50992455424263,0.240529309559607,5.97293656432261,8.40330722204681,4.534,3.44511635482603,211
vru,RT,4.16995528143487,0.22239761500986,5.37292400308291,7.33067908094008,4.401,4.47394399359722,212
vru,BT,9.04286581336382,0.482286176712737,4.26175428826695,5.67620115458674,1.73400000000001,4.75562691727706,213
vru,RT,1.75624095152009,0.0936661840810716,7.66286976439,9.89834332236711,3.93299999999999,3.45871331921143,214
TR,vru,0.301312629205973,5.649611797612,3.13471694954224,4.61207843839357,1.53299999999999,2.84395169598741,214
TR,vru,0.308613216874025,5.78649781638797,5.61580933421442,7.66558532440741,2.13299999999999,2.49172253329725,214
vru,RT,5.42450374648556,0.28930686647923,5.92771872953508,8.90269540012408,3.334,3.4715235365719,214
vru,RT,7.07201812239267,0.377174299860943,4.47147468331519,6.91344865543957,2.53400000000001,1.64990557954778,216
vru,BT,10.5960991217881,0.565125286495364,5.22088923783717,6.20454618250676,1.53300000000001,3.89719770626117,217
RT,vru,0.121106473868532,2.27074638503497,3.81005707094012,6.14266770567217,3.2,2.5348877158577,231
vru,RT,6.47933162392096,0.345564353275785,6.30858656448294,9.99711248529844,4.2,3.14650267211527,233
vru,RT,4.68900450157379,0.250080240083936,6.34212518903981,8.93876234981435,9,3.44553621932763,233
vru,T,6.55435900635503,0.349565813672268,3.94820117834369,6.17067342063213,2.6,4.51268830503404,234
RT,vru,0.619657218043456,11.6185728383148,3.36072243275937,8.48826621315544,1.134,2.14069230692537,234
vru,RT,5.5743462637829,0.297298467401755,5.94295443622123,8.30196957576205,5.266,2.41863724403032,235
vru,RT,5.9621065136875,0.317979014063333,6.20216694270249,7.62834767842058,7.46700000000001,3.09284037845322,235
vru,RT,7.31400698877915,0.390080372734888,6.13696182083623,8.6991096100152,3.201,2.92709383813474,235
vru,RT,6.98748195370256,0.37266570419747,5.32947140014469,7.87987282992244,2.86700000000001,3.6207919324993,235
RT,vru,0.399044654875039,7.48208727890698,5.49617718277853,9.94583116051861,2.13500000000001,4.18559243027449,235
RT,vru,0.338287237015876,6.34288569404767,5.43119090554146,8.54197584521158,3.46699999999999,3.62129209763076,236
RT,vru,0.498991915173304,9.35609840949945,3.52751132397631,7.31613304546897,1.60099999999999,2.8311899860868,236
vru,RT,3.39571504003853,0.181104802135388,5.64086188543797,7.18316323476297,4.13299999999999,3.4377970319035,236
vru,RT,5.84645947127604,0.311811171801389,5.69182243674911,8.96656180282534,8.06700000000001,3.31952145030174,236
RT,vru,0.343990157898461,6.44981546059614,6.24104917978101,7.90625069800288,2.93299999999999,7.77710574017261,236
vru,RT,2.05890706834805,0.109808376978563,7.08828854468648,8.87607325475855,6.4,5.71027502116384,236
vru,RT,4.98871858919195,0.266064991423571,5.12836061665464,6.05539198100363,3.33299999999999,3.47573842008066,237
vru,RT,6.07001282942121,0.323734017569131,5.10004963946888,6.76312943252674,4.53400000000001,3.20475189482454,237
vru,RT,4.83110818912505,0.257659103420002,4.48444019036258,6.94185879584107,3.33299999999999,1.84377115146841,237
vru,RT,6.59835786024261,0.351912419212939,4.19725896517962,6.27006701820443,2.66700000000001,1.97494747267379,237
vru,RT,1.46508899911709,0.0781380799529115,7.27490493130927,7.99400280433735,3.668,4.6631958141223,237
vru,RT,5.70824507230456,0.304439737189577,5.09281260301479,7.39653678244777,3.2,4.16892274156044,237
vru,RT,9.91118334818099,0.528596445236319,4.52684250353491,6.6775248734394,2.66599999999999,2.0517985462051,238
vru,RT,4.53312233479601,0.241766524522454,6.19288695448343,8.92432262561417,4.86699999999998,3.50252225389068,238
vru,RT,3.72674884209409,0.198759938245018,4.97397210141364,6.63270465533544,4.13300000000002,4.45831604996169,240
vru,RT,1.8922510341356,0.100920055153898,5.62190746209507,6.62579336019064,4,3.68213944195948,240
vru,RT,4.75039183250575,0.253354231066973,5.76142812939495,7.57119571985515,3.734,3.39305476816636,242
vru,RT,6.49438963094102,0.346367446983521,6.01614977468058,7.50012613348404,4.666,3.05045802449686,242
vru,RT,4.96900772457431,0.26501374531063,6.42512129684987,8.0092877426769,4.86699999999998,3.90035173749085,243
vru,RT,2.37938243975827,0.126900396787108,5.81429039322103,7.60220902945245,3.2,2.29765544816061,244
RT,vru,0.20996108812978,3.93677040243338,4.34099316625172,4.84301775195676,2,3.39251407510437,245
vru,RT,6.44607034139017,0.343790418207476,5.51813221968259,9.68788811571513,2.86700000000001,3.63883995544071,245
TR,vru,0.33665784167826,6.31233453146738,5.04650275761413,5.63248942844229,2.33399999999995,6.48587336586322,245
vru,R,10.4337873931582,0.556468660968436,4.49911389546745,8.05126824167106,1.46800000000003,2.93683891712154,245
vru,RT,6.00391430309489,0.320208762831727,5.41413416765567,8.63206650322579,3.201,2.27993868200714,247
BT,vru,0.0743533663394345,9.29417079242932,7.5419528778545,8.99950163219388,8.46699999999999,5.00136088733402,248
vru,RT,5.08416840106633,0.271155648056871,6.51824037209706,9.0409712884028,7.86700000000001,3.25498067803998,249
vru,RT,4.84361839879243,0.258326314602263,5.62511458392357,8.1717210714437,4.00099999999999,6.5010970789747,249
vru,RT,5.75995030554425,0.307197349629027,4.94366291842153,7.43605012678561,5.86599999999999,3.51530455116003,250
vru,RT,6.37554102671358,0.340028854758058,4.71040594725836,7.88287408933099,6.334,4.38406330312284,250
TR,vru,0.317426953940724,5.95175538638858,6.06238640971821,6.86554995428591,3.534,4.52301077567802,250
RT,vru,0.275902276843237,5.1731676908107,4.14076497436923,4.79683479948748,1.26700000000001,2.58679691323177,251
vru,BT,8.79745209168107,0.469197444889657,7.43920183462682,8.85104961917378,8.667,3.40203088030445,251
vru,BT,8.85768304620541,0.472409762464288,7.25138333012414,8.8588044950473,9.27200000000003,4.61331401051955,251
TR,vru,0.402513451386534,7.54712721349751,6.94917229745488,7.60448575040009,3.866,6.77054107142744,252
vru,RT,5.08876974887021,0.271401053273078,5.94102493964041,8.77441745108224,5.86699999999999,4.61312502548089,252
RT,vru,0.338984941688719,6.35596765666347,5.9569716899634,7.5634487681054,4.4,4.67100522321933,252
vru,RT,2.4502124312818,0.13067799633503,8.18438647204707,8.22830442624576,3.13300000000002,3.78714931328873,252
vru,RT,7.77711386202999,0.414779405974933,5.65997536636573,8.78998524939551,3.40000000000003,3.66938304652219,253
vru,RT,6.22982696805166,0.332257438296089,5.57506668404468,8.2533203111007,5.86700000000001,4.13405349465656,253
vru,RT,5.28261212918767,0.281739313556675,5.70805806844375,8.18431972476747,2.8,3.98290399767688,253
vru,RT,9.10928308854391,0.485828431389009,5.31170338710047,7.24039016698988,2.73399999999998,2.2180025182056,253
vru,RT,4.43142389569677,0.236342607770494,5.58046377519107,7.20739992736644,3.93299999999999,2.65069888200919,254
vru,RT,2.81162864263056,0.149953527606963,4.5925285005801,6.93282492449445,4.73299999999999,4.54306537174434,254
vru,RT,3.55639859280852,0.189674591616454,5.41269602753309,7.85801331932837,4.13299999999999,5.25424451908193,254
vru,RT,3.0076970774525,0.160410510797467,6.01174120055312,8.4941245387106,5.66700000000001,4.59887239791374,254
RT,vru,0.196853616306654,3.69100530574977,5.84802807373137,7.97088908392087,3.2,5.44723312289795,254
vru,RT,7.69789787536274,0.410554553352679,5.09474777089544,6.86776797174287,3.13399999999998,5.9684008844753,254
vru,RT,4.7146691353169,0.251449020550235,5.37686959762855,7.48774261555314,5.66600000000002,5.13595379097241,254
RT,vru,0.268010582971019,5.02519843070661,5.12869038933023,6.96639977069615,4.66600000000002,5.41428127344176,254
vru,RT,2.00851204497905,0.107120642398883,6.21508639017849,7.29022366138453,8.86599999999999,3.06923673260879,255
RT,vru,0.510995294587338,9.5811617735126,3.97121464733336,5.45999623053561,5.86599999999999,4.73881820171234,255
vru,RT,5.23895186019374,0.279410765877,5.78179737762336,6.76780570614332,3,2.15397875394414,255
vru,RT,5.29067851966858,0.282169521048991,5.38612837707007,8.04388807430868,3.4,3.65703150201955,255
vru,RT,1.08280831640504,0.0577497768749353,6.90074268202399,8.69627007299109,3.2,5.02428852580229,255
vru,RT,3.57887745523615,0.190873464279261,5.50254287870341,7.35650830938339,5.4,5.15956806813657,256
vru,RT,3.3975815099643,0.181204347198096,5.52156041614254,6.91714073193516,4.13300000000001,3.67032319420496,256
RT,vru,0.167689123934802,3.14417107377754,5.08162942939568,6.12999745155302,6.266,3.83615519503995,256
TR,vru,0.329466380466053,6.17749463373849,7.46818724432951,8.10970713570356,4.268,8.34181182395626,257
vru,RT,6.30639107830122,0.336340857509399,5.08888090080863,7.32811267398831,3.66599999999999,3.08543876794391,258
vru,RT,4.79890971904534,0.255941851682418,4.99404018130774,7.48434843137719,4.866,2.66481465984691,259
vru,RT,5.3536224625066,0.285526531333685,5.32770519161041,6.56904871395282,3.333,2.80672911242458,260
TR,vru,0.323147770265429,6.05902069247679,4.75185403712501,9.61361398490936,2.6,3.27864258184445,262
vru,RT,6.41222350640474,0.34198525367492,5.10856856012911,8.39558147793416,2.73300000000002,5.71256999969116,282
vru,RT,4.78131544224321,0.255003490252971,5.63605019129336,8.88137025649903,4.334,5.45870816063859,282
vru,RT,5.26726023667749,0.280920545956133,5.31782304278743,7.54276778667946,3.4,3.04550100632003,283
vru,RT,5.33011500690508,0.284272800368271,6.34032658015911,9.10462946171442,6.60100000000001,4.35701654485863,283
vru,RT,4.35808138998102,0.232431007465654,5.88741000929642,7.46527164949794,3.001,5.63170850157215,283
vru,BT,3.9740650894847,0.0317925207158776,7.15030751194447,9.29218387621951,9.80099999999999,7.34591151887626,283
RT,vru,0.221295543730886,4.14929144495411,6.53167825554462,7.22082973810226,9.467,4.84544939131363,283
vru,RT,5.08320212602165,0.271104113387821,5.49243103722596,7.05254755572535,3.66599999999999,2.84822317121356,283
vru,RT,4.24684468332148,0.226498383110479,5.95881127519955,9.25566211151775,5.8,5.09410307420764,284
vru,RT,4.19246461114107,0.223598112594191,5.77896042431964,9.22450292705526,7.13399999999998,4.2577732624043,284
vru,RT,4.26733928451037,0.22759142850722,5.17825583969398,8.68736222950002,6.268,4.67021971787609,284
vru,RT,0.210467103105967,0.0112249121656516,8.02273874987097,8.84798372929665,3.26599999999999,5.16902694369214,284
TR,vru,0.293935188546427,5.5112847852455,5.95812244361436,6.61501206690274,3.266,4.9461211172579,284
vru,RT,4.78688053676858,0.255300295294324,4.23973171151596,8.26068238193544,3.40100000000002,3.88786429574608,284
vru,RT,7.36743322775323,0.392929772146839,4.37217871869646,9.47717236620651,2.467,3.0307521263165,284
vru,RT,4.31149582054056,0.229946443762163,5.51013756170583,6.38073964133724,6.86700000000001,3.04079755323594,284
vru,RT,5.88552340961637,0.313894581846206,5.22344724365199,6.96465462566845,2.93299999999999,2.39179684340079,284
vru,RT,4.34416654828686,0.231688882575299,5.88795422240343,8.00864701730692,4.268,3.3567016750126,284
vru,RT,6.16753963857937,0.3289354473909,5.028806940152,8.09507111783844,2.66800000000003,3.60669682255305,285
vru,RT,5.99500644716836,0.319733677182312,5.25282400545392,8.359270954773,3.466,3.51738159506591,285
RT,vru,0.231110173112018,4.33331574585035,5.66568078438839,7.42603681387693,4.60100000000002,7.35496952729011,285
vru,RT,4.60005274048181,0.24533614615903,5.7868643519404,8.70057985202467,5.667,3.17120807319281,285
vru,RT,5.15053129257157,0.274695002270484,5.20669802679477,7.13557843604843,3.133,5.04397782674551,285
vru,RT,4.93276547828957,0.263080825508777,5.43806107072917,7.2346725064021,2.73299999999999,4.24063145861476,286
vru,RT,4.59362580900841,0.244993376480449,5.25770142259661,6.96063662596687,3.667,4.7094659621424,286
vru,RT,4.02750386054438,0.2148002058957,4.42901784666789,6.84073836978465,5.268,3.08796944770999,286
vru,RT,6.34148137592869,0.33821234004953,5.49048952659226,7.99489342509228,3.267,3.14142117232988,286
vru,RT,5.09192793000793,0.271569489600423,3.87737307453105,6.22349949451484,3.73300000000001,3.73709303153926,287
vru,RT,5.93661976883718,0.316619721004649,4.30484218894605,8.57494736038526,3.13299999999999,2.927937287018,287
vru,RT,6.21278459593874,0.3313485117834,4.96841788003703,8.56112505907623,4.534,3.86065914898974,292
vru,RT,5.71248236097349,0.304665725918586,6.04081203691768,9.69326040907039,4.067,4.21195345655449,292
vru,RT,6.10741604127966,0.325728855534915,4.74528827090843,8.43727296528022,3.466,3.73579903127943,292
RT,vru,0.42231543010561,7.9184143144802,5.77215389268486,8.49478617973097,4.466,3.38319519865304,292
TR,vru,0.183156498040135,3.43418433825253,3.88573307259609,4.13500426061443,3.868,4.6086729225356,293
TR,vru,0.31522197357235,5.91041200448157,3.20246048115806,3.64442523973731,1.73400000000001,7.00831992146829,293
TR,vru,0.0532046764090103,4.6554091857884,7.67741053347758,8.14867826828012,5.46700000000001,7.61363463721458,293
vru,BT,9.13631802535064,0.487270294685367,7.41433972891907,8.47926548203355,5.66700000000001,3.8413042646454,294
vru,RT,7.27266010882157,0.387875205803817,4.9589802069289,9.32925476717534,3.4,3.735119405901,296
vru,RT,6.61102637861477,0.352588073526121,5.55252817730713,8.27582906653256,4.00100000000002,4.00354881857895,296
vru,RT,4.34102328766136,0.231521242008606,5.11677591315167,8.87506337394614,8.93299999999999,4.06205077618066,296
RT,vru,0.180247370535961,3.37963819754928,5.91469692986097,7.5979350698537,2.8,3.44631968965807,297
vru,RT,6.6384995084125,0.354053307115333,4.65403666239378,7.68708573740609,2.6,2.94720526234766,298
RT,vru,0.225481652315509,4.22778098091579,4.78337481358106,6.45787738194803,2.86700000000001,2.5241974297367,299
vru,BT,9.55102665501125,0.509388088267266,6.11369846364533,7.24004381020124,7.668,4.4548325582441,300
vru,RT,5.24449159715193,0.27970621851477,5.38637437102564,8.07823869082682,3.4,5.06452625746987,300
RT,vru,0.165660144484277,3.10612770908019,5.09882061183825,7.47160152637408,4.2,4.87427881244011,300
vru,RT,5.0669144411116,0.270235436859286,5.29942586502581,6.9610914072932,3.6,2.62901691213949,301
vru,RT,7.23264398003494,0.38574101226853,5.35160931605409,7.39167275168341,3.334,2.28199271442359,301
vru,RT,5.33066840792684,0.284302315089432,5.8047482372413,7.60697996012931,2.8,2.79613250921111,303
TR,vru,0.196222719153075,3.67917598412016,6.7202639634134,7.21114925151053,2.6,2.79365438259257,303
T,vru,0.20047799710563,3.75896244573055,5.37725167372184,5.49025996562494,3,2.62112389298535,304
vru,BT,8.15859928181362,0.43512529503006,5.433393869611,6.78227895102954,8.866,5.60218506372202,304
RT,vru,0.181749387954283,3.4078010241428,6.67482260071733,8.90740947600066,2.73299999999999,3.46055639138037,304
RT,vru,0.143629754755966,2.69305790167436,6.0684782047747,6.74385694454275,3.133,3.65213042926178,305
RT,vru,0.30402327479156,5.70043640234175,5.13964439606856,7.63870183411265,3.867,3.64499585822699,310
RT,vru,0.229303018052898,4.29943158849183,5.86729481617636,7.00175428957492,4.267,2.26404746433872,312
vru,BT,8.42986301419886,0.449592694090606,8.26994380997812,8.7911271578279,3.40100000000002,7.00568362382203,312
TR,vru,0.380319945598962,7.13099897998054,4.30922913954433,8.83379857814122,1.73299999999999,3.08317411866278,329
vru,RT,5.65843329574826,0.301783109106574,5.84752124976438,9.28600109588028,3.4,4.00470194332299,329
vru,RT,3.13978012793761,0.167454940156673,8.85376825962894,8.22074071865345,3.2,2.69921925807947,330
RT,vru,0.30584250244307,5.73454692080756,5.35484325850388,5.63926241147382,4.13499999999998,3.5422767793587,330
vru,RT,4.65535152729737,0.248285414789193,6.02063549834918,7.34851788355319,3.13400000000001,5.47382293210513,330
vru,RT,4.70138984458252,0.250740791711068,5.62627713548382,8.98958536309453,5.66599999999999,5.41920499304535,330
vru,RT,5.43080867720472,0.289643129450918,5.12984425956614,7.952728992671,5.13300000000001,3.17512740352993,331
RT,vru,0.276665086238505,5.18747036697197,6.56581227476302,7.2969283418923,3.13299999999999,3.68952191334687,331
vru,RT,5.69010605820848,0.303472323104452,6.24332453729062,8.77268915075052,7.66700000000001,2.33238161480902,331
vru,RT,6.58475563309285,0.351186967098285,3.68097646697436,6.76706801548709,6.46599999999999,2.82943238408921,332
vru,RT,6.70922205760912,0.35782517640582,3.94284688461931,8.15272735743393,2.13300000000002,2.41628783133498,332
vru,RT,5.82878314176365,0.310868434227394,6.36073427878495,8.66528281187361,3.13299999999999,3.01056855046738,332
vru,RT,5.84494241329218,0.31173026204225,5.49219736948382,9.9206739489997,8.134,3.80096291880705,332
vru,RT,4.66058148876721,0.248564346067585,5.01574656300088,8.82561740387376,7,3.69606220936744,332
vru,RT,4.60671275393301,0.245691346876427,5.3589179650971,8.00953273300496,5.667,3.98224351132821,332
T,vru,0.491639167440038,9.21823438950072,8.84288047080563,9.23738958227542,1.53400000000001,2.84733043126416,332
vru,RT,5.30700973903328,0.283040519415108,4.86193112806114,8.08258046138009,3.66700000000001,5.24206506899021,332
vru,RT,6.85176257701762,0.36542733744094,4.61985421959766,6.15037784801303,2.6,1.49735694306857,333
vru,RT,6.38020263643327,0.340277473943108,4.53284253708201,8.77364795785347,3.2,2.27277858271809,333
LT,vru,0.295908893721113,5.54829175727086,6.01865867085559,7.28058278114146,1.86599999999999,2.68066971146996,333
vru,RT,0.00615615321827036,0.000328328171641086,7.12678938359903,8.57726375485891,3.13299999999999,3.66615785285243,333
vru,RT,5.08842861069232,0.271382859236924,5.56933336860089,7.77585744996612,3.6,2.3322962960265,333
vru,RT,6.01339943116147,0.320714636328612,6.03672254480488,8.58070497615342,4.134,3.86985300069084,333
vru,RT,6.92211204629233,0.369179309135591,6.33561888258546,9.08319040828691,3.267,4.52181274993035,340
vru,RT,3.68915036238348,0.196754685993785,5.86015584764538,6.96863657152085,3.6,2.69368369410151,341
RT,vru,0.297227944784736,5.5730239647138,4.98336939585821,6.45492144645564,3.06700000000001,4.43632841856205,343
vru,RT,4.31474573847425,0.230119772718627,4.9088287487768,6.33238408077104,2.93300000000002,4.53006613655065,343
vru,BT,5.14663367912916,0.686217823883888,3.52941906871174,5.02122067690299,7.40100000000002,7.12635073193313,344
vru,RT,5.75564066765481,0.306967502274923,5.1720765219274,9.35668135215222,3.06699999999998,3.31391450585693,344
vru,RT,3.83913495898394,0.204753864479144,7.05672541301419,8.66762537002845,3.13399999999995,3.73541204169684,345
RT,vru,0.0527921690192289,0.989853169110542,8.36766702383072,8.58000379885324,8.66733333333332,5.38633926066175,345
RT,vru,0.213529294682457,4.00367427529607,5.44284472861151,6.9034507883749,3,3.45733359723683,346
vru,RT,5.58459824277555,0.297845239614696,5.32014115851931,7.82643188612723,9.4,3.50462293073458,347
vru,RT,0.435743938388963,0.023239676714078,6.73125525449717,7.23760334120085,2.333,3.83360564787943,348
vru,RT,6.24954212358048,0.333308913257626,5.78868054313402,9.23423856850739,5.53400000000001,2.84005873572011,348
TR,vru,0.33777700662746,6.33331887426487,4.06054558768799,4.63805412336809,1.53399999999998,1.84513198888029,349
vru,RT,7.01943162356681,0.37436968659023,5.55611216689195,7.27874565152727,2.4,2.98411674977382,349
vru,RT,4.83519674154201,0.257877159548907,5.83904426533647,8.92744472443552,3.86600000000005,6.00207504326914,349
vru,RT,4.21246916348843,0.224665022052716,6.14949593563677,9.40165210861823,9.266,5.74886354876694,349
RT,vru,0.273650413456567,5.13094525231063,5.2073447021563,8.284918777043,9.60100000000001,4.3336628457472,349
vru,BT,3.86390880979478,0.0309112704783582,5.92192347672115,7.60394629992865,6.73300000000001,3.97172279512117,350
vru,RT,1.40112635138301,0.0747267387404271,7.26506872727601,9.28086858778258,3.534,4.8292115464989,350
vru,RT,1.55617505165857,0.0829960027551237,6.31507807127728,8.71340866383465,3.333,7.2963262833858,350
vru,RT,1.52678401717067,0.0814284809157689,6.79363162419722,9.68064515308398,3.6,5.8770750193401,350
RT,vru,0.340506858422802,6.38450359542754,3.94663989932553,5.65409054385285,1.2,1.06809508267359,350
vru,RT,6.15461314032578,0.328246034150708,6.36613114842031,8.54359728568561,4.53400000000001,5.13428697977721,350
vru,RT,5.36171198291667,0.285957972422222,5.9052767288673,8.83640987405226,5.134,3.40662314342998,351
vru,RT,6.31498618159899,0.336799263018613,6.09641982887258,8.13081619351613,3.6,4.35618697700691,351
RT,vru,0.313035491059968,5.8694154573744,6.09960117935594,8.73133611223193,3.06700000000001,2.36897193391414,352
vru,RT,7.0484520673397,0.375917443591451,5.29914025744545,6.96985678215292,2.46700000000001,3.24632317801055,352
TR,vru,0.336007210354349,6.30013519414404,6.99324664341036,7.5959298179031,3.86633333333336,6.14420981186831,353
vru,BT,10.724383805062,0.571967136269971,6.14657823733612,7.20981176678987,6.068,3.66139246376617,354
vru,RT,6.03872560689028,0.322065365700815,5.56597941840312,7.98199253377912,2.93400000000001,3.25517024120324,354
vru,RT,7.52680291192281,0.401429488635883,4.86064540066451,7.9885083339671,3.13299999999999,2.80573856947035,354
vru,RT,5.46415816703036,0.291421768908286,5.89270051833435,8.42732243842152,3,3.60485977502464,360
vru,RT,5.53496842690929,0.295198316101829,6.08728764855604,7.83600070715541,3.467,3.25947504082801,377
vru,RT,5.95368890197841,0.317530074772182,5.00140154565629,7.80279618906801,5.4,3.3842266395075,378
vru,RT,0.370583486042206,0.0197644525889177,8.61564848747692,9.3588428697441,3.334,4.41031545321819,378
RT,vru,0.41783051364931,7.83432213092457,5.45018444160109,7.79279733873235,3.6,3.34113763928841,378
vru,RT,6.78509365685751,0.361871661699067,5.45723570153782,7.27062444920717,2.8,3.45422372268077,378
vru,RT,6.86527415579659,0.366147954975818,5.48287058885065,8.25020932693502,2.666,4.08218247523268,379
vru,RT,5.15392042861149,0.274875756192613,6.353462233375,8.11610695658458,5.4,4.7904427289675,379
vru,RT,4.65288212423658,0.248153713292618,5.50780046585034,8.49434727295776,5.40066666666667,4.94175333165334,379
vru,RT,4.45416114550043,0.237555261093356,6.44502938818363,8.47796992936882,4.80100000000002,3.92810752736725,379
vru,RT,5.32055951138589,0.283763173940581,6.0851027405925,7.30452727152871,3.26700000000001,3.28123632118287,379
vru,RT,5.53388906963719,0.29514075038065,5.62484070112214,8.35893710773272,3.26699999999999,4.55737650054962,379
vru,RT,7.98898161562143,0.42607901949981,5.24043296477405,9.06528156228618,3.13299999999999,3.06072108338187,379
vru,RT,7.70877669723559,0.411134757185898,5.87180132462266,9.11245120806875,3.33400000000001,3.99513921282703,379
vru,RT,5.20999728428095,0.277866521828317,5.06036635205765,8.04951709440405,8.53300000000001,3.75653016166345,380
RT,vru,0.349022930059241,6.54417993861077,5.99800690300747,8.96938051991222,3.8,4.90065205202718,380
R,vru,0.297131207009558,5.57121013142921,6.00079815106756,8.57670142262312,2.2,4.32322361272849,380
RT,vru,0.448119242315859,8.40223579342235,5.53251800764588,7.23795940626569,3.06699999999999,2.63163260942718,380
vru,RT,5.92036687806206,0.31575290016331,5.57714726965583,7.97791587809515,2.86700000000001,4.14879036078546,380
RT,vru,0.0986388996213064,1.84947936789949,6.80814619366186,8.40562397746991,2.33300000000002,3.17542590460796,380
RT,vru,0.510400856577646,9.57001606083087,6.88377685828415,9.61819104406866,2.13300000000002,3.22561675721321,380
vru,RT,4.0794121351583,0.217568647208443,3.63089611749283,7.37959446366816,5.06700000000001,3.15052141083444,380
RT,vru,0.282219903409037,5.29162318891944,5.31540972686291,7.84981933523389,3.134,3.80119616093889,380
vru,RT,4.52074075964839,0.241106173847914,5.65612552748588,6.57360063952795,3.267,2.32391193934174,380
vru,RT,5.79531967270456,0.309083715877576,4.90139160313904,8.53328324430053,6.2,3.1689436278014,380
vru,RT,5.77382596227552,0.307937384654695,4.91235005048502,6.44725850674586,3.06600000000002,2.66767540092983,381
vru,RT,7.77024974521013,0.41441331974454,5.57863465882143,9.89506933790943,3.26599999999999,3.98032256357729,381
RT,vru,0.0347266746191978,0.651125149109959,6.94548574012996,8.26190335619074,2.33299999999999,3.06905589782909,381
vru,BT,8.79387859776414,0.469006858547421,7.38885522795783,8.58832331022266,8.735,4.26592793245453,381
vru,BT,5.49530911538811,0.293083152820699,4.86486628827716,5.32432667753158,3.46700000000001,3.21579991483437,381
vru,RT,4.72609759193072,0.252058538236305,5.50642378793265,7.6312203933652,3.2,7.03469322218467,382
vru,RT,5.95936738697965,0.317832927305581,6.20071301318201,9.31740656802706,3.8,4.71872693711116,382
vru,RT,4.33943547681135,0.231436558763272,4.7523416589673,6.45672192376922,3.268,4.01791394574391,382
vru,RT,4.211241657452,0.224599555064107,5.89058617423216,8.34138650765113,3.733,5.18867458083075,382
RT,vru,0.308919008543914,5.79223141019839,3.85647675372484,5.21886487193032,1.33300000000002,2.25406909096993,383
RT,vru,0.229522456933759,4.30354606750798,5.46724197854027,7.46026924912237,4.268,3.80710182130351,384
vru,RT,4.48335824602765,0.239112439788141,5.56538869916651,7.68609957395449,3.26700000000001,5.6799913033911,386
vru,RT,1.686316115125,0.0899368594733334,7.85074796530419,8.57187747375501,2.66699999999999,3.81587834914364,387
vru,RT,4.71294980497187,0.251357322931833,5.99584129760097,7.69952546814202,4.6,4.74832220565154,387
vru,RT,4.05308411639141,0.216164486207542,6.33029202945506,8.39473346506438,5.533,4.63799382815638,387
vru,RT,4.39941882490422,0.234635670661559,5.76167867219636,7.71704138016316,3.53300000000001,3.98181733118786,388
RT,vru,0.233581451440313,4.37965221450587,6.70260298560579,8.22584370701779,3.53399999999998,3.64672677986796,389
vru,BT,8.92950521860454,0.476240278325575,3.95835302202563,4.7501855616878,3.40066666666662,5.05350108828487,389
vru,RT,3.81158365320109,0.203284461504058,5.44249374129138,7.4040262528206,6.66600000000002,3.39817554329439,389
vru,RT,3.21111626950224,0.171259534373453,5.77781017653683,6.31803467916565,5.801,2.77936719226907,390
vru,RT,5.73468124844095,0.305849666583518,5.58716006931732,8.48474913790647,4.134,2.67471490897722,390
vru,RT,4.13171389623543,0.22035807446589,4.76769601144171,7.04999922041003,3.666,3.22051765992669,391
RT,vru,0.274349718459977,5.14405722112458,5.13634273947842,7.76697788412969,3.73500000000001,4.4227321502737,391
RT,vru,0.241030469889618,4.51932131043034,5.66464062125689,6.61603629026863,1.6,1.87312789511001,391
T,vru,0.328219774515152,6.1541207721591,4.28331695031448,5.74185563062337,1.06599999999999,2.03821549531283,391
TR,vru,0.299180062065659,5.60962616373111,6.0132409248174,6.74176531720372,6.93299999999999,6.49637726048607,391
TR,vru,0.330770917024607,6.20195469421139,4.29091437671976,4.79514275828378,3.73300000000002,5.07980374013434,391
vru,RT,4.66540747330657,0.248821731909684,4.89727011375822,7.31863957771752,3.734,3.85464662089119,392
vru,RT,3.35672522262273,0.179025345206546,5.29060717048206,6.17872123245317,5,3.01882361757566,393
RT,vru,0.258843351976981,4.85331284956839,5.77948025535206,7.17350729625386,4.067,4.15705801724776,393
vru,RT,4.92550033730084,0.262693351322711,5.6127874938427,8.00885169279691,3.33299999999999,4.30210915028864,393
vru,RT,0.616147197382883,0.0328611838604204,7.69886989200245,8.35354152178434,3,2.52600007701321,393
RT,vru,0.0564625106704743,1.05867207507139,7.43724019280774,8.32184141689808,3.06700000000001,3.23214185869386,393
vru,BT,7.92664079211528,0.422754175579482,6.06224208829794,7.97086333619449,6.33399999999998,4.04688464757612,394
vru,RT,4.14360214893835,0.220992114610045,5.05210373872718,7.24081075208813,7.86699999999999,4.41267851002212,395
TR,vru,0.201104964971794,3.77071809322113,4.15203673478608,5.71113974655317,4.4,2.75298087511824,395
vru,RT,4.67580938150339,0.249376500346847,6.55594776554145,8.97731545030367,2.867,3.2195116572811,395
RT,vru,0.321931282170197,6.0362115406912,5.58849953054333,7.38333566674492,6.4,3.4369924777973,395
vru,RT,5.14772225901161,0.274545187147286,5.43464660017462,7.62746590016135,3.8,2.97977023199725,395
vru,RT,4.70066602709588,0.25070218811178,5.20132381297408,6.30531225207143,2.93299999999999,4.23212830742689,395
vru,RT,4.82250001584936,0.257200000845299,6.12940698395997,9.08060299505655,6.4,3.3215208944532,395
vru,RT,6.58687989648024,0.351300261145613,5.86296281426255,9.16157571157362,2.80099999999999,3.04519332604885,396
vru,RT,1.90770612350052,0.101744326586694,8.28987121941088,9.52560243529346,2.73299999999999,3.01299973370457,396
vru,RT,4.62318064795557,0.246569634557631,5.7649035175378,9.10707326842112,3.6,5.4271084240831,396
RT,vru,0.0582417708101554,1.09203320269041,6.92721709605088,8.17738046255661,2.867,4.2970831713698,396
vru,RT,4.1226707187819,0.219875771668368,5.95738441852704,7.1872068753931,3.93399999999998,4.03752420471238,397
vru,RT,1.50978350716345,0.0805217870487172,5.67892795874127,7.54999759381412,6.26699999999998,4.08618418612514,397
RT,vru,0.194797724544272,3.6524573352051,6.16940645223561,6.37915563178439,2.13300000000002,2.35954437609198,397
vru,RT,3.95214351527439,0.210780987481301,8.81033591959603,9.68056898507061,5.00099999999999,4.42584354959931,397
vru,RT,4.53743618575486,0.241996596573593,4.9278431572937,7.30589892940841,7.80099999999999,3.55144462736372,398
vru,RT,8.15918333398341,0.435156444479115,4.33171543863678,7.56941561583469,3.067,2.69881996557275,398
vru,RT,4.00555757118443,0.213629737129836,5.59756148877826,6.8557957344878,4.13300000000002,2.94435989264508,398
vru,RT,7.34568163998874,0.391769687466066,6.05860965649267,8.73296756161209,3.13299999999999,4.17459466709222,398
vru,RT,5.18251388242228,0.276400740395855,4.35911009364089,6.23384908724669,2.53333333333333,3.48184431519297,398
RT,vru,0.268629069260918,5.03679504864222,5.27091204760654,8.37557225486685,3.2,3.0938436601609,398
vru,RT,6.6314766226972,0.353678753210517,5.35558186320883,7.9027563589814,3.266,3.05624027696983,399
RT,vru,0.288742472099629,5.41392135186805,6.25102976070956,9.38285995360875,3.93300000000001,5.29591785557402,399
RT,vru,0.165580500076773,3.10463437643949,5.66330331221588,4.90267878685197,2.2,2.48021444248264,400
vru,RT,1.22865823986739,0.0655284394595944,6.01873750317138,6.37929122846978,2.067,2.06552047456833,400
vru,RT,8.48869461831902,0.452730379643681,5.4567478358331,7.20450319869104,1.73299999999999,4.4883615936843,400
vru,RT,6.11971392010851,0.326384742405787,3.75824716488674,6.38767579032051,2.80099999999999,3.12831112603852,400
vru,RT,5.33984207337579,0.284791577246709,6.18473750329595,7.87663658671443,3.867,4.90335979023178,401
vru,RT,6.18995486882376,0.330130926337267,4.53354683605729,7.92654578255963,3.13399999999998,2.5545242988159,402
TR,vru,0.312624279310812,5.86170523707773,8.61200131329429,5.43703769108995,2.734,4.72925868207603,403
vru,RT,6.01081722782545,0.320576918817358,7.09648515792898,8.52352096239526,2.53299999999999,3.85002672805518,403
vru,BT,8.07081367755676,0.430443396136361,5.19680841350466,6.17176007534692,1.26700000000001,4.53005198533714,407
vru,RT,5.84553885155658,0.311762072083018,5.96893139738276,9.12608082370202,2.93299999999999,4.23185427599775,431
RT,vru,0.197749370905869,3.70780070448504,5.43925766133288,6.28870230301799,3.8,3.34856200210195,434
RT,vru,0.24255144141503,4.54783952653182,4.35377589788637,5.78673111167507,2.934,3.49345646512293,434
vru,RT,4.07558839901637,0.217364714614206,5.79213311928382,8.69521795314349,5.268,4.39075003270705,434
vru,RT,4.75246666386779,0.253464888739615,5.21268769229808,8.55934334488279,4.20099999999999,4.71942425840047,434
TR,vru,0.214402699079431,4.02005060773933,4.71421934015749,6.56769130457698,2.46600000000002,2.80124313481965,435
TR,vru,0.461696286354903,8.65680536915442,5.69738874928162,6.95538757744434,1.33300000000005,2.90264980765626,435
vru,RL,8.42166764253558,0.449155607601898,2.39337605530605,3.2558606840712,1.2,1.89855273032709,436
RT,vru,0.425538626142458,7.97884924017109,5.30718327897921,8.43670461120154,2.33400000000001,3.28225581307918,436
vru,RT,7.17272968959305,0.382545583444963,4.81788438629857,9.39873520778614,2.4,2.50257179340448,436
vru,RT,4.89240243439576,0.260928129834441,6.49955976986912,9.08753372801691,3.734,4.18189066081629,438
vru,RT,4.19364217182098,0.223660915830452,5.94709750487037,8.05822353318512,5.53300000000001,3.46630483328849,438
RT,vru,0.28963260539464,5.4306113511495,4.88900194553336,7.40417776807269,2.66700000000001,4.8197484729132,438
vru,RT,3.08195349021726,0.164370852811587,4.71306055933501,8.82913064636982,4.2,6.90389864738612,439
RT,vru,0.15160745395675,2.84263976168907,6.93952938412951,7.35452466352355,3.534,7.01282734688702,440
RT,vru,0.0852148105778641,1.59777769833495,2.72695634115917,3.27334350147595,1.334,1.21457105106092,440
vru,RT,0.826340335346597,0.0440714845518185,7.62782982676115,8.92003515697188,3.6,3.93673007850446,440
vru,RT,4.40043353963505,0.234689788780536,5.62276330972397,7.44463795261446,3.335,3.81941149130264,440
vru,RT,3.88450086075652,0.207173379240348,7.18906561802492,5.51792885769662,2.6,2.72131366732387,441
RT,vru,0.140781664425381,2.63965620797589,5.41897859131838,6.82223543574961,2.66700000000001,2.46405486416629,441
vru,RT,0.258126618792538,0.0137667530022687,9.17083041271567,9.58348183019086,4.26699999999999,3.34084572466578,441
vru,RT,4.06739117366882,0.216927529262337,2.93769370445267,7.64624739907425,4.4,3.97017404136207,442
vru,RT,6.37176560216804,0.339827498782295,5.03151231511782,8.25177378434721,3.666,5.5123103949024,442
vru,RT,6.57472411863312,0.350651952993766,5.81530394797251,9.42444497034741,2.934,5.18699756363533,443
vru,RT,4.79324382670424,0.25563967075756,4.292386517435,6.70801838888207,2.934,2.58056336055166,443
vru,RT,6.89224553273905,0.367586428412749,5.36132172525469,8.1082517875604,2.86700000000001,3.50783486499742,444
vru,RT,6.82069272298761,0.363770278559339,4.72474208370107,8.0268906136324,2.66700000000001,3.08576280105642,444
vru,RT,4.6240563484315,0.246616338583013,6.2035577097445,7.96534589022657,4.8,4.07738297593185,445
vru,R,4.99580748628484,0.266443065935192,4.5447485996338,5.06432986582328,2.80100000000002,4.83886391709839,445
vru,RT,5.84707649045222,0.311844079490785,5.4225973854866,7.74631777210923,3.13300000000001,3.31251067957546,446
RT,vru,0.219741132240762,4.12014622951429,4.42448866147211,4.80297925708338,2.53299999999999,5.04062906690943,446
RT,vru,0.13054764880165,2.44776841503093,8.36365551239927,6.5420160184228,4.4,4.59789877417882,446
vru,RT,4.96289130021779,0.264687536011616,5.51445270810669,7.90335996817355,4.068,3.48364081760334,446
vru,RT,1.78724507899562,0.0953197375464329,9.60670651741291,8.80156165613944,5.06666666666667,3.96313158677758,447
vru,RT,5.55509514459689,0.296271741045167,5.19873413053828,7.54969409310496,3.66600000000002,4.26980475608464,448
vru,RT,4.31260700134857,0.23000570673859,6.13250267722873,8.9714584257083,4.134,5.56934683761086,448
vru,RT,6.26345145134782,0.334050744071883,5.04165878372887,8.53462065187056,3.267,4.00912143622678,449
vru,RT,5.93403064354164,0.316481634322221,5.72640695719157,8.7677795136928,4.73300000000002,4.55940594219561,462
RT,vru,0.146568445248417,2.74815834840781,6.40185255387305,7.82398583869646,2.33299999999999,3.28268232829569,480
vru,RT,3.38518710354768,0.18054331218921,7.69539147774141,8.14811655226397,4.468,3.80647962420763,480
vru,RT,4.60715006225423,0.245714669986892,5.66203174436603,8.25807893615386,3.33299999999999,3.23626253188592,484
RT,vru,0.33947246360289,6.36510869255418,3.89913860462109,5.91895875021414,2.06700000000001,2.22993087301125,484
vru,R,5.65934881475237,0.301831936786793,5.28969554858884,7.83868292127006,3.2,4.40096329548908,485
vru,R,5.9850899981165,0.319204799899547,5.67988999692392,9.59762950732661,4.2,3.72195622512342,485
vru,RT,5.71676754047267,0.304894268825209,5.82336414080053,9.38481818225992,3.467,3.53996106968208,485
vru,RT,5.44668894887362,0.29049007727326,8.5441350822718,7.60479893000569,2.2,3.42607247223801,486
vru,RT,5.88629748628316,0.313935865935102,6.22489992475443,8.65576248144078,3.4,4.56858659764307,486
RT,vru,0.331960095902985,6.22425179818098,5.28308298496458,7.61953791329559,3.93500000000001,4.6005135666793,486
vru,BT,10.7854632000538,0.575224704002872,3.86510440004829,6.23132575542439,4.66666666666667,2.85076182843683,487
vru,RT,5.08111779720313,0.270992949184167,6.02863891330745,8.67815712412153,4.66700000000001,3.65170386422332,487
vru,R,6.89865922975529,0.367928492253616,6.57212362391857,3.74550737275261,1.8,4.27383257334042,487
RT,vru,0.113201763265361,2.12253306122551,7.09763929568032,9.29950553628804,5.20000000000001,2.92068424834992,487
vru,RT,7.16544143101659,0.382156876320885,4.87841816903914,8.26596920689074,2.46700000000001,4.02509288476776,487
RT,vru,0.27068645070724,5.07537095076076,5.77013346158727,8.80287213944292,3.535,3.90972828940511,488
RT,vru,0.261934201489172,4.91126627792198,3.95101692914625,5.05895580770036,1.068,2.313285809882,488
vru,RT,5.4973737804632,0.293193268291371,7.95533380452697,8.47372891382387,4.60099999999999,5.14982860487513,488
vru,RT,3.59278372518417,0.191615132009822,6.45697155372107,8.19281076078254,4.068,4.17285390016562,488
RT,vru,0.212416502698639,3.98280942559949,4.63047036794644,7.57468348671315,6.13299999999999,3.73218086113361,488
RT,vru,0.233811412745356,4.38396398897543,5.80043361308728,7.25044956167225,4.13300000000002,5.76766219151752,488
vru,RT,8.62408948037756,0.45995143895347,5.10257462117916,9.13005936229524,2.666,2.73698831474331,488
RT,vru,0.470599716070706,8.82374467632574,5.06176443705552,9.46170181685182,2.46699999999999,2.83515934110768,488
vru,RT,6.34265746861363,0.338275064992727,5.14570963381811,8.96192031946632,3.6,3.90109656275461,489
vru,RT,1.30864450778981,0.0697943737487899,7.85425900737395,8.32619162160955,2.4,2.92065145032674,489
vru,RT,7.80123587090514,0.416065913114941,5.44609629850345,8.52542870055429,3.468,3.25182519170026,490
RT,vru,0.0947655004371595,1.77685313319674,6.44123733015135,8.52403529748381,2.6,3.85977370559851,490
vru,RT,5.75719657325397,0.307050483906879,5.93505538625269,8.77825041245694,4.334,4.88003281143323,490
vru,RT,3.14986346678446,0.167992718228505,5.23613152076002,6.7306524336244,5.06700000000001,3.8900148867952,491
vru,RT,3.94391898122998,0.210342345665599,5.93539517284283,7.78088339927569,6.33299999999999,3.39003526846265,491
vru,RT,3.53324341308689,0.188439648697968,5.31806241697407,7.93637719623614,8.53400000000001,4.04438752563184,491
RT,vru,0.184163510836568,3.45306582818565,5.67403236771111,8.6940321695859,7.468,5.13456319860901,491
vru,RT,1.76983261431405,0.0943910727634159,9.00353304493494,8.05635180693739,3.53400000000001,3.75134100815597,491
vru,RT,1.56157391275918,0.0832839420138227,9.59018177987993,8.35265366827677,4,3.8820295023362,491
RT,vru,0.331105757805113,6.20823295884587,4.48727588781735,7.57446562482614,2.73400000000001,4.21515124926357,491
TR,vru,0.193604067096449,3.63007625805842,8.24723287711236,8.54237228072188,3.26700000000001,4.20774674518724,492
RT,vru,0.401108716102729,7.52078842692616,7.66352973473085,9.53753989072797,2.668,1.89536538353386,492
RT,vru,0.169432742361124,3.17686391927108,6.08706644972771,8.45119215135211,6.93299999999999,3.62492316109116,492
vru,RT,6.02604698692466,0.321389172635982,5.356548830149,9.62569065848209,4.8,5.06823740289492,492
vru,RT,5.19666686308852,0.277155566031388,4.93546055253018,7.91728762114136,3.4,5.96429829679587,492
vru,RT,4.73484747614462,0.252525198727713,5.3216931631181,6.51250575333646,3.4,5.09402296813803,493
vru,RT,4.25049717052124,0.226693182427799,4.86737198695065,9.51299400548624,3.73399999999998,5.98373185907556,493
vru,RT,6.08942130828853,0.324769136442055,4.75364417767465,7.6874598558046,3.46800000000003,4.02340969477618,493
vru,RT,6.57600345826941,0.350720184441035,4.393521771415,4.64178107757472,2.134,3.19237424703178,493
vru,RT,1.11682417800169,0.0595639561600901,5.39624252623472,9.02397822761137,8.13400000000001,4.17690956004277,494
TR,vru,0.258747701284172,4.85151939907823,8.35229351431318,7.71465524939319,4.534,9.31741342462062,494
vru,RT,2.71328952328907,0.144708774575417,6.01265094270053,4.37759156582164,2.86733333333333,1.83826804394684,494
RT,vru,0.186415967096028,3.49529938305053,4.59631590623394,8.03964985106883,3.33300000000002,4.04953366486242,494
T,vru,0.214960495404287,4.03050928883038,6.04211122685827,6.27584364553343,2.60100000000001,2.16429638389008,495
vru,T,4.17149813707157,0.222479900643817,6.47122984932952,6.94691988501862,7.13299999999999,5.6876571293449,495
RT,vru,0.266007365324329,4.98763809983117,6.08383571351063,7.39500976559275,2.66600000000002,2.23339978811291,497
vru,RT,3.318930822173,0.177009643849226,5.57625884963249,6.98157480498834,8.133,5.61003181506671,497
TR,vru,0.255477034547148,4.79019439775903,3.91559388367317,4.08870043811661,2.46700000000001,3.43722390538512,498
vru,RT,6.02737850994669,0.321460187197157,5.98746418158987,9.53709594976864,3.66699999999999,3.97491335987015,499
T,vru,0.191453152584877,3.58974661096644,4.26211114009296,6.28119634430532,1.73299999999999,3.40623500954232,499
RT,vru,0.316573246573065,5.93574837324497,5.68673830428597,7.79304434360953,2.26700000000001,2.64298143141639,499
vru,vru,1.21438742234385,0.0647673291916718,1.84997158590137,3.61598207346234,4.2,8.00610687623523,499
vru,vru,0.0485157432849896,0.909670186593555,5.84169406596451,7.44139845338934,6.2,9.65669568756311,499
vru,vru,0.0976123754196054,1.8302320391176,7.75553700481173,8.48913853271539,7.533,8.53387910884201,499
BT,vru,0.429913331706779,8.06087496950211,7.37779045710965,5.70364312231882,1.6,4.26327841536365,499
RT,vru,0.137294057255026,2.57426357353173,6.90643740152413,7.08087740144145,3.13299999999999,3.12421734489686,499
RT,vru,0.0994201751273762,1.8641282836383,6.64629806762819,8.00851295473635,4.06599999999999,3.98283327395378,500
vru,RT,6.25601028927254,0.333653882094536,6.24445289868279,8.12382300485048,3.73300000000002,4.17636045540787,500
RT,vru,0.340072369462669,6.37635692742504,6.06869931703329,7.84520736839579,4.8,3.66063510688397,500
vru,R,7.33325322575817,0.391106838707103,2.25403440955324,2.80183194956936,1.8,5.75968067992995,501
RT,vru,0.219850050421565,4.12218844540435,6.09386722762027,6.39228411656216,3,1.77528766074378,502
vru,BT,9.46250725102593,0.504667053388049,4.85512848393116,6.01204738688768,5.93400000000001,3.08790576401525,502
vru,BT,8.93182080686887,0.47636377636634,7.58707463461322,7.68333758261565,2.133,3.1892245040992,503
RT,vru,0.092462466988505,1.73367125603447,7.64392786185761,9.07832259558913,2.934,3.35494641305191,504
vru,RT,4.09744191635727,0.218530235539054,5.90147366411977,7.21300809232722,3.53299999999999,3.40802215999613,522
vru,RT,5.66974033780046,0.302386151349358,6.07862410546818,9.33612652481145,4.06599999999999,4.83538385863811,522
vru,RT,4.81321408298609,0.256704751092591,6.02011648645247,9.49841782394182,5.2,4.47792034048142,522
vru,RT,7.42380390815418,0.395936208434889,4.22141855951048,6.87376797736273,2.4,2.57433327135024,523
vru,RT,5.51485632781485,0.294125670816792,5.04968834377895,8.42881731303143,2.801,3.97345557759036,523
vru,RT,7.27112446226188,0.387793304653967,5.38906993852197,6.46334912843344,2.46700000000001,2.41876696115046,523
RT,vru,0.344679186913835,6.4627347546344,5.5150019099049,7.14981961759465,2.73299999999999,2.76069936992237,523
vru,RT,6.6453626062707,0.354419339001104,5.61440157020774,9.87317378498936,2.066,2.97239834433231,523
RT,vru,0.326963511752546,6.13056584536024,5.08260021265214,6.76699171086726,2.73300000000001,4.41660342061004,523
RT,vru,0.438395165648145,8.21990935590271,5.11699383984486,6.22937224372186,3.26700000000001,2.81369614017284,523
vru,RT,5.68936970536784,0.303433050952952,5.25686862517077,6.10247611157676,2.73300000000002,3.9906913703504,524
vru,RT,7.09798130747629,0.378559003065402,4.66600047499051,8.49423241204062,2.6,5.00097853875777,524
RT,vru,0.341922654195308,6.41104976616203,5.38193783427704,7.8219214487257,2.468,3.48833791431122,524
vru,RT,6.88083102156784,0.366977654483618,5.15253604524693,8.5072116330173,2.73299999999999,3.72940331052361,524
vru,RT,6.4345781104728,0.343177499225216,6.17469045321901,8.35852920031579,3.134,4.29406289377667,525
vru,RT,6.45651734603063,0.3443475917883,5.76811245825324,8.02757438264651,3.8,3.2632967848624,525
vru,RT,6.40964976679673,0.341847987562492,5.4232314528148,7.48404534094223,3.80099999999999,2.43626671628423,525
vru,RT,6.03179737861538,0.32169586019282,4.9955169220438,7.12768212601408,2.934,2.44658483511842,525
T,vru,0.474978371784338,8.90584447095634,5.51962277187001,8.12304714955874,1.4,1.93783964938132,525
RT,vru,0.405670754028965,7.60632663804309,5.27427537657258,7.47842122384212,2.6,2.69569724792106,526
vru,RT,5.44209691641139,0.290245168875274,6.60683193275746,8.57159855809727,2.466,3.18284844499311,526
vru,R,7.15096384134706,0.381384738205176,3.2445296622283,3.73975195644739,5.46700000000001,2.98238503361333,526
vru,RT,5.44466188371372,0.290381967131398,4.57009644411855,7.56961573331149,4.468,3.96313463905061,527
vru,RT,2.75246787131081,0.14679828646991,5.8410975123211,8.10542126860358,7.001,4.85119587976955,529
vru,RT,6.80318697722656,0.362836638785417,5.34280567746417,7.09631755729338,3.2,2.81507233159271,530
RT,vru,0.153258915689446,2.8736046691771,6.11383174906724,7.21458358236904,2.73399999999998,2.55525571665657,530
vru,RT,7.93079657228348,0.422975817188452,6.18936400359668,8.49935407108978,2.8,2.61734115782551,530
vru,RT,1.80241262804643,0.0961286734958097,7.94188985468863,9.31219507921144,5.8,3.92368621879885,531
vru,RT,0.179936394680194,0.00959660771627702,7.05453576579652,7.7977218300073,3.268,4.15937210387091,531
vru,TR,3.27661669627702,0.174752890468108,7.67559829621194,9.86514892589522,3.933,4.02057758500001,532
vru,TR,2.69621794904405,0.143798290615683,6.61622562412029,9.93914176727962,3.93399999999995,4.83215913712973,533
vru,T,4.92321540323057,0.262571488172297,6.1255329080973,6.55006736077542,2.46600000000002,1.8815566328695,533
RT,vru,0.328386993659313,6.15725613111211,5.55952975752995,5.92969972423362,2.60099999999999,2.34002936237736,535
vru,BT,7.57640675551155,0.404075026960616,6.02227279555854,8.05026199549698,9.2,5.37610470471608,537
vru,RT,7.51894861646876,0.401010592878334,5.23906463590579,8.65063206188208,2.33399999999998,2.83269464859771,538
vru,RT,5.64261386306506,0.300939406030136,4.79210100189846,7.20361570704096,3.4,5.41189731077654,538
vru,RT,4.18452946690032,0.22317490490135,5.21634882761953,7.59189193969279,5.53299999999999,3.41441169511054,538
vru,RT,6.421250937578,0.342466716670827,5.56502146800147,7.50272180543443,3.06800000000001,3.1751379452058,538
vru,RT,9.32858871978523,0.497524731721879,5.78979933588078,9.48365270675995,3.266,2.75078951108932,538
vru,RT,5.84191479497319,0.311568789065237,5.46750567649789,8.50680800191865,3.86700000000001,5.31260195382404,539
vru,RT,5.25473222300601,0.280252385226987,5.28154017542948,7.93685444710982,5.934,2.72672171889461,540
vru,BT,9.62594401317544,0.51338368070269,6.19169295030482,7.42698258474854,7.20099999999999,4.29246201771184,540
vru,RT,0.655999222021624,0.0349866251744866,6.68187561201975,8.46095743918226,5.668,5.04777072356302,540
TR,vru,0.328673473821132,6.16262763414622,9.20391655421609,9.85284921588751,5.53299999999999,9.26645128210068,540
TR,vru,0.123902506027005,2.32317198800634,5.51007525162697,6.01132700963824,3.33500000000001,2.91788264681548,540
RT,vru,0.0418418276296773,0.784534268056449,7.58181847348066,7.9602148145592,3.8,5.2764579184163,541
vru,RT,4.97503841682185,0.265335382230499,5.57428177795252,9.44770797948541,4.26599999999999,3.27672430160981,541
RT,vru,0.13313043317936,2.496195622113,5.73045637178987,6.12853280161958,1.934,1.70989930461209,541
RT,vru,0.534265931493624,10.0174862155054,2.7993269033474,5.78715802278916,0.8,0.952464915790766,541
vru,RT,5.63094522090745,0.300317078448397,5.51872529530784,8.36184377354582,3.20100000000002,5.37943432014259,541
vru,RT,4.93567652708816,0.263236081444702,4.08502584613856,7.39182753703807,2.86700000000001,3.46907363854914,541
vru,BT,8.62910986091653,0.460219192582215,5.96262232054144,7.4522897003884,7.53400000000001,4.09094553801818,541
vru,RT,3.34578229543096,0.178441722422984,4.14877539109671,6.24313803393852,3.868,2.4692388979153,541
vru,RT,6.46476062606354,0.344787233390056,5.26494712443119,7.69228640054869,2.86700000000001,3.07723633499323,542
RT,vru,0.439722143361705,8.24479018803198,4.5837379782111,6.70412829112232,2.8,3.58921023755304,542
vru,BT,8.98796407218258,0.479358083849737,5.48539349226312,6.60357627235752,6.334,4.30096616114685,542
vru,RT,0.373395033754479,0.0199144018002389,9.01013006115608,9.63727496305445,4,3.92798799116479,542
vru,RT,1.7136911861883,0.0913968632633761,8.13090593877429,9.57455170334921,2.73299999999999,4.27039451647018,543
vru,RT,4.51590581424777,0.240848310093214,5.73317305046011,8.64700454208364,5.201,3.87649062278197,543
vru,RT,9.38631129543553,0.500603269089895,4.21629932144784,7.31186099775759,3.067,4.03512147101768,543
RT,vru,0.262901133201288,4.92939624752415,4.9726055890979,7.84162997596293,4.267,3.93569967956849,543
RT,vru,0.294327662771397,5.5186436769637,4.08972277675735,6.10564781492648,1.13300000000002,1.5503685107296,543
vru,RT,6.41651634823532,0.342214205239217,5.75609058738951,7.87097700720904,3.66699999999999,2.59387633816172,544
vru,BT,8.67676320777367,0.462760704414596,5.85094024680154,6.6774823333082,3.4,4.03196831374284,545
vru,RT,6.73235152631845,0.359058748070317,4.98937318691039,7.80164831776572,2.66699999999999,3.05621716849011,546
TR,vru,0.129694194395211,2.43176614491021,5.19551372112725,6.88162855897056,3.4,2.51612453971264,549
vru,T,4.68653535248245,0.249948552132397,7.32079730309744,7.64391445241192,2.33299999999999,2.42652109440844,551
vru,RT,6.55443630640094,0.349569936341384,5.39996971329839,7.30909348522549,3.86699999999999,3.8386882707524,551
vru,R,4.40705291816918,0.235042822302356,3.3545199934797,3.72134547008077,2.26700000000001,4.91018463130555,552
vru,RT,7.04148229461264,0.375545722379341,5.57352531696335,7.7817104220357,2.934,6.85399886637947,569
vru,RT,4.85608848988551,0.258991386127227,6.13612229972433,8.33408583449458,5.867,3.53284952464502,569
vru,RT,7.45745019357473,0.397730676990652,6.16531693538719,7.96118018514197,3.334,2.93661086545033,570
TR,vru,0.152245535951841,2.85460379909702,5.66581455838891,5.96005505272124,2.8,2.24711367953846,570
vru,RT,5.56924692362023,0.297026502593079,6.17614174283889,9.13580651097125,4.33299999999999,2.51473713257324,570
vru,RT,6.061899138842,0.323301287404907,6.921998569787,6.22533391716206,4.6,2.75556694011568,571
vru,RT,6.60494318014395,0.352263636274344,5.34655700180808,6.46958528862137,4.668,2.91771399859596,571
vru,RT,6.90841321177746,0.368448704628131,5.9026026037752,8.90575835814079,2.933,2.99682788061114,571
vru,RT,3.9940623889427,0.213016660743611,6.16873401515552,9.11976152903078,6.46700000000001,4.94004810808747,571
vru,RT,4.85756676937211,0.259070227699846,6.20100136608636,8.28918395969047,3.40100000000001,7.26781427998832,571
vru,RT,3.6318092808853,0.19369649498055,5.72176820388957,8.12039512439024,4.40099999999999,6.02149153553132,571
vru,RT,5.34296222327479,0.284957985241322,6.6479357244034,9.9527537879548,4.667,4.83464572354921,571
vru,RT,6.18303937782042,0.329762100150422,5.54305100311105,8.55624321491355,2.867,5.76179422193844,571
vru,RT,4.39451784497431,0.234374285065297,5.90696162940068,8.16682944631921,8.468,4.12401000812076,571
vru,RT,6.34328812385653,0.338308699939015,7.14347869585637,7.18159351721061,2.06600000000002,2.88503709981222,571
vru,RT,6.07573310926129,0.324039099160602,4.28601679294035,7.67335921798776,3.4,2.49384596415252,571
RT,vru,0.322061060372801,6.03864488199002,5.35646803542395,6.84135877706043,3.46700000000001,2.7536855663661,572
vru,RT,6.25902270703701,0.333814544375307,5.70222632142553,9.446902099913,4.00099999999999,7.05430568800518,572
RT,vru,0.458828662984455,8.60303743095853,4.57980559860181,7.12869824930306,2.267,2.64955628820546,572
vru,RT,5.89176570363661,0.314227504193952,5.57994047212583,6.50691889637301,3.333,2.81136571663892,572
vru,RT,8.44421955945474,0.450358376504253,4.35720012988685,5.94043486983575,1.6,3.83817094808776,572
vru,RT,7.49356271082069,0.399656677910437,5.07460935528948,8.93713478327596,3.79999999999997,4.22570463835837,572
RT,vru,0.0907175921130639,1.70095485211995,5.98978303072994,6.55794435805766,3.6,3.22256274985909,572
vru,RT,5.17209000754555,0.275844800402429,6.63909313378244,9.10709567973095,4.334,4.548810369614,572
vru,RT,4.61973939848901,0.246386101252747,5.61941146562375,8.37969475722801,4.60099999999999,4.25015485555583,572
vru,RT,5.49407998483299,0.293017599191093,6.39353657409409,8.01142739844242,3.134,4.2983907186682,572
vru,RT,5.03626371529184,0.268600731482232,5.54660193230907,7.78046012419872,4.40099999999999,3.69314656856699,573
vru,RT,6.16421242741881,0.328757996129003,5.7151793731093,7.64648694286554,2.86599999999999,4.88880135460857,573
vru,RT,3.25947155841057,0.17383848311523,5.52721531741092,7.5995637310195,8.66700000000001,5.321742784907,573
vru,RT,4.11308666853448,0.219364622321839,5.7133528571981,7.82073900824389,3.60066666666665,4.89539120068301,574
vru,RT,6.53235257653515,0.348392137415208,5.43467830220868,8.66798207111953,3.6,4.4548789100551,574
vru,RT,2.41558799468721,0.128831359716651,7.13502964614077,9.80251176380912,7.26599999999999,3.67453765474619,575
vru,RT,5.89751622857181,0.314534198857163,5.9814795999045,8.94268290567248,3.667,3.51512051896223,579
vru,RT,4.03607969381941,0.215257583670369,5.32979585072401,7.30942571732976,3.734,7.14955881630598,581
vru,RT,4.95699479590453,0.264373055781575,5.6217305511356,9.84160523981086,3.46600000000002,2.82537818755738,581
vru,RT,5.56786345725688,0.296952717720367,5.06965661895312,7.14274701968064,3.93300000000001,4.09953522501559,583
RT,vru,0.130287405261508,2.44288884865327,6.6693572310085,7.46930859508792,3.06700000000001,2.27066023622851,583
vru,RT,5.3605808321459,0.285897644381115,6.2892811725438,8.86160850307494,2.868,2.94662139937077,584
vru,RT,6.82761545051652,0.364139490694214,4.64617800532088,7.54265132472807,3,4.16783206971673,584
vru,RT,5.50264174438057,0.293474226366964,5.43796360746762,8.09573558597623,3.667,3.96173967665087,584
vru,RT,6.80600434544264,0.362986898423607,5.40803664609801,7.85784072457769,3.6,4.63081454800422,584
vru,RT,3.38205321367263,0.180376171395873,5.33291154296594,7.2301208471415,6.86699999999999,4.2067762634192,584
vru,TR,2.3501937379291,0.125343666022886,6.25426787510127,9.35593352523336,3.20200000000001,2.22457453580387,586
vru,RT,4.66276761036818,0.248680939219636,4.64893428178951,6.00201389717561,2.73299999999999,3.76592159385026,586
vru,RT,6.40680555260647,0.341696296139012,6.08688460898354,8.69445625287711,3.4,4.66596865972963,586
vru,RT,6.61690820457236,0.352901770910526,4.6940010692597,7.31302999526906,2.666,2.20610476479234,588
vru,BT,10.3261682189554,0.550728971677619,6.39212114921658,7.82854971542692,8.133,5.7691680030894,588
TR,vru,0.223377033057727,4.18831936983237,3.64422050771253,4.82253409405786,2.66633333333333,1.85473869481056,588
vru,RT,6.15611371162052,0.328326064619761,5.86412135143946,8.99503202553275,3,4.24060986511281,588
TR,vru,0.300108794554483,5.62703989789656,8.73348981812765,9.37284380670185,2.6,4.55173288105018,589
vru,RT,4.04868086011791,0.215929645872955,8.13641292873202,9.91205481776285,3.13300000000001,5.32227571672885,589
vru,RT,6.78948667366628,0.362105955928868,5.60360350284575,9.46434011660629,2.80099999999999,4.02537217725666,590
vru,RT,0.835921992508473,0.0445825062671185,7.76443759961466,9.56770675402099,5.53299999999999,5.09654219608122,590
RT,vru,0.0664169261841921,1.2453173659536,7.10623811611575,9.69302181826115,5.6,4.23217517748184,590
RT,vru,0.0835860884805206,1.56723915900976,5.29804043798425,7.68149120954382,3.934,4.81946842951682,590
vru,RT,4.72711793555779,0.252112956563082,5.03162701979711,6.24053483587184,2.4,5.85035543224611,590
vru,BT,10.6533774385392,0.568180130055421,5.75990033224145,9.38447808011006,9.60099999999999,5.47058550286563,591
RT,vru,0.205884388941282,3.86033229264904,5.57143400201865,7.73162729519931,2.86700000000001,2.94693298206979,591
vru,RT,5.01393722031861,0.267409985083659,5.33459377549566,7.2243002515617,3.6,4.93738063951434,591
vru,RT,5.05274342402176,0.269479649281161,4.8059425314554,6.50317667989107,3.06700000000001,4.93813009915251,591
vru,BT,5.47363171577512,2.18945268631005,4.74011351954285,5.83211356106915,1.46599999999999,1.78365340157622,592
T,vru,0.330365999269054,6.19436248629476,7.47846849894984,9.25967709968335,2.334,5.74672896025541,592
vru,RT,5.29950847794652,0.282640452157148,5.36857528547705,7.896321315008,3.068,2.55209511748808,593
vru,RT,7.71000016015376,0.411200008541534,4.12767997039166,7.37834354025075,3.06700000000001,3.29231150813948,593
vru,RT,7.02477656618458,0.374654750196511,5.27979397862051,7.82405655654416,2.66699999999998,3.46126459728596,596
vru,RT,0.0926090206949367,0.00493914777039662,7.41418877484608,8.75772121541177,2.46699999999999,6.77959598406053,596
vru,RT,7.07866740656783,0.377528928350284,4.95589781821596,9.39036102453326,2.6,3.37697921143479,596
vru,RT,6.64487428712041,0.354393295313089,4.99157890581313,7.48405840434023,3.26700000000001,2.44686913171881,597
vru,RT,5.31402010530911,0.283414405616486,5.15223333412165,7.48238416582208,3.4,2.74979773584031,598
vru,RT,6.89870732144548,0.367931057143759,5.50275485241482,9.03599339838738,5.53299999999999,3.34693787315127,618
vru,BT,8.82617225822756,0.47072918710547,4.82610194588595,5.72485128588722,1.53400000000001,3.97372860692942,618
vru,RT,7.59486343210802,0.405059383045761,5.48533748307013,8.32792725908969,2.8,2.22592209085077,618
vru,RT,4.37210544722839,0.233178957185514,5.44719751503237,7.15358100734879,3.6,2.95648591725987,619
RT,vru,0.295889955973849,5.54793667450967,5.89006526364722,7.51075646007084,3.66600000000002,3.29343549064522,619
R,vru,0.16640164610915,3.12003086454657,4.64348570209318,4.90278074384541,3.267,1.59920825438469,619
vru,RT,4.32078360368115,0.230441792196328,5.64156162874904,8.9635598097573,5.8,3.18868470783177,619
vru,RT,6.10070080581223,0.325370709643319,5.7459742797598,9.27674300101812,8.6,3.9920021953067,619
vru,RT,4.67033257226221,0.249084403853985,5.51000913587588,9.62618667866604,9.4,5.03511087879594,620
R,vru,0.256051398867942,4.80096372877392,9.14365480766812,9.98928120473082,2.466,3.64296389470856,620
BT,vru,0.253246396978446,4.74836994334586,6.10978854772278,7.06677880729742,8.40099999999999,3.77268347551509,620
vru,BT,5.1835559532056,0.276456317504299,6.53698311044954,7.18014899322568,6.60099999999999,5.03813585438878,620
vru,RT,6.19353999155492,0.330322132882929,5.95289183838213,8.28914586802122,4.80100000000002,3.32811604674084,620
RT,vru,0.260059740704557,4.87612013821044,5.03967717373727,5.71636247262988,4.13299999999999,3.55693307259146,620
vru,RT,6.32089795460634,0.337114557579005,6.00968877256773,8.71501473577352,7.735,4.68483516582017,620
vru,RT,4.50754245412651,0.240402264220081,5.69839344871429,7.65824956276858,3.867,2.81711697979393,620
vru,RT,4.49954166450441,0.239975555440235,6.02703118261765,8.63569441485573,4.8,4.83819589009344,620
vru,RT,5.34549244332866,0.285092930310862,5.80406848420387,9.36214909380524,3.66700000000001,3.11286783312586,620
vru,RT,6.44845846603676,0.343917784855294,4.24726618112983,6.81399763417624,2.867,3.00231299024946,621
vru,RT,4.52238624781145,0.241193933216611,7.81706783223033,8.55423525378585,2.8,4.51184159980822,622
TR,vru,0.36529350413359,6.84925320250481,8.42242497204298,9.18393033720359,2.46700000000001,3.21901017006798,623
vru,RT,1.51670588227524,0.0808909803880127,7.27441530150407,8.13402533122765,4.06700000000001,3.30887958060829,625
RT,vru,0.213787355558414,4.00851291672026,6.3928961484212,7.58765769292399,5.26700000000001,2.96331040544318,625
vru,RT,7.81600657257442,0.416853683870636,4.36862691444606,8.32819469436118,2.33499999999998,4.46963667806336,626
vru,RT,5.7462849066149,0.306468528352795,5.21847236422725,7.77834940995907,3.26700000000001,3.61004332030421,627
vru,RT,7.2049768872902,0.384265433988811,6.20193352184261,8.67833141473742,4.73499999999998,5.11566466599959,628
vru,RT,3.98693836837828,0.212636712980175,5.85017093293524,7.60495819728797,4.26699999999999,4.09718548348227,629
vru,RT,6.37520883977682,0.34001113812143,5.32727208899038,8.93275891518281,9.20100000000002,3.87779313151666,629
vru,RT,6.32608058398892,0.337390964479409,5.53693670322443,8.83883609040507,3.46700000000001,3.62773001152403,629
vru,RT,5.03705060631458,0.268642699003444,5.238479716795,6.23044871637207,2.4,2.08543239895792,630
vru,RT,3.87367998515133,0.206596265874738,6.0025653303247,6.60824994717993,3.267,6.54984558444405,630
vru,RT,5.3647054551482,0.28611762427457,5.54801115908022,7.24686116951527,5.133,2.94350155240089,631
TR,vru,0.279148288867996,5.23403041627492,8.29905564200238,9.03784650933531,2.53400000000001,4.91299979158227,632
TR,vru,0.0514156728312067,4.49887137273059,6.01055305823361,8.86657712058068,2.6,4.87467951061341,634
vru,RT,7.71164506084145,0.411287736578211,5.86649373585765,7.84033322899165,2.566,3.47268307238333,634
vru,RT,4.10053464846237,0.218695181251326,5.67512532538376,8.73803184568336,3.93300000000001,4.62821007067423,635
vru,RT,4.80208321390749,0.256111104741733,5.74904373320661,7.37829655662382,3.06699999999999,3.12172090527941,635
vru,RT,6.45795321634838,0.34442417153858,4.95361916298791,8.05531362574008,2.8,4.16956054442431,636
RT,vru,0.320358885323546,6.00672909981648,5.07569654323325,6.84788457874685,3.46699999999998,3.73791985812809,636
RT,vru,0.208660069992534,3.91237631236002,5.57334831332495,8.34039842435001,2.8,5.06359667480449,636
vru,RT,6.14743389490353,0.327863141061522,4.96591348305718,8.05264966386277,3.26700000000001,3.9110317969658,636
vru,RT,4.51738808027655,0.240927364281416,5.31004819578883,8.0130870090804,3.8,2.89479315749354,636
vru,RT,1.76593142720699,0.0941830094510393,8.89943884909963,9.93400678450243,5.60133333333333,4.09386048694937,637
vru,RT,4.31661872310059,0.230219665232032,4.71651126665329,8.55830524416942,5.6,4.37158373614692,637
vru,RT,4.4089332860923,0.235143108591589,5.04147185213455,7.29970015648877,4.53299999999999,5.29623347897203,637
vru,RT,4.86251755547155,0.259334269625149,4.99993692122299,6.97679458735895,2.86600000000002,7.71118525453881,637
vru,RT,4.42903122973484,0.236214998919192,5.99536502375519,8.89729093156457,6.13300000000002,3.94648637735623,637
vru,RT,4.59294773735237,0.244957212658793,5.60298133116109,7.18975142755486,3.93299999999999,6.1664292343074,637
RT,vru,0.285222131814899,5.34791497152935,5.71697947112282,6.99537220503888,3.40100000000002,3.15003851977477,637
vru,RT,4.6440316296013,0.247681686912069,5.65505797095407,8.17403045644903,4.468,5.70579083012399,637
vru,RT,6.36732587252614,0.339590713201394,5.29620519589861,8.16160974635897,7.601,2.59318340973655,638
vru,RT,5.35904328700494,0.285815641973597,5.11961201855452,7.48327326830572,3.133,5.41193994389894,638
vru,RT,2.36114855441242,0.125927922901996,6.83073727378796,8.14249520188349,7.068,3.17223920598868,638
RT,vru,0.0489272854881561,0.917386602902927,6.95907928187627,9.96871211583921,3.06700000000001,5.18396446376662,638
TR,vru,0.271334564195444,5.08752307866457,8.86132193592103,5.52865309728171,2.20099999999999,6.47995985879904,638
vru,RT,5.7287126017182,0.305531338758304,5.95802085581624,6.73386763771639,3.86700000000001,2.92867656359989,638
vru,RT,5.95088433021479,0.317380497611456,6.14207139092008,8.17805986828272,3.068,4.64053151660191,639
vru,RT,4.72957659281851,0.252244084950321,5.61161764120997,8.52084544268052,4.33400000000001,4.36951756621674,639
vru,RT,0.787131896010582,0.041980367787231,7.85999980629849,9.09536793491754,5.46700000000001,4.2968624466467,641
vru,RT,0.240453024733234,0.0128241613191058,8.12676673479222,9.5661863335676,4.73299999999999,3.85225078221755,641
RT,vru,0.229441562236363,4.3020292919318,4.97361785699672,7.81150794630504,4.26699999999999,3.81277230361081,642
vru,RT,6.27204042908506,0.334508822884536,6.00771121076305,8.49086573372827,3.6,4.948312043414,642
TR,vru,0.288655189612784,5.41228480523969,7.03014851466707,8.53254649980058,2.26700000000001,4.00055788253138,643
vru,RT,6.02115644717051,0.321128343849094,5.5285712282936,7.16758755835974,2.867,3.74473188938027,644
vru,RT,4.34609221018316,0.231791584543102,5.22597003910938,8.74279704313248,4.53500000000001,5.47542037768555,644
vru,RT,5.90638913375358,0.315007420466858,4.71603341406905,8.37430667854417,3.46699999999998,6.1270167408809,644
vru,RT,5.69468358312862,0.30371645776686,5.89429265098451,6.95243413991107,3.26699999999995,3.48345141986191,644
vru,RT,4.732260373836,0.25238721993792,6.38387969627614,8.07520887094482,4.13299999999999,3.35055520991879,644
vru,RT,7.37966333520329,0.393582044544175,1.59659116228498,2.89207240138688,0.533999999999984,0.301176573591598,645
vru,BT,9.24610740294282,0.49312572815695,7.56402277577565,8.88880267111638,5.93299999999999,4.51625011070374,646
vru,BT,7.27526180861627,0.388013963126201,7.37794189019003,7.75834186232445,3.93299999999999,4.55433761192957,646
T,vru,0.471764432179769,8.84558310337066,3.21190405659282,4.44053698744114,0.934000000000015,2.10588570729571,647
vru,RT,7.60652887788015,0.405681540153608,5.21661128834531,7.2291246793878,2.6,2.91829808244961,648
vru,T,4.51760058829457,0.240938698042377,8.12528715193005,8.47758986828913,2.93299999999999,2.12452576762847,663
vru,RT,4.52549549448516,0.241359759705875,5.78206317124894,7.30701157030031,3.266,2.99733666106331,666
vru,RT,4.38981602211085,0.234123521179245,5.95049435357893,6.65735416424943,2.93333333333333,2.69457473591,666
vru,R,5.86813041971883,0.312966955718338,1.68717940935394,2.25040346864182,0.866333333333326,2.64809897239201,666
vru,RT,1.34492818909951,0.0717295034186407,9.84094605668542,8.47536171135302,4.79933333333333,4.50323730584354,666
vru,RT,4.9589435954354,0.264476991756555,5.43674213330248,8.60249565365809,4.801,2.32735742699564,667
vru,RT,5.75613614465717,0.306993927715049,5.50577848379273,8.19269771538411,3.734,2.53551988452435,667
RT,vru,0.288267290480985,5.40501169651846,2.62336909096929,3.15306249570101,1.533,2.75482572364679,667
vru,R,4.73768390967141,0.252676475182475,3.27749173814964,3.94846673903068,4.935,3.22533963430638,667
vru,RT,4.57761756366818,0.244139603395636,5.47913808721816,8.88773365299775,4.067,3.58038208568276,667
vru,BT,7.42585749334236,0.0594068599467388,7.62043461350459,8.67574627803943,8.06699999999999,4.15280819457913,667
vru,RT,3.4153509537991,0.182152050869285,5.94511044218204,6.42255674970588,5.66699999999998,3.74445602824623,667
vru,RT,6.36936488195935,0.339699460371165,4.46813436920327,7.03698894178491,3,2.92167107025116,668
RT,vru,0.268145142403129,5.02772142005867,5.69390397420817,5.87953537923224,6.33500000000001,3.44528831939989,668
vru,RT,4.69586496752931,0.250446131601563,5.51124809040788,9.5913445697726,5.73400000000001,3.38381133986485,668
vru,RT,6.22772702169032,0.332145441156817,4.459175259343,7.02565261630872,2.8,3.65207617050826,668
RT,vru,0.314327662830511,5.89364367807208,4.61589205217836,6.93166550277387,2.867,4.15414633907004,668
RT,vru,0.254566441087837,4.77312077039694,4.73092583708712,7.16769996908095,3.8,4.68639563353708,668
vru,RT,5.5459990639003,0.29578661674135,5.79319125726037,8.2927863504867,3.467,5.76274526936288,669
vru,RT,7.44286757058434,0.396952937097832,5.56165620850242,8.45977521274233,2.80100000000001,2.93730190958449,669
vru,RT,7.65274467502794,0.408146382668157,5.5552317712701,8.97619412639438,2.866,2.72995862916289,669
RT,vru,0.212676918455913,3.98769222104837,5.76163933381237,8.47577790278864,4.868,3.167124939804,669
RT,vru,0.375862132477148,7.04741498394652,5.45063394269865,6.84602645796792,2.934,3.56295953711564,669
vru,RT,4.56755448398443,0.243602905812503,5.72978992653467,8.99585569991977,4.06599999999999,5.37174575573554,669
RT,vru,0.352320993866388,6.60601863499478,5.78615913644866,7.33794603916126,2.468,3.21969346200582,669
RT,vru,0.345904130441283,6.48570244577406,5.13604904581232,8.69287709096473,7.26700000000001,4.12910435085969,669
vru,RT,2.64889122732187,0.1412741987905,8.64510896405392,9.08571833615443,4.60100000000001,5.27212730393375,670
vru,RT,7.80647690618044,0.0892168789277765,3.55107456685668,6.24299049999611,2.26700000000001,1.11806208911834,670
vru,RT,5.76781257244748,0.307616670530532,4.45702421756599,5.83142282826797,3,3.40300916555526,671
RT,vru,0.0659276204986379,1.23614288434946,6.99347046767438,9.37289292811679,8.868,5.24237467070759,671
RT,vru,0.0925868295276193,1.73600305364286,6.36859396514548,8.7464644160258,5.534,8.60053410982512,671
vru,vru,0.374571251820955,0.0199771334304509,2.37639811414227,3.67501834574574,2.93399999999998,2.587915593913,671
RT,vru,0.299082302401311,5.60779317002459,5.39878078169425,7.09717158887492,5.2,3.94955840415592,672
RT,vru,0.0618757389420239,1.16017010516295,8.48407459150101,4.77776904529183,1.60033333333333,4.47527397334747,672
vru,TR,3.30825738584018,0.176440393911476,5.80365211051059,6.76123648510367,2,2.99074210521978,673
vru,RT,5.08163638591271,0.271020607248678,5.81022514073565,8.09296463990752,3.4,3.81278279672236,674
vru,RT,4.75195113744307,0.253437393996964,5.98742698780523,7.01396999909856,3.26600000000002,2.86341135770781,675
vru,RT,5.41999712946776,0.289066513571614,7.45878679450829,7.85352485090561,3.334,3.56359911421716,677
vru,RT,3.63985195123936,0.194125437399432,7.90756674866535,6.76059536094444,2.8,3.11658176625714,678
vru,RT,4.15982947228095,0.221857571854984,5.18493110820032,6.26292179945061,3.6,3.7386575896159,678
vru,RT,6.21906056006544,0.331683229870157,4.93120071126882,7.79730384010867,3.2,4.2226126108415,679
vru,RT,4.14580496339085,0.221109598047512,3.9824696232352,8.71328258296225,4.668,3.82225629186052,679
vru,RT,5.31148201004028,0.283279040535482,4.16727398305112,7.63497716485059,6.80099999999999,3.08285612419651,679
TR,vru,0.304215091163724,5.70403295931982,3.83632925070252,4.50277659568348,3.4,3.91234730330943,679
RT,vru,0.193433316042739,3.62687467580136,5.67996625670827,7.25398993441583,3.06599999999999,2.86012013189985,680
vru,RT,4.06754692303663,0.216935835895287,7.44635522029578,8.84596446081268,3.73500000000001,3.3848762189797,681
vru,TR,9.00320495894094,0.480170931143517,4.5374970455858,5.29196001839141,3.06700000000001,4.8272307576487,681
RT,vru,0.239180514406109,4.48463464511455,5.83665716953249,7.19845699260878,3.86700000000001,3.71149309822575,681
vru,RT,4.63052409172423,0.246961284891959,3.18086872693418,6.61399900512926,4.8,4.0629412691135,681
vru,RT,5.20220610100041,0.277450992053355,5.98520577148727,7.97105720594568,3.86600000000002,3.53836313212679,681
vru,RT,4.61467817065679,0.246116169101696,6.10959014856849,6.87664339472473,3.46600000000002,2.92722964833184,682
T,vru,0.227356727084901,4.26293863284189,2.92762393993599,3.54925025395096,2,1.02243213259544,682
TR,vru,0.330961307972966,6.20552452449312,8.54954673087591,9.53860440791305,2.33299999999999,4.74225754748365,683
vru,RT,7.64900702910686,0.407947041552366,4.16321043455752,9.49820895959589,2.66700000000001,3.6084307172255,683
RT,vru,0.258549213146021,4.84779774648789,3.5602739276052,6.18045565154008,4.33299999999999,4.65959887899888,683
RT,vru,0.262927502892878,4.92989067924146,3.67987798403671,4.31991126518069,1.73299999999999,4.46077915871006,683
vru,RT,6.28619877661283,0.335263934752684,4.55106706797345,6.54502333649485,2.53299999999999,3.01976402435586,683
TR,vru,0.198463518609902,3.72119097393565,7.53614447770826,8.01929509196817,4.93300000000001,8.46645620591868,684
vru,RT,5.46899833809281,0.29167991136495,5.95429268025802,6.0000391435902,2.533,2.41077499914624,684
vru,RT,5.27353023255079,0.281254945736042,5.39815999888201,8.93078485274441,3.73499999999999,4.2957071914803,684
vru,RT,7.13098981573981,0.380319456839456,4.9156045375167,6.97832575976319,2.8,2.81155416331174,684
RT,vru,0.244712985896753,4.58836848556412,5.25706013195845,9.45660969807441,9.53399999999998,4.89718188110978,684
RT,vru,0.255275218384909,4.78641034471705,6.16731543293066,9.09305634186263,8.20099999999999,3.83889823465438,684
vru,RT,5.33877764940119,0.284734807968063,4.00377258269269,5.80674353405217,2.801,3.25286927270302,685
vru,RT,4.51802897635726,0.24096154540572,5.59056488938583,6.57493279283026,4.2,3.01246784722953,685
vru,RT,3.2996927080663,0.175983611096869,5.40667152842486,8.51932060942332,4.33400000000001,3.76623295708293,685
vru,RT,1.00185347470585,0.0534321853176456,7.24124799493431,7.90078140833941,7.99899999999999,3.01059326741559,685
RT,vru,0.30989815980915,5.81059049642157,5.04186683127277,7.69721717043972,6,4.1529653016631,685
RT,vru,0.265646887580641,4.98087914213701,4.9848857062661,6.75888951919318,5.33400000000001,7.97272791398578,685
vru,RT,4.68638763019716,0.249940673610515,6.46762875065207,9.02679531883589,7.86700000000001,3.14238242383203,686
RT,vru,0.223402611562939,4.1887989668051,3.72021575008925,4.41227237764885,1.33299999999999,1.56220826165002,686
RT,vru,0.231671081686006,4.34383278161261,5.76864684466094,8.30932692628049,4,5.62923607701201,686
RT,vru,0.18995768722671,3.56170663550081,6.60511443120898,8.01606803216202,4.06699999999999,2.72684458122459,687
TR,vru,0.291289488563106,5.46167791055823,8.18118897227752,8.72598592122051,4.06600000000002,7.51457509023361,687
TR,vru,0.259447930066913,4.86464868875462,3.74395646012137,3.75759197513084,5.73299999999999,3.26196717041682,687
TR,vru,0.316021009538289,5.92539392884293,6.29118486003134,4.95062866222818,4.26599999999999,7.1690747246231,687
TR,vru,0.28683280385775,5.3781150723328,7.79741543429286,8.73492585783127,2.13299999999999,5.06795290525285,687
RT,vru,0.254058709388823,4.76360080104043,6.95111665572593,6.31124015023829,3.334,2.05993760583631,687
vru,BT,3.28501917672564,0.175201022758701,8.56348089023967,9.82995508576102,5.201,3.74697241283971,687
TR,vru,0.338257928734933,6.34233616377999,6.66538427939333,7.31096189244885,6.33499999999999,6.58915212895037,687
TR,vru,0.386891420095845,7.2542141267971,3.47735894357522,4.02771775421224,1.734,4.91811979369472,687
vru,RT,4.5850807475093,0.244537639867163,5.41342133121115,8.22462268042383,4.00099999999999,3.39455518944902,688
vru,RT,5.96296553027215,0.318024828281181,5.45850881111183,9.11661553286225,3.80099999999999,2.86957094156248,688
vru,RT,3.50167867784855,0.186756196151923,6.0400046699052,9.76077317188455,4.601,3.85645557116179,688
vru,RT,6.13891596431171,0.327408851429958,4.95954042884787,8.30440266726808,2.4,4.50666761664702,688
RT,vru,0.249243075947142,4.67330767400891,5.81498445772609,7.1828204613101,2.46700000000001,5.39857621711766,689
RT,vru,0.295583836928207,5.54219694240389,5.80773926033599,6.6438683104405,3.53500000000001,3.78930922110846,690
RT,vru,0.0739627566622612,1.3868016874174,6.91073674085596,8.21404453714982,2.53300000000002,2.33233943740398,690
RT,vru,0.0989585014901995,1.85547190294124,5.84159548413982,7.10249025106157,3.46700000000001,2.50588884110856,691
TR,vru,0.32246924652547,6.04629837235256,5.968311910864,6.93112304067698,4.13299999999999,7.86657112712909,691
TR,vru,0.320811455701219,6.01521479439786,6.82105539921172,7.67361234855663,4.53299999999999,8.91282737829201,691
TR,vru,0.389718537162327,7.30722257179363,9.10589612320847,8.83194925494524,5.534,7.26118827461452,691
RT,vru,0.0312021282521195,0.58503990472724,7.31989192001917,9.68473438386642,2.467,2.98190429534406,691
RT,vru,0.27805738488692,5.21357596662975,5.48961996730569,6.69440268079216,1.668,2.50824006416045,691
RT,vru,0.169927206276843,3.1861351176908,6.43857789824403,9.12069943745865,3.33500000000001,4.23471863335698,692
vru,RT,5.98134648373965,0.319005145799448,5.71890281969601,8.71315439513866,3.4,4.71134593996366,692
vru,RT,4.6962760055416,0.250468053628885,5.9478332915244,9.25002871187209,5,4.35029854618821,693
vru,RT,3.84660445522982,0.205152237612257,7.60294504705544,9.24855917585128,2.734,4.81871763797297,694
vru,RT,6.25389536427032,0.333541086094417,5.45514172916422,7.99509992179667,3.33299999999999,4.36430656368815,695
vru,RT,4.15833041960933,0.221777622379164,6.1736269940686,8.75952147347457,4.80099999999999,4.5069599951185,695
BT,vru,0.382314089106852,7.16838917075347,5.70930189221499,8.82938581350053,8.2,4.16912023513041,696
vru,BT,5.57078558505697,0.297108564536372,6.63461909645027,7.3544458515802,5.134,7.08960231452718,698
vru,RT,5.76215893676323,0.307315143294039,5.43816268354852,8.59626676633428,3.26700000000001,4.52323911650531,714
vru,RT,6.93237262389245,0.369726539940931,5.00836296441334,7.42139930007809,3.266,3.65496526076361,715
vru,RT,5.98278518243852,0.319081876396721,5.92436454648993,8.07027875373262,3.60133333333333,3.36708963536718,715
vru,BT,8.80901258760685,0.469814004672365,7.6432587779914,8.50689283072485,5.933,4.53229949529077,715
vru,RT,4.62463927111734,0.246647427792925,5.77921964869213,8.19992018523263,3.86700000000001,4.75290774420549,715
vru,RT,3.93816095668494,0.210035251023197,4.08113075184874,8.44461486836705,4.66700000000001,4.86598986147627,715
vru,RT,3.66637894730066,0.195540210522702,4.80897391567313,6.22321246584538,2.46700000000001,3.33787259509892,715
RT,vru,0.297211386846045,5.57271350336335,4.52915393453303,5.4656770740644,1.46666666666667,3.15063435968798,716
RT,vru,0.331543655984515,6.21644354970966,6.89112497477776,4.36663964750091,1,2.01691118194964,716
vru,RT,6.92738487252156,0.369460526534483,6.01476769346031,9.82609767311663,3.26699999999999,3.1379767897722,716
vru,RT,5.35748877461979,0.285732734646389,5.32656972736288,7.56775600226296,3.93500000000001,4.51389534378269,716
vru,RT,3.38501438069253,0.180534100303602,5.45544256368315,9.55629156323813,4.134,3.97799484510894,716
RT,vru,0.375096867233766,7.03306626063311,5.70429903563622,7.02692382071171,2.8,2.66631221793565,717
vru,RT,4.58602852007749,0.244588187737466,5.77217649773501,8.52257200156799,3.934,4.6583329691365,717
RT,vru,0.217038610553721,4.06947394788227,5.85294115661947,8.78354941474283,5.067,5.44609148923217,717
vru,RT,5.83861272740763,0.311392678795074,5.45818269401924,7.96750151011417,4.8,2.81819630159774,717
vru,RT,7.8997943129534,0.421322363357514,5.11439980537362,7.82056339905473,3.26700000000001,4.15671567427095,718
vru,BT,9.09322937650939,0.484972233413834,5.41124668191593,7.93052965136487,4.467,2.16419219272898,718
vru,RT,5.36055356711215,0.285896190245982,5.60919821941827,8.10039634530059,6.26700000000001,3.14414227715459,719
vru,RT,4.98899199846789,0.266079573251621,5.45453739852399,7.57805055338496,3.93299999999999,3.29471854374878,719
vru,B,8.71958978852374,0.465044788721266,4.97676989523417,8.30673116253717,4.00100000000002,4.95605883130306,722
RT,vru,0.122635826460315,2.29942174613091,4.7840456131302,5.22944656609168,2.268,3.43159959695648,723
vru,RT,6.035837625675,0.321911340036,4.44055186921927,7.01117885964255,2.8,2.73868821809482,725
vru,RT,4.44113091703743,0.23686031557533,4.3191610628598,6.9605666926545,3.80033333333331,3.46085062047298,725
TR,vru,0.333416492387336,6.25155923226254,5.7351832892147,6.35767325986386,2.86599999999999,5.22451190345373,726
RT,vru,0.216968118996705,4.06815223118821,5.41133425197255,7.64479327287103,4.06699999999999,5.30502847305247,727
BT,vru,0.446948259135066,8.38027985878249,6.0800660460084,8.70376388291324,7.46700000000001,4.78537167592139,727
TR,vru,0.29100333578896,5.45631254604301,7.16804010604621,6.95626470357075,4.60100000000002,8.21890893491208,728
TR,vru,0.360278701360568,6.75522565051065,4.13668488591252,4.67903898900016,2.80100000000002,6.7290453308499,728
vru,RT,4.97440389867773,0.265301541262812,5.03418534837419,8.83792056089802,6.534,3.75274165179615,728
vru,RT,5.27731688239757,0.281456900394537,4.99634736734781,7.84259917199136,3.4,3.03673247862585,728
RT,vru,0.31056649917172,5.82312185946975,4.48008342558069,6.47117873783797,2.933,3.143395680346,729
vru,RT,5.60545203094362,0.298957441650326,5.89508002324615,6.53203394176639,2.666,2.74080091115603,729
RT,vru,0.0468672562983137,0.878761055593381,7.6253464268252,8.07692548000496,3.6,3.63528533324664,730
vru,RT,1.98189376564011,0.105701000834139,8.92401995913717,9.84943775876239,5.4,8.28827183925043,730
RT,vru,0.116698864057675,2.1881037010814,7.80756632005319,8.72309345645479,4.13300000000001,9.16614143587273,730
vru,RT,4.40289247270358,0.234820931877524,4.3108817832476,6.95537778689262,2.93299999999999,3.03362846529756,730
vru,RT,3.99548426128505,0.213092493935203,4.86054206211249,7.87933997839494,8.333,1.95794771735121,731
vru,RT,6.32667807424987,0.33742283062666,4.83128665049125,7.40951474957955,2.6,2.42433154708813,731
vru,RT,4.21668457912028,0.224889844219748,4.63091130888688,7.20701036083663,4.2,3.35681839490135,731
vru,RT,6.38780550786937,0.3406829604197,4.78772177499008,7.1374256479577,2.93300000000002,2.4742080409796,731
TR,vru,0.212674256214692,3.98764230402548,5.89811800683759,6.42287771834489,2.66699999999999,3.36604806370124,731
vru,RT,5.85493330197275,0.312263109438547,4.7520894367393,7.75497201437665,3.733,3.82856414340422,731
vru,RT,1.0405950442832,0.0554984023617708,8.05663585019108,9.46369598498196,8.534,3.77956376279144,732
vru,RT,1.73906432963514,0.0927500975805408,6.25010624963477,7.68941109900902,3.33399999999998,2.32262627847512,732
RT,vru,0.091351182401191,1.71283467002233,9.89332321801212,9.55458752007583,5.00099999999999,8.66445585811408,732
RT,vru,0.231384691789727,4.33846297105739,4.71697754690366,6.24301638854665,3.733,2.99080299699013,732
vru,RT,4.13297871570328,0.220425531504175,6.75197180547553,6.96675468596506,2.467,3.94988200777411,733
vru,RT,1.77853717583592,0.0948553160445824,7.13323551304207,8.90099535770007,5.067,5.93568651726161,733
vru,RT,3.6629671997916,0.195358250655552,6.40416396615671,7.95427931174779,1.86699999999999,4.19750618334804,733
vru,RT,6.73390028290907,0.359141348421817,5.45368204247317,9.53505788262033,3.26599999999999,3.54942299989292,733
vru,RT,6.74118682373858,0.359529963932724,4.71743566608775,7.89507619767186,2.6,3.54073470279128,733
RT,vru,0.276796727570995,5.18993864195616,4.41813849228105,6.8746610685151,3.99933333333335,4.45639219265683,733
vru,RT,0.450237322994882,0.0240126572263937,7.30803528782654,7.7044265868701,2.33300000000001,3.00294145583918,733
RT,vru,0.236396630400678,4.43243682001271,5.92751244560172,7.32262709873809,4.333,4.3732404881507,734
RT,vru,0.234117857481291,4.38970982777421,5.88813212110221,7.34781714905457,4.26700000000001,5.47006648122973,735
RT,vru,0.306783764635848,5.75219558692216,4.64485716684187,6.8736865237014,4.8,5.43208709899116,735
vru,RT,5.73916804670424,0.306088962490893,4.56192661035131,6.48177015481019,2.73499999999999,4.06906494795882,735
vru,RT,4.5804354596268,0.244289891180096,9.87897516671616,8.15613451523388,2.66700000000001,3.37329874886722,736
RT,vru,0.303082564504484,5.68279808445907,5.9077827431459,7.7082175067367,3.266,3.8900101937704,736
RT,vru,0.308003196315628,5.77505993091802,6.23191297756416,8.45319265846943,3.73333333333333,4.46710061470698,736
vru,RT,4.57808733593522,0.244164657916545,5.99458384628299,9.17093283713506,6.068,4.36906813815847,736
vru,RT,4.57673635159962,0.244092605418646,5.77749306124518,9.66529514121696,7.667,4.05325255293989,736
RT,vru,0.454197860781686,8.51620988965662,4.97083271895149,8.96430430234104,2.80100000000002,2.83140921544299,737
vru,RT,5.6266307126346,0.300086971340512,5.5378140056827,7.50973713259201,3,4.81553636791521,737
vru,RT,4.24071566402711,0.226171502081446,9.45108278459439,8.79791708684134,3.86633333333334,3.47916713249189,737
vru,RT,5.22806252343507,0.278830001249871,4.71359753540407,6.94822016514872,3.468,2.75273349851843,738
vru,T,2.89970636205871,0.154651005976465,7.99760448295802,8.19103793814691,2.53299999999999,4.82065015799736,739
vru,RT,6.90806006115205,0.368429869928109,5.95782912246024,8.73230289308579,3,2.66214537188931,740
vru,RT,4.45427300209485,0.237561226778392,5.75079441238986,7.14985014896496,3.534,2.82543309975678,740
vru,RT,4.97351024752373,0.265253879867932,5.77760053243081,9.73708286194572,4.8,5.98007713396136,741
vru,RT,7.25548768872556,0.386959343398697,6.08551501352692,9.68757867578932,5.6,5.60241576103128,741
RT,vru,0.27976964363702,5.24568081819412,6.93945628120615,8.49633544640569,3.2,6.4453294191464,741
vru,T,3.33838567138094,0.178047235806984,8.13377153707214,9.90582795614951,3.00100000000002,7.578191862062,741
TR,vru,0.326592509505974,6.12360955323702,5.62127467604465,4.3413712230632,2,2.33434024430595,743
vru,RT,2.93909069547516,0.156751503758675,7.06470841387461,9.299421516189,3.33400000000001,3.27481055703211,743
vru,RT,2.79961278444732,0.14931268183719,6.25094371284025,8.72195512569498,3.8,4.99939134764389,744
vru,RT,0.789342331561746,0.0420982576832931,9.68409000959068,9.4440949436175,4.26733333333335,5.47160503829823,749
vru,T,4.97934254147422,0.265564935545292,8.67686093355582,8.96331613944628,3.133,2.86530295424265,765
T,vru,0.292717375474596,5.48845079014868,8.21359742868033,8.71034758872523,2.666,2.93277043510194,765
vru,RT,0.469407485867498,0.0250350659129332,7.83332756345311,9.18005859695385,3.73299999999999,5.32603073615528,767
TR,vru,0.316281818359054,5.93028409423227,7.6148555156096,8.12498388983377,5.73399999999998,9.43893384880015,768
TR,vru,0.251374391845791,4.71326984710859,6.63173813941756,3.54466790484072,2.53299999999999,3.81685082026575,768
vru,RT,7.82180923445804,0.417163159171095,4.55587834966037,8.95975360968561,3.06800000000003,3.62622748241563,769
vru,RT,6.24483374719135,0.333057799850206,5.143070847571,7.18629564651251,3.266,2.92341186882775,769
RT,vru,0.274203884264493,5.14132282995924,5.24203854630168,7.68474082461518,5.068,4.55476280189717,770
vru,RT,6.6904934395581,0.356826316776432,5.45741438290082,7.15207865410895,5.33400000000001,1.9535756794743,771
vru,RT,4.72419329567981,0.25195697576959,4.54537064472753,7.45680843975631,3.73299999999999,2.69676406813073,771
vru,RT,4.91374929619477,0.262066629130388,4.88321037614362,7.28355404409579,4.40099999999999,4.07674584243152,772
vru,RT,0.0978094868678305,0.0052165059662843,7.39748274584356,9.05848075579403,3.6,4.32672464893361,772
vru,RT,4.50967911855043,0.240516219656023,5.29774224542896,7.40254440628526,4.33400000000001,3.05503704111343,772
RT,vru,0.333584997962464,6.2547187117962,5.32952546515538,7.39490671616715,3.13299999999999,3.31371907418602,772
vru,RT,4.50714950394376,0.240381306877,5.51605669774028,7.6032933720705,4.46600000000002,4.06175464699767,773
vru,RT,5.41340752830288,0.288715068176154,4.79493283611771,6.54209181954225,3.26600000000002,4.64416617064577,773
RT,vru,0.348849403430711,6.54092631432583,5.51254433089853,9.19868643411056,3.33299999999999,2.93684662919476,773
vru,RT,2.50763189242021,0.133740367595744,6.40863155398092,7.66180816922766,2.53399999999998,3.68313451816029,773
RT,vru,0.245785626362711,4.60848049430082,5.5573043500371,7.19419173770302,5.6,3.34504894617032,773
TR,vru,0.239767087120648,4.49563288351214,5.61661214382712,6.06814522201643,6.46700000000001,9.25587289609717,773
vru,RT,2.324475247511,0.123972013200587,5.85851135837724,8.13623001730157,2.73399999999998,2.80186470669366,774
RT,vru,0.0828172479746608,1.55282339952489,6.20909901001811,7.36658263202814,2.46700000000001,2.51477339759833,774
vru,RT,5.730368290608,0.30561964216576,5.63691482431819,8.44398993339617,3.93300000000001,4.13495668362213,775
vru,RT,4.54127785698849,0.242201485706053,5.15931155736438,6.1509840898628,3.734,3.33575283013048,775
vru,BT,9.46257067684992,0.504670436098662,6.33119655034093,7.80176706872126,9.80099999999999,4.68367828158991,775
T,vru,0.289582698826635,5.42967560299941,5.90758065820783,6.16860519333862,2.267,1.90873124329957,776
RT,vru,0.226342278453178,4.2439177209971,5.10167922010878,7.07662960072962,3.46699999999998,3.81243826666379,776
vru,RT,5.90618280413767,0.314996416220676,6.25099845612675,9.12457740288291,3.93299999999999,3.57729759360784,779
vru,RT,6.15638958885355,0.328340778072189,5.75810106781383,8.59820254014464,3.93300000000002,3.95170591010725,779
vru,RT,5.92941686635296,0.316235566205491,5.46079196868845,7.25436495857275,2.86599999999999,2.86950313149065,779
vru,RT,2.3449183367663,0.125062311294203,6.00911829188124,6.57859896200429,3.46800000000003,3.63132100007754,780
RT,vru,0.202880183214105,3.80400343526447,5.2272630584325,6.48678815164631,2.601,4.01268364010549,780
vru,RT,7.30441221305191,0.389568651362768,5.54079012441136,9.93626186591833,2.86699999999999,4.52718554664851,780
vru,RT,6.99612959322234,0.373126911638525,5.00226015398164,7.46714559764039,2.33299999999999,5.32820319164641,780
TR,vru,0.321123918697312,6.0210734755746,7.89695972734367,8.48615471000705,2.06699999999998,7.56039633337455,781
vru,RT,1.36332577220819,0.0727107078511035,7.29490540163721,7.72773775414281,7.20099999999999,3.36174066559732,782
RT,vru,0.398660082229166,7.47487654179686,5.63093849854161,6.33540622870186,2.8,3.7029580987408,782
vru,RT,0.701340007494265,0.0374048003996941,7.93367708452359,9.44284948192413,3.06700000000001,6.63720605661408,782
vru,RT,3.61624981866617,0.192866656995529,8.26816952787615,9.51537479750484,3.93300000000001,4.29013205638346,782
vru,RT,5.59333227392695,0.298311054609437,5.82988768098101,6.74820941908829,2.93400000000001,2.08786337899754,782
vru,RT,4.24984526834212,0.22665841431158,5.78407692964043,6.33359021947027,3.068,2.22333013757418,784
vru,RT,4.89414063928119,0.261020834094997,5.19181890819778,8.27241551703634,5.20100000000002,5.26430353902978,784
RT,vru,0.39994297164436,7.49893071833176,5.11331343523714,5.78514072366377,2.8,2.62050437796188,784
RT,vru,0.217849973465121,4.08468700247102,5.05280439881404,5.71552384876391,1.93299999999999,2.44992600019244,784
vru,RT,6.38217534099934,0.340382684853298,5.39245934266854,8.86302279218434,4.668,5.50986372134201,784
vru,RT,8.37522427884549,0.446678628205093,3.87126184694158,6.13380961757736,1.26600000000002,3.74797858853918,785
RT,vru,0.265476171462595,4.97767821492366,4.58514433310991,5.77603520782517,2.26599999999999,3.68252937160912,791
vru,BT,8.65030386236766,0.461349539326275,6.46215503237644,7.20736628092964,4.33500000000001,4.82213428503524,791
vru,RT,5.61922567050761,0.299692035760406,6.17612783125183,7.88399467508026,3.53299999999999,4.21054581013581,795
BT,vru,0.387977417200282,7.27457657250528,4.11442533274146,5.84613948991989,4.13300000000002,8.04404322760459,795
vru,BT,7.94187185867734,0.423566499129458,7.8345457336299,9.71989226542986,7.06700000000001,6.20684583129808,795
TR,vru,0.120077026937509,2.25144425507829,9.26539351645104,9.63070605481355,2.66666666666667,4.0620406494588,817
vru,RT,5.98424194646688,0.319159570478234,6.39557609231856,8.17227797612274,5.86633333333334,5.05304175743509,818
RT,vru,0.243321186888948,4.56227225416777,5.71860390298735,7.94689420702956,5.734,4.33625897244884,818
RT,vru,0.26913544999126,5.04628968733612,5.73217170451271,7.07729621735166,4.534,4.08223132021363,818
vru,RT,4.78244894007957,0.25506394347091,5.00778885456245,8.19844063359025,7.466,3.61408945091233,818
RT,vru,0.280758755006986,5.26422665638099,5.48971508760583,8.32888198784926,8.6,3.57334581939141,818
vru,RT,1.74030266806556,0.0928161422968299,7.95986728441145,8.19825792929965,4.8,4.07039045154587,818
vru,RT,2.0048449528223,0.106925064150523,6.33335033413429,7.72517510108916,5.2,3.52426834055209,818
vru,RT,4.7740307766835,0.254614974756453,6.25765572924877,9.63083197168301,5.13399999999998,3.82807243892177,819
RT,vru,0.277412065367281,5.20147622563653,4.00490068270278,5.27618672564485,1.86700000000001,3.05093807461229,819
RT,vru,0.178922846262461,3.35480336742115,9.9093398912169,7.21617955331627,5.266,3.58543390080899,819
vru,RT,5.33662379987727,0.284619935993455,4.63002984002422,7.24027228221323,3.468,2.36682925726753,820
RT,vru,0.268341915571426,5.03141091696424,4.81101839998672,7.17194104156416,3,2.50432011147232,820
vru,RT,0.796588418096889,0.0424847156318341,8.16609706429476,9.30958053602336,2.734,2.7028340386541,821
vru,RT,5.8455920487745,0.311764909267973,6.27477744723108,9.21310820374875,3.06700000000001,3.96858714429487,821
vru,RT,5.17578099084728,0.276041652845188,5.99352864826107,9.71180847999614,3.8,3.66916461307557,821
RT,vru,0.20859417749266,3.91114082798738,5.67950114792104,6.60811101452271,3.46599999999999,4.04592788957436,822
RT,vru,0.205659903867191,3.85612319750982,5.41849605001917,6.43755953449515,4.46700000000001,3.40092936635925,822
vru,RT,5.32553839945372,0.284028714637532,5.67332350115391,8.47741235146921,3.73299999999999,4.14547382108477,822
TR,vru,0.36823882156248,6.9044779042965,6.15630834026512,7.04520226090093,2.33299999999999,6.39473899818224,822
vru,RT,3.34038039495083,0.178153621064045,6.38945475870942,6.83613504911298,3.6,4.11088576313138,823
vru,RT,3.10762545889825,0.165740024474573,5.57524870218899,6.13953162654676,3.66700000000001,2.05284374697911,824
vru,RT,5.83268323073289,0.311076438972421,5.81308802896219,9.430792232745,3.467,4.15439094725341,824
vru,RT,5.80314684566905,0.309501165102349,6.00165265875726,7.98025836195252,5.6,3.45585027230778,824
vru,RT,5.31962162700655,0.283713153440349,6.19318811758178,7.99293875476967,4.13300000000001,3.88762392879881,824
vru,RT,3.26773481086807,0.174279189912963,4.79783608031693,6.65105235150865,5.93400000000001,7.00389281651287,824
RT,vru,0.193367476949425,3.62564019280172,5.18859531022753,6.2291577729548,7.86599999999999,4.503629844758,824
RT,vru,0.188018441237145,3.52534577319648,6.32692227560225,7.74345644399062,5.06599999999999,8.06667195905512,824
RT,vru,0.066355689724431,1.24416918233308,7.57650856000018,9.15880286971898,8.066,9.53612107684267,825
vru,RT,5.66078348135639,0.301908452339008,4.49946544056854,7.12279289038789,4.8,2.89967086218208,825
RT,vru,0.262425131428665,4.92047121428747,5.57284037385042,7.2562217597125,3.13300000000002,3.83196147997584,825
vru,RT,5.83623095849379,0.311265651119669,5.9280545146034,9.87951566188631,4.135,3.77018091154904,826
RT,vru,0.441140969948768,8.2713931865394,6.26368161075387,8.85671221878792,3.8,3.46671890574972,826
RT,vru,0.0371051905591061,0.695722322983239,7.8970107875622,8.88315204990698,5.06700000000001,5.23961035799436,827
T,vru,0.446868246564892,8.37877962309172,6.29977830194641,7.15025275218943,1.86700000000001,3.610997409096,827
vru,RT,5.35211563469394,0.285446167183677,5.78407892059941,8.70453288945818,3.6,4.80403910384479,827
vru,RT,4.79244910847054,0.255597285785096,6.3390936859377,8.9651763680672,5.4,3.82887901428592,827
vru,RT,5.06829007595974,0.270308804051186,5.00872309769868,7.34789934081421,3.53300000000001,4.08399938731563,827
RT,vru,0.275561892829736,5.16678549055756,5.28780883148457,6.86414650994523,3.26600000000002,2.59909381369381,828
vru,RT,3.8816218810718,0.207019833657162,5.63748117051012,8.55596929829725,4.66700000000001,3.30718979860047,829
TR,vru,0.342702175963171,6.42566579930945,8.82874633228938,9.48038425535013,5.20100000000002,7.41475745765079,829
RT,vru,0.298897942280256,5.6043364177548,5.14176197456524,6.07687880246359,2.866,2.97882557899766,829
vru,RT,2.966626718411,0.158220091648587,5.44574981424014,8.41160014281542,3.26699999999999,2.81901484200152,829
vru,RT,1.83353855040467,0.0977887226882488,6.06015498528739,8.92057029327959,9.33399999999998,4.22335107280768,830
vru,RT,6.61576958365409,0.352841044461552,5.82373089134806,7.86291505727857,3.333,4.45185927738725,830
vru,BT,7.62358702796162,0.406591308157953,2.87210712187033,7.81067431800967,2.73299999999999,2.8037728087092,830
vru,RT,2.21372996925615,0.118065598360328,9.5952038231488,6.4113294270785,8.46733333333333,3.85964713639284,830
vru,RT,3.20620226204067,0.170997453975502,6.77644640484787,7.32861603370761,9.73300000000001,4.04635181230078,830
RT,vru,0.105148445943136,1.9715333614338,5.04499576978163,6.80032260821251,8.26699999999999,4.09823754017536,830
RT,vru,0.142749083101529,2.67654530815367,5.72658773745922,6.57860218801578,7.266,4.17309246692462,830
vru,BT,6.70811594471034,0.357766183717885,2.62976813240347,3.34374277682158,1.666,1.57563744590254,831
RT,vru,0.212120425152511,3.97725797160959,5.38190811598943,8.06496593627656,4.134,5.51169855529102,831
vru,RT,5.23053238676592,0.278961727294182,6.13495468826493,6.75026279446099,3.13299999999999,2.13270309176163,831
vru,RT,4.73610105838665,0.252592056447288,5.78221989900941,8.96651820193971,4.86699999999998,5.69688268469467,831
vru,RT,5.47243280467403,0.291863082915948,5.7031407283593,9.66316201366117,3.86700000000001,7.9606132820255,831
vru,RT,5.12917079309167,0.273555775631556,4.70536892501905,7.26590172140332,3.334,8.83931794066436,832
vru,RT,4.39941158602521,0.234635284588011,5.66060632459346,7.47040862749513,7.8,3.7495288735649,832
vru,RT,5.78551525050193,0.308560813360103,5.55678691148807,8.76508559031579,5.60100000000002,3.46645960148378,833
RT,vru,0.13744281055323,2.57705269787307,6.10294881362982,6.50034035357698,4.73299999999999,3.36042210533618,835
RT,vru,0.191455404760143,3.58978883925268,6.70183937907402,8.16786692054312,5.066,3.91882257664915,835
vru,RT,2.39922508791995,0.12795867135573,6.38629517003896,6.37925295763411,5.40100000000001,3.45688086636042,835
vru,RT,1.17089275932448,0.0624476138306389,6.76489546944013,9.57055917795093,5,5.01211000279093,835
vru,RT,1.80664366935178,0.096354329032095,5.9243492087981,7.52983141481789,3.33299999999999,7.4397906443472,835
BT,vru,0.344890826300478,6.46670299313397,5.10087936441433,5.74592788025097,2.8,5.42394386335781,835
R,vru,0.264989023910971,4.9685441983307,6.92182120733397,7.6699366731152,3.734,7.51559385911412,836
RT,vru,0.446669226268444,8.37504799253333,5.54132772804779,6.84903189969296,2.8,3.80244843755987,836
vru,RT,4.0094196099438,0.213835712530336,3.62032849868445,4.10050264912231,1.73299999999999,4.1487305778218,837
RT,vru,0.158012229095618,2.96272929554284,4.25817003690302,5.30715157503065,1.2,1.95191275191079,857
RT,vru,0.362562372506741,6.79804448450139,5.74380160005658,9.48599673942688,2,2.69916225472294,859
vru,RT,7.1621866643792,0.381983288766891,5.69633834342887,8.78586856998685,3.2,2.7020664842375,859
RT,vru,0.195984394677429,3.67470740020179,6.27495806379418,8.50437863501436,6.734,4.88827051936942,859
vru,RT,4.5427086051785,0.242277792276186,5.32119179474108,8.72989232194617,8.26700000000001,4.25072023810485,860
vru,RT,4.615806476641,0.246176345420854,5.19331668004335,8.04610212407593,6.33299999999999,4.70486921705209,860
vru,RT,6.04530266674608,0.322416142226457,4.43163304282472,6.81191449730464,2.733,3.10752159048066,860
RT,vru,0.183481393856607,3.44027613481138,5.95578900276255,8.13519490165997,7.73600000000001,3.41485361839667,861
vru,RT,4.50156716663055,0.240083582220296,4.90830729320734,8.33179479138157,4.266,3.63169470058132,861
vru,RT,5.75347326672874,0.306851907558866,5.41368491398415,7.95721808917889,3.334,3.85867745837817,861
RT,vru,0.303282913005447,5.68655461885213,6.13123330369194,7.6507642855914,1.93300000000002,4.0588054549031,861
vru,RT,6.34045882874751,0.338157804199867,6.01013679385217,8.83756374638577,2.934,4.62101227348123,862
vru,RT,6.59441056857941,0.351701896990902,5.55578200631017,7.59175058643702,3.66700000000001,2.93894361264395,863
vru,RT,4.30120660671825,0.22939768569164,5.64868754942222,6.99812776791425,2.93299999999999,2.43859673309406,864
vru,RT,4.94400402955219,0.26368021490945,5.71129860679201,7.8326330383983,3.4,4.76848236153458,865
BT,vru,0.131483286585378,2.46531162347583,6.51189688749666,6.89111259341477,7.8,4.89200665303779,866
BT,vru,0.206291823658669,3.86797169360005,5.98191551954023,6.49415042548501,5.934,7.56621450824067,866
vru,RT,0.683335014100347,0.0364445340853518,6.50746188585359,7.4172376735559,2.6,5.46017550433327,867
vru,RT,0.133373637276274,0.00711326065473459,6.63406616480033,7.03180441530355,4.46600000000002,5.5058985052863,868
vru,RT,5.49068291323088,0.29283642203898,4.17980005516273,8.44583903397582,3,2.51148068300609,868
vru,RT,5.7520941656058,0.306778355498976,4.86958084498522,6.57367085639753,4.266,3.81202086345569,869
vru,RT,6.17497764390446,0.329332141008238,5.37772188438611,7.00075636955557,2.66599999999999,2.83932571261581,869
LT,vru,0.213883850897931,4.01032220433621,5.71583310471126,7.67173088254809,2.866,2.60472391963066,869
vru,RT,6.56718931038696,0.350250096553971,5.36008954403854,8.60971033060966,2.73399999999998,4.15629793946578,869
vru,RT,8.0606493220718,0.429901297177163,5.5663287209648,9.37669441689957,2.8,2.79852255664339,871
vru,RT,2.87541729931434,0.153355589296765,8.95417625457847,9.37004714930798,3.06700000000001,4.64561033821513,871
vru,RT,0.715939288636564,0.0381834287272834,6.64081744788438,9.54455088251172,5.33299999999999,4.02535835032717,871
vru,RT,7.18051643129769,0.382960876335877,5.07715670020467,7.50784960670184,2.733,2.49122697911698,871
vru,RT,4.47816729897068,0.238835589278436,6.0801384819522,7.02547140347152,4.666,5.03650380859462,873
TR,vru,0.189820604020009,3.55913632537517,5.02992311129409,8.27035515795392,3.53300000000001,2.77045865766419,873
vru,BT,8.51419764622377,0.454090541131935,6.16636976284205,8.51777418667252,7.4,5.89322006177032,873
vru,RT,9.01164874144344,0.480621266210317,4.16474417929736,8.66624751660347,3.46599999999999,2.9150075149941,874
vru,RT,5.73402546006026,0.305814691203214,4.58270870871242,6.18091413144928,3.13300000000002,3.22055470390299,874
vru,BT,9.77760857300326,0.521472457226841,7.16204589793534,8.64399792151282,8.668,3.76022470599858,875
vru,RT,6.561893678698,0.349967662863893,5.20730882047653,8.68295850021958,3.534,5.47171451325749,875
RT,vru,0.267022429181231,5.00667054714809,5.34430751578391,6.3296019192654,1.53399999999998,2.45842919923778,875
RT,vru,0.119442756694672,2.2395516880251,6.74435205013695,8.03750321529326,2.46699999999998,2.94499013673536,875
RT,vru,0.290971210453859,5.45571019600986,5.21371600731058,7.38091081657614,7,3.41864486281942,875
vru,RT,5.09476101748659,0.271720587599285,5.13588242348652,7.33501502833977,3.33300000000002,3.45171048132091,876
RT,vru,0.172102894953576,3.22692928037954,5.10292920103475,6.1072906642422,3.268,2.47928541005421,876
RT,vru,0.082357806756092,1.54420887667672,5.8998612167131,8.65127432302461,5.53400000000001,4.04160372667684,876
RT,vru,0.21526714812772,4.03625902739475,5.78869738437841,6.34578877716582,3.8,3.24502377962771,877
vru,RT,2.23616515620831,0.119262141664443,5.70907076523575,8.92222835856879,3.19999999999998,4.37785756114731,877
RT,vru,0.24769683573364,4.64431567000575,5.92359939225993,9.36255578363692,8.66700000000001,4.41542871568694,877
RT,vru,0.2680121324895,5.02522748417812,5.56560244008421,6.60938068868822,9.067,4.0033955652277,877
vru,RT,2.67778122376032,0.14281499860055,5.81882394617301,9.83498486811862,7.60099999999999,5.26752804529318,877
TR,vru,0.305992172781631,5.73735323965557,7.52829521479903,8.05086436536826,3.86700000000001,6.85258361889281,878
vru,RT,7.05836013739557,0.37644587399443,5.58086149303281,8.40436910036068,3.4,3.26495032766903,878
vru,RT,4.66450963215677,0.248773847048361,5.43471398694695,7.83470042037985,6.33299999999996,6.09544392791011,878
RT,vru,0.194113256983341,3.63962356843764,4.22587734497295,5.07825727798894,2,4.26137034472302,878
vru,RT,0.621607639016957,0.0331524074142377,8.58051511130353,9.40516938106767,6.33300000000001,3.34748800026063,878
vru,RT,0.984575555025893,0.0525106962680476,6.22041342935917,6.6822212559351,3.666,5.63915563529319,878
RT,vru,0.384435489091381,7.2081654204634,5.17407686499903,5.77951895540064,2.66666666666667,2.09069592255534,878
vru,RT,2.64871637514404,0.141264873341015,4.44837426915195,6.37769754391176,4.86699999999998,5.12874181714894,878
RT,vru,0.385143887812469,7.2214478964838,5.01503289480248,7.17539248061001,2.86700000000001,4.71496938633544,878
vru,RT,6.11742984268803,0.326262924943362,5.36847245793293,8.24551920896507,3.26599999999999,4.9205295377103,879
vru,RT,6.29537928510624,0.335753561872333,5.64659483797586,9.39189757351589,5.53299999999999,3.89134702541201,879
RT,vru,0.363798442836167,6.82122080317813,5.98560447223127,6.64530855333034,2.6,3.64368152935817,879
vru,RT,4.49978986362316,0.239988792726569,6.07329298732123,6.88787642495908,4.8,3.55676533213848,879
vru,RT,5.0177547470319,0.267613586508368,5.14118427770047,7.43448116486782,3.666,3.82780147105479,879
vru,RT,3.78683009782744,0.20196427188413,4.9636374476495,6.20870043346258,7.933,2.56308902999618,880
RT,vru,0.207616188560017,3.89280353550031,4.20990402444459,5.58589115136976,4.2,3.70017194442553,880
vru,RT,3.91952963022705,0.209041580278776,6.95555936155681,7.40841016860007,2.268,3.14953214674149,880
vru,RT,3.45366887811766,0.184195673499608,4.64679138009023,6.70955794738429,3.667,2.91984291095377,880
vru,RT,6.15133766262684,0.328071342006765,4.54504637947677,7.90042430627052,3.6,3.32708490765681,880
vru,RT,1.44558247756108,0.077097732136591,5.85415663886095,9.71351745679942,6.333,5.81244676404122,880
vru,RT,2.37317425525016,0.126569293613342,6.93324049803171,8.83199525093549,8.734,4.59007583692492,880
RT,vru,0.00307743558514719,0.0577019172215098,7.04897663117519,9.04266067472916,7.801,5.39404778032387,880
RT,vru,0.15972901925805,2.99491911108844,4.79377124647083,5.9034242269859,4.401,1.96150511498723,880
RT,vru,0.12411242883506,2.32710804065737,6.84976812104826,7.60307905448218,5.86599999999999,2.42541791493813,881
vru,RT,6.4194105053113,0.342368560283269,5.11500810958325,8.88715033714986,3.06599999999999,4.28338969134429,882
TR,vru,0.290253553284802,5.44225412409003,9.43343125500294,5.5685944953713,2.534,5.36736751443455,883
TR,vru,0.266541274545542,4.99764889772891,4.49564323858131,5.18485464547645,2.40066666666667,6.45432683813852,883
vru,RT,4.37147601664055,0.233145387554163,6.31900274763815,7.64980666438127,7.26600000000002,4.60123079490797,883
vru,RT,4.66356833814357,0.24872364470099,5.19340639973784,7.22039463026931,3.73400000000001,4.25971834892063,884
BT,vru,0.346733573544581,6.50125450396088,6.70707944339172,7.32792173201052,2.933,7.43744123475702,885
vru,RT,0.435954013799339,0.0232508807359647,6.95610246032013,7.58334162780106,3.06700000000001,2.39814395651477,886
vru,BT,6.89427528537022,0.367694681886412,6.70190236517058,9.49179799844171,7.26700000000001,6.86289495795792,886
TR,vru,0.186044449097145,3.48833342057146,6.5716836490438,7.45124148973406,3.26700000000001,2.86584432521645,887
vru,RT,4.58612267745946,0.244593209464504,5.65968783739373,8.19310802587188,3.93299999999999,3.61464322171191,895
TR,vru,0.292471884878814,5.48384784147777,6.81284453897245,7.68376581776526,3.4,6.96800687944388,905
vru,RT,6.02801280267739,0.321494016142794,5.13022658699921,7.21732978413658,3.40100000000001,2.0243702186307,906
vru,RT,7.26783489567108,0.387617861102458,6.05758716665256,8.45619426642807,3,4.41029470083066,906
vru,RT,4.97502213084961,0.265334513645313,5.59006364146947,8.81338557179608,3.668,4.0512944017343,906
vru,RT,4.86946744025818,0.259704930147103,5.66809368040879,7.69870037000508,3.80100000000002,3.61623147990709,906
vru,BT,8.32128541225385,0.443801888653539,7.39613243403248,8.25967771852955,8.73400000000001,7.81122385717207,906
vru,RT,4.64561293891103,0.247766023408588,5.70878249835639,6.8657649759982,4.40099999999999,4.17757346484537,906
RT,vru,0.248204106876161,4.65382700392802,5.69052476652212,7.07675216582205,3.20100000000001,5.05057540419763,906
vru,RT,3.39816068400581,0.18123523648031,5.94232488578973,8.20028970443495,4.73299999999999,4.10799197124352,906
vru,RT,4.98609286067137,0.26592495256914,5.34463728239304,7.54610401766729,5.93299999999999,3.73480481044497,906
vru,RT,4.60310238059651,0.245498793631814,5.96622494813629,7.81160947820161,3.53399999999998,4.71845392243144,906
vru,RT,5.69263518098676,0.303607209652627,6.38485353324101,9.20891177868367,4.86700000000001,5.60549657210349,907
vru,RT,5.95482861430031,0.31759085942935,6.06784802155961,8.59648756722324,3.6,6.07017938638513,907
vru,RT,6.59018496349143,0.351476531386209,5.27764894311231,5.87708790343929,2.46699999999995,2.27455437119512,907
BT,vru,0.235610899481092,4.41770436527047,8.83436241778186,9.61251021669176,4.2,5.85722482678673,907
vru,RT,6.35248517452151,0.338799209307814,5.72741250978853,7.75376171907554,2.601,2.1836376883847,907
RT,vru,0.312592526339067,5.86110986885751,4.88654526440276,7.14058793031144,3.334,3.56613527512293,908
vru,BT,7.51440517594312,0.4007682760503,3.06710493126583,3.5956415801177,2.33299999999999,2.10101100614444,908
vru,RT,4.93520982588556,0.263211190713897,5.11774360206859,7.73236643211328,5,4.44786576308502,908
vru,RT,6.78374628915656,0.36179980208835,5.20109923539961,7.54124472408179,2.80199999999998,2.89448771918134,908
RT,vru,0.366117802443627,6.86470879581801,4.9327207818975,7.08429775686038,2.53400000000001,2.44657593085937,909
RT,vru,0.293901641495417,5.51065577803906,5.50027738741217,6.89943706490089,3.53299999999999,4.0979544181535,909
vru,RT,0.563027605191496,0.0300281389435464,8.9678310146766,9.47748296351272,2.4,2.9114295334257,910
TR,vru,0.148920483119311,2.79225905848709,5.309531848772,8.47229143026527,2.66700000000001,9.14678219311776,910
RT,vru,0.158372535535382,2.96948504128841,5.42715766543656,6.45655234167866,2.93299999999999,4.15612319293407,910
vru,RT,0.236874389579143,0.0126333007775543,6.58130005485064,8.33029568958881,4.46700000000001,2.80169333501884,910
RT,vru,0.109810384824624,2.0589447154617,6.2446818633047,7.08836878881273,3.4,2.56461305855162,910
vru,LT,3.6148221091048,0.19279051248559,5.6872063147027,6.78752774674492,2.4,2.78396728658273,910
RT,vru,0.280303953112372,5.25569912085697,6.64491074763716,8.8357451051224,3.934,4.54027927647202,910
vru,RT,6.02304333671341,0.321228977958049,5.60860948434395,8.41863227962724,4.53300000000001,6.57430450764722,912
vru,RT,9.38516618924572,0.500542196759772,3.11398953637622,5.53596395643044,1.13399999999998,1.10416920989658,912
RT,vru,0.0976158291295244,1.83029679617858,6.85466267910372,7.77406339835267,6.2,2.31222419360596,912
vru,RT,2.94644825337208,0.157143906846511,3.93661238309221,9.69644418562833,4.00099999999999,2.44821199019095,912
vru,RT,4.71215118144636,0.251314729677139,5.10955123266311,8.86222039250387,9.934,5.42020258209584,915
vru,RT,4.61917206091782,0.24635584324895,5.00905133694726,7.83188253332727,8.20100000000001,5.52963397484023,915
RT,vru,0.292175088064654,5.47828290121226,4.75256903549897,7.25281440120851,3.73299999999999,4.64790321905178,915
TR,vru,0.319704193397598,5.99445362620497,3.51907614926839,5.81856950460679,1.80099999999999,2.39256133809531,917
vru,RT,5.75239373462773,0.306794332513479,4.77393904855272,6.78324816246821,3.2,2.8933143123138,917
vru,RT,6.50428125968005,0.346895000516269,5.41903864970208,7.94853935170539,3.13499999999998,3.05368316033065,917
vru,RT,4.60230889704934,0.245456474509298,4.10311724609262,5.74978863746783,3.8,3.6773940844632,918
TR,vru,0.342716712081232,6.42593835152309,7.7836398616049,8.41084962142686,3.93400000000001,5.17154871179292,918
vru,RT,2.1580731710324,0.115097235788394,6.10715303902056,6.53673734032219,3.734,4.11175484751892,918
vru,RT,4.08764176445816,0.218007560771102,7.49384526819311,8.15743141593818,3.2,3.23312733978269,920
vru,RT,5.73841700511195,0.306048906939304,4.16513608371685,7.65386708096985,2.6,2.81341999643216,921
vru,RT,2.00162815748171,0.106753501732358,7.91571978271976,8.35198844119002,3.134,4.39046010868066,921
vru,RT,4.67590426666504,0.249381560888802,5.09475329967359,7.57313341669117,4.26700000000001,3.61418836889432,921
vru,RT,5.35744675476978,0.285730493587722,5.35104493115556,6.74830877414609,2.93300000000002,2.68183905925512,922
vru,RT,7.88334823160755,0.420445239019069,5.57641162271289,8.45803150338661,2.86600000000002,1.95573785785295,922
vru,RT,2.54392065039279,0.135675768020949,5.20691790982975,7.62364105600049,2.66700000000001,3.15757728121873,923
RT,vru,0.13091321651733,2.45462280969993,6.70717663869003,7.75107874948353,1.86699999999998,2.19141003459524,923
RT,vru,0.147441738480305,2.76453259650571,6.56989436839837,7.93291393001739,2.06700000000001,1.95473336140859,923
vru,RT,0.420538500245635,0.0224287200131005,7.8493340290259,8.70332219920216,4.868,6.92963327046674,923
RT,vru,0.2586730031228,4.85011880855249,5.10812674511171,6.38129831379224,5.068,3.15884384664229,923
vru,RT,5.25350454524021,0.280186909079478,4.75486403318959,7.84659998455306,3.23300000000002,4.41155510716985,924
vru,RT,3.78325706828845,0.201773710308717,7.89410268000375,8.06129853608306,4.60099999999999,5.93047501188119,925
vru,RT,0.594022115616857,0.0316811794995657,8.14843156407581,9.26948016830127,4.53499999999999,5.8982756326489,925
RT,vru,0.153898104362466,2.88558945679623,3.6990586145245,4.04579412321415,1.467,2.73203238871052,925
RT,vru,0.218979030752641,4.10585682661203,4.40934976029665,6.25711809434283,1.668,1.7989750441665,925
vru,RT,4.94947942297095,0.263972235891784,5.19339665148919,6.27620881728718,3.2,3.68115582017535,926
vru,R,0.259553334919123,0.0138428445290199,2.87763696716536,3.47204713705219,8.8,6.85099601815184,926
RT,vru,0.374517433120872,7.02220187101635,4.97876621822289,8.01822327900033,3.467,6.48406528851332,926
RT,vru,0.15722320790831,2.94793514828082,5.79526632634179,7.03705776956157,2.33299999999999,3.57294403771221,926
vru,RT,5.02367805247066,0.267929496131768,5.00647196888696,7.45086895125427,6.8,6.30734241854455,926
vru,RT,3.78142662433833,0.201676086631377,4.27403672552904,4.74876339162004,3.06633333333333,4.44828298638281,926
RT,vru,0.263041872510204,4.93203510956632,5.20310584188955,6.72921014775256,4.13300000000002,4.0407759157081,926
vru,RT,0.951619835938091,0.0507530579166982,7.18385567874729,8.01024717315742,2.66700000000001,3.6841830398511,927
TR,vru,0.111006307739007,2.08136827010638,5.03466209519253,5.16851920360305,4.2,2.12886379851786,927
TR,vru,0.353546093912397,6.62898926085745,9.57121552918495,9.53752316629076,5.00066666666667,8.57561481463677,927
TR,vru,0.352710953709332,6.61333038204998,9.21214563705121,9.82185748967525,4.93300000000001,8.30749434567645,927
TR,vru,0.152576109081345,2.86080204527521,6.15274648194494,9.22384293698746,2.06900000000002,3.27846618805191,927
vru,RT,3.75519283725815,0.200276951320435,4.71868586126055,6.704742745775,8.672,2.88516947517269,927
vru,RT,4.63856426231015,0.247390093989875,4.9926630192371,7.05456443597027,3.2,2.96382455542152,927
vru,RT,5.42724906350666,0.289453283387022,4.97525700524476,8.29917110600675,7.86600000000002,3.86832547986492,927
vru,RT,6.84185102492063,0.3648987213291,6.02909026744522,7.49602489552689,6.068,2.15242034001884,928
vru,RT,4.28313999757234,0.228434133203858,4.79099802554558,5.88322273020898,4.00099999999999,2.59169185152444,928
RT,vru,0.289005381437319,5.41885090194972,4.53269010763626,6.30170902203391,2.80099999999999,3.20219974703576,928
vru,RT,0.462242807302656,0.0246529497228083,7.69514333094813,8.69182616026485,3.001,2.67436063615114,928
RT,vru,0.129051161500261,2.41970927812989,5.82155582027321,6.33876348038181,2.734,3.07888308262015,929
RT,vru,0.273845625309559,5.13460547455422,6.11781511364322,8.96460001083957,3.66700000000001,3.37472571047844,929
vru,RT,5.95993420260034,0.317863157472018,5.08736677841427,6.70042550184756,3.06700000000001,2.96894835544267,929
vru,BT,5.90403488985908,0.314881860792484,8.04551460629591,9.11043330856381,8.6,7.38461685331637,930
vru,RT,8.6469608857914,0.461171247242208,5.16785832171054,6.84225923492602,2.86700000000001,3.15703382108605,930
vru,RT,6.64958449925243,0.354644506626796,4.15266435976952,5.18867257087707,4.6,1.95732247884022,931
vru,RT,4.52046507871977,0.241091470865055,5.23295856910839,8.38355330971431,4,6.17350737773063,932
vru,RT,1.01576489768601,0.0541741278765873,8.90251216666072,9.50980056598666,6.26599999999999,3.32315243603939,932
T,vru,0.261124174260587,4.89607826738601,7.37229431396767,7.79860490768978,2.53299999999999,2.42401147851903,934
vru,RT,6.25515886389852,0.333608472741254,4.80389712774197,6.94383372886097,3.46700000000001,3.88495287376028,934
vru,BT,9.29297304676224,0.495625229160653,4.0903579983721,5.12311336946399,1.066,3.70567692686559,950
vru,RT,6.01984048417156,0.321058159155817,4.24914193335194,7.47036783286703,2.53299999999999,5.75360348914377,952
RT,vru,0.390626528571849,7.32424741072217,5.33006635486767,9.11408288147982,1.86700000000001,3.03936291609449,953
RT,vru,0.408152296687069,7.65285556288255,5.65272257700446,9.41728099319579,3.134,2.80387451404392,954
vru,BT,10.5087490449035,0.560466615728188,5.05510411627044,6.03549428864776,1.86700000000001,3.72613288725957,954
vru,RT,4.36249077233442,0.232666174524503,5.48151852025976,6.25730265372821,2.8,4.77585693528206,954
vru,RT,7.72626588911139,0.412067514085941,5.08421251921449,8.1248506420572,2.6,2.649600718005,955
RT,vru,0.330519917183164,6.19724844718432,5.01543533374943,6.29688162532041,2.666,2.64363768662674,955
vru,RT,5.840057253063,0.31146972016336,5.37813307861694,8.1627092791824,2.73299999999999,4.35180061986934,955
vru,RT,4.71394893353472,0.251410609788518,5.22588082310631,9.88049897246563,7.20099999999999,1.60948557841184,955
RT,vru,0.334177256184767,6.26582355346437,3.99219987509631,6.91243203661346,3.80099999999999,4.65948874896032,955
RT,vru,0.270210062694201,5.06643867551628,5.5488675632331,8.20300670275657,3.534,3.26401835192166,955
vru,RT,1.16749669515536,0.0622664904082859,7.26091636284947,8.47681589813474,2.4,2.06569427638439,956
vru,RT,5.02453380702743,0.267975136374796,5.82895757045972,8.06910437609998,4.26600000000002,2.81639954336298,956
vru,RT,5.2802326629301,0.281612408689606,5.82506034646222,8.03444165553929,3.46700000000001,3.35289038206846,956
vru,RT,5.6558343068973,0.301644496367856,5.89321751471655,7.73561816748179,2.73399999999998,3.88344525035675,956
vru,RT,5.68819573556078,0.303370439229908,5.87987624350694,7.75482660842374,3.66700000000001,3.13957648439993,956
RT,vru,0.0994005329864149,1.86375999349528,7.46557873542301,9.06452455255755,2.8,3.53543200139483,956
vru,RT,6.2002654555625,0.330680824296666,5.73066126810798,7.95537794437488,3,2.68733436397567,956
vru,RT,8.14792402564972,0.434555948034652,4.9591548277593,8.0065936938833,2.4,4.32604585726758,956
vru,RT,6.39719385248451,0.341183672132507,4.53166297389157,8.13299841958,3.267,4.60665279336817,956
vru,RT,6.37971552496282,0.340251494664684,6.00037656844322,8.05872498132049,3.467,3.26775691086858,957
vru,RT,5.76674817986687,0.307559902926233,4.76339930725091,7.33785764363793,5.33299999999999,2.96867617406762,957
vru,RT,6.92646945697221,0.369411704371851,5.22492629419743,6.57686185368337,3.53299999999999,2.08168118945093,957
vru,BT,6.75710789073487,0.36037908750586,5.2197467758387,5.94844212485404,6.20099999999999,4.31014591269837,960
vru,RT,4.66148583728289,0.248612577988421,5.8310141248506,8.50261206960908,2.80100000000002,4.01678015173639,961
vru,RT,6.26260293973558,0.334005490119231,5.80004912139471,7.99932200333562,3.933,2.40760430671382,961
vru,RT,7.095673592721,0.37843592494512,5.58413029234037,7.64284545335831,2.93299999999999,3.22412773452578,963
vru,RT,6.47007902119269,0.345070881130277,5.56531985565736,8.0864691354729,3.06599999999999,4.62288978760327,964
vru,RT,4.521312521419,0.241136667809013,5.02353889551597,8.73539849822011,4.2,2.97404773666047,966
vru,RT,1.69383926073406,0.0903380939058167,7.53425885993263,9.09227569669968,2.4,2.05740630487832,966
vru,RT,6.19195379443219,0.33023753570305,4.997604707837,6.97696700666288,3.666,3.21803570393877,967
TR,vru,0.343164306407469,6.43433074514005,4.59811701395946,5.00966086591115,3.8,5.24888050506895,969
TR,vru,0.337494278870836,6.32801772882818,4.45994074416626,4.93717405362444,3.866,5.1832611798841,969
vru,RT,5.42068671695193,0.28910329157077,5.91746668909014,8.16259985308767,3.60099999999999,3.03581435282576,969
vru,RT,5.57066066032796,0.297101901884158,6.25865764376155,8.07475188875709,2.93400000000001,3.53236891169935,969
RB,vru,0.137894528441867,2.58552240828501,5.2516565963028,6.12375676339483,4.26699999999999,3.64723955222613,969
vru,RT,6.81835100413506,0.363645386887203,5.91257583238894,8.76507253226314,3.73299999999999,6.69164995375701,970
RT,vru,0.289347743376132,5.42527018830247,4.98681969079666,5.67322197637524,1.53399999999998,2.1975480591145,971
RT,vru,0.246150372602297,4.61531948629308,5.17910067199162,6.31404078441644,1.333,2.05695488934915,971
vru,T,7.41016439531903,0.395208767750348,4.03496620969365,4.83976571653729,1.06700000000001,3.56933127922197,971
vru,RT,3.80021151484314,0.202677947458301,4.46743449612806,6.76446739312763,6.93500000000001,3.78468620345297,971
R,vru,0.151426226654097,2.83924174976431,5.21519867620524,7.22809271458239,3.06699999999999,2.45493543089564,971
RT,vru,0.176199761009766,3.3037455189331,5.71731796160341,6.90412556769009,2.4,3.59710274801922,971
vru,BT,7.77071662638382,0.414438220073804,9.05818192570986,9.63861866170029,5.13299999999999,8.9946407821959,972
vru,RT,4.95141005627827,0.264075203001508,5.38133129067924,9.42950969011282,9.66699999999999,3.70441403783155,972
vru,RT,6.48598895288854,0.345919410820722,5.01080580690748,8.64330360513683,2.867,3.41775567376356,972
RT,vru,0.151054075878557,2.83226392272295,5.48390561290787,7.71500412165351,5.4,3.14372801876456,973
RT,vru,0.0906876753582911,1.70039391296796,6.02165890619294,8.45041513579403,3.86599999999999,4.43781708414616,973
RT,vru,0.218902646096434,4.10442461430813,5.46005673952276,7.54048459300933,3.46700000000001,3.27078131661043,973
vru,RT,7.2609105135916,0.387248560724885,4.03077041144143,7.52737665600516,2.13299999999999,1.91170178562966,973
RT,vru,0.149340684946528,2.8001378427474,7.26805878211462,8.99587150185236,4.4,3.74395096087243,973
vru,RT,2.84670347226494,0.151824185187464,5.85019942506229,8.61452304992607,5.86700000000001,4.92471549826077,973
vru,RT,4.84553772838032,0.25842867884695,5.67506232342175,7.6624738126348,3.6,5.28393477694515,973
vru,RT,4.09557181825289,0.218430496973488,4.77159570889882,7.65065332318291,4.4,4.84470094736136,973
RT,vru,0.323117321018305,6.05844976909322,4.0521469101953,4.89650702234455,0.932999999999993,1.94209212369973,973
RT,vru,0.15728075729027,2.94901419919256,6.36014240714785,8.69562092386171,4.80099999999999,2.851462273457,974
vru,RT,4.64725338281406,0.247853513750083,6.40598083681121,6.67043643070819,2.6,4.78782504485397,974
vru,RT,5.7969114710886,0.309168611791392,5.54172092481203,8.27959857668289,3.2,3.53533144519492,974
vru,RT,4.52964263384094,0.241580940471517,6.38063783245404,9.23551389154995,5,4.61379491061265,974
RT,vru,0.236845895636488,4.44086054318415,5.61185846151783,8.18245163941194,5,4.00946607908276,974
RT,vru,0.349484276257541,6.55283017982889,5.72772769084579,7.7652868478867,3.2,4.0130088191359,974
vru,RT,6.61217997453233,0.352649598641724,5.52266079867251,8.25181029733138,4.73300000000002,3.90341909323356,974
vru,RT,5.67736828040064,0.302792974954701,5.90872343428776,8.19670540668387,3.8,3.29163648009209,974
vru,RT,7.14355310604352,0.380989498988988,4.97937868746981,6.9144105747799,4.13299999999999,2.88052447787751,974
RT,vru,0.076273121779829,1.43012103337179,6.1501087023704,9.18651575303779,6.46633333333333,2.62315588078844,974
vru,RT,4.56130311193043,0.243269499302956,5.24943294890475,8.02834458725279,5.8,3.20846983001456,975
vru,RT,5.27480885322609,0.281323138838725,5.42079322132644,7.64669406859822,4.4,4.09773480952427,975
vru,RT,4.84788716506139,0.258553982136607,4.9579312355157,7.25773838006821,5.4,5.94577609310016,975
vru,RT,3.7852328250118,0.20187908400063,5.04685093679933,7.66083448995815,8.4,4.00146257064385,975
vru,RT,3.9370957599294,0.209978440529568,4.21428488770046,6.28626876172255,6.33299999999999,4.41934278084826,975
vru,RT,3.73000138163256,0.198933407020403,5.54973031566806,9.7532174929795,7.134,4.62625410753377,975
RT,vru,0.256879224644039,4.81648546207573,5.50173569977477,9.75377769815891,4.2,5.75882970979678,975
vru,RT,3.69482633134707,0.19705740433851,7.2028012508342,8.71265428230961,5.8,4.52028171984075,975
RT,vru,0.278609453852209,5.22392725972891,4.99295716344139,6.15007828209341,3.06700000000001,5.5773883243924,975
vru,RT,0.149456559610474,0.00797101651255864,7.43314866567721,8.30553931307214,3.8,5.80761180924755,975
RT,vru,0.0445546734245224,0.835400126709794,6.67822638889055,8.46856745317636,3.334,2.06264215782906,976
vru,RT,5.33750991031425,0.28466719521676,5.42518143101519,6.93354586873848,3.867,2.70575137961733,976
vru,RT,2.56819400771263,0.136970347078007,9.48195273949862,6.9725280139276,2.2,2.6090143961852,977
vru,RT,6.3930548686523,0.340962926328123,6.08931765541028,8.30571907456535,3.8,3.73218976036825,977
vru,RT,5.4713428671773,0.291804952916123,6.79548859285578,9.84159713995907,6.33299999999999,4.08412923682593,977
vru,RT,9.13624447104512,0.487266371789073,4.72760358955105,8.19619604558707,2.4,4.34559048063274,977
vru,RT,6.54154762629872,0.348882540069265,4.88068825741492,7.3942769226195,3.13299999999999,3.02189957300677,977
vru,RT,6.1070722051422,0.325710517607584,4.34761514984482,7.80888157967716,3,3.24147879341705,977
vru,RT,6.27505534524904,0.334669618413282,4.4072298139104,5.07524619241993,1.86700000000001,2.97408393270438,977
vru,RT,1.12362827082525,0.05992684111068,8.28843354012385,8.85718246669045,6.13300000000002,4.20860514567603,978
vru,RT,6.1119973416848,0.325973191556523,5.65428291388982,7.71600890691699,7.73500000000001,3.51022519562743,978
vru,RT,5.77407580802938,0.307950709761567,5.71756502360605,7.64060236461936,3.73299999999999,3.69542401498105,979
vru,RT,5.06940700597001,0.270368373651734,6.14383296449057,8.41172864184219,5.268,2.90278804147965,980
vru,RT,5.89179904136939,0.314229282206368,5.40948484188611,7.27572780204533,3.4,3.73640387046616,980
vru,RT,4.56348743255382,0.243385996402871,3.46502091655919,8.93495607013905,3.2,4.69709206889857,981
RT,vru,0.176500006329264,3.3093751186737,5.81950372304446,7.5751361609922,3.934,2.65576838498622,982
vru,BT,9.17214000971174,0.489180800517959,6.8238390005547,7.90094723714631,4.66600000000002,4.80600556359894,984
TR,vru,0.355670567250125,6.66882313593984,4.61035159227588,5.06159819698408,4.13299999999999,4.77521890641166,986
TR,vru,0.323771012046489,6.07070647587166,4.24351197864952,4.62111948811642,2.26700000000001,6.98706262142512,986
TR,vru,0.283468810148473,5.31504019028387,7.37619014384392,5.62900163022829,3.33299999999999,5.80916634433125,1006
RT,vru,0.148635700143859,2.78691937769735,4.66632555092965,7.99552489168017,4.934,3.97323586384646,1006
vru,RT,2.40794102599545,0.128423521386424,8.64762145083283,4.20040238101391,9.53299999999999,5.86497443409881,1008
RT,vru,0.163293698065089,3.06175683872041,3.94922973096972,7.31804686633819,2.46699999999998,2.8587322856608,1011
TR,vru,0.278935139841254,5.23003387202352,3.2522678230235,6.14762180835149,2.8,6.30224115865574,1011
B,vru,0.343413718234536,6.43900721689755,4.34507417072756,5.23686975658748,2.8,6.92290269523785,1012
RT,vru,0.101120014920348,1.89600027975652,6.12345970218236,7.17299086420247,7.534,2.93049956616937,1012
RT,vru,0.105819734797578,1.98412002745458,5.17613984750138,5.90406814085586,3.8,2.20343000362974,1012
TR,vru,0.16039725277301,3.00744848949394,7.89316858110164,8.82407609935044,3.067,3.60693390625344,1012
TR,vru,0.125222688745624,2.34792541398045,8.81719634054126,9.9091747955121,3.268,3.9532226861049,1012
TR,vru,0.196519726427273,3.68474487051138,2.68801480123906,3.07743846998773,1.533,2.1011365560523,1012
LT,vru,0.205607301362708,3.85513690055078,5.74335449635932,7.70351363737972,3.53299999999999,5.08687225698336,1012
RT,vru,0.0780415161623148,1.4632784280434,4.59790907501032,4.99289549751847,2.86699999999999,2.47541555189797,1012
vru,RT,3.092071815055,0.164910496802934,3.5755787094396,5.01408747280675,4.53299999999999,5.01379448965547,1012
RT,vru,0.140829034671716,2.64054440009468,2.69705853586035,3.76896462529606,2.66699999999998,4.50042737713323,1012
RT,vru,0.139336823898907,2.61256544810451,3.093706050354,3.78757590742354,3.33299999999999,4.26966091540978,1012
RT,vru,0.158949066889156,2.98029500417167,2.9595953207417,7.11003932302038,3.2,3.54876820513959,1012
TR,vru,0.361010143338636,6.76894018759943,5.0478204160663,5.62717191312975,4.133,6.87227162489522,1012
TR,vru,0.310031122380869,5.81308354464129,5.88155409929776,8.29131785190641,3.2,2.80431938200352,1012
TR,vru,0.218875225787175,4.10391048350953,6.25045849669872,6.43438640362009,3.40099999999999,3.51445706558616,1012
