"speed","origin_CN","origin_SE","CN_r=1.1","SE_r=1.1","CN_r=1.3","SE_r=1.3","CN_r=1.8","SE_r=1.8"
"1",0.5,5.3267394046223e-10,0.000189466823051052,1.39310034681393e-06,5.13859519278222e-06,1.90348648664283e-07,1.26786318427581e-06,1.43818266424478e-09,4.16149315109564e-08
"2",0.55,9.6194472304546e-10,0.000247896064838707,1.9619341296599e-06,7.01327140728837e-06,2.70128403421925e-07,1.74369018506694e-06,2.08014516101073e-09,5.83326759494497e-08
"3",0.6,1.64738738945098e-09,0.000315463374624602,2.67744791469803e-06,9.30337798032125e-06,3.7131269032873e-07,2.32983073514475e-06,2.91110868382144e-09,7.93539477955154e-08
"4",0.65,2.69830763787016e-09,0.000392595593095597,3.55866661919511e-06,1.20499045888786e-05,4.96913237605671e-07,3.03839174442151e-06,3.9627632029596e-09,1.05267175472252e-07
"5",0.7,4.25508325444336e-09,0.000479240537127149,4.62475811820992e-06,1.52928374248757e-05,6.50009581061261e-07,3.88139226158954e-06,5.26857756147576e-09,1.36678026143369e-07
"6",0.75,6.49413496896955e-09,0.000575343651282301,5.89492174936217e-06,1.90710187115938e-05,8.33731987580664e-07,4.87071552696527e-06,6.8636689877379e-09,1.74207113730313e-07
"7",0.8,9.63309501461353e-09,0.000680764087021903,7.38828905200645e-06,2.34219238251198e-05,1.05124586739243e-06,6.01806747639411e-06,8.78467740342844e-09,2.1848789038111e-07
"8",0.85,1.39361331382133e-08,0.000795281070626811,9.12383537348534e-06,2.83819712587637e-05,1.30573753386401e-06,7.33494078204597e-06,1.10696444360828e-08,2.70164700136272e-07
"9",0.9,1.97194007946249e-08,0.000918602109657029,1.11203011898941e-05,3.39858684108522e-05,1.6004011901257e-06,8.83258369369059e-06,1.37578970416887e-08,3.29890977579287e-07
"10",0.95,2.7356555501833e-08,0.00105037084513635,1.33961221565435e-05,4.0266914843931e-05,1.9384270379558e-06,1.05219730769224e-05,1.68899356397882e-08,3.98327577269472e-07
"11",1,3.72843287755906e-08,0.00119017338310695,1.59693670369249e-05,4.72568660170451e-05,2.32299041728426e-06,1.24137911463278e-05,2.05073266610337e-08,4.76141222046288e-07
"12",1.05,5.0008102656205e-08,0.00133754631181775,1.88576827672295e-05,5.49858955227282e-05,2.75724189520715e-06,1.451840547064e-05,2.46525994052492e-08,5.64003060072355e-07
"13",1.1,6.61074615473596e-08,0.00149198339851422,2.2078246002474e-05,6.34825672970991e-05,3.24429823212631e-06,1.68458518895296e-05,2.93691471066982e-08,6.62587321886083e-07
"14",1.15,8.62416878758169e-08,0.00165294203871098,2.56477205644409e-05,7.27738165670076e-05,3.78723415994653e-06,1.94058200319936e-05,3.47011321024055e-08,7.72570069860107e-07
"15",1.2,1.1115517192514e-07,0.0018198497462163,2.95822202741328e-05,8.2884938471289e-05,4.3890749134788e-06,2.22076411673e-05,4.06933949989642e-08,8.94628033376498e-07
"16",1.25,1.4168270807433e-07,0.00199211034439033,3.38972767046612e-05,9.38395834353783e-05,5.05278946153301e-06,2.52602781532287e-05,4.73913677332212e-08,1.02943752378263e-06
"17",1.3,1.78754651565099e-07,0.00216910982681907,3.86078114362374e-05,0.000105659758496597,5.78128438880879e-06,2.85723172745152e-05,5.48409904225228e-08,1.17767342381862e-06
"18",1.35,2.23401911814206e-07,0.00235022199199381,4.37281124345724e-05,0.000118365833876373,6.57739838373552e-06,3.21519617881007e-05,6.30886319007794e-08,1.34000824673495e-06
"19",1.4,2.76760760166912e-07,0.00253481389036265,4.9271814208612e-05,0.000131976554179313,7.44389729097385e-06,3.6007027011911e-05,7.21810138374093e-08,1.51711126076724e-06
"20",1.45,3.40077431843694e-07,0.00272225094944982,5.52518814339612e-05,0.000146509053670359,8.38346969045105e-06,4.01449368111184e-05,8.21651383372403e-08,1.70964767501951e-06
"21",1.5,4.14712503655864e-07,0.00291190180245548,6.16805957552583e-05,0.00016197887514243,9.39872296762187e-06,4.45727213506864e-05,9.30882189206292e-08,1.9182778831397e-06
"22",1.55,5.02145030849337e-07,0.00310314283590714,6.85695455047018e-05,0.000178399991939862,1.04921798421797e-05,4.92970159959014e-05,1.04997614784389e-07,2.14365676146074e-06
"23",1.6,6.03976428173618e-07,0.00329536244205593,7.59296180953106e-05,0.000195784832748876,1.16662753247267e-05,5.43240612538577e-05,1.17940768245559e-07,2.38643301853436e-06
"24",1.65,7.21934081960028e-07,0.00348796496285902,8.37709948667093e-05,0.000214144308806483,1.29233540729823e-05,5.96597036587666e-05,1.31965145271599e-07,2.64724859320935e-06
"25",1.7,8.57874681625338e-07,0.00368037431455385,9.21031481785422e-05,0.000233487843214524,1.42656681209974e-05,6.53093975127e-05,1.47118179002226e-07,2.92673809860529e-06
"26",1.75,1.01378726059144e-06,0.00387203728270477,0.000100934840562284,0.000253823402076633,1.56953749565613e-05,7.12782074011469e-05,1.634472161698e-07,3.22552830951089e-06
"27",1.8,1.19179593812591e-06,0.00406242647840868,0.000110274125756446,0.000275157527203533,1.72145359235727e-05,7.75708114096783e-05,1.8099946632691e-07,3.54423769089624e-06
"28",1.85,1.39416235506043e-06,0.00425104294748161,0.000120128351463137,0.000297495370156598,1.88251149275959e-05,8.41915049742095e-05,1.99821953791628e-07,3.88347596537291e-06
"29",1.9,1.62328779773315e-06,0.00443741842599626,0.000130504163675774,0.000320840727421502,2.05289774241689e-05,9.11442053029188e-05,2.19961472222676e-07,4.24384371756672e-06
"30",1.95,1.88171500582634e-06,0.00462111723751077,0.000141407512438583,0.000345196076523435,2.23278896706673e-05,9.84324563129028e-05,2.41464541738644e-07,4.62593203348785e-06
"31",2,2.17212966103132e-06,0.00480173782969394,0.000152843658908503,0.000370562612912969,2.42235182236825e-05,0.000106059434029189,2.64377368497222e-07,5.03032217309179e-06
"32",2.05,2.49736155466989e-06,0.00497891395076577,0.000164817183599246,0.000396940287467551,2.62174296649384e-05,0.000114027952397848,2.88745806652294e-07,5.4575852743254e-06
"33",2.1,2.86038543353356e-06,0.00515231546917468,0.000177331995695728,0.000424327844467941,2.83110905397705e-05,0.000122340469468711,3.14615322608619e-07,5.90828208704435e-06
"34",2.15,3.26432152427226e-06,0.00532164884315313,0.000190391343334899,0.000452722859921913,3.05058674931171e-05,0.000130999093906587,3.42030961495659e-07,6.38296273527395e-06
"35",2.2,3.71243573767065e-06,0.00548665725014154,0.00020399782475622,0.000482121780119332,3.28030275888449e-05,0.000140005591793063,3.71037315784031e-07,6.88216650636429e-06
"36",2.25,4.20813955509588e-06,0.00564712038945566,0.000218153400231716,0.000512519960313393,3.52037387990415e-05,0.000149361393683775,4.01678495969882e-07,7.40642166566463e-06
"37",2.3,4.75498960028601e-06,0.00580285397489225,0.000232859404691775,0.000543911703432632,3.77090706506677e-05,0.000159067601888722,4.33998103254286e-07,7.9562452954097e-06
"38",2.35,5.35668690047444e-06,0.00595370893712989,0.000248116560968622,0.000576290298737177,4.0319995017685e-05,0.000169124997945591,4.68039204146691e-07,8.53214315657608e-06
"39",2.4,6.01707584161424e-06,0.0060995703586785,0.000263924993584778,0.000609648060340869,4.30373870474366e-05,0.000179534050258321,5.03844306923131e-07,9.13460957252508e-06
"40",2.45,6.74014282317918e-06,0.00624035616668608,0.000280284243018823,0.0006439763655283,4.58620262107004e-05,0.000190294921875164,5.41455339871772e-07,9.76412733330638e-06
"41",2.5,7.53001461867566e-06,0.00637601561103959,0.000297193280385461,0.000679265692802704,4.87945974654238e-05,0.000201407478382458,5.80913631260107e-07,1.04211676195486e-05
"42",2.55,8.39095644860573e-06,0.00650652755683998,0.000314650522471218,0.000715505659606792,5.18356925247118e-05,0.000212871295892047,6.22259890959848e-07,1.11061899449136e-05
"43",2.6,9.32736977317507e-06,0.00663189862144618,0.000332653847071223,0.000752685059664471,5.49858112201735e-05,0.000224685669101946,6.65534193667258e-07,1.18196421161371e-05
"44",2.65,1.03437898125443e-05,0.00675216118683972,0.000351200608576279,0.000790791899896594,5.82453629522263e-05,0.00023684961941138,7.10775963658384e-07,1.25619602097241e-05
"45",2.7,1.14448828028797e-05,0.00686737131806151,0.000370287653763036,0.000829813436868777,6.16146682194334e-05,0.000249361903072716,7.58023961020284e-07,1.33335685644088e-05
"46",2.75,1.263544299687e-05,0.00697760661792186,0.000389911337743399,0.000869736212733794,6.50939602193988e-05,0.000262221019364138,8.07316269300972e-07,1.41348797885284e-05
"47",2.8,1.39203894177435e-05,0.0070829640471237,0.000410067540032411,0.000910546090635148,6.868338651416e-05,0.000275425218768141,8.58690284522435e-07,1.49662947814988e-05
"48",2.85,1.53047623761442e-05,0.00718355773740651,0.000430751680696829,0.000952228289542245,7.23830107534271e-05,0.000288972511142047,9.12182705502573e-07,1.58282027686136e-05
"49",2.9,1.67937197595106e-05,0.00727951682338315,0.000451958736549298,0.000994767418491061,7.61928144493883e-05,0.000302860673867835,9.67829525433564e-07,1.67209813484269e-05
"50",2.95,1.83925331038461e-05,0.00737099407019389,0.000473683257355655,0.00103814751020746,8.01126987971671e-05,0.000317087259969545,1.02566602466556e-06,1.76449965520071e-05
"51",3,2.01065834579784e-05,0.00745812063006126,0.000495919382025285,0.00108235205409321,8.41424865353523e-05,0.00033164960618746,1.08572676464618e-06,1.86006029133828e-05
"52",3.05,2.19413570505791e-05,0.00754106908792377,0.000518660854756736,0.00112736402855768,8.82819238413477e-05,0.000346544840999138,1.14804558296765e-06,1.95881435505323e-05
"53",3.1,2.39024407703547e-05,0.00762000804630471,0.000541901041112919,0.00117316593268038,9.25306822565912e-05,0.000361769892578154,1.21265558947496e-06,2.0607950256294e-05
"54",3.15,2.59955174699267e-05,0.00769511127738107,0.000565632944002239,0.0012197398171923,9.68883606369904e-05,0.000377321496682224,1.27958916338966e-06,2.16603435986029e-05
"55",3.2,2.82263611039997e-05,0.00776655606511293,0.00058984921954385,0.00126706731476575,0.000101354487124183,0.000393196204463001,1.3488779514054e-06,2.27456330294839e-05
"56",3.25,3.06008317124599e-05,0.00783452167308118,0.000614542192797055,0.00131512966960465,0.000105928521133516,0.000409390390190617,1.42055286671263e-06,2.38641170022581e-05
"57",3.3,3.31248702590756e-05,0.00789918794252103,0.000639703873336459,0.00136390776632891,0.000110609855354854,0.000425900258886541,1.4946440889111e-06,2.50160830964402e-05
"58",3.35,3.58044933364594e-05,0.00796073402269849,0.000665325970656088,0.00141338215814827,0.0001153978177626,0.00044272185385901,1.57118106477012e-06,2.62018081498278e-05
"59",3.4,3.86457877479326e-05,0.00801933723366587,0.000691399909387163,0.00146353309432267,0.000120291673631499,0.000459851064135775,1.65019250979788e-06,2.74215583973066e-05
"60",3.45,4.16549049768759e-05,0.00807517205956559,0.00071791684431554,0.00151434054690725,0.000125290627555035,0.000477283631789422,1.73170641058215e-06,2.86755896159146e-05
"61",3.5,4.48380555540822e-05,0.0081284092690459,0.000744867675186183,0.00156578423678197,0.00013039382546343,0.000495015159151037,1.81575002786604e-06,2.99641472757268e-05
"62",3.55,4.82015033335353e-05,0.00817921515800384,0.000772243061283222,0.00161784365896652,0.000135600356638426,0.00051304111590839,1.90234990032352e-06,3.12874666961452e-05
"63",3.6,5.17515596869272e-05,0.00822775090877988,0.000800033435775275,0.00167049810722258,0.000140909255722238,0.000531356846085272,1.99153184900069e-06,3.2645773207192e-05
"64",3.65,5.54945776271041e-05,0.00827417205908052,0.000828229019816821,0.00172372669794655,0.000146319504718228,0.000549957574898977,2.08332098238977e-06,3.40392823154256e-05
"65",3.7,5.9436945870482e-05,0.00831862807328424,0.000856819836397398,0.00177750839335658,0.000151830034981016,0.000568838415493322,2.17774170210374e-06,3.54681998741119e-05
"66",3.75,6.3585082848322e-05,0.00836126200837472,0.00088579572393134,0.00183182202397878,0.000157439729193902,0.000587994375544918,2.27481770912107e-06,3.69327222573028e-05
"67",3.8,6.79454306765748e-05,0.00840221026651852,0.000915146349581659,0.00188664631043824,0.000163147423331618,0.000607420363740744,2.37457201057039e-06,3.84330365374883e-05
"68",3.85,7.25244490938345e-05,0.00844160242624111,0.000944861222312521,0.00194195988456098,0.000168951908606573,0.000627111196125369,2.47702692702638e-06,3.99693206665007e-05
"69",3.9,7.73286093767279e-05,0.00847956114423074,0.000974929705665507,0.00199774130979409,0.000174851933396889,0.000647061602316444,2.58220410028897e-06,4.15417436593682e-05
"70",3.95,8.23643882418768e-05,0.00851620211999213,0.00100534103025566,0.00205396910095128,0.000180846205154662,0.000667266231587388,2.69012450161901e-06,4.31504657808263e-05
"71",4,8.76382617433449e-05,0.00855164355087934,0.00103608430598389,0.00211062174329215,0.000186933392292974,0.000687719658816376,2.80080844040422e-06,4.47956387342073e-05
"72",4.05,9.31566991742608e-05,0.00858596840914816,0.00106714853396304,0.00216767771094349,0.000193112126050331,0.000708416390301027,2.91427557323042e-06,4.64774058524441e-05
"73",4.1,9.8926156981076e-05,0.00861928131853554,0.0010985226181555,0.00222511548467187,0.000199381002331302,0.000729350869438374,3.03054491333382e-06,4.81959022909347e-05
"74",4.15,0.000104953072698686,0.00865167079885044,0.00113019537672073,0.00228291356901659,0.000205738583522209,0.000750517482269904,3.14963484041096e-06,4.99512552220249e-05
"75",4.2,0.000111243858914379,0.00868321893010775,0.00116215555307182,0.00234105050879284,0.000212183400280872,0.000771910562891659,3.27156311076365e-06,5.174358403088e-05
"76",4.25,0.000117804897268355,0.00871400155108919,0.00119439182664025,0.00239950490497517,0.000218713953299438,0.000793524398729542,3.39634686775733e-06,5.35730005125259e-05
"77",4.3,0.000124642532498283,0.00874408847722397,0.00122689282334905,0.0024582554299712,0.000225328715039482,0.000815353235680142,3.52400265257176e-06,5.54396090698488e-05
"78",4.35,0.000131763066535109,0.00877354373344698,0.00125964712579446,0.00251728084229647,0.000232026131438592,0.000837391283117567,3.65454641522384e-06,5.73435069123568e-05
"79",4.4,0.000139172752657086,0.00880242579815524,0.00129264328313695,0.00257656000066087,0.000238804623587762,0.000859632718766868,3.78799352584323e-06,5.92847842555129e-05
"80",4.45,0.00014687778970871,0.0088307878548251,0.00132586982070258,0.00263607187747754,0.000245662589378991,0.000882071693444817,3.92435878618184e-06,6.12635245204585e-05
"81",4.5,0.000154884316390991,0.00885867804827018,0.00135931524929619,0.00269579557180538,0.00025259840512254,0.000904702335668887,4.06365644133934e-06,6.32798045339568e-05
"82",4.55,0.000163198405629236,0.00888613974291119,0.00139296807422822,0.00275571032173616,0.00025961042713339,0.000927518756135411,4.20590019168723e-06,6.53336947283947e-05
"83",4.6,0.000171826059024229,0.00891321178079034,0.00142681680405697,0.0028157955162375,0.000266696993286475,0.000950515052068007,4.35110320497476e-06,6.74252593416852e-05
"84",4.65,0.00018077320139245,0.00893992873739563,0.00146084995904891,0.00287603070646302,0.00027385642454037,0.000973685311437411,4.49927812860084e-06,6.95545566169282e-05
"85",4.7,0.000190045675400704,0.00896632117366396,0.00149505607935935,0.00293639561654097,0.000281087026429126,0.000997023617054033,4.65043710203628e-06,7.17216390016875e-05
"86",4.75,0.00019964923630024,0.0089924158828058,0.00152942373293638,0.00299687015385273,0.000288387090522026,0.00102052405053451,4.80459176938173e-06,7.39265533467536e-05
"87",4.8,0.000209589546765229,0.00901823613084068,0.001563941523151,0.00305743441881255,0.000295754895851068,0.00104418069614373,4.96175329204705e-06,7.61693411042682e-05
"88",4.85,0.00021987217184016,0.00904380188995288,0.00159859809615669,0.00311806871415988,0.000303188710306063,0.00106797259107678,5.12193236153843e-06,7.84500385250931e-05
"89",4.9,0.000230502574000468,0.0090691300639703,0.00163338214798177,0.00317875355377569,0.000310686791997222,0.00109192360498742,5.28513921234029e-06,8.07686768553095e-05
"90",4.95,0.000241486108330463,0.00909423470544158,0.001668282431358,0.0032394696710341,0.000318247390585216,0.00111601313433055,5.45138363487928e-06,8.31252825317479e-05
"91",5,0.000252828017822364,0.00911912722393536,0.00170328776228918,0.00330019802670056,0.000325868748578686,0.00114023531002873,5.62067498855842e-06,8.55198773764443e-05
"92",5.05,0.000264533428799984,0.0091438165853147,0.0017383870263635,0.00336091981638774,0.000333549102599227,0.00116458428304815,5.79302221484998e-06,8.79524787899342e-05
"93",5.1,0.000276607346470379,0.00916830950185171,0.00177356918481355,0.00342161647758054,0.000341286684613929,0.00118905422752635,5.96843385043586e-06,9.04230999432944e-05
"94",5.15,0.000289054650606511,0.00919261061314128,0.00180882328032804,0.00348226969624087,0.000349079723135553,0.00121363934378688,6.14691804038518e-06,9.29317499688504e-05
"95",5.2,0.000301880091363761,0.0092167226578534,0.00184413844261935,0.00354286141300357,0.000356926444390496,0.0012383338612427,6.32848255135883e-06,9.54784341494759e-05
"96",5.25,0.00031508828523286,0.00924064663643028,0.00187950389375102,0.00360337382897411,0.00036482507345467,0.00126313204119008,6.51313478483147e-06,9.80631541064067e-05
"97",5.3,0.000328683711131592,0.00926438196488907,0.00191490895322955,0.0036637894111389,0.000372773835357518,0.00128802817949498,6.70088179032169e-06,0.000100685907985508
"98",5.35,0.000342670706637396,0.00928792661993629,0.00195034304286486,0.00372409089739894,0.000380770956154355,0.00131301660917369,6.89173027862181e-06,0.000103346690641928
"99",5.4,0.000357053464362764,0.00931127727563527,0.00198579569140361,0.00378426130123728,0.000388814663967272,0.00133809170286966,7.08568663501861e-06,0.000106045493823082
"100",5.45,0.000371836028475116,0.00933442943189587,0.00202125653894006,0.00384428391603059,0.000396903189994872,0.00136324787522839,7.28275693249743e-06,0.000108782306349913
"101",5.5,0.000387022291362617,0.00935737753507621,0.00205671534110869,0.00390414231901547,0.0004050347694911,0.00138847958517233,7.4829469449217e-06,0.000111557114296374
"102",5.55,0.000402615990447195,0.00938011509100156,0.00209216197306329,0.00396382037491924,0.00041320764271349,0.00141378133807778,7.68626216018115e-06,0.0001143699011671
"103",5.6,0.000418620705145822,0.00940263477071494,0.00212758643324682,0.00402330223926543,0.000421420055841104,0.00143914768785555,7.89270779330135e-06,0.000117220648073204
"104",5.65,0.000435039853980906,0.00942492850927974,0.00216297884695676,0.00408257236136384,0.000429670261862537,0.00146457323893746,8.10228879950862e-06,0.000120109333906186
"105",5.7,0.000451876691840458,0.00944698759795665,0.00219832946971031,0.00414161548699484,0.000437956521434309,0.00149005264817056,8.31500988724376e-06,0.000123035935509893
"106",5.75,0.00046913430738853,0.00946880277007594,0.00223362869041409,0.00420041666079741,0.000446277103710014,0.00151558062662104,8.5308755311191e-06,0.000126000427850521
"107",5.8,0.000486815620626179,0.00949036428092269,0.00226886703434283,0.00425896122837045,0.000454630287140589,0.00154115194128968,8.74988998481307e-06,0.000129002784184615
"108",5.85,0.000504923380603128,0.00951166198194691,0.00230403516593156,0.0043172348380965,0.000463014360246107,0.00156676141674085,8.97205729389747e-06,0.000132042976225045
"109",5.9,0.000523460163280018,0.0095326853896031,0.00233912389138577,0.00437522344269706,0.000471427622359468,0.00159240393664693,9.19738130859212e-06,0.00013512097430494
"110",5.95,0.000542428369541077,0.00955342374911573,0.00237412416111414,0.00443291330052839,0.000479868384342408,0.00161807444525007,9.42586569644276e-06,0.000138236747539554
"111",6,0.000561830223356794,0.00957386609345684,0.00240902707198819,0.00449029097662657,0.000488334969274233,0.00164376794874319,9.65751395491736e-06,0.000141390263986047
"112",6.05,0.00058166777009609,0.00959400129781241,0.00244382386943327,0.00454734334351045,0.000496825713113702,0.00166947951657214,9.89232942391729e-06,0.000144581490801173
"113",6.1,0.000601942874987286,0.00961381812980309,0.00247850594935548,0.00460405758175093,0.000505338965334479,0.00169520428266075,1.01303152981992e-05,0.000147810394396856
"114",6.15,0.000622657221727058,0.00963330529571364,0.00251306485990857,0.00466042118031486,0.000513873089534605,0.00172093744656089,1.0371474639704e-05,0.000151076940593635
"115",6.2,0.000643812311236404,0.00965245148297454,0.00254749230310552,0.00471642193669173,0.000522426464020408,0.00174667427452911,1.06158103897902e-05,0.000154381094771998
"116",6.25,0.000665409460562533,0.00967124539912744,0.00258178013627882,0.00477204795681101,0.000530997482365315,0.00177241010053186,1.08633253813679e-05,0.000157722822021569
"117",6.3,0.000687449801925458,0.00968967580749542,0.00261592037339376,0.00482728765475807,0.000539584553943996,0.00179814032718104,1.11140223509302e-05,0.000161102087288161
"118",6.35,0.000709934281907938,0.00970773155976721,0.002649905186219,0.00488212975229618,0.000548186104442302,0.00182386042660169,1.13679039504817e-05,0.000164518855518684
"119",6.4,0.00073286366078732,0.00972540162569461,0.0026837269053586,0.00493656327820224,0.000556800576343452,0.00184956594123356,1.16249727593578e-05,0.000167973091803925
"120",6.45,0.0007562385120077,0.00974267512009057,0.00271737802114944,0.00499057756742332,0.000565426429390909,0.00187525248456837,1.18852312959364e-05,0.000171464761519175
"121",6.5,0.000780059221790745,0.00975954132730612,0.00275085118442822,0.00504416226006145,0.000574062141028419,0.00190091574182439,1.21486820292377e-05,0.000174993830462731
"122",6.55,0.000804325988883358,0.00977598972335391,0.00278413920717215,0.00509730730019336,0.000582706206817662,0.00192655147056018,1.24153273904106e-05,0.000178560264992267
"123",6.6,0.000829038824440375,0.00979200999583632,0.00281723506301692,0.00515000293453224,0.000591357140833967,0.00195215550122913,1.26851697841049e-05,0.000182164032159077
"124",6.65,0.000854197552040262,0.00980759206182761,0.00285013188765628,0.00520223971093807,0.000600013476040568,0.00197772373767633,1.2958211599727e-05,0.00018580509984021
"125",6.7,0.000879801807831823,0.00982274495063145,0.00288282297912672,0.00525400847678306,0.000608673764641834,0.0020032521575797,1.32344552225776e-05,0.000189483436868492
"126",6.75,0.000905851040809747,0.00983742136492145,0.00291530179798117,0.00530530037717861,0.000617336578415939,0.0020287368128367,1.35139030448714e-05,0.00019319901316046
"127",6.8,0.000932344513216806,0.00985163085142152,0.00294756196735543,0.00535610685307,0.000626000509027441,0.00205417382989842,1.37965574766364e-05,0.000196951799842208
"128",6.85,0.000959281301070442,0.00986536438768754,0.00297959727293096,0.00540641963920477,0.00063466416832019,0.00207955941005251,1.4082420956493e-05,0.000200741769373163
"129",6.9,0.000986660294811362,0.00987861324409143,0.00301140166279767,0.00545623076198087,0.000643326188591058,0.00210488982965659,1.43714959623115e-05,0.000204568895667812
"130",6.95,0.00101448020007177,0.00989136899209238,0.00304296924722008,0.00550553253718021,0.000651985222844887,0.00213016144032358,1.46637850217478e-05,0.000208433154215381
"131",7,0.00104273953856075,0.00990362351128166,0.00307429429831056,0.00555431756759323,0.000660639945031161,0.00215537066906047,1.49592907226573e-05,0.00021233452219749
"132",7.05,0.00107143664906435,0.00991536899529054,0.00310537124961287,0.00560257874054015,0.000669289050262789,0.00218051401836204,1.52580157233849e-05,0.000216272978603809
"133",7.1,0.00110056968855762,0.00992659795664561,0.00313619469559942,0.0056503092252939,0.000677931255017477,0.00220558806626097,1.55599627629335e-05,0.000220248504345716
"134",7.15,0.00113013663342628,0.00993730323065001,0.00316675939108549,0.00569750247041022,0.000686565297322097,0.0022305894663357,1.5865134671009e-05,0.000224261082367991
"135",7.2,0.00116013528079509,0.00994747797836403,0.00319706025056364,0.00574415220096985,0.000695189936920509,0.00225551494767755,1.61735343779423e-05,0.000228310697758558
"136",7.25,0.0011905632499604,0.00995711568875399,0.00322709234746154,0.00579025241573772,0.00070380395542525,0.00228036131481836,1.64851649244887e-05,0.000232397337856297
"137",7.3,0.00122141798392411,0.00996621018007352,0.00325685091332609,0.00583579738424391,0.000712406156453506,0.00230512544762007,1.68000294715053e-05,0.000236520992356947
"138",7.35,0.00125269675102628,0.00997475560053728,0.00328633133693717,0.00588078164379109,0.00072099536574781,0.00232980430112756,1.71181313095054e-05,0.000240681653417123
"139",7.4,0.00128439664667364,0.00998274642834322,0.00331552916335368,0.0059251999963929,0.000729570431281858,0.00235439490538599,1.74394738680921e-05,0.00024487931575647
"140",7.45,0.00131651459516117,0.00999017747109565,0.00334444009289491,0.00596904750564765,0.000738130223351863,0.00237889436522402,1.77640607252701e-05,0.000249113976757973
"141",7.5,0.00134904735158394,0.00999704386467813,0.00337305998006016,0.00601231949355166,0.000746673634653849,0.00240329986000403,1.80918956166375e-05,0.000253385636566451
"142",7.55,0.00138199150383647,0.0100033410716214,0.00340138483238915,0.00605501153725627,0.000755199580347291,0.00242760864334064,1.84229824444573e-05,0.000257694298185251
"143",7.6,0.00141534347469653,0.0100090648790096,0.00342941080926615,0.00609711946577266,0.000763706998105487,0.00245181804278875,1.87573252866102e-05,0.000262039967571184
"144",7.65,0.00144909952399087,0.0100142113959634,0.00345713422067035,0.00613863935662828,0.000772194848153062,0.00247592545950219,1.90949284054294e-05,0.000266422653727706
"145",7.7,0.00148325575083963,0.0100187770507381,0.00348455152587515,0.00617956753247869,0.000780662113290967,0.00249992836786422,1.94357962564176e-05,0.000270842368796381
"146",7.75,0.00151780809597695,0.0100227585874703,0.00351165933209874,0.00621990055767845,0.000789107798909391,0.0025238243150909,1.9779933496848e-05,0.000275299128146652
"147",7.8,0.00155275234414464,0.0100261530626063,0.00353845439310867,0.00625963523481471,0.000797530932988913,0.00254761092080858,2.01273449942507e-05,0.000279792950463944
"148",7.85,0.00158808412655612,0.0100289578410407,0.00356493360778256,0.00629876860120672,0.000805930566090299,0.0025712858766064,2.04780358347839e-05,0.000284323857836119
"149",7.9,0.00162379892342789,0.0100311705919946,0.00359109401862749,0.00633729792537487,0.000814305771333282,0.00259484694556501,2.08320113314934e-05,0.000288891875838325
"150",7.95,0.00165989206657553,0.0100327892846589,0.00361693281026028,0.00637522070348218,0.000822655644364704,0.0026182919617625,2.11892770324597e-05,0.000293497033616244
"151",8,0.00169635874207146,0.0100338121836257,0.00364244730785085,0.00641253465575158,0.000830979303316336,0.00264161882975841,2.1549838728835e-05,0.000298139363967782
"152",8.05,0.00173319399296164,0.0100342378441325,0.00366763497553094,0.0064492377228619,0.000839275888752768,0.0026648255240571,2.19137024627715e-05,0.00030281890342323
"153",8.1,0.00177039272203842,0.0100340651071389,0.00369249341477018,0.00648532806232548,0.000847544563609667,0.00268791008855105,2.22808745352417e-05,0.000307535692323903
"154",8.15,0.00180794969466664,0.0100332930942543,0.00371702036272168,0.00652080404485015,0.000855784513122756,0.0027108706359454,2.26513615137525e-05,0.000312289774899308
"155",8.2,0.00184585954166038,0.0100319212025373,0.00374121369053904,0.00655566425068848,0.000863994944747839,0.00273370534716439,2.30251702399554e-05,0.00031708119934285
"156",8.25,0.00188411676220742,0.0100299490991815,0.00376507140166684,0.00658990746597671,0.000872175088072196,0.00275641247074068,2.34023078371527e-05,0.000321910017886119
"157",8.3,0.00192271572683884,0.0100273767161039,0.0037885916301064,0.00662353267906597,0.000880324194717651,0.00277899032218849,2.3782781717702e-05,0.000326776286871771
"158",8.35,0.00196165068044092,0.0100242042444512,0.00381177263865872,0.00665653907684831,0.000888441538235644,0.00280143728336124,2.41665995903219e-05,0.000331680066825036
"159",8.4,0.00200091574530678,0.0100204321290367,0.00383461281714636,0.00668892604107972,0.000896526413994592,0.00282375180179466,2.45537694672982e-05,0.000336621422523889
"160",8.45,0.00204050492422501,0.0100160610627205,0.00385711068061602,0.00672069314470257,0.000904578139059849,0.00284593239003619,2.49442996715938e-05,0.000341600423067894
"161",8.5,0.00208041210360272,0.010011091980745,0.0038792648675235,0.00675184014816947,0.000912596052066554,0.0028679776249613,2.53381988438634e-05,0.000346617141945766
"162",8.55,0.00212063105662041,0.0100055260550364,0.00390107413790263,0.00678236699577086,0.000920579513085645,0.00288988614707763,2.57354759493755e-05,0.000351671657101663
"163",8.6,0.00216115544641612,0.00999936468848145,0.00392253737151982,0.00681227381196813,0.000928527903483344,0.0029116566598177,2.61361402848418e-05,0.000356764051000252
"164",8.65,0.00220197882929623,0.00999260950919017,0.00394365356601584,0.00684156089773438,0.000936440625774356,0.00293328792882079,2.65402014851584e-05,0.000361894410690558
"165",8.7,0.00224309465797065,0.00998526236475189,0.00396442183503605,0.00687022872690451,0.000944317103469079,0.00295477878120488,2.6947669530057e-05,0.000367062827868637
"166",8.75,0.00228449628480964,0.00997732531649296,0.00398484140635088,0.00689827794253659,0.000952156780915074,0.00297612810482914,2.73585547506717e-05,0.000372269398939092
"167",8.8,0.00232617696512011,0.00996880063374365,0.00400491161996773,0.00692570935328614,0.000959959123133054,0.00299733484754777,2.77728678360208e-05,0.000377514225075471
"168",8.85,0.00236812986043886,0.00995969078812073,0.00402463192623567,0.0069525239297949,0.000967723615647652,0.00301839801645585,2.81906198394054e-05,0.000382797412279549
"169",8.9,0.00241034804184049,0.00994999844783216,0.00404400188394433,0.00697872280109581,0.000975449764313212,0.00303931667712768,2.8611822184729e-05,0.000388119071439554
"170",8.95,0.00245282449325767,0.0099397264720096,0.00406302115841825,0.00700430725103553,0.000983137095134832,0.0030600899528484,2.90364866727364e-05,0.000393479318387333
"171",9,0.0024955521148115,0.00992887790507397,0.00408168951960774,0.00702927871471609,0.000990785154084915,0.00308071702383941,2.94646254871774e-05,0.000398878273954504
"172",9.05,0.00253852372614973,0.00991745597113909,0.00410000684017771,0.00705363877495693,0.000998393506915451,0.00310119712647812,2.98962512008944e-05,0.000404316064027612
"173",9.1,0.00258173206979069,0.00990546406845772,0.00411797309359537,0.00707738915877871,0.00100596173896624,0.00312152955251263,3.0331376781838e-05,0.000409792819602317
"174",9.15,0.00262516981447084,0.0098929057639142,0.0041355883522181,0.00710053173391007,0.00101348945496933,0.00314171364827199,3.07700155990103e-05,0.000415308676836642
"175",9.2,0.00266882955849369,0.00987978478756734,0.00415285278538229,0.0071230685053186,0.00102097627884974,0.00316174881387229,3.12121814283399e-05,0.000420863777103293
"176",9.25,0.00271270383307828,0.00986610502724714,0.00416976665749456,0.00714500161176712,0.00102842185352295,0.00318163450241948,3.16578884584894e-05,0.000426458267041105
"177",9.3,0.00275678510570503,0.00985187052320829,0.00418633032612596,0.00716633332239628,0.00103582584068903,0.00320137021920898,3.21071512965974e-05,0.000432092298605605
"178",9.35,0.00280106578345706,0.0098370854628434,0.00420254424011034,0.00718706603333468,0.00104318792062385,0.00322095552092296,3.25599849739577e-05,0.000437766029118744
"179",9.4,0.00284553821635512,0.00982175417545846,0.00421840893764773,0.00720720226433717,0.0010505077919675,0.00324039001482544,3.30164049516362e-05,0.000443479621317808
"180",9.45,0.0028901947006842,0.00980588112711289,0.00423392504441362,0.00722674465545267,0.00105778517151004,0.00325967335795589,3.34764271260293e-05,0.000449233243403534
"181",9.5,0.00293502748231009,0.00978947091552622,0.00424909327167496,0.00724569596372188,0.00106501979397487,0.00327880525632158,3.39400678343643e-05,0.000455027069087462
"182",9.55,0.00298002875998392,0.00977252826505337,0.00426391441441377,0.00726405905990616,0.00107221141179983,0.00329778546408928,3.44073438601444e-05,0.000460861277638541
"183",9.6,0.00302519068863322,0.00975505802173002,0.00427838934945897,0.00728183692524799,0.00107935979491619,0.00331661378277649,3.48782724385403e-05,0.000466736053929015
"184",9.65,0.00307050538263765,0.00973706514838976,0.00429251903362746,0.00729903264826398,0.00108646473052581,0.00333529006044284,3.535287126173e-05,0.000472651588479605
"185",9.7,0.00311596491908774,0.00971855471985408,0.0043063045018748,0.0073156494215709,0.0010935260228765,0.00335381419088185,3.58311584841892e-05,0.000478608077504023
"186",9.75,0.0031615613410252,0.0096995319181966,0.00431974686545654,0.00733169053874559,0.00110054349303582,0.00337218611281349,3.63131527279337e-05,0.000484605722952837
"187",9.8,0.00320728666066315,0.00968000202808225,0.00433284731010058,0.0073471593912191,0.00110751697866342,0.00339040580907792,3.67988730877167e-05,0.000490644732556696
"188",9.85,0.00325313286258473,0.00965997043218243,0.00434560709419133,0.0073620594652058,0.00111444633378222,0.00340847330583064,3.72883391361816e-05,0.000496725319868955
"189",9.9,0.00329909190691881,0.0096394426066668,0.00435802754696621,0.00737639433866788,0.0011213314285483,0.00342638867173952,3.77815709289738e-05,0.000502847704307712
"190",9.95,0.00334515573249119,0.00961842411677218,0.0043701100667251,0.00739016767831572,0.00112817214901999,0.00344415201718391,3.82785890098122e-05,0.000509012111197287
"191",10,0.00339131625995012,0.00959692061244916,0.00438185611905324,0.00740338323664461,0.00113496839692593,0.00346176349345615,3.87794144155228e-05,0.000515218771809143
"192",10.05,0.00343756539486469,0.00957493782408663,0.00439326723505811,0.00741604484900812,0.00114172008943264,0.00347922329196589,3.92840686810367e-05,0.000521467923402305
"193",10.1,0.0034838950307949,0.00955248155831464,0.0044043450096208,0.0074281564307286,0.0011484271589113,0.00349653164344725,3.97925738443538e-05,0.000527759809263263
"194",10.15,0.00353029705233214,0.00952955769388556,0.00441509109966231,0.00743972197424512,0.00115508955270422,0.00351368881716938,4.03049524514741e-05,0.000534094678745393
"195",10.2,0.00357676333810892,0.00950617217763369,0.00442550722242524,0.007450745546299,0.00116170723289097,0.00353069512015043,4.08212275613004e-05,0.000540472787307931
"196",10.25,0.0036232857637768,0.00948233102051331,0.00443559515377126,0.00746123128515744,0.00116828017605427,0.00354755089637539,4.13414227505102e-05,0.00054689439655449
"197",10.3,0.00366985620495123,0.0094580402937151,0.00444535672649475,0.00747118339787529,0.00117480837304575,0.00356425652601778,4.18655621184039e-05,0.000553359774271161
"198",10.35,0.00371646654012247,0.00943330612486062,0.00445479382865308,0.00748060615759523,0.00118129182875189,0.00358081242466571,4.23936702917269e-05,0.000559869194464207
"199",10.4,0.00376310865353146,0.00940813469427476,0.00446390840191371,0.00748950390088659,0.00118773056185988,0.00359721904255226,4.29257724294698e-05,0.000566422937397377
"200",10.45,0.00380977443800974,0.00938253223133585,0.00447270243991859,0.00749788102512283,0.00119412460462392,0.00361347686379059,4.34618942276479e-05,0.000573021289628845
"201",10.5,0.00385645579778249,0.00935650501090295,0.00448117798666603,0.00750574198589798,0.00120047400263164,0.00362958640561383,4.40020619240621e-05,0.000579664544047806
"202",10.55,0.00390314465123376,0.00933005934982006,0.00448933713491051,0.00751309129448199,0.00120677881457119,0.00364554821762,4.45463023030427e-05,0.000586352999910735
"203",10.6,0.00394983293363315,0.00930320160349673,0.00449718202458052,0.00751993351531506,0.00121303911199865,0.00366136288102217,4.50946427001786e-05,0.000593086962877328
"204",10.65,0.00399651259982312,0.00927593816256452,0.0045047148412147,0.00752627326354121,0.00121925497910619,0.00367703100790397,4.56471110070322e-05,0.000599866745046156
"205",10.7,0.00404317562686611,0.00924827544960888,0.00451193781441668,0.00753211520258077,0.00122542651249086,0.0036925532404806,4.62037356758452e-05,0.000606692664990022
"206",10.75,0.00408981401665089,0.00922021991597574,0.00451885321632863,0.00753746404174213,0.00123155382092424,0.0037079302503656,4.67645457242327e-05,0.00061356504779106
"207",10.8,0.00413641979845731,0.00919177803865232,0.00452546336012376,0.00754232453387253,0.00123763702512287,0.00372316273784338,4.7329570739871e-05,0.00062048422507558
"208",10.85,0.00418298503147899,0.00916295631722133,0.00453177059851811,0.00754670147304786,0.00124367625751974,0.00373825143114771,4.78988408851793e-05,0.000627450535048674
"209",10.9,0.00422950180730321,0.00913376127088814,0.00453777732230151,0.00755059969230159,0.00124967166203671,0.00375319708574642,4.8472386901997e-05,0.000634464322528604
"210",10.95,0.00427596225234751,0.00910419943557986,0.00454348595888811,0.00755402406139248,0.00125562339385807,0.00376800048363212,4.90502401162598e-05,0.000641525938980985
"211",11,0.00432235853025252,0.00907427736111602,0.0045488989708865,0.00755697948461122,0.00126153161920528,0.00378266243261944,4.96324324426742e-05,0.000648635742552761
"212",11.05,0.00436868284423042,0.00904400160844967,0.00455401885468949,0.00755947089862573,0.0012673965151129,0.00379718376564858,5.02189963893941e-05,0.000655794098106019
"213",11.1,0.00441492743936877,0.00901337874697838,0.00455884813908379,0.00756150327036511,0.00127321826920586,0.00381156534009542,5.08099650627011e-05,0.000663001377251619
"214",11.15,0.00446108460488902,0.00898241535192429,0.0045633893838795,0.00756308159494196,0.0012789970794781,0.0038258080370883,5.14053721716885e-05,0.000670257958382682
"215",11.2,0.00450714667635972,0.00895111800178239,0.00456764517855965,0.00756421089361302,0.00128473315407253,0.00383991276083146,5.20052520329526e-05,0.000677564226707927
"216",11.25,0.00455310603786361,0.00891949327583608,0.00457161814094977,0.00756489621177795,0.0012904267110626,0.00385388043793528,5.2609639575293e-05,0.000684920574284876
"217",11.3,0.00459895512411875,0.00888754775173942,0.00457531091590752,0.00756514261701598,0.00129607797823532,0.00386771201675345,5.32185703444222e-05,0.000692327400052952
"218",11.35,0.00464468642255305,0.00885528800316496,0.00457872617403242,0.00756495519716033,0.00130168719287583,0.00388140846672695,5.38320805076872e-05,0.000699785109866449
"219",11.4,0.00469029247533221,0.00882272059751638,0.00458186661039581,0.00756433905841002,0.00130725460155371,0.00389497077773515,5.44502068588058e-05,0.000707294116527419
"220",11.45,0.00473576588134068,0.00878985209370514,0.00458473494329093,0.00756329932347915,0.00131278045991081,0.00390839995945386,5.50729868226166e-05,0.000714854839818462
"221",11.5,0.00478109929811556,0.00875668903999013,0.00458733391300313,0.00756184112978303,0.00131826503245096,0.00392169704072058,5.57004584598475e-05,0.000722467706535439
"222",11.55,0.00482628544373328,0.00872323797187941,0.00458966628060024,0.00755996962766116,0.0013237085923313,0.00393486306890679,5.63326604719015e-05,0.000730133150520119
"223",11.6,0.00487131709864894,0.00868950541009336,0.00459173482674319,0.00755768997863683,0.00132911142115553,0.00394789910929752,5.69696322056649e-05,0.000737851612692755
"224",11.65,0.00491618710748811,0.00865549785858807,0.00459354235051656,0.00755500735371281,0.00133447380876886,0.00396080624447807,5.7611413658335e-05,0.000745623541084618
"225",11.7,0.00496088838079122,0.00862122180263816,0.00459509166827935,0.00755192693170312,0.00133979605305502,0.00397358557372801,5.82580454822743e-05,0.00075344939087047
"226",11.75,0.00500541389671037,0.00858668370697826,0.00459638561253568,0.00754845389760051,0.00134507845973497,0.0039862382124225,5.89095689898875e-05,0.000761329624401017
"227",11.8,0.00504975670265857,0.00855189001400195,0.00459742703082553,0.00754459344097922,0.00135032134216772,0.00399876529144079,5.95660261585274e-05,0.000769264711235311
"228",11.85,0.00509390991691146,0.00851684714201755,0.00459821878463535,0.00754035075443292,0.00135552502115301,0.00401116795658215,6.02274596354288e-05,0.000777255128173138
"229",11.9,0.00513786673016149,0.00848156148355961,0.00459876374832849,0.00753573103204739,0.00136068982473604,0.0040234473679891,6.08939127426725e-05,0.000785301359287386
"230",11.95,0.00518162040702475,0.00844603940375533,0.00459906480809541,0.00753073946790764,0.00136581608801424,0.00403560469957789,6.15654294821817e-05,0.000793403895956385
"231",12,0.00522516428750038,0.00841028723874494,0.0045991248609236,0.00752538125463914,0.001370904152946,0.0040476411384764,6.22420545407513e-05,0.000801563236896246
"232",12.05,0.00526849178838282,0.00837431129415516,0.00459894681358698,0.0075196615819829,0.00137595436816158,0.00405955788446939,6.2923833295113e-05,0.000809779888193198
"233",12.1,0.00531159640462696,0.00833811784362475,0.00459853358165485,0.00751358563540391,0.00138096708877602,0.00407135614945096,6.36108118170372e-05,0.000818054363335905
"234",12.15,0.00535447171066633,0.0083017131273814,0.00459788808852021,0.00750715859473278,0.00138594267620426,0.00408303715688449,6.43030368784716e-05,0.000826387183247799
"235",12.2,0.0053971113616846,0.00826510335086886,0.00459701326444725,0.00750038563284006,0.00139088149797827,0.00409460214126978,6.50005559567224e-05,0.000834778876319404
"236",12.25,0.00543950909484052,0.00822829468342362,0.00459591204563814,0.00749327191434299,0.0013957839275664,0.00410605234761751,6.57034172396747e-05,0.000843229978440669
"237",12.3,0.00548165873044655,0.00819129325700009,0.00459458737331863,0.0074858225943443,0.00140065034419492,0.00411738903093104,6.64116696310565e-05,0.000851741033033305
"238",12.35,0.00552355417310142,0.00815410516494342,0.00459304219284273,0.00747804281720268,0.00140548113267164,0.00412861345569533,6.71253627557486e-05,0.000860312591083125
"239",12.4,0.00556518941277688,0.0081167364608092,0.00459127945281596,0.00746993771533459,0.0014102766832118,0.00413972689537328,6.78445469651381e-05,0.000868945211172391
"240",12.45,0.00560655852585891,0.00807919315722895,0.00458930210423739,0.00746151240804692,0.00141503739126612,0.0041507306319091,6.85692733425222e-05,0.000877639459512171
"241",12.5,0.00564765567614374,0.00804148122482073,0.00458711309965995,0.00745277200040035,0.00141976365735103,0.00416162595523898,6.92995937085592e-05,0.000886395909974688
"242",12.55,0.00568847511578887,0.0080036065911439,0.00458471539236921,0.00744372158210282,0.00142445588688119,0.00417241416280882,7.00355606267717e-05,0.000895215144125685
"243",12.6,0.00572901118621966,0.00796557513969718,0.00458211193558027,0.00743436622643283,0.00142911449000416,0.00418309655909912,7.07772274091012e-05,0.000904097751256777
"244",12.65,0.00576925831899149,0.00792739270895913,0.00457930568165263,0.00742471098919218,0.00143373988143734,0.00419367445515689,7.15246481215165e-05,0.000913044328417812
"245",12.7,0.00580921103660823,0.00788906509147036,0.00457629958132291,0.00741476090768776,0.00143833248030711,0.00420414916813467,7.22778775896781e-05,0.000922055480449213
"246",12.75,0.00584886395329708,0.00785059803295646,0.00457309658295532,0.00740452099974203,0.00144289270999021,0.00421452202083643,7.30369714046583e-05,0.000931131820014314
"247",12.8,0.00588821177574043,0.00781199723149078,0.00456969963180954,0.00739399626273177,0.0014474209979574,0.00422479434127049,7.38019859287208e-05,0.000940273967631684
"248",12.85,0.00592724930376492,0.00777326833669655,0.004566111669326,0.00738319167265468,0.00145191777561932,0.00423496746220929,7.45729783011594e-05,0.000949482551707415
"249",12.9,0.00596597143098827,0.00773441694898711,0.00456233563242836,0.00737211218322358,0.00145638347817456,0.00424504272075602,7.53500064441976e-05,0.000958758208567395
"250",12.95,0.00600437314542433,0.00769544861884383,0.0045583744528429,0.00736076272498768,0.00146081854446005,0.00425502145791805,7.61331290689526e-05,0.00096810158248954
"251",13,0.00604244953004657,0.00765636884613059,0.00455423105643481,0.00734914820448056,0.0014652234168036,0.00426490501818707,7.69224056814613e-05,0.00097751332573597
"252",13.05,0.00608019576331082,0.00761718307944431,0.00454990836256107,0.00733727350339456,0.00146959854087874,0.00427469474912592,7.7717896588774e-05,0.000986994098585158
"253",13.1,0.0061176071196374,0.00757789671550056,0.00454540928343977,0.00732514347778105,0.00147394436556176,0.0042843920009621,7.85196629051142e-05,0.000996544569363984
"254",13.15,0.00615467896985326,0.00753851509855358,0.00454073672353573,0.00731276295727636,0.00147826134279098,0.00429399812618774,7.93277665581077e-05,0.00100616541447974
"255",13.2,0.00619140678159467,0.00749904351984992,0.00453589357896221,0.00730013674435282,0.00148254992742822,0.0043035144791662,8.01422702950812e-05,0.00101585731845205
"256",13.25,0.00622778611967084,0.00745948721711491,0.00453088273689846,0.00728726961359457,0.00148681057712253,0.00431294241574498,8.09632376894331e-05,0.00102562097394466
"257",13.3,0.006263812646389,0.00741985137407132,0.00452570707502301,0.00727416631099788,0.00149104375217611,0.00432228329287516,8.17907331470773e-05,0.00103545708179718
"258",13.35,0.00629948212184157,0.00738014111998933,0.00452036946096247,0.00726083155329541,0.0014952499154124,0.00433153846823704,8.26248219129614e-05,0.00104536635105664
"259",13.4,0.00633479040415572,0.00734036152926723,0.00451487275175563,0.00724727002730409,0.0014994295320464,0.00434070929987207,8.3465570077661e-05,0.00105534949900893
"260",13.45,0.00636973344970609,0.00730051762104206,0.00450921979333271,0.00723348638929633,0.00150358306955717,0.00434979714582099,8.43130445840512e-05,0.00106540725121013
"261",13.5,0.006404307313291,0.00726061435882943,0.00450341342000952,0.00721948526439403,0.00150771099756245,0.00435877823019133,8.5167313234057e-05,0.00107554034151758
"262",13.55,0.00643850814827287,0.00722065665019198,0.00449745645399634,0.0072052712459851,0.00151181378769558,0.00436770412294729,8.60284446954856e-05,0.00108574951212088
"263",13.6,0.0064723322066832,0.00718064934643566,0.0044913517049214,0.0071908488951621,0.00151589191348437,0.00437655110101211,8.68965085089373e-05,0.00109603551357255
"264",13.65,0.00650577583929285,0.00714059724233315,0.00448510196936864,0.00717622274018264,0.00151994585023231,0.00438532051891751,8.77715750948029e-05,0.00110639910481856
"265",13.7,0.00653883549564808,0.00710050507587386,0.0044787100304296,0.00716139727595102,0.00152397607490178,0.0043940137294754,8.86537157603438e-05,0.0011168410532286
"266",13.75,0.0065715077240729,0.00706037752803975,0.00447217865726938,0.00714637696352103,0.00152798306599945,0.00440263208345161,8.95430027068598e-05,0.00112736213462607
"267",13.8,0.0066037891716384,0.00702021922260638,0.00446551060470615,0.00713116622961921,0.0015319673034637,0.00441117692924531,9.04395090369426e-05,0.00113796313331774
"268",13.85,0.00663567658409943,0.00698003472596848,0.00445870861280444,0.00711576946618845,0.00153592926855425,0.00441964961257408,9.134330876182e-05,0.00114864484212318
"269",13.9,0.00666716680579947,0.00693982854698952,0.00445177540648161,0.0071001910299514,0.00153986944374378,0.00442805147616444,9.22544768087901e-05,0.00115940806240378
"270",13.95,0.00669825677954402,0.00689960513687455,0.00444471369512749,0.00708443524199346,0.0015437883126116,0.00443638385944792,9.31730890287469e-05,0.00117025360409144
"271",14,0.00672894354644329,0.00685936888906573,0.00443752617223712,0.00706850638736486,0.00154768635973944,0.00444464809826243,9.40992222038004e-05,0.00118118228571685
"272",14.05,0.0067592242457246,0.00681912413916003,0.0044302155150561,0.00705240871470158,0.00155156407060925,0.00445284552455899,9.50329540549905e-05,0.00119219493443738
"273",14.1,0.00678909611451516,0.00677887516484837,0.00442278438423854,0.00703614643586469,0.00155542193150296,0.00446097746611366,9.59743632500978e-05,0.00120329238606446
"274",14.15,0.00681855648759592,0.00673862618587571,0.00441523542351747,0.00701972372559774,0.00155926042940428,0.0044690452462446,9.69235294115523e-05,0.00121447548509053
"275",14.2,0.00684760279712679,0.00669838136402152,0.00440757125938724,0.00700314472120199,0.00156308005190255,0.00447705018353424,9.788053312444e-05,0.00122574508471549
"276",14.25,0.00687623257234415,0.00665814480309995,0.0043997945007981,0.00698641352222886,0.00156688128709841,0.00448499359155639,9.88454559446132e-05,0.00123710204687252
"277",14.3,0.00690444343923099,0.00661792054897936,0.00439190773886242,0.0069695341901896,0.00157066462351158,0.00449287677860826,9.98183804068991e-05,0.00124854724225341
"278",14.35,0.00693223312016042,0.00657771258962043,0.00438391354657254,0.00695251074828149,0.00157443054999045,0.00450070104744737,0.000100799390033414,0.00126008155033319
"279",14.4,0.00695959943351301,0.00653752485513246,0.00437581447853001,0.00693534718113057,0.00157817955562365,0.00450846769503311,0.000101788569341985,0.0012717058593942
"280",14.45,0.00698654029326871,0.00649736121784726,0.00436761307068604,0.00691804743455027,0.0015819121296535,0.00451617801227303,0.000102786003854671,0.00128342106654933
"281",14.5,0.00701305370857377,0.00645722549241019,0.00435931184009298,0.00690061541531576,0.00158562876139137,0.00452383328377372,0.000103791780106401,0.00129522807776465
"282",14.55,0.00703913778328338,0.00641712143588776,0.00435091328466654,0.00688305499095374,0.00158932994013484,0.00453143478759614,0.000104805985653716,0.0013071278078812
"283",14.6,0.0070647907154805,0.00637705274789129,0.0043424198829587,0.00686536998954716,0.00159301615508674,0.00453898379501543,0.00010582870908362,0.00131912118063592
"284",14.65,0.00709001079697161,0.00633702307071621,0.00433383409394111,0.00684756419955479,0.00159668789527605,0.00454648157028503,0.000106860040022553,0.00133120912868178
"285",14.7,0.00711479641275978,0.00629703598949649,0.00432515835679859,0.00682964136964503,0.00160034564948052,0.00455392937040504,0.000107900069145464,0.00134339259360695
"286",14.75,0.00713914604049581,0.00625709503237358,0.00431639509073287,0.00681160520854399,0.00160398990615116,0.00456132844489486,0.000108948888185013,0.00135567252595299
"287",14.8,0.00716305824990791,0.00621720367067972,0.00430754669477609,0.00679345938489718,0.00160762115333846,0.00456868003556976,0.000110006589940883,0.00136804988523206
"288",14.85,0.0071865317022106,0.00617736531913476,0.00429861554761401,0.00677520752714479,0.00161123987862034,0.00457598537632165,0.000111073268289209,0.00138052563994303
"289",14.9,0.00720956514949317,0.00613758333605638,0.00428960400741886,0.00675685322341005,0.00161484656903188,0.00458324569290363,0.00011214901819213,0.00139310076758644
"290",14.95,0.00723215743408868,0.00609786102358308,0.00428051441169133,0.00673840002140055,0.00161844171099668,0.00459046220271851,0.000113233935707465,0.00140577625467834
"291",15,0.0072543074879236,0.00605820162790954,0.00427134907711187,0.00671985142832199,0.00162202579026002,0.00459763611461106,0.000114328117998506,0.00141855309676279
"292",15.05,0.00727601433184902,0.00601860833953395,0.0042621102994009,0.00670121091080435,0.00162559929182359,0.00460476862866389,0.000115431663343937,0.00143143229842316
"293",15.1,0.00729727707495379,0.00597908429351694,0.00425280035318782,0.00668248189483992,0.00162916269988189,0.0046118609359971,0.000116544671147886,0.00144441487329201
"294",15.15,0.00731809491386024,0.00593963256975155,0.0042434214918887,0.00666366776573313,0.00163271649776032,0.00461891421857127,0.000117667241950096,0.00145750184405946
"295",15.2,0.00733846713200293,0.00590025619324405,0.00423397594759231,0.00664477186806174,0.00163626116785479,0.00462592964899409,0.000118799477436224,0.00147069424248024
"296",15.25,0.00735839309889118,0.00586095813440494,0.00422446593095458,0.00662579750564913,0.001639797191573,0.00463290839033021,0.000119941480448284,0.00148399310937896
"297",15.3,0.00737787226935565,0.0058217413093501,0.00421489363110103,0.00660674794154759,0.00164332504927725,0.00463985159591449,0.000121093354995209,0.00149739949465392
"298",15.35,0.00739690418277975,0.00578260858021137,0.00420526121553722,0.006587626398032,0.00164684522022875,0.00464676040916838,0.000122255206263548,0.00151091445727905
"299",15.4,0.00741548846231628,0.00574356275545643,0.00419557083006698,0.00656843605660407,0.00165035818253357,0.00465363596341954,0.000123427140628307,0.00152453906530417
"300",15.45,0.00743362481408989,0.00570460659021743,0.0041858245987182,0.00654918005800639,0.00165386441309003,0.00466047938172441,0.00012460926566392,0.00153827439585329
"301",15.5,0.00745131302638588,0.00566574278662827,0.00417602462367606,0.0065298615022465,0.00165736438753756,0.00466729177669382,0.00012580169015536,0.00155212153512101
"302",15.55,0.00746855296882579,0.00562697399416984,0.00416617298522364,0.00651048344863039,0.00166085858020705,0.00467407425032153,0.000127004524109393,0.00156608157836685
"303",15.6,0.00748534459153046,0.00558830281002318,0.00415627174168951,0.00649104891580527,0.00166434746407269,0.00468082789381547,0.000128217878765966,0.00158015562990742
"304",15.65,0.00750168792427084,0.00554973177943009,0.00414632292940243,0.00647156088181148,0.00166783151070517,0.00468755378743192,0.000129441866609754,0.00159434480310645
"305",15.7,0.00751758307560732,0.00551126339606088,0.0041363285626527,0.00645202228414311,0.00167131119022631,0.00469425300031218,0.000130676601381832,0.00160865022036244
"306",15.75,0.00753303023201783,0.00547290010238894,0.00412629063366032,0.00643243601981722,0.00167478697126511,0.00470092659032199,0.00013192219809151,0.0016230730130939
"307",15.8,0.00754802965701542,0.00543464429007179,0.00411621111254954,0.00641280494545139,0.00167825932091511,0.00470757560389331,0.000133178773028312,0.00163761432172209
"308",15.85,0.00756258169025558,0.00539649830033843,0.0041060919473298,0.00639313187734928,0.00168172870469313,0.00471420107586871,0.000134446443774101,0.00165227529565121
"309",15.9,0.00757668674663405,0.00535846442438251,0.00409593506388284,0.00637341959159417,0.00168519558649935,0.00472080402934805,0.000135725329215356,0.00166705709324573
"310",15.95,0.00759034531537541,0.00532054490376114,0.0040857423659559,0.00635367082415001,0.00168866042857866,0.00472738547553746,0.000137015549555614,0.00168196088180505
"311",16,0.00760355795911289,0.00528274193079905,0.00407551573516082,0.00633388827096994,0.00169212369148331,0.00473394641360057,0.000138317226328051,0.00169698783753509
"312",16.05,0.00761632531296009,0.00524505764899779,0.00406525703097882,0.00631407458811196,0.00169558583403685,0.00474048783051188,0.000139630482408231,0.00171213914551693
"313",16.1,0.00762864808357481,0.00520749415344972,0.00405496809077104,0.00629423239186163,0.00169904731329929,0.00474701070091224,0.000140955442027007,0.00172741599967219
"314",16.15,0.00764052704821563,0.00517005349125646,0.00404465072979438,0.00627436425886146,0.00170250858453346,0.00475351598696635,0.000142292230783591,0.00174281960272518
"315",16.2,0.0076519630537916,0.00513273766195167,0.00403430674122289,0.00625447272624689,0.00170597010117268,0.00476000463822213,0.000143640975658777,0.00175835116616157
"316",16.25,0.00766295701590546,0.00509554861792777,0.00402393789617413,0.00623456029178857,0.0017094323147895,0.00476647759147208,0.000145001805028333,0.00177401191018354
"317",16.3,0.00767350991789093,0.00505848826486643,0.00401354594374079,0.00621462941404089,0.00171289567506564,0.00477293577061635,0.000146374848676558,0.00178980306366128
"318",16.35,0.00768362280984438,0.00502155846217257,0.00400313261102714,0.00619468251249632,0.00171636062976315,0.00477938008652763,0.000147760237810006,0.00180572586408052
"319",16.4,0.00769329680765137,0.0049847610234116,0.00399269960319027,0.00617472196774559,0.00171982762469662,0.00478581143691763,0.00014915810507138,0.00182178155748631
"320",16.45,0.00770253309200847,0.00494809771674973,0.0039822486034861,0.00615475012164342,0.00172329710370652,0.00479223070620524,0.000150568584553595,0.00183797139842248
"321",16.5,0.00771133290744075,0.0049115702653971,0.00397178127331982,0.00613476927747961,0.00172676950863362,0.00479863876538623,0.000151991811814019,0.00185429664986694
"322",16.55,0.00771969756131532,0.00487518034805346,0.00396129925230081,0.0061147817001553,0.00173024527929454,0.00480503647190433,0.000153427923888884,0.00187075858316259
"323",16.6,0.00772762842285145,0.00483892959935624,0.00395080415830186,0.00609478961636429,0.00173372485345831,0.00481142466952387,0.000154877059307876,0.00188735847794354
"324",16.65,0.00773512692212737,0.00480281961033083,0.00394029758752255,0.00607479521477917,0.00173720866682392,0.00481780418820369,0.000156339358108901,0.00190409762205671
"325",16.7,0.00774219454908451,0.00476685192884281,0.00392978111455662,0.0060548006462421,0.00174069715299898,0.00482417584397233,0.000157814961853038,0.00192097731147841
"326",16.75,0.00774883285252926,0.00473102806005188,0.00391925629246341,0.00603480802396006,0.00174419074347932,0.00483054043880448,0.000159304013639667,0.00193799885022595
"327",16.8,0.00775504343913273,0.00469534946686746,0.00390872465284298,0.00601481942370453,0.00174768986762956,0.00483689876049861,0.000160806658121784,0.00195516355026385
"328",16.85,0.00776082797242892,0.00465981757040563,0.00389818770591501,0.00599483688401517,0.00175119495266468,0.00484325158255573,0.000162323041521505,0.00197247273140477
"329",16.9,0.0077661881718115,0.00462443375044724,0.00388764694060125,0.00597486240640761,0.00175470642363254,0.0048495996640591,0.000163853311645756,0.00198992772120465
"330",16.95,0.00777112581152976,0.00458919934589715,0.00387710382461149,0.00595489795558509,0.00175822470339723,0.00485594374955508,0.000165397617902152,0.00200752985485213
"331",17,0.00777564271968393,0.00455411565524416,0.00386655980453282,0.00593494545965369,0.00176175021262346,0.00486228456893488,0.00016695611131507,0.0020252804750519
"332",17.05,0.00777974077722015,0.00451918393702174,0.00385601630592228,0.00591500681034122,0.00176528336976177,0.0048686228373171,0.000168528944541917,0.00204318093190186
"333",17.1,0.00778342191692571,0.0044844054102693,0.00384547473340248,0.00589508386321941,0.00176882459103456,0.00487495925493127,0.000170116271889592,0.00206123258276378
"334",17.15,0.00778668812242444,0.00444978125499365,0.00383493647076044,0.00587517843792938,0.0017723742904231,0.00488129450700207,0.000171718249331148,0.00207943679212737
"335",17.2,0.00778954142717301,0.00441531261263088,0.00382440288104928,0.00585529231841025,0.00177593287965529,0.00488762926363429,0.000173335034522655,0.00209779493146746
"336",17.25,0.00779198391345813,0.00438100058650809,0.00381387530669279,0.00583542725313067,0.00177950076819422,0.00489396417969854,0.000174966786820261,0.00211630837909406
"337",17.3,0.0077940177113951,0.00434684624230516,0.00380335506959272,0.00581558495532319,0.00178307836322764,0.00490029989471753,0.000176613667297467,0.00213497851999514
"338",17.35,0.00779564499792803,0.00431285060851621,0.00379284347123873,0.00579576710322132,0.00178666606965809,0.00490663703275295,0.000178275838762594,0.00215380674567178
"339",17.4,0.0077968679958319,0.00427901467691074,0.00378234179282096,0.00577597534029929,0.00179026429009389,0.00491297620229298,0.000179953465776479,0.00217279445396553
"340",17.45,0.0077976889727168,0.00424533940299416,0.00377185129534487,0.00575621127551403,0.00179387342484084,0.00491931799614016,0.000181646714670358,0.00219194304887779
"341",17.5,0.00779811024003474,0.00421182570646778,0.00376137321974869,0.00573647648354966,0.00179749387189467,0.00492566299129984,0.000183355753563985,0.00221125394038069
"342",17.55,0.00779813415208909,0.00417847447168797,0.00375090878702294,0.00571677250506413,0.00180112602693422,0.004932011748869,0.00018508075238395,0.0022307285442196
"343",17.6,0.00779776310504706,0.00414528654812447,0.00374045919833228,0.00569710084693792,0.00180477028331529,0.00493836481392541,0.000186821882882221,0.00225036828170658
"344",17.65,0.0077969995359555,0.00411226275081764,0.00373002563513934,0.00567746298252477,0.00180842703206522,0.00494472271541723,0.00018857931865491,0.0022701745795049
"345",17.7,0.00779584592176007,0.00407940386083462,0.00371960925933065,0.00565786035190419,0.00181209666187811,0.00495108596605281,0.000190353235161249,0.002290148869404
"346",17.75,0.00779430477832834,0.00404671062572425,0.00370921121334446,0.00563828209505954,0.00181577955911072,0.0049574550621908,0.000192143809742804,0.00231029258808479
"347",17.8,0.00779237865947676,0.00401418375997062,0.00369883262030039,0.00561875415930236,0.00181947610777901,0.00496383048373053,0.000193951221642904,0.00233060717687501
"348",17.85,0.00779007015600189,0.00398182394544523,0.0036884745841309,0.00559926558036587,0.00182318668955528,0.0049702126940025,0.000195775652026309,0.00235109408149421
"349",17.9,0.00778738189471614,0.00394963183185752,0.00367813818971433,0.00557981766778869,0.00182691168376595,0.00497660213965912,0.000197617283999101,0.00237175475178811
"350",17.95,0.00778431653748807,0.00391760803720384,0.00366782450300971,0.00556041169912237,0.00183065146738992,0.00498299925056559,0.000199476302628811,0.00239259064145216
"351",18,0.00778087678028771,0.00388575314821457,0.00365753457119293,0.00554104892019292,0.00183440641505753,0.00498940443969083,0.000201352894964787,0.00241360320774364
"352",18.05,0.00777706535223692,0.00385406772079954,0.00364726942279448,0.0055217305453635,0.00183817689905006,0.00499581810299856,0.00020324725005879,0.00243479391118235
"353",18.1,0.00777288501466499,0.00382255228049142,0.00363703006783848,0.00550245775779826,0.00184196328929979,0.00500224061933843,0.000205159558985843,0.00245616421523926
"354",18.15,0.00776833856016984,0.00379120732288716,0.00362681749798314,0.00548323170972711,0.00184576595339063,0.00500867235033717,0.00020709001486531,0.00247771558601291
"355",18.2,0.00776342881168486,0.00376003331408734,0.0036166326866623,0.00546405352271134,0.00184958525655921,0.00501511364028982,0.000209038812882235,0.00249944949189324
"356",18.25,0.0077581586215516,0.00372903069113335,0.00360647658922823,0.00544492428791015,0.00185342156169654,0.00502156481605088,0.000211006150308915,0.00252136740321227
"357",18.3,0.00775253087059858,0.00369819986244232,0.00359635014309556,0.0054258450663479,0.00185727522935014,0.00502802618692555,0.000212992226526733,0.00254347079188158
"358",18.35,0.00774654846722618,0.00366754120823973,0.00358625426788614,0.00540681688918196,0.00186114661772662,0.00503449804456087,0.000214997243048242,0.00256576113101595
"359",18.4,0.00774021434649814,0.00363705508098971,0.00357618986557494,0.0053878407579712,0.00186503608269481,0.00504098066283687,0.0002170214035395,0.00258823989454287
"360",18.45,0.00773353146923941,0.00360674180582277,0.00356615782063681,0.00536891764494496,0.00186894397778926,0.00504747429775763,0.000219064913842671,0.00261090855679756
"361",18.5,0.00772650282114084,0.00357660168096113,0.00355615900019412,0.00535004849327258,0.00187287065421419,0.00505397918734236,0.000221127981998879,0.00263376859210301
"362",18.55,0.00771913141187062,0.00354663497814137,0.00354619425416518,0.00533123421733307,0.00187681646084797,0.00506049555151632,0.000223210818271332,0.00265682147433475
"363",18.6,0.00771142027419286,0.00351684194303458,0.00353626441541329,0.00531247570298537,0.00188078174424785,0.0050670235920018,0.000225313635168707,0.00268006867646979
"364",18.65,0.00770337246309322,0.00348722279566364,0.00352637029989659,0.00529377380783861,0.00188476684865524,0.00507356349220889,0.000227436647468804,0.00270351167011942
"365",18.7,0.00769499105491183,0.00345777773081794,0.00351651270681839,0.00527512936152278,0.00188877211600126,0.00508011541712639,0.000229580072242476,0.0027271519250454
"366",18.75,0.00768627914648367,0.00342850691846513,0.0035066924187781,0.00525654316595933,0.0018927978859128,0.00508667951321242,0.000231744128877828,0.00275099090865907
"367",18.8,0.00767723985428646,0.00339941050416018,0.00349691020192267,0.00523801599563199,0.00189684449571879,0.00509325590828521,0.000233929039104692,0.00277503008550296
"368",18.85,0.00766787631359616,0.0033704886094514,0.00348716680609843,0.00521954859785751,0.00190091228045692,0.00509984471141368,0.000236135027019388,0.00279927091671444
"369",18.9,0.00765819167765034,0.00334174133228364,0.00347746296500334,0.00520114169305648,0.00190500157288071,0.00510643371371655,0.000238362319109758,0.00282371485947097
"370",18.95,0.00764818911681939,0.00331316874739843,0.00346779939633954,0.00518279597502391,0.00190911270346684,0.00511304756224341,0.000240611144280494,0.0028483633664164
"371",19,0.00763787181778562,0.00328477090673111,0.00345817680196624,0.00516451211119983,0.00191324600042284,0.00511967403229767,0.000242881733878746,0.00287321788506798
"372",19.05,0.00762724298273061,0.00325654783980494,0.00344859586805279,0.00514629074293961,0.00191740178969506,0.00512631315685519,0.000245174321720024,0.00289827985720337
"373",19.1,0.00761630582853064,0.00322849955412206,0.00343905726523201,0.00512813248578412,0.00192158039497694,0.00513296494959561,0.000247489144114396,0.00292355071822748
"374",19.15,0.00760506358596041,0.00320062603555133,0.00342956164875355,0.00511003792972959,0.00192578213771762,0.00513962940479315,0.000249826439892977,0.00294903189651829
"375",19.2,0.00759351949890514,0.00317292724871302,0.00342010965863747,0.00509200763949718,0.00193000733713066,0.00514630649720737,0.000252186450434717,0.00297472481275139
"376",19.25,0.00758167682358105,0.0031454031373603,0.00341070191982777,0.00507404215480222,0.00193425631020323,0.00515299618197415,0.000254569419693499,0.00300063087920267
"377",19.3,0.00756953882776447,0.00311805362475747,0.00340133904234602,0.00505614199062306,0.00193852937170533,0.00515969839449679,0.000256975594225534,0.00302675149902854
"378",19.35,0.00755710879002943,0.00309087861405501,0.00339202162144485,0.0050383076374695,0.00194282683419943,0.00516641305033727,0.000259405223217062,0.00305308806552327
"379",19.4,0.00754438999899397,0.00306387798866126,0.0033827502377615,0.00502053956165079,0.00194714900805021,0.00517314004510785,0.000261858558512374,0.00307964196135292
"380",19.45,0.00753138575257515,0.0030370516126109,0.00337352545747113,0.00500283820554315,0.00195149620143458,0.00517987925436281,0.000264335854642141,0.00310641455776525
"381",19.5,0.00751809935725284,0.00301039933092999,0.00336434783244004,0.00498520398785679,0.00195586872035186,0.00518663053349065,0.000266837368852055,0.00313340721377505
"382",19.55,0.0075045341273424,0.00298392096999779,0.00335521790037867,0.00496763730390239,0.00196026686863417,0.00519339371760651,0.000269363361131802,0.0031606212753245
"383",19.6,0.00749069338427617,0.0029576163379051,0.00334613618499446,0.00495013852585705,0.00196469094795705,0.00520016862144522,0.000271914094244349,0.00318805807441786
"384",19.65,0.00747658045589398,0.00293148522480936,0.00333710319614427,0.00493270800302959,0.00196914125785012,0.00520695503925456,0.000274489833755558,0.00321571892822994
"385",19.7,0.00746219867574258,0.0029055274032862,0.00332811942998671,0.00491534606212536,0.00197361809570805,0.00521375274468937,0.000277090848064131,0.00324360513818793
"386",19.75,0.00744755138238416,0.0028797426286777,0.00331918536913395,0.0048980530075103,0.00197812175680161,0.005220561490706,0.00027971740843189,0.00327171798902585
"387",19.8,0.00743264191871384,0.00285413063943717,0.0033103014828033,0.00488082912147446,0.00198265253428881,0.00522738100945754,0.000282369789014384,0.00330005874781121
"388",19.85,0.00741747363128637,0.00282869115747054,0.00330146822696831,0.00486367466449479,0.0019872107192263,0.00523421101218986,0.000285048266891841,0.00332862866294319
"389",19.9,0.00740204986965188,0.00280342388847427,0.00329268604450947,0.00484658987549732,0.00199179660058078,0.00524105118913827,0.000287753122100463,0.0033574289631219
"390",19.95,0.00738637398570077,0.00277832852226981,0.00328395536536447,0.00482957497211859,0.00199641046524055,0.00524790120942531,0.000290484637664058,0.00338646085628808
"391",20,0.00737044933301783,0.00275340473313465,0.00327527660667792,0.0048126301509664,0.00200105259802719,0.00525476072095928,0.000293243099626028,0.0034157255285326
"392",20.05,0.0073542792662455,0.00272865218012985,0.00326665017295057,0.00479575558787985,0.0020057232817073,0.00526162935033401,0.000296028797081707,0.00344522414297547
"393",20.1,0.00733786714045635,0.00270407050742416,0.00325807645618804,0.00477895143818866,0.00201042279700433,0.00526850670272963,0.000298842022211044,0.00347495783861342
"394",20.15,0.00732121631053486,0.00267965934461458,0.00324955583604887,0.00476221783697173,0.00201515142261051,0.00527539236181469,0.000301683070311659,0.00350492772913581
"395",20.2,0.00730433013056825,0.00265541830704359,0.00324108867999205,0.004745554899315,0.00201990943519881,0.00528228588964955,0.000304552239832252,0.00353513490170818
"396",20.25,0.00728721195324673,0.00263134699611274,0.00323267534342391,0.00472896272056853,0.00202469710943494,0.0052891868265912,0.00030744983240637,0.00356558041572285
"397",20.3,0.00726986512927291,0.00260744499959288,0.00322431616984432,0.00471244137660282,0.00202951471798947,0.00529609469119964,0.000310376152886557,0.00359626530151617
"398",20.35,0.00725229300678039,0.00258371189193089,0.0032160114909923,0.00469599092406443,0.00203436253154991,0.00530300898014591,0.000313331509378859,0.00362719055905177
"399",20.4,0.00723449893076172,0.00256014723455293,0.0032077616269908,0.0046796114006308,0.00203924081883283,0.00530992916812185,0.000316316213277715,0.00365835715656926
"400",20.45,0.00721648624250549,0.00253675057616419,0.0031995668864909,0.00466330282526427,0.00204414984659607,0.00531685470775174,0.000319330579301222,0.00368976602919801
"401",20.5,0.00719825827904266,0.00251352145304526,0.00319142756681519,0.00464706519846547,0.00204908987965085,0.00532378502950595,0.000322374925526774,0.00372141807753535
"402",20.55,0.00717981837260214,0.00249045938934494,0.00318334395410039,0.00463089850252579,0.00205406118087396,0.00533071954161669,0.000325449573427099,0.00375331416618885
"403",20.6,0.00716116985007549,0.00246756389736969,0.00317531632343921,0.00461480270177925,0.00205906401121993,0.00533765762999604,0.000328554847906672,0.00378545512228196
"404",20.65,0.00714231603249091,0.00244483447786955,0.00316734493902138,0.00459877774285349,0.00206409862973317,0.00534459865815631,0.000331691077338526,0.0038178417339229
"405",20.7,0.00712326023449629,0.00242227062032067,0.00315943005427392,0.00458282355492011,0.00206916529356007,0.00535154196713293,0.000334858593601453,0.00385047474863595
"406",20.75,0.00710400576385144,0.00239987180320444,0.00315157191200048,0.00456694004994419,0.0020742642579611,0.00535848687541004,0.000338057732117606,0.00388335487175513
"407",20.8,0.00708455592092947,0.00237763749428308,0.00314377074451987,0.00455112712293311,0.00207939577632289,0.00536543267884884,0.000341288831890502,0.00391648276477948
"408",20.85,0.00706491399822721,0.00235556715087196,0.00313602677380374,0.0045353846521847,0.00208456010017017,0.00537237865061892,0.000344552235543429,0.00394985904368986
"409",20.9,0.0070450832798847,0.00233366022010842,0.00312834021161331,0.00451971249953453,0.00208975747917775,0.00537932404113268,0.000347848289358261,0.00398348427722667
"410",20.95,0.00702506704121373,0.00231191613921724,0.00312071125963528,0.00450411051060263,0.00209498816118237,0.00538626807798301,0.000351177343314687,0.00401735898512841
"411",21,0.00700486854823539,0.00229033433577276,0.00311314010961668,0.00448857851503942,0.00210025239219452,0.00539320996588446,0.000354539751129853,0.00405148363633048
"412",21.05,0.00698449105722653,0.00226891422795754,0.00310562694349895,0.00447311632677097,0.00210555041641017,0.0054001488866179,0.000357935870298421,0.00408585864712425
"413",21.1,0.00696393781427522,0.00224765522481778,0.00309817193355092,0.00445772374424361,0.00211088247622236,0.00540708399897907,0.000361366062133058,0.00412048437927598
"414",21.15,0.00694321205484501,0.00222655672651536,0.00309077524250094,0.00444240055066782,0.00211624881223275,0.00541401443873096,0.000364830691805337,0.00415536113810534
"415",21.2,0.00692231700334811,0.00220561812457649,0.00308343702366797,0.00442714651426152,0.00212164966326307,0.0054209393185604,0.000368330128387081,0.00419048917052358
"416",21.25,0.00690125587272739,0.00218483880213719,0.00307615742109165,0.00441196138849265,0.00212708526636638,0.00542785772803892,0.000371864744892134,0.00422586866303107
"417",21.3,0.00688003186404702,0.00216421813418538,0.00306893656966153,0.00439684491232125,0.0021325558568383,0.0054347687335881,0.000375434918318559,0.00426149973967407
"418",21.35,0.00685864816609193,0.00214375548779967,0.00306177459524502,0.00438179681044069,0.00213806166822808,0.00544167137844959,0.000379041029691295,0.00429738245996092
"419",21.4,0.00683710795497592,0.00212345022238504,0.0030546716148146,0.00436681679351862,0.00214360293234945,0.00544856468266009,0.000382683464105234,0.00433351681673745
"420",21.45,0.0068154143937584,0.00210330168990509,0.00304762773657379,0.00435190455843704,0.00214917987929149,0.00545544764303131,0.000386362610768765,0.00436990273402178
"421",21.5,0.00679357063206956,0.00208330923511119,0.0030406430600822,0.00433705978853198,0.00215479273742919,0.00546231923313526,0.000390078863047752,0.00440654006479867
"422",21.55,0.00677157980574428,0.00206347219576843,0.00303371767637942,0.00432228215383257,0.00216044173343395,0.00546917840329509,0.000393832618509974,0.00444342858877349
"423",21.6,0.00674944503646427,0.0020437899028783,0.00302685166810797,0.0043075713112996,0.00216612709228385,0.00547602408058152,0.000397624278970018,0.00448056801008611
"424",21.65,0.00672716943140879,0.00202426168089828,0.00302004510963508,0.00429292690506352,0.00217184903727378,0.00548285516881529,0.000401454250534629,0.00451795795498511
"425",21.7,0.00670475608291356,0.00200488684795824,0.00301329806717344,0.00427834856666199,0.00217760779002537,0.00548967054857565,0.000405322943648534,0.00455559796946255
"426",21.75,0.00668220806813809,0.00198566471607377,0.00300661059890086,0.00426383591527691,0.00218340357049675,0.00549646907721533,0.000409230773140715,0.00459348751684977
"427",21.8,0.00665952844874116,0.00196659459135631,0.00299998275507881,0.00424938855797102,0.00218923659699206,0.00550324958888201,0.00041317815827117,0.00463162597537486
"428",21.85,0.00663672027056443,0.0019476757742203,0.0029934145781699,0.004235006089924,0.00219510708617083,0.00551001089454659,0.000417165522778134,0.00467001263568237
"429",21.9,0.00661378656332429,0.00192890755958719,0.00298690610295425,0.0042206880946682,0.00220101525305707,0.00551675178203856,0.000421193294925783,0.00470864669831572
"430",21.95,0.00659073034031157,0.00191028923708642,0.00298045735664469,0.00420643414432397,0.00220696131104818,0.00552347101608862,0.000425261907552412,0.00474752727116357
"431",22,0.00656755459809938,0.00189182009125344,0.0029740683590009,0.00419224379983446,0.00221294547192362,0.00553016733837879,0.000429371798119105,0.00478665336687045
"432",22.05,0.0065442623162587,0.00187349940172463,0.00296773912244247,0.00417811661120028,0.00221896794585337,0.00553683946760032,0.000433523408758881,0.00482602390021313
"433",22.1,0.00652085645708203,0.00185532644342935,0.00296146965216068,0.00416405211771355,0.00222502894140605,0.00554348609951955,0.00043771718632633,0.00486563768544341
"434",22.15,0.00649733996531455,0.00183730048677892,0.00295525994622931,0.00415004984819184,0.00223112866555692,0.00555010590705204,0.000441953582447753,0.00490549343359875
"435",22.2,0.00647371576789321,0.00181942079785279,0.00294910999571422,0.00413610932121161,0.00223726732369554,0.00555669754034516,0.000446233053571782,0.00494558974978187
"436",22.25,0.00644998677369332,0.00180168663858172,0.00294301978478185,0.00412223004534148,0.00224344511963315,0.00556325962686943,0.000450556061020502,0.00498592513041079
"437",22.3,0.00642615587328274,0.00178409726692807,0.0029369892908065,0.00410841151937511,0.0022496622556098,0.00556979077151883,0.000454923071041086,0.00502649796044072
"438",22.35,0.00640222593868364,0.00176665193706333,0.00293101848447654,0.00409465323256389,0.00225591893230125,0.00557628955672032,0.000459334554857912,0.00506730651055962
"439",22.4,0.0063781998231415,0.00174934989954264,0.0029251073298994,0.00408095466484936,0.00226221534882543,0.00558275454255286,0.000463790988725208,0.00510834893435888
"440",22.45,0.00635408036090172,0.00173219040147669,0.00291925578470553,0.00406731528709537,0.0022685517027488,0.00558918426687622,0.000468292853980195,0.00514962326548137
"441",22.5,0.00632987036699321,0.00171517268670066,0.00291346380015099,0.00405373456132003,0.0022749281900922,0.00559557724546961,0.000472840637096742,0.00519112741474845
"442",22.55,0.00630557263701946,0.00169829599594051,0.00290773132121916,0.00404021194092751,0.00228134500533654,0.00560193197218078,0.000477434829739544,0.00523285916726852
"443",22.6,0.00628118994695653,0.00168155956697648,0.00290205828672105,0.00402674687093957,0.00228780234142809,0.00560824691908538,0.000482075928818807,0.00527481617952908
"444",22.65,0.00625672505295823,0.00166496263480386,0.00289644462939457,0.00401333878822697,0.00229430038978345,0.00561452053665721,0.00048676443654546,0.00531699597647482
"445",22.7,0.00623218069116817,0.00164850443179111,0.00289089027600265,0.00399998712174073,0.00230083934029418,0.00562075125394943,0.000491500860486882,0.00535939594857453
"446",22.75,0.00620755957753881,0.00163218418783528,0.00288539514743014,0.00398669129274322,0.00230741938133113,0.005626937478787,0.000496285713623169,0.00540201334887925
"447",22.8,0.00618286440765726,0.00161600113051476,0.0028799591587796,0.00397345071503911,0.00231404069974832,0.00563307759797058,0.00050111951440391,0.0054448452900747
"448",22.85,0.00615809785657788,0.00159995448523951,0.00287458221946587,0.00396026479520622,0.00232070348088655,0.00563916997749225,0.000506002786805495,0.00548788874153122
"449",22.9,0.00613326257866153,0.00158404347539859,0.00286926423330954,0.00394713293282629,0.00232740790857658,0.00564521296276318,0.000510936060388964,0.0055311405263541
"450",22.95,0.00610836120742137,0.00156826732250515,0.00286400509862923,0.00393405452071558,0.00233415416514192,0.00565119889580773,0.000515919870358385,0.00557459731843803
"451",23,0.00608339635537524,0.00155262524633892,0.0028588047083327,0.00392102894515546,0.00234094243140134,0.00565713803162254,0.000520954757619756,0.00561825563952901
"452",23.05,0.00605837061390449,0.00153711646508615,0.00285366295000683,0.00390805558612284,0.00234777288667082,0.00566302268828607,0.000526041268840454,0.00566211185629748
"453",23.1,0.00603328655311908,0.00152174019547703,0.00284857970600635,0.00389513381752061,0.0023546457087652,0.00566885113140995,0.000531179956509223,0.00570616217742677
"454",23.15,0.00600814672172901,0.00150649565292069,0.0028435548535416,0.00388226300740799,0.00236156107399944,0.00567462160735141,0.000536371378996694,0.00575040265072074
"455",23.2,0.005982953646922,0.00149138205163772,0.00283858826476488,0.00386944251823072,0.00236851915718932,0.00568033234351764,0.000541616100616443,0.00579482916023489
"456",23.25,0.00595770983424719,0.00147639860479031,0.00283367980685587,0.00385667170705143,0.00237552013165188,0.00568598154868413,0.000546914691686604,0.00583943742343568
"457",23.3,0.00593241776750495,0.00146154452460993,0.00282882934210575,0.00384394992577968,0.00238256416920531,0.00569156741332652,0.000552267728592011,0.00588422298839232
"458",23.35,0.00590707990864265,0.00144681902252275,0.00282403672800023,0.00383127652140215,0.0023896514401684,0.00569708810996661,0.00055767579384689,0.0059291812310061
"459",23.4,0.00588169869765626,0.00143222130927259,0.00281930181730141,0.00381865083621275,0.00239678211335956,0.00570254179353264,0.000563139476158089,0.00597430735228218
"460",23.45,0.00585627655249786,0.00141775059504166,0.00281462445812848,0.00380607220804257,0.00240395635609541,0.00570792660173385,0.000568659370488865,0.00601959637564911
"461",23.5,0.00583081586898874,0.00140340608956894,0.00281000449403734,0.00379353997048994,0.00241117433418877,0.00571324065544976,0.000574236078123194,0.00606504314433123
"462",23.55,0.00580531902073822,0.00138918700226632,0.00280544176409897,0.00378105345315033,0.0024184362119463,0.00571848205913418,0.00057987020673065,0.00611064231878
"463",23.6,0.00577978835906805,0.00137509254233253,0.0028009361029767,0.00376861198184625,0.00242574215216557,0.00572364890123421,0.000585562370431811,0.00615638837416935
"464",23.65,0.00575422621294227,0.00136112191886474,0.0027964873410024,0.00375621487885704,0.00243309231613163,0.00572873925462427,0.000591313189864206,0.00620227559796144
"465",23.7,0.00572863488890245,0.00134727434096814,0.00279209530425146,0.00374386146314866,0.00244048686361311,0.00573375117705549,0.000597123292248836,0.00624829808754901
"466",23.75,0.00570301667100828,0.0013335490178632,0.00278775981461666,0.00373154688825943,0.00244792595285772,0.00573868271162047,0.000602993311457189,0.00629444974798001
"467",23.8,0.00567737382078345,0.00131994515899084,0.0027834806898809,0.00371927879900134,0.00245540974058733,0.00574353188723351,0.000608923888078845,0.00634072428977168
"468",23.85,0.00565170857716658,0.00130646197411555,0.00277925774378882,0.0037070523362436,0.00246293838199236,0.00574829671912655,0.000614915669489586,0.00638711522682011
"469",23.9,0.0056260231564674,0.00129309867342628,0.0027750907861173,0.00369486680799481,0.00247051203072576,0.00575297520936088,0.000620969309920062,0.00643361587441238
"470",23.95,0.00560031975232778,0.00127985446763541,0.00277097962274481,0.0036827215200976,0.00247813083889631,0.00575756534735463,0.000627085470524991,0.00648021934734818
"471",24,0.00557460053568783,0.00126672856807556,0.0027669240557197,0.00367061577645778,0.00248579495706147,0.00576206511042628,0.000633264819452889,0.00652691855817765
"472",24.05,0.00554886765475671,0.00125372018679445,0.00276292388332724,0.00365854887927327,0.00249350453421948,0.00576647246435403,0.00063950803191634,0.00657370621556317
"473",24.1,0.00552312323498837,0.00124082853664772,0.00275897890015579,0.00364652012926295,0.00250125971780105,0.00577078536395141,0.000645815790262788,0.00662057482277192
"474",24.15,0.00549736937906186,0.00122805283138984,0.00275508889716162,0.00363452882589523,0.0025090606536603,0.00577500175365879,0.000652188784045858,0.00666751667630702
"475",24.2,0.00547160816686633,0.00121539228576302,0.00275125366173276,0.00362257426761643,0.00251690748606515,0.00577911956815115,0.000658627710097203,0.0067145238646846
"476",24.25,0.00544584165549053,0.00120284611558418,0.00274747297775174,0.00361065575207894,0.00252480035768709,0.00578313673296186,0.00066513327259886,0.00676158826736443
"477",24.3,0.00542007187921681,0.00119041353783013,0.00274374662565721,0.00359877257636899,0.00253273940959027,0.00578705116512264,0.000671706183156141,0.00680870155384209
"478",24.35,0.00539430084951949,0.00117809377072075,0.0027400743825045,0.00358692403723437,0.00254072478121997,0.00579086077381962,0.000678347160871013,0.00685585518291019
"479",24.4,0.00536853055506753,0.00116588603380039,0.00273645602202505,0.00357510943131151,0.00254875661039042,0.00579456346106533,0.000685056932415987,0.00690304040209649
"480",24.45,0.00534276296173148,0.00115378954801742,0.00273289131468485,0.00356332805535242,0.00255683503327191,0.00579815712238682,0.000691836232108529,0.00695024824728714
"481",24.5,0.00531700001259451,0.00114180353580202,0.00272938002774165,0.0035515792064512,0.00256496018437724,0.00580163964752964,0.000698685801985935,0.00699746954254263
"482",24.55,0.00529124362796761,0.0011299272211421,0.00272592192530132,0.00353986218227004,0.00257313219654749,0.00580500892117752,0.00070560639188071,0.00704469490011426
"483",24.6,0.00526549570540877,0.00111815982965757,0.00272251676837292,0.00352817628126481,0.00258135120093703,0.00580826282368792,0.000712598759496431,0.0070919147206695
"484",24.65,0.00523975811974605,0.00110650058867279,0.00271916431492285,0.00351652080291016,0.00258961732699789,0.005811399231843,0.000719663670484076,0.00713911919373359
"485",24.7,0.00521403272310459,0.00109494872728739,0.00271586431992792,0.00350489504792401,0.00259793070246329,0.00581441601961598,0.000726801898518819,0.00718629829835536
"486",24.75,0.00518832134493731,0.00108350347644531,0.00271255886197724,0.00349329831849157,0.00260629145333053,0.00581731105895293,0.000734014225377297,0.00723344180400519
"487",24.8,0.00516262579205943,0.00107216406900224,0.00270936309888111,0.00348172991848854,0.00261469970384306,0.00582008222056923,0.000741301441015311,0.00728053927171233
"488",24.85,0.00513694784868662,0.00106092973979143,0.00270621904057198,0.00347018915370382,0.00262315557647182,0.00582272737476119,0.000748664343645971,0.00732758005544936
"489",24.9,0.00511128927647654,0.00104979972568785,0.00270312643058199,0.00345867533206141,0.00263165919189573,0.00582524439223199,0.000756103739818266,0.00737455330377088
"490",24.95,0.00508565181457418,0.0010387732656707,0.00270008500970333,0.00344718776384147,0.00264021066898144,0.005827631144932,0.000763620444496078,0.00742144796171394
"491",25,0.00506003717966037,0.00102784960088447,0.0026970945160351,0.00343572576190068,0.0026488101247623,0.00582988550691312,0.000771215281137577,0.00746825277296672
"492",25.05,0.00503444706600376,0.00101702797469836,0.00269415468502903,0.00342428864189161,0.00265745767441638,0.00583200535519686,0.00077888908177501,0.00751495628231241
"493",25.1,0.00500888314551609,0.00100630763276417,0.00269126524953439,0.00341287572248121,0.00266615343124382,0.00583398857065567,0.000786642687094906,0.0075615468383548
"494",25.15,0.00498334706781063,0.000995687823072702,0.00268842593984167,0.00340148632556828,0.00267489750664314,0.00583583303890744,0.000794476946518618,0.00760801259653158
"495",25.2,0.00495784046026378,0.000985167796008687,0.00268563648372543,0.0033901197764999,0.00268369001008689,0.00583753665122253,0.000802392718283243,0.00765434152242118
"496",25.25,0.00493236492807982,0.000974746804404217,0.00268289660648602,0.00337877540428674,0.00269253104909624,0.00583909730544312,0.000810390869522864,0.00770052139534894
"497",25.3,0.00490692205435851,0.000964424103590742,0.00268020603099047,0.00336745254181721,0.00270142072921478,0.0058405129069143,0.00081847227635015,0.00774653981229721
"498",25.35,0.00488151340016582,0.000954198951449651,0.00267756447771219,0.0033561505260703,0.00271035915398136,0.00584178136942656,0.000826637823938214,0.0077923841921246
"499",25.4,0.00485614050460738,0.00094407060846143,0.00267497166476982,0.00334486869832724,0.00271934642490201,0.00584290061616926,0.000834888406602824,0.00783804178009835
"500",25.45,0.00483080488490487,0.000934038337753461,0.00267242730796514,0.00333360640438169,0.002728382641421,0.00584386858069436,0.00084322492788485,0.00788349965274373
"501",25.5,0.00480550803647503,0.000924101405146437,0.00266993112081988,0.00332236299474853,0.00273746790089078,0.00584468320789011,0.000851648300632965,0.00792874472301363
"502",25.55,0.00478025143301142,0.000914259079199451,0.00266748281461166,0.00331113782487112,0.00274660229854111,0.00584534245496413,0.000860159447086606,0.00797376374578132
"503",25.6,0.00475503652656881,0.000904510631253752,0.00266508209840894,0.003299930255327,0.00275578592744711,0.00584584429243515,0.000868759298959117,0.00801854332365836
"504",25.65,0.00472986474765008,0.000894855335475209,0.00266272867910504,0.00328873965203198,0.00276501887849633,0.00584618670513306,0.000877448797521123,0.00806306991313959
"505",25.7,0.00470473750529558,0.000885292468895475,0.0026604222614512,0.0032775653864424,0.00277430124035482,0.00584636769320646,0.000886228893684033,0.00810732983107572
"506",25.75,0.004679656187175,0.000875821311451919,0.00265816254808865,0.00326640683575566,0.00278363309943211,0.00584638527313718,0.0008951005480837,0.00815130926147424
"507",25.8,0.00465462215968154,0.000866441146026281,0.00265594923957988,0.00325526338310895,0.00279301453984523,0.00584623747876114,0.000904064731164228,0.00819499426262848
"508",25.85,0.00462963676802836,0.000857151258482127,0.00265378203443883,0.00324413441777583,0.00280244564338151,0.0058459223622947,0.000913122423261829,0.00823837077457311
"509",25.9,0.00460470133634735,0.000847950937701092,0.00265166062916025,0.00323301933536099,0.00281192648946049,0.0058454379953661,0.000922274614688763,0.00828142462686514
"510",25.95,0.00457981716778997,0.000838839475617934,0.00264958471824809,0.00322191753799277,0.00282145715509453,0.00584478247005096,0.000931522305817323,0.0083241415466874
"511",26,0.00455498554463035,0.000829816167254428,0.00264755399424306,0.00321082843451355,0.00283103771484842,0.00584395389991126,0.0009408665071638,0.00836650716727138
"512",26.05,0.00453020772837028,0.000820880310752098,0.0026455681477492,0.00319975144066785,0.00284066824079783,0.00584295042103707,0.000950308239472463,0.00840850703663556
"513",26.1,0.00450548495984637,0.000812031207403845,0.00264362686745959,0.00318868597928812,0.00285034880248655,0.00584177019309021,0.000959848533799417,0.00845012662663405
"514",26.15,0.00448081845933901,0.000803268161684441,0.00264172984018119,0.00317763148047805,0.0028600794668826,0.00584041140034895,0.000969488431596421,0.00849135134231014
"515",26.2,0.00445620942668331,0.000794590481279929,0.0026398767508587,0.00316658738179336,0.00286986029833313,0.00583887225275306,0.000979228984794541,0.00853216653154799
"516",26.25,0.00443165904138187,0.000785997477115971,0.00263806728259774,0.0031555531284201,0.00287969135851813,0.00583715098694843,0.000989071255887661,0.00857255749501558
"517",26.3,0.00440716846271923,0.000777488463385097,0.00263630111668689,0.00314452817335015,0.00288957270640286,0.00583524586733015,0.000999016318015762,0.00861250949639002
"518",26.35,0.00438273882987816,0.000769062757572969,0.0026345779326191,0.00313351197755402,0.00289950439818902,0.0058331522018106,0.00100906525504794,0.00865200777285662
"519",26.4,0.00435837126205756,0.000760719680483571,0.00263289740811213,0.0031225040101508,0.00290948648726474,0.00583087427394263,0.00101921916166517,0.00869103754587188
"520",26.45,0.00433406685859193,0.000752458556263412,0.0026312592191281,0.00311150374857517,0.00291951902415318,0.00582840746227705,0.00102947914344273,0.00872958403217913
"521",26.5,0.00430982669907246,0.000744278712424766,0.00262966303989231,0.00310051067874146,0.00292960205645983,0.00582575015257974,0.00103984631693216,0.00876763245506556
"522",26.55,0.00428565184346965,0.000736179479867879,0.00262810854291112,0.0030895242952045,0.00293973562881856,0.00582290076353055,0.0010503218097429,0.00880516805584792
"523",26.6,0.00426154333225726,0.000728160192902293,0.00262659539898905,0.00307854410131741,0.00294991978283617,0.00581985774773981,0.00106090676062337,0.00884217610557372
"524",26.65,0.00423750218653778,0.000720220189267175,0.00262512327724504,0.00306756960938606,0.00296015455703576,0.00581661959275696,0.00107160231954156,0.00887863730944512
"525",26.7,0.00421352940816924,0.000712358810150751,0.00262369184512785,0.00305660034082025,0.0029704399867985,0.00581318482207091,0.00108240964776498,0.00891454620312281
"526",26.75,0.00418962597989323,0.000704575400208826,0.00262230076843074,0.00304563582628139,0.00298077610430414,0.00580955199610048,0.00109332991793996,0.00894988365673185
"527",26.8,0.0041657928654643,0.000696869307582415,0.00262094971130526,0.00303467560582674,0.00299116293847002,0.00580571971317467,0.00110436431417033,0.00898463518104331
"528",26.85,0.00414203100978046,0.000689239883914493,0.00261963833627426,0.00302371922905004,0.0030016005148886,0.00580168661050128,0.00111551403209524,0.00901878637777084
"529",26.9,0.00411834133901488,0.000681686484365899,0.00261836630424413,0.00301276625521851,0.0030120888557636,0.00579745136512331,0.00112678027896614,0.00905232295223876
"530",26.95,0.00409472476074873,0.000674208467630389,0.00261713327451623,0.00300181625340605,0.00302262797984447,0.00579301269486179,0.00113816427372292,0.00908523072614942
"531",27,0.00407118216410497,0.000666805195948849,0.00261593890479761,0.00299086880262265,0.0030332179023596,0.00578836935924452,0.00114966724706908,0.00911749565043166
"532",27.05,0.00404771441988332,0.000659476035122715,0.00261478285121082,0.00297992349193995,0.00304381481636814,0.00578352016041937,0.00116129044154575,0.00914910381814928
"533",27.1,0.00402432238069607,0.000652220354526581,0.00261366476830309,0.00296897992061275,0.00305450620630396,0.00577846394405154,0.00117303511160476,0.00918004147744986
"534",27.15,0.00400100688110485,0.000645037527120036,0.0026125843090547,0.00295803769819655,0.00306524841765054,0.00577319960020345,0.00118490252368034,0.00921029504453245
"535",27.2,0.0039777687377583,0.000637926929458707,0.00261154112488661,0.00294709644466094,0.00307604145084765,0.00576772606419681,0.0011968939562597,0.00923985111661299
"536",27.25,0.00395460874953059,0.000630887941704568,0.0026105348656673,0.00293615579049878,0.00308688530245551,0.0057620423174553,0.00120901069995212,0.00926869648486513
"537",27.3,0.00393152769766068,0.00062391994763551,0.00260956517971899,0.0029252153768312,0.0030977799650783,0.00575614738832774,0.00122125405755671,0.00929681814731488
"538",27.35,0.00390852634589239,0.000617022334654177,0.00260863171382302,0.00291427485550824,0.00310872542728584,0.00575004035289,0.00123362534412849,0.00932420332166597
"539",27.4,0.00388560544061514,0.00061019449379607,0.00260773411322456,0.00290333388920503,0.00311972167353372,0.00574372033572537,0.001246125887043,0.00935083945803347
"540",27.45,0.00386276571100542,0.000603435819737001,0.00260687202163661,0.00289239215151372,0.00313076868408156,0.00573718651068229,0.00125875702605905,0.00937671425156288
"541",27.5,0.00384000786916879,0.000596745710799805,0.00260604508124329,0.00288144932703065,0.00314186643490961,0.00573043810160844,0.0012715201133797,0.00940181565491129
"542",27.55,0.0038173326102826,0.000590123568960422,0.00260525293270245,0.00287050511143919,0.00315301489763357,0.00572347438306065,0.0012844165137113,0.00942613189056816
"543",27.6,0.00379474061273914,0.000583568799853296,0.00260449521514756,0.00285955921158779,0.00316421403941754,0.00571629468098943,0.00129744760432045,0.00944965146299183
"544",27.65,0.00377223253828938,0.000577080812776136,0.00260377156618896,0.00284861134556344,0.0031754638228852,0.00570889837339762,0.00131061477508889,0.00947236317053997
"545",27.7,0.00374980903218719,0.000570659020694048,0.00260308162191442,0.00283765786410111,0.00318676420602918,0.00570128489097219,0.00132391942856599,0.00949425611717018
"546",27.75,0.00372747072333393,0.000564302840243043,0.00260242501688902,0.00282670526597314,0.00319811514211842,0.00569345371768849,0.00133736298001894,0.009515319723889
"547",27.8,0.0037052182244235,0.000558011691732925,0.00260180138415445,0.00281574992397141,0.00320951657960383,0.00568540439138617,0.00135094685748039,0.0095355437399267
"548",27.85,0.00368305213208776,0.000551784999149609,0.00260121035522755,0.00280479160177655,0.00322096846202184,0.00567713650431606,0.00136467250179344,0.00955491825361621
"549",27.9,0.00366097302704225,0.000545622190156831,0.00260065156009832,0.00279383007460307,0.00323247072789613,0.00566864970365737,0.00137854136665381,0.00957343370295502
"550",27.95,0.00363898147423223,0.000539522696097296,0.00260012462722725,0.00278286512924381,0.00324402331063739,0.00565994369200444,0.00139255491864918,0.00959108088582874
"551",28,0.00361707802297896,0.000533485951993278,0.00259962918354205,0.00277189656410938,0.00325562613844096,0.00565101822782252,0.00140671463729532,0.00960785096987654
"552",28.05,0.00359526320712624,0.000527511396546652,0.00259916485443373,0.00276092418926255,0.00326727913418262,0.0056418731258719,0.00142102201506913,0.00962373550197881
"553",28.1,0.00357353754518711,0.000521598472138395,0.00259873126375222,0.00274994782644771,0.00327898221531226,0.00563250825759977,0.00143547855743823,0.00963872641734778
"554",28.15,0.00355190154049075,0.000515746624827582,0.00259832803380115,0.00273896730911515,0.00329073529374548,0.00562292355149954,0.001450085782887,0.00965281604820351
"555",28.2,0.0035303556813295,0.000509955304349842,0.00259795478533232,0.0027279824824404,0.00330253827575308,0.00561311899343666,0.00146484522293901,0.00966599713201771
"556",28.25,0.00350890044110594,0.000504223964115324,0.00259761113753942,0.00271699320333831,0.00331439106184854,0.00560309462694093,0.00147975842217549,0.00967826281930911
"557",28.3,0.00348753627848013,0.000498552061206176,0.00259729670805128,0.00270599934047223,0.00332629354667327,0.00559285055346458,0.00149482693824973,0.00968960668097486
"558",28.35,0.00346626363751679,0.000492939056373533,0.00259701111292451,0.0026950007742578,0.00333824561887975,0.00558238693260577,0.00151005234189736,0.00970002271514371
"559",28.4,0.00344508294783257,0.000487384414034039,0.00259675396663565,0.00268399739686192,0.00335024716101244,0.0055717039822973,0.00152543621694209,0.00970950535353749
"560",28.45,0.00342399462474326,0.000481887602265928,0.00259649876569714,0.0026729891121963,0.00336229804938653,0.00556080197895998,0.00154098016029683,0.00971804946732868
"561",28.5,0.00340299906941099,0.000476448092804608,0.00259629734823205,0.00266197583590609,0.00337439815396452,0.00554968125762053,0.00155668578196011,0.00972565037248274
"562",28.55,0.00338209666899126,0.000471065361037869,0.00259612321308195,0.00265095749535327,0.00338654733823037,0.00553834221199381,0.00157255470500725,0.00973230383457554
"563",28.6,0.00336128779678004,0.000465738886000619,0.00259597596831618,0.00263993402959494,0.0033987454590616,0.00552678529452902,0.00158858856557648,0.00973800607307673
"564",28.65,0.00334057281236056,0.000460468150369205,0.00259585522037693,0.00262890538935651,0.00341099236659893,0.00551501101641975,0.00160478901284947,0.00974275376509168
"565",28.7,0.00331995206175009,0.000455252640455346,0.00259576057406838,0.00261787153699981,0.00342328790411374,0.00550301994757795,0.00162115770902614,0.00974654404855561
"566",28.75,0.00329942587754643,0.000450091846199657,0.00259569163254538,0.00260683244648608,0.00343563190787302,0.00549081271657147,0.00163769632929354,0.00974937452487481
"567",28.8,0.0032789945790743,0.000444985261164761,0.00259564799730168,0.00259578810333393,0.00344802420700222,0.00547839001052526,0.00165440656178859,0.00975124326101122
"568",28.85,0.00325865847253139,0.000439932382528071,0.00259562926815767,0.00258473850457226,0.00346046462334545,0.00546575257498637,0.00167129010755419,0.00975214879100752
"569",28.9,0.00323841785113427,0.000434932711074144,0.00259563504324776,0.00257368365868818,0.00347295297132349,0.00545290121375241,0.0016883486804888,0.00975209011695189
"570",28.95,0.00321827299526393,0.000429985751186715,0.00259566491900734,0.00256262358556994,0.0034854890577893,0.00543983678866411,0.00170558400728889,0.00975106670938239
"571",29,0.00319822417261109,0.000425091010840355,0.00259571849015933,0.002551558316445,0.00349807268188113,0.00542656021936155,0.00172299782738421,0.00974907850713173
"572",29.05,0.00317827163832114,0.000420248001591809,0.00259579534970031,0.00254048789381311,0.00351070363487312,0.00541307248300468,0.00174059189286532,0.0097461259166157
"573",29.1,0.00315841563513876,0.00041545623857096,0.00259589508888635,0.00252941237137459,0.00352338170002354,0.00539937461395801,0.00175836796840345,0.00974220981056858
"574",29.15,0.00313865639355216,0.000410715240471504,0.00259601729721848,0.00251833181395378,0.00353610665242051,0.00538546770343994,0.00177632783116209,0.00973733152623057
"575",29.2,0.00311899413193696,0.000406024529541295,0.00259616156242769,0.00250724629741784,0.00354887825882513,0.00537135289913707,0.00179447327069999,0.00973149286299376
"576",29.25,0.00309942905669967,0.000401383631572362,0.0025963274704598,0.00249615590859067,0.00356169627751223,0.00535703140478343,0.00181280608886545,0.00972469607951336
"577",29.3,0.00307996136242066,0.000396792075890655,0.00259651460545985,0.00248506074516233,0.00357456045810857,0.00534250447970559,0.00183132809968141,0.00971694389029358
"578",29.35,0.00306059123199681,0.00039224939534547,0.00259672254975632,0.00247396091559391,0.00358747054142845,0.00532777343833359,0.00185004112922093,0.00970823946175676
"579",29.4,0.00304131883678359,0.00038775512629861,0.0025969508838449,0.00246285653901769,0.00360042625930676,0.00531283964967832,0.00186894701547288,0.00969858640780733
"580",29.45,0.00302214433673672,0.000383308808613248,0.00259719918637225,0.00245174774513312,0.00361342733442964,0.00529770199079188,0.0018880476081973,0.00968798878490141
"581",29.5,0.00300306788055328,0.000378909985642538,0.00259746703411921,0.00244063467409821,0.00362647348016231,0.00528236702054346,0.00190734476877015,0.00967645108663548
"582",29.55,0.00298408960581239,0.000374558204217946,0.00259775400198405,0.0024295174764167,0.00363956440037459,0.00526683373176217,0.001926840370017,0.00966397587328046
"583",29.6,0.00296520963911522,0.00037025301463735,0.00259805966296526,0.00241839631282105,0.00365269978926356,0.00525110370590326,0.0019465362960352,0.00965057319967287
"584",29.65,0.00294642809622454,0.000365993970652857,0.00259838358814436,0.00240727135415121,0.00366587933117396,0.00523517857590506,0.00196643444200434,0.00963624649303428
"585",29.7,0.0029277450822037,0.000361780629458419,0.00259872534666839,0.00239614278122938,0.00367910270041571,0.0052190600254766,0.00198653671398419,0.00962100193226897
"586",29.75,0.00290916069155499,0.000357612551677179,0.00259908450573223,0.00238501078473078,0.00369236956107899,0.0052027497883558,0.00200684502870008,0.00960484609964675
"587",29.8,0.00289067500835739,0.000353489301348623,0.00259946063056088,0.00237387556505052,0.00370567956684665,0.00518624964753915,0.00202736131331487,0.00958778597281605
"588",29.85,0.00287228810640377,0.000349410445915486,0.00259985328439151,0.00236273733216675,0.00371903236080409,0.0051695614344833,0.00204808750518738,0.00956982891644648
"589",29.9,0.0028540000493374,0.000345375556210458,0.00260026202845544,0.00235159630549997,0.00373242757524655,0.00515268702827962,0.00206902555161663,0.00955098267351956
"590",29.95,0.00283581089078778,0.000341384206442684,0.00260068642196004,0.00234045271376889,0.0037458648314837,0.00513562835480243,0.0020901774095713,0.00953125535628615
"591",30,0.00281772067450597,0.000337435974184062,0.00260112602207057,0.00232930679484274,0.00375934373964181,0.0051183873858318,0.00211154504540407,0.00951065543691009
"592",30.05,0.00279972943449904,0.000333530440355343,0.00260158038389192,0.00231815879559009,0.00377286389846322,0.00510096613815156,0.00213313043455029,0.00948919173781729
"593",30.1,0.00278183719516397,0.000329667189212057,0.00260204906045035,0.0023070089717245,0.00378640240655039,0.00508336667262378,0.00215493556121019,0.00946687342177038
"594",30.15,0.00276404397142086,0.000325845808330247,0.00260253160267527,0.00229585758764693,0.00380000372644359,0.00506559109324026,0.00217696241801452,0.00944370998168879
"595",30.2,0.00274634976884533,0.00032206588859202,0.00260302755938098,0.002284704916285,0.00381364502242723,0.00504764154615205,0.00219921300567262,0.00941971123023445
"596",30.25,0.00272875458380028,0.000318327024170963,0.00260353647724843,0.00227355123892941,0.00382732584565028,0.00502952021867824,0.00222168933260253,0.00939488728918369
"597",30.3,0.0027112584035669,0.000314628812517358,0.00260405790080709,0.00226239684506738,0.00384104573483708,0.00501122933829441,0.00224439341454246,0.00936924857860503
"598",30.35,0.00269386120647495,0.000310970854343253,0.00260459137241693,0.00225124203221334,0.00385480421607188,0.00499277117160214,0.00226732727414324,0.00934280580586357
"599",30.4,0.00267656296203223,0.000307352753607409,0.00260513643225036,0.00224008710573716,0.00386860080258048,0.00497414802328059,0.00229049294054052,0.00931556995447255
"600",30.45,0.00265936363105331,0.000303774117500044,0.0026056926182745,0.00222893237868955,0.00388243499450995,0.00495536223502066,0.00231389244890697,0.00928755227281086
"601",30.5,0.00264226316578759,0.000300234556427498,0.00260625946623345,0.00221777817162535,0.00389630627870552,0.00493641618444341,0.00233752783998278,0.00925876426272808
"602",30.55,0.00262526151004633,0.000296733683996728,0.0026068365096308,0.00220662481242439,0.00391021412848532,0.00491731228400321,0.0023614011595846,0.00922921766805536
"603",30.6,0.00260835859932921,0.000293271116999672,0.00260742327971237,0.00219547263611016,0.00392415800341278,0.00489805297987676,0.00238551445809188,0.00919892446304203
"604",30.65,0.00259155436094976,0.00028984647539751,0.0026080193054491,0.00218432198466654,0.00393813734906663,0.00487864075083942,0.00240986978990973,0.00916789684073726
"605",30.7,0.00257484871416024,0.000286459382304791,0.00260862411352031,0.00217317320685251,0.00395215159680881,0.00485907810712918,0.00243446921290784,0.00913614720133488
"606",30.75,0.00255824157027555,0.000283109463973444,0.00260923722829712,0.00216202665801508,0.00396620016354995,0.00483936758929976,0.00245931478783467,0.00910368814050005
"607",30.8,0.00254173283279636,0.000279796349776696,0.00260985817182628,0.00215088269990058,0.00398028245151297,0.00481951176706401,0.00248440857770587,0.00907053243769579
"608",30.85,0.0025253223975314,0.00027651967219287,0.00261048646381431,0.00213974170046433,0.00399439784799425,0.00479951323812802,0.00250975264716638,0.00903669304452603
"609",30.9,0.00250901015271892,0.000273279066789083,0.002611121621612,0.00212860403367888,0.00400854572512312,0.00477937462701765,0.00253534906182552,0.00900218307311302
"610",30.95,0.00249279597914727,0.000270074172204864,0.00261176316019927,0.00211747007934099,0.004022725439619,0.0047590985838981,0.00256119988756371,0.00896701578452475
"611",31,0.00247667975027467,0.000266904630135672,0.00261241059217056,0.00210634022287736,0.0040369363325469,0.00473868778338767,0.00258730718981058,0.00893120457726845
"612",31.05,0.00246066133234806,0.000263770085316316,0.00261306342772057,0.00209521485514923,0.00405117772907088,0.00471814492336663,0.0026136730327933,0.00889476297586542
"613",31.1,0.00244474058452113,0.000260670185504332,0.00261372117463054,0.00208409437225625,0.0040654489382058,0.00469747272378248,0.00264029947875404,0.00885770461952185
"614",31.15,0.00242891735897145,0.00025760458146324,0.00261438333825507,0.00207297917533929,0.0040797492525674,0.00467667392545223,0.00266718858713623,0.00882004325090945
"615",31.2,0.00241319150101672,0.000254572926945741,0.0026150494215094,0.00206186967038259,0.00409407794812069,0.00465575128886284,0.00269434241373815,0.00878179270506934
"616",31.25,0.00239756284923017,0.00025157487867687,0.00261571892485739,0.00205076626801547,0.00410843428392681,0.00463470759297098,0.00272176300983314,0.00874296689845241
"617",31.3,0.00238203123555499,0.000248610096337057,0.00261639134630006,0.00203966938331343,0.00412281750188846,0.00461354563400286,0.00274945242125542,0.00870357981810748
"618",31.35,0.00236659648541797,0.000245678242545133,0.0026170661813647,0.00202857943559893,0.00413722682649399,0.00459226822425502,0.00277741268745066,0.00866364551102923
"619",31.4,0.00235125841784215,0.00024277898284128,0.00261774292309485,0.00201749684824197,0.0041516614645603,0.00457087819089724,0.00280564584049026,0.00862317807367653
"620",31.45,0.00233601684555861,0.000239911985669946,0.00261842106204082,0.00200642204846062,0.00416612060497438,0.00454937837477843,0.00283415390404796,0.00858219164167159
"621",31.5,0.00232087157511736,0.000237076922362676,0.00261910008625103,0.00199535546712139,0.00418060341843407,0.00452777162923622,0.00286293889233854,0.00854070037968854
"622",31.55,0.0023058224069973,0.000234273467120941,0.00261977948126414,0.00198429753853991,0.0041951090571878,0.00450606081891137,0.00289200280901665,0.00849871847154152
"623",31.6,0.00229086913571526,0.000231501296998878,0.00262045873010204,0.00197324870028171,0.00420963665477354,0.00448424881856777,0.00292134764603558,0.00845626011047908
"624",31.65,0.00227601154993412,0.000228760091886037,0.00262112463003985,0.00196220939296345,0.00422418532575709,0.00446233851191885,0.0029509753824641,0.00841333948969357
"625",31.7,0.00226124943257008,0.000226049534490064,0.00262180201309577,0.00195118006005454,0.00423875416546984,0.00444033279046131,0.00298088798326085,0.00836997079305146
"626",31.75,0.00224658256089888,0.000223369310319366,0.00262247768376026,0.00194016114767936,0.00425334224974616,0.00441823455231687,0.00301108739800495,0.00832616818605128
"627",31.8,0.00223201070666121,0.000220719107665734,0.00262315111493596,0.00192915310442012,0.00426794863466067,0.00439604670108284,0.00304157555958184,0.00828194580701444
"628",31.85,0.00221753363616714,0.000218098617586967,0.00262382177698702,0.0019181563811206,0.00428257235626515,0.00437377214469255,0.0030723543828228,0.00823731775851459
"629",31.9,0.0022031511103996,0.000215507533889453,0.00262448913773789,0.0019071714306907,0.00429721243032578,0.00435141379428584,0.00310342576309765,0.00819229809904881
"630",31.95,0.00218886288511699,0.000212945553110734,0.00262515266247299,0.00189619870791193,0.00431186785206061,0.00432897456309088,0.00313479157485908,0.00814690083495529
"631",32,0.00217466871095482,0.00021041237450207,0.00262581181393761,0.00188523866924416,0.00432653759587725,0.00430645736531765,0.0031664536701373,0.00810113991258046
"632",32.05,0.00216056833352639,0.000207907700010972,0.00262646605234,0.00187429177263338,0.00434122061511148,0.00428386511506388,0.00319841387698447,0.00805502921069791
"633",32.1,0.0021465614935226,0.000205431234263743,0.00262711483535459,0.00186335847732087,0.00435591584176633,0.00426120072523417,0.00323067399786682,0.00800858253318172
"634",32.15,0.00213264792681077,0.000202982684548,0.00262775761812654,0.00185243924365366,0.00437062218625237,0.0042384671064727,0.00326323580800421,0.00796181360193545
"635",32.2,0.00211882736453254,0.000200561760795206,0.00262839385327751,0.00184153453289656,0.00438533853712914,0.0042156671661104,0.00329610105365522,0.00791473605007804
"636",32.25,0.00210509953320083,0.000198168175563179,0.00262902299091285,0.00183064480704567,0.004400063760848,0.00419280380712686,0.00332927145034716,0.00786736341538699
"637",32.3,0.0020914641547959,0.000195801644018627,0.00262964447863002,0.00181977052864353,0.0044147967014965,0.0041698799271277,0.00336274868104916,0.00781970913399936
"638",32.35,0.00207792094686039,0.000193461883919684,0.00263025776152862,0.00180891216059614,0.0044295361805447,0.0041468984173381,0.00339653439428765,0.00777178653437027
"639",32.4,0.00206446962259352,0.000191148615598426,0.00263086228222174,0.00179807016599155,0.00444428099659368,0.0041238621616123,0.00343063020220323,0.00772360761223293
"640",32.45,0.00205110989094428,0.000188861561943444,0.00263145748084887,0.00178724500792065,0.00445902992512607,0.00410077403546057,0.00346503767854677,0.00767518788935667
"641",32.5,0.0020378414567037,0.00018660044838238,0.00263204279509031,0.00177643714929964,0.00447378171825951,0.00407763690509301,0.00349975835661492,0.0076265391307973
"642",32.55,0.0020246640205962,0.000184365002864515,0.00263261766018326,0.00176564705269479,0.0044885351045027,0.00405445362648154,0.00353479372712259,0.00757767417897509
"643",32.6,0.00201157727937,0.000182154955843355,0.00263318150893945,0.00175487518014914,0.00450328878851469,0.0040312270444397,0.00357014523601219,0.00752860574224019
"644",32.65,0.00199858092588661,0.000179970040259235,0.00263373377176452,0.00174412199301148,0.00451804145086755,0.0040079599917211,0.00360581428219813,0.00747934639034636
"645",32.7,0.00198567464920932,0.00017780999152196,0.00263427387667908,0.0017333879517676,0.00453279174781263,0.00398465528813682,0.00364180221524524,0.00742990855016929
"646",32.75,0.00197285813469086,0.000175674547493459,0.00263480124934154,0.00172267351587385,0.00454753831105079,0.0039613157396919,0.00367811033298033,0.00738030450166632
"647",32.8,0.00196013106406005,0.00017356344847045,0.0026353153130728,0.001711979143593,0.00456227974750712,0.00393794413774101,0.00371473987903624,0.00733054637407359
"648",32.85,0.00194749311550752,0.000171476437167175,0.00263581548888279,0.00170130529183268,0.00457701463910987,0.00391454325816442,0.00375169204032591,0.00728064614233875
"649",32.9,0.0019349439637706,0.000169413258698108,0.00263630119549876,0.00169065241598621,0.00459174154257458,0.00389111586056327,0.00378896794444751,0.00723061562378305
"650",32.95,0.00192248328021714,0.000167373660560751,0.00263677184939581,0.00168002096977607,0.0046064474586807,0.00386766468747553,0.00382656865701758,0.00718046647499088
"651",33,0.00191011073292852,0.00016535739261842,0.00263722686482911,0.00166941140509989,0.00462115390588113,0.00384419246361196,0.00386449517893306,0.0071302101889209
"652",33.05,0.00189782598678171,0.000163364207083097,0.00263766565386838,0.00165882417187918,0.00463584788150432,0.00382070189511287,0.00390274844356004,0.00707985809223563
"653",33.1,0.00188562870353035,0.000161393858498297,0.0026380876264343,0.0016482597179107,0.0046505278393638,0.00379719566882522,0.00394132931384911,0.00702942134284371
"654",33.15,0.00187351854188502,0.000159446103721987,0.00263849219033715,0.00163771848872056,0.00466519220706581,0.00377367645160081,0.00398023857937639,0.00697891092765128
"655",33.2,0.0018614951575925,0.000157520701909549,0.00263887875131753,0.0016272009274212,0.00467983938582983,0.00375014688961527,0.00401947695330918,0.00692833766051689
"656",33.25,0.00184955820351419,0.000155617414496773,0.0026392467130894,0.00161670747457107,0.00469446775031673,0.00372660960770787,0.00405904506929632,0.00687771218040528
"657",33.3,0.00183770732970355,0.000153736005182899,0.00263959547738522,0.00160623856803727,0.00470907564846447,0.00370306720874249,0.00409894347828203,0.00682704494973486
"658",33.35,0.00182594218348272,0.00015187623991372,0.00263992444400358,0.00159579464286102,0.00472366140133213,0.00367952227298973,0.00413917264524286,0.00677634625291432
"659",33.4,0.00181426240951815,0.000150037886864701,0.002640233010859,0.00158537613112601,0.00473822330295252,0.0036559773575297,0.00417973294584797,0.00672562619506201
"660",33.45,0.00180266764989538,0.000148220716424179,0.0026405205740342,0.00157498346182983,0.00475275962019367,0.00363243499567638,0.0042206246630413,0.00667489470090448
"661",33.5,0.00179115754419296,0.0001464245011766,0.00264078652783484,0.00156461706075832,0.00476726859262985,0.00360889769642274,0.00426184798354651,0.00662416151384782
"662",33.55,0.00177973172955535,0.000144649015885796,0.00264103026484655,0.00155427735036275,0.00478174843242248,0.00358536794390674,0.00430340299429411,0.00657343619521638
"663",33.6,0.00176838984076511,0.000142894037478343,0.00264125117599471,0.00154396474964033,0.00479619732421123,0.00356184819689861,0.00434528967877051,0.0065227281236547
"664",33.65,0.00175713151031401,0.000141159345026945,0.00264144865060657,0.00153367967401746,0.00481061342501599,0.00353834088830866,0.00438750791328992,0.00647204649468605
"665",33.7,0.00174595636847343,0.000139444719733895,0.00264162207647606,0.0015234225352362,0.00482499486414994,0.00351484842471608,0.00443005746318826,0.00642140032042335
"666",33.75,0.00173486404336378,0.000137749944914576,0.00264177083993123,0.00151319374124374,0.00483933974314444,0.0034913731859182,0.00447293797894092,0.00637079842942624
"667",33.8,0.00172385416102305,0.000136074805981043,0.00264189432590425,0.00150299369608498,0.00485364613568578,0.00346791752450054,0.00451614899220307,0.00632024946670024
"668",33.85,0.00171292634547454,0.00013441909042564,0.0026419919180043,0.00149282279979813,0.00486791208756494,0.0034444837654269,0.00455968991177509,0.00626976189383116
"669",33.9,0.0017020802187937,0.000132782587804692,0.00264206299859294,0.00148268144831342,0.00488213561664012,0.00342107420564996,0.00460356001949286,0.00621934398925129
"670",33.95,0.00169131540117408,0.000131165089722261,0.00264210694886247,0.00147257003335499,0.004896314712813,0.0033976911137419,0.00464775846604382,0.00616900384863105
"671",34,0.00168063151099245,0.000129566389813949,0.00264212314891699,0.0014624889423457,0.00491044733801913,0.00337433672954461,0.00469228426671118,0.00611874938539126
"672",34.05,0.00167002816487307,0.00012798628373079,0.00264211097785626,0.00145243855831516,0.00492453142623279,0.00335101326384005,0.00473713629704617,0.00606858833133155
"673",34.1,0.00165950497775109,0.000126424569123184,0.00264206981386255,0.00144241925981086,0.00493856488348703,0.00332772289803971,0.00478231328847111,0.00601852823736939
"674",34.15,0.00164906156293512,0.00012488104562491,0.0026419990342902,0.00143243142081225,0.00495254558790931,0.00330446778389343,0.00482781382381476,0.00596857647438472
"675",34.2,0.00163869753216894,0.000123355514837201,0.00264189801575829,0.00142247541064806,0.00496647138977323,0.00328125004321727,0.0048736363327816,0.00591874023416602
"676",34.25,0.00162841249569245,0.000121847780312893,0.00264176613424611,0.00141255159391659,0.00498034011156684,0.0032580717676402,0.00491977908735792,0.00586902653045282
"677",34.3,0.00161820606230162,0.000120357647540627,0.0026416027651917,0.00140266033040903,0.00499414954807834,0.00323493501836908,0.00496624019715724,0.00581944220006927
"678",34.35,0.00160807783940782,0.000118884923929156,0.00264140728359328,0.00139280197503601,0.005007897466499,0.00321184182597245,0.00501301760470655,0.00576999390414604
"679",34.4,0.00159802743309618,0.000117429418791665,0.00264117906411384,0.00138297687775686,0.00502158160654495,0.00318879419018145,0.00506010908067939,0.00572068812942319
"680",34.45,0.0015880544481832,0.000115990943330234,0.00264091748118862,0.00137318538351231,0.00503519968059689,0.00316579407970953,0.00510751221907464,0.00567153118963349
"681",34.5,0.0015781584882735,0.000114569310620302,0.00264062190913569,0.00136342783215974,0.00504874937385982,0.00314284343208857,0.00515522443234967,0.00562252922695769
"682",34.55,0.00156833915581583,0.000113164335595262,0.00264028538412403,0.00135370455841177,0.00506222834454201,0.00311994415352299,0.00520324294650728,0.00557368821355121
"683",34.6,0.00155859605215822,0.000111775835031092,0.00263991994823623,0.0013440158917776,0.00507563422405451,0.00309709811876012,0.00525156479614385,0.00552501395313563
"684",34.65,0.00154892877760237,0.000110403627531078,0.00263951864658249,0.00133436215650737,0.00508896461723138,0.00307430717097752,0.00530018681946128,0.00547651208265269
"685",34.7,0.0015393369314572,0.000109047533510608,0.00263908085418001,0.00132474367153945,0.0051022171025714,0.00305157312168628,0.0053491056532488,0.00542818807397559
"686",34.75,0.00152982011209167,0.00010770737518204,0.00263860594652802,0.00131516075045054,0.00511538923250143,0.0030288977506504,0.00539831772783895,0.005380047235675
"687",34.8,0.0015203779169868,0.000106382976539648,0.00263809329973693,0.00130561370140868,0.0051284785336623,0.00300628280582171,0.00544781926204419,0.00533209471483505
"688",34.85,0.00151100994278688,0.000105074163344642,0.00263754229066065,0.00129610282712913,0.00514148250721751,0.00298373000329011,0.00549760625807918,0.00528433549891663
"689",34.9,0.00150171578534994,0.000103780763110269,0.00263695229703185,0.00128662842483299,0.00515439862918516,0.00296124102724878,0.00554767449647549,0.00523677441766404
"690",34.95,0.00149249503979749,0.000102502605086996,0.00263632269760054,0.00127719078620866,0.00516722435079404,0.00293881752997408,0.00559801953099571,0.00518941614505178
"691",35,0.00148334730056339,0.000101239520247756,0.00263565287227558,0.00126779019737595,0.00517995709886378,0.00291646113181959,0.00564863668355331,0.00514226520126796
"692",35.05,0.00147427216144211,9.99913412732904e-05,0.00263494220226936,0.00125842693885301,0.00519259427620986,0.00289417342122426,0.00569952103914626,0.00509532595473172
"693",35.1,0.00146526921563613,9.87579025375614e-05,0.00263419007024555,0.0012491012855259,0.00520513326207402,0.00287195595473433,0.00575066744081199,0.00504860262414137
"694",35.15,0.0014563380558026,9.75390400932379e-05,0.00263339586046991,0.00123981350662071,0.00521757141258032,0.00284981025703804,0.00580207048461271,0.00500209928054955
"695",35.2,0.00144747827409937,9.63345916572873e-05,0.00263255895896409,0.00123056386567849,0.00522990606121719,0.00282773782101416,0.00585372451465776,0.00495581921952273
"696",35.25,0.00143868946223015,9.51443965966146e-05,0.00263167875366259,0.00122135262053258,0.00524213451934632,0.00280574010779226,0.00590562361817509,0.00490976747632527
"697",35.3,0.00142997121148901,9.39682959137979e-05,0.00263075463457251,0.00121218002328847,0.00525425407673846,0.00278381854682572,0.00595776162063925,0.00486394706845355
"698",35.35,0.0014213231128042,9.28061322329198e-05,0.00262978599393654,0.00120304632030636,0.00526626200213644,0.00276197453597693,0.00601013208096578,0.00481836149759273
"699",35.4,0.00141274475678114,9.16577497854514e-05,0.00262877222639857,0.00119395175218593,0.0052781555438461,0.00274020944161351,0.00606272828678421,0.00477301412848088
"700",35.45,0.00140423573374484,9.05229943962394e-05,0.00262771272917248,0.00118489655375366,0.00528993193035531,0.00271852459871628,0.00611554324979876,0.00472790819109503
"701",35.5,0.00139579563378146,8.94017134695637e-05,0.00262660690221365,0.00117588095405253,0.00530158837098137,0.0026969213109979,0.00616856970124887,0.00468304678284674
"702",35.55,0.00138742404677935,8.82937559752918e-05,0.0026254541483933,0.00116690517633407,0.00531312205654711,0.00267540085103245,0.00622180008748054,0.00463843287078594
"703",35.6,0.00137912056246922,8.71989724351001e-05,0.00262425387367568,0.00115796943805262,0.00532453016008615,0.00265396446039496,0.00627522656564177,0.00459406929380973
"704",35.65,0.00137088477046373,8.61172149087801e-05,0.00262300548729786,0.00114907395086191,0.00533580983757744,0.00263261334981091,0.0063288409995139,0.004549958764875
"705",35.7,0.0013627162602964,8.50483369806453e-05,0.00262170840195235,0.00114021892061394,0.00534695822870918,0.00261134869931569,0.00638263495549085,0.00450610387321344
"706",35.75,0.00135461462145981,8.39921937459945e-05,0.00262036203397217,0.00113140454735982,0.00535796652274011,0.00259017165842293,0.00643659969872217,0.00446250708654543
"707",35.8,0.00134657944344307,8.29486417976879e-05,0.00261896580351865,0.00112263102535302,0.0053688436735937,0.00256908334630218,0.00649072618943046,0.00441917075329329
"708",35.85,0.00133861031576883,8.19175392127756e-05,0.00261751913477156,0.00111389854305442,0.00537958086737796,0.00254808485196483,0.00654500507942041,0.0043760971047898
"709",35.9,0.00133070682802934,8.08987455392362e-05,0.00261602145612173,0.00110520728313959,0.0053901751868556,0.00252717723445878,0.00659942670879124,0.00433328825748277
"710",35.95,0.00132286856992216,7.98921217827862e-05,0.00261447220036608,0.00109655742250807,0.00540062370276812,0.00250636152307087,0.00665398110286901,0.00429074621513246
"711",36,0.00131509513128497,7.88975303937793e-05,0.0026128708049048,0.00108794913229452,0.00541092347478053,0.00248563871753714,0.00670865796937336,0.00424847287100137
"712",36.05,0.00130738610212992,7.79148352541791e-05,0.00261121671194082,0.00107938257788179,0.00542107155245627,0.00246500978826035,0.0067634466958344,0.00420647001003414
"713",36.1,0.00129974107267721,7.69439016646314e-05,0.00260950936868131,0.00107085791891597,0.00543106497626253,0.00244447567653479,0.00681833634727482,0.00416473931102759
"714",36.15,0.00129215963338818,7.59845963316157e-05,0.0026077482275413,0.00106237530932318,0.00544090077860592,0.00242403729477789,0.00687331566417357,0.00412328234878861
"715",36.2,0.00128464137499764,7.50367873546622e-05,0.00260593274634908,0.00105393489732805,0.00545057598489828,0.00240369552676789,0.00692837306072835,0.00408210059627839
"716",36.25,0.00127718588854569,7.41003442136952e-05,0.00260406238855361,0.00104553682547423,0.00546008761465249,0.00238345122788863,0.0069834966234298,0.00404119542674423
"717",36.3,0.00126979276540887,7.31751377564095e-05,0.00260213662343344,0.00103718123064621,0.00546943268260837,0.00236330522537917,0.00703867410996928,0.00400056811583423
"718",36.35,0.00126246159733072,7.22610401857704e-05,0.00260015492630749,0.00102886824409307,0.00547860819988812,0.00234325831858988,0.00709389294849127,0.00396021984369745
"719",36.4,0.00125519197645175,7.13579250475899e-05,0.00259811677874713,0.00102059799145383,0.00548761117518089,0.00232331127924377,0.00714914023720989,0.00392015169706693
"720",36.45,0.0012479834953388,7.04656672181625e-05,0.0025960216687898,0.00101237059278409,0.00549643861595717,0.00230346485170232,0.0072044027444075,0.00388036467132365
"721",36.5,0.00124083574701384,6.95841428920278e-05,0.00259386909115385,0.00100418616258461,0.00550508752971099,0.00228371975323707,0.00725966690882738,0.00384085967254397
"722",36.55,0.00123374832498218,6.87132295697752e-05,0.00259165854745456,0.000996044809830916,0.00551355492523129,0.00226407667430491,0.00731491884048263,0.00380163751952568
"723",36.6,0.00122672082326007,6.78528060459625e-05,0.00258938954642118,0.000987946638004696,0.00552183781390067,0.00224453627882825,0.00737014432189272,0.00376269894579547
"724",36.65,0.00121975283640179,6.70027523971029e-05,0.00258706160411494,0.000979891745126383,0.00552993321102171,0.00222509920447892,0.00742532880976732,0.00372404460159503
"725",36.7,0.00121284395952612,6.61629499697482e-05,0.00258467424414774,0.000971880223789197,0.00553783813717004,0.00220576606296616,0.00748045743715079,0.00368567505584641
"726",36.75,0.00120599378834231,6.53332813686368e-05,0.00258222699790154,0.000963912161194338,0.00554554961957388,0.00218653744032773,0.00753551501604554,0.00364759079809477
"727",36.8,0.00119920191917547,6.45136304449467e-05,0.00257971940474823,0.000955987639187621,0.00555306469351886,0.00216741389722476,0.00759048604052637,0.00360979224042975
"728",36.85,0.00119246794899138,6.37038822846255e-05,0.00257715101226992,0.000948106734297246,0.00556038040377791,0.00214839596923958,0.00764535469036272,0.00357227971938381
"729",36.9,0.00118579147542083,6.2903923196792e-05,0.00257452137647928,0.000940269517772685,0.0055674938060654,0.00212948416717618,0.00770010483516286,0.0035350534978069
"730",36.95,0.00117917209678338,6.2113640702234e-05,0.00257183006204015,0.000932476055624767,0.00557440196851436,0.00211067897736348,0.00775472003905248,0.00349811376671805
"731",37,0.00117260941211061,6.13329235219917e-05,0.00256907664248784,0.00092472640866691,0.00558110197317631,0.0020919808619611,0.00780918356590089,0.00346146064713333
"732",37.05,0.00116610302116886,6.05616615660177e-05,0.00256626070044943,0.000917020632557339,0.00558759091754272,0.00207339025926727,0.00786347838510778,0.00342509419186918
"733",37.1,0.00115965252448141,5.9799745921907e-05,0.00256338182786332,0.000909358777842197,0.00559386591608702,0.00205490758402826,0.00791758717796213,0.00338901438732077
"734",37.15,0.00115325752335019,5.90470688437431e-05,0.00256043962619859,0.000901740889999929,0.00559992410182613,0.00203653322775052,0.00797149234458092,0.0033532211552172
"735",37.2,0.00114691761987702,5.83035237410024e-05,0.00255743370667329,0.000894167009486395,0.00560576262790056,0.00201826755901376,0.0080251760114403,0.0033177143543506
"736",37.25,0.00114063241698423,5.75690051675344e-05,0.00255436369047203,0.000886637171780794,0.00561137866917205,0.00200011092378528,0.00807862003950725,0.00328249378227992
"737",37.3,0.00113440151843497,5.6843408810648e-05,0.00255122920896239,0.000879151407432679,0.00561676942383718,0.00198206364573606,0.00813180603297606,0.00324755917701056
"738",37.35,0.00112822452885284,5.61266314802607e-05,0.00254802669399718,0.000871709742109622,0.00562193211505627,0.00196412602655745,0.00818471534861937,0.00321291021864783
"739",37.4,0.0011221010537412,5.54185710981474e-05,0.00254476221279291,0.000864312196645805,0.00562686399259571,0.00194629834627913,0.00823732910575508,0.00317854653102575
"740",37.45,0.0011160306995019,5.47191266872409e-05,0.00254143222361031,0.000856958787091094,0.00563156233448298,0.00192858086358692,0.00828962819683655,0.00314446768330893
"741",37.5,0.00111001307345361,5.40281983610475e-05,0.00253803640068565,0.000849649524761137,0.00563602444867264,0.00191097381614208,0.0083415932986633,0.00311067319157062
"742",37.55,0.00110404778384967,5.33456873131248e-05,0.00253457442949803,0.000842384416287935,0.00564024767472171,0.00189347742090034,0.00839320488421587,0.00307716252034412
"743",37.6,0.00109813443989543,5.26714958066441e-05,0.00253104600697567,0.000835163463671132,0.00564422938547357,0.00187609187443126,0.00844444323511282,0.00304393508414905
"744",37.65,0.00109227265176523,5.20055271640315e-05,0.0025274508416998,0.000827986664329837,0.00564796698874826,0.00185881735323758,0.00849528845468679,0.00301099024899171
"745",37.7,0.00108646203061888,5.13476857566894e-05,0.00252378865410604,0.000820854011155047,0.00565145792903793,0.00184165401407442,0.0085457204816751,0.00297832733384021
"746",37.75,0.0010807021886177,5.06978769948103e-05,0.0025200591766832,0.000813765492562724,0.0056546996892058,0.00182460199426853,0.00859571910451796,0.00294594561207457
"747",37.8,0.00107499273894015,5.00560073172446e-05,0.00251626215416899,0.000806721092547104,0.00565768979218705,0.00180766141203649,0.00864526397625849,0.00291384431291029
"748",37.85,0.00106933329579704,4.94219841814732e-05,0.00251239734374278,0.000799720790734735,0.00566042580268967,0.00179083236680298,0.00869433463003093,0.00288202230430855
"749",37.9,0.00106372347444629,4.87957160536465e-05,0.0025084645152151,0.000792764562438831,0.00566290532889405,0.00177411493951807,0.00874291049512813,0.00285047936486297
"750",37.95,0.00105816289120726,4.81771123987124e-05,0.0025044634512137,0.000785852378714122,0.00566512602414918,0.00175750919297397,0.00879097091363267,0.00281921428450778
"751",38,0.00105265116347475,4.75660836705962e-05,0.0025003939473658,0.000778984206411814,0.00566708558866377,0.00174101517212015,0.00883849515759805,0.00278822612954088
"752",38.05,0.00104718790973252,4.6962541302495e-05,0.00249625581247677,0.000772160008235263,0.00566878177119062,0.0017246329043784,0.00888546244675838,0.00275751392884129
"753",38.1,0.00104177274956643,4.63663976972297e-05,0.00249204886870469,0.000765379742795752,0.00567021237070219,0.00170836239995611,0.00893185196675009,0.00272707667514359
"754",38.15,0.00103640530367722,4.57775662176749e-05,0.00248777295173065,0.000758643364668568,0.00567137523805576,0.0016922036521584,0.00897764288782257,0.00269698430550036
"755",38.2,0.00103108519389285,4.51959611772669e-05,0.00248342791092477,0.000751950824449319,0.00567226827764612,0.00167615663769886,0.00902281438401433,0.00266702280644635
"756",38.25,0.00102581204318052,4.46214978305957e-05,0.00247901360950761,0.000745302068810586,0.00567288944904394,0.00166022131700896,0.00906734565276754,0.00263740400732425
"757",38.3,0.00102058547565828,4.40540923640667e-05,0.0024745299247069,0.000738697040558679,0.00567323676861794,0.00164439763454577,0.00911121593495495,0.00260805578933926
"758",38.35,0.00101540511660624,4.34936618866421e-05,0.00246997674790931,0.000732135678690614,0.00567330831113894,0.00162868551909807,0.00915440453528828,0.00257897698277548
"759",38.4,0.00101027059247752,4.29401244206567e-05,0.00246535398480713,0.000725617918451238,0.0056731022113639,0.00161308488409072,0.00919689084307736,0.00255016638891485
"760",38.45,0.00100518153090869,4.23933988927019e-05,0.00246066155553964,0.000719143691390353,0.00567261362306545,0.00159759562788688,0.00923864948005019,0.00252162278114469
"761",38.5,0.00100013756073005,4.18534051246091e-05,0.00245589939482924,0.000712712925420261,0.00567184687745782,0.00158221763408911,0.00927966976126027,0.00249334490604385
"762",38.55,0.000995138311975357,4.13200638244722e-05,0.00245106745211167,0.000706325544872938,0.00567079726917922,0.00156695077183741,0.00931992663697197,0.00246533148444408
"763",38.6,0.000990183415891371,4.07932965777777e-05,0.00244616569166075,0.000699981470557657,0.0056694631883014,0.00155179489610606,0.00935940004826727,0.00243758121247088
"764",38.65,0.000985272504946993,4.0273025838593e-05,0.00244119409270711,0.000693680619818456,0.00566784309243354,0.001536749847998,0.00939807012864387,0.00241009276256127
"765",38.7,0.000980405212842092,3.97591749208225e-05,0.00243615264955064,0.000687422906591521,0.00566593550814499,0.0015218154550367,0.00943591722611432,0.00238286478445933
"766",38.75,0.000975581174516001,3.92516679895562e-05,0.00243104137166705,0.000681208241462796,0.00566373903235505,0.00150699153145637,0.00947292192538667,0.00235589590619118
"767",38.8,0.000970800026155702,3.87504300524749e-05,0.00242586028380782,0.000675036531725353,0.00566125233368691,0.00149227787848935,0.00950906507008333,0.00232918473501755
"768",38.85,0.000966061405203699,3.82553869513323e-05,0.00242060942609362,0.000668907681436754,0.00565847415378449,0.00147767428465118,0.00954432778495289,0.00230272985836566
"769",38.9,0.000961364950365587,3.7766465353515e-05,0.00241528885410117,0.000662821591476384,0.00565540330859025,0.00146318052602346,0.00957869149802834,0.00227652984474046
"770",38.95,0.000956710301617295,3.72835927436727e-05,0.00240989863894333,0.000656778159602696,0.00565203868958215,0.00144879636653408,0.00961213796268555,0.00225058324461516
"771",39,0.000952097100212084,3.68066974154024e-05,0.00240443886734197,0.000650777280510099,0.00564837926496779,0.00143452155823443,0.00964464927955551,0.00222488859130071
"772",39.05,0.000947524988687199,3.63357084630454e-05,0.00239890964169434,0.000644818845886209,0.00564442408083454,0.00142035584157524,0.00967620791823872,0.00219944440179738
"773",39.1,0.000942993610870289,3.58705557735007e-05,0.00239331108013157,0.000638902744468314,0.00564017226225323,0.00140629894567813,0.00970679673877988,0.0021742491776237
"774",39.15,0.000938502611885492,3.54111700181572e-05,0.00238764331657059,0.000633028862100228,0.00563562301433468,0.00139235058860593,0.00973639901284793,0.0021493014056287
"775",39.2,0.000934051638159314,3.49574826448626e-05,0.0023819065007581,0.000627197081788553,0.00563077562323651,0.00137851047762934,0.00976499844457814,0.00212459955878306
"776",39.25,0.000929640337426167,3.45094258699918e-05,0.00237610079830759,0.000621407283759113,0.00562562945711965,0.00136477830949166,0.00979257919102456,0.00210014209695309
"777",39.3,0.000925268358733712,3.40669326705427e-05,0.00237022639072814,0.000615659345512634,0.0056201839670521,0.00135115377066951,0.00981912588217956,0.0020759274676539
"778",39.35,0.000920935352447902,3.36299367763463e-05,0.00236428347544616,0.000609953141880761,0.00561443868785949,0.0013376365376321,0.00984462364050774,0.00205195410678665
"779",39.4,0.000916640970257795,3.31983726623197e-05,0.00235827226581919,0.000604288545081503,0.00560839323892051,0.00132422627709684,0.00986905809995278,0.00202822043935647
"780",39.45,0.00091238486518011,3.27721755407873e-05,0.00235219299114167,0.000598665424774401,0.0056020473249058,0.00131092264628218,0.00989241542436931,0.0020047248801727
"781",39.5,0.000908166691563542,3.23512813538805e-05,0.00234604589664318,0.000593083648115578,0.00559540073645965,0.00129772529315781,0.00991468232533631,0.00198146583453225
"782",39.55,0.000903986105092872,3.19356267659948e-05,0.00233983124347852,0.000587543079812333,0.00558845335082296,0.00128463385669163,0.0099358460793087,0.00195844169888526
"783",39.6,0.000899842762792799,3.15251491563199e-05,0.00233354930870991,0.000582043582177537,0.00558120513239626,0.00127164796709402,0.00995589454406576,0.00193565086148427
"784",39.65,0.000895736323031583,3.1119786611429e-05,0.00232720038528108,0.000576585015183601,0.0055736561332423,0.00125876724605896,0.00997481617441679,0.00191309170301639
"785",39.7,0.000891666445524468,3.07194779179485e-05,0.00232078478198351,0.0005711672365163,0.00556580649352688,0.00124599130700253,0.00999260003712467,0.00189076259722002
"786",39.75,0.000887632791336883,3.03241625552749e-05,0.00231430282341427,0.000565790101628027,0.00555765644189701,0.00123331975529797,0.0100092358250129,0.0018686619114844
"787",39.8,0.000883635022887431,2.9933780688372e-05,0.00230775484992608,0.00056045346379086,0.00554920629579629,0.00122075218850814,0.0100247138702205,0.00184678800743441
"788",39.85,0.000879672803950702,2.95482731606241e-05,0.00230114121756905,0.000555157174149177,0.00554045646171589,0.00120828819661472,0.0100390251565734,0.00182513924149935
"789",39.9,0.000875745799659848,2.91675814867536e-05,0.0022944622980243,0.000549901081771882,0.00553140743538131,0.00119592736224447,0.0100521613310431,0.00180371396546646
"790",39.95,0.000871853676509014,2.87916478458095e-05,0.00228771847852965,0.000544685033704337,0.00552205980187423,0.00118366926089257,0.0100641147142651,0.00178251052702005
"791",40,0.000867996102355543,2.84204150742145e-05,0.00228090710651072,0.00053950887501984,0.00551241423568879,0.00117151346114293,0.0100748783100918,0.00176152727026562
"792",40.05,0.000864172746422039,2.80538266588784e-05,0.00227403470562947,0.000534372448870735,0.00550247150072246,0.00115945952488546,0.0100844458141601,0.00174076253623975
"793",40.1,0.000860383279298218,2.7691826730362e-05,0.00226709865897483,0.000529275596538939,0.0054922324502005,0.00114750700752997,0.0100928116214527,0.0017202146634053
"794",40.15,0.000856627372942615,2.73343600561249e-05,0.0022600994151055,0.000524218157486361,0.00548169802653512,0.00113565545821777,0.0100999708328366,0.00169988198813385
"795",40.2,0.000852904700684124,2.69813720338187e-05,0.00225303743764388,0.000519199969404647,0.00547086926111794,0.00112390442002971,0.0101059192605678,0.00167976284517374
"796",40.25,0.000849214937223361,2.66328086846415e-05,0.00224591320515341,0.000514220868264484,0.00545974727404664,0.00111225343019114,0.0101106534327484,0.00165985556810468
"797",40.3,0.000845557758633902,2.62886166467704e-05,0.00223872721100848,0.000509280688364725,0.00544833327378609,0.00110070202027448,0.0101141705967309,0.00164015848978028
"798",40.35,0.00084193284236336,2.59487431688326e-05,0.00223147996325607,0.000504379262380724,0.00543662855676328,0.00108924971639802,0.0101164687214641,0.00162066994275653
"799",40.4,0.000838339867234311,2.56131361034456e-05,0.00222417198446992,0.000499516421412353,0.00542463450689724,0.00107789603942207,0.0101175464987791,0.00160138825970821
"800",40.45,0.000834778513445096,2.52817439008328e-05,0.00221680381159735,0.000494691995031773,0.00541235259506463,0.00106664050514253,0.0101174033436169,0.00158231177383381
"801",40.5,0.000831248462570488,2.49545156024667e-05,0.00220937599579799,0.000489905811330304,0.00539978437849986,0.00105548262448053,0.010116039393201,0.00156343859148258
"802",40.55,0.00082774939756222,2.46314008347971e-05,0.0022018891022755,0.000485157696965154,0.00538693150013257,0.00104442190366991,0.0101134555051635,0.00154476750109637
"803",40.6,0.000824281002749425,2.43123498030347e-05,0.00219434371010206,0.000480447477205669,0.00537379568786172,0.00103345784444164,0.0101096532546333,0.00152629661445146
"804",40.65,0.000820842963838919,2.39973132849743e-05,0.00218674041203513,0.000475774975978805,0.00536037875376702,0.00102258994420468,0.0101046349302996,0.00150802427064197
"805",40.7,0.000817434967915401,2.36862426249053e-05,0.00217907981432792,0.000471140015914537,0.00534668259325996,0.00101181769622489,0.0100984035294671,0.0014899488111301
"806",40.75,0.000814056703441539,2.33790897275522e-05,0.00217136253653217,0.000466542418390424,0.0053327091841735,0.00100114058980013,0.0100909627521187,0.00147206858008086
"807",40.8,0.000810707860257957,2.30758070520855e-05,0.00216358921129452,0.000461982003575805,0.00531846058579272,0.000990558110432849,0.0100823169940085,0.0014543819246867
"808",40.85,0.000807388129583128,2.27763476061874e-05,0.00215576048414613,0.000457458590475534,0.00530393893782736,0.000980069739999792,0.0100724713388072,0.00143688719548181
"809",40.9,0.000804097204013172,2.24806649401781e-05,0.00214787701328595,0.000452971996973255,0.00528914645932742,0.000969674956918953,0.010061431549325,0.00141958274664633
"810",40.95,0.000800834777521586,2.21887131411835e-05,0.00213993946935719,0.000448522039873961,0.00527408544754233,0.00095937323631321,0.0100492040578393,0.00140246693629974
"811",41,0.000797600545458866,2.19004468273853e-05,0.00213194853521837,0.000444108534946456,0.00525875827672687,0.000949164050172032,0.010035795955558,0.00138553812678607
"812",41.05,0.000794394204552088,2.16158211422822e-05,0.00212390490570711,0.000439731296964647,0.0052431673968921,0.000939046867508861,0.0100212149812475,0.00136879468494697
"813",41.1,0.000791215452904405,2.13347917490579e-05,0.00211580928739957,0.000435390139749126,0.00522731271046243,0.000929021154517548,0.010005467004736,0.00135223498238844
"814",41.15,0.000788063989994472,2.10573148249581e-05,0.00210766239836288,0.000431084876207543,0.00521120204758725,0.000919086374724395,0.00998856600345633,0.00133585739573581
"815",41.2,0.000784939516675824,2.07833470557539e-05,0.00209946496790302,0.00042681531837497,0.00519483546697384,0.000909241989138622,0.00997051910597378,0.0013196603068816
"816",41.25,0.000781841735176203,2.05128456302413e-05,0.00209121773630691,0.000422581277453497,0.00517821570817502,0.000899487456399488,0.00995133651209203,0.0013036421032237
"817",41.3,0.000778770349096828,2.02457682347887e-05,0.00208292145457932,0.000418382563851216,0.00516134557951905,0.00088982223292052,0.0099310290010239,0.00128780117789462
"818",41.35,0.000775725063411637,1.99820730479595e-05,0.00207457688417539,0.000414218987221066,0.00514422795657759,0.000880245773031888,0.00990960791576594,0.00127213592998377
"819",41.4,0.000772705584466467,1.9721718735163e-05,0.00206618479672778,0.000410090356498764,0.00512686578059046,0.000870757529119218,0.00988708514689831,0.00125664476475007
"820",41.45,0.000769711619978225,1.94646644433685e-05,0.00205774597376976,0.000405996479940423,0.00510926205685178,0.000861356951760227,0.00986347311585406,0.00124132609382731
"821",41.5,0.000766742879034022,1.92108697958716e-05,0.00204926120645387,0.000401937165159654,0.00509141985305819,0.000852043489858749,0.00983878475769838,0.00122617833542177
"822",41.55,0.000763799072090273,1.89602948871096e-05,0.00204073129526658,0.000397912219164118,0.0050733422976212,0.000842816590776096,0.00981303350345998,0.00121119991450198
"823",41.6,0.000760879910971814,1.87129002775234e-05,0.00203215704973884,0.000393921448391521,0.00505503257794537,0.000833675700459748,0.00978623326205673,0.00119638926298099
"824",41.65,0.000757985108870963,1.84686469884784e-05,0.00202353928815335,0.000389964658745208,0.00503649393867523,0.000824620263569762,0.00975839840185935,0.00118174481989166
"825",41.7,0.000755114380346598,1.82274964972166e-05,0.00201487883724772,0.000386041655628964,0.00501772967991092,0.000815649723602038,0.00972954373193232,0.00116726503155393
"826",41.75,0.000752267441323244,1.79894107318888e-05,0.0020061765319155,0.000382152243981782,0.00499874315539827,0.000806763523010212,0.00969968448299995,0.00115294835173691
"827",41.8,0.000749444009090117,1.77543520666074e-05,0.00199743321490323,0.00037829622831167,0.00497953777069091,0.000797961103324022,0.00966883628817275,0.00113879324181245
"828",41.85,0.000746643802300247,1.7522283316556e-05,0.00198864973650503,0.000374473412729083,0.00496011698128911,0.000789241905265547,0.00963701516347899,0.00112479817090269
"829",41.9,0.000743866540969532,1.72931677331626e-05,0.00197982695425519,0.000370683600980072,0.00494048429075836,0.000780605368863634,0.00960423748824467,0.00111096161602204
"830",41.95,0.000741111946475877,1.70669689992907e-05,0.0019709657326174,0.000366926596478466,0.00492064324882569,0.000772050933564767,0.00957051998535407,0.00109728206221086
"831",42,0.000738379741558307,1.68436512245083e-05,0.00196206694267299,0.000363202202338032,0.00490059744946095,0.000763578038342781,0.00953587970143998,0.00108375800266213
"832",42.05,0.000735669650316145,1.66231789403803e-05,0.00195313146180643,0.000359510221403731,0.00488035052894055,0.000755186121805313,0.00950033398703312,0.00107038793886666
"833",42.1,0.000732981398208183,1.64055170958229e-05,0.00194416017338988,0.000355850456282741,0.00485990616389918,0.000746874622298524,0.00946390047671465,0.00105717038067162
"834",42.15,0.000730314712051928,1.61906310525042e-05,0.00193515396646623,0.00035222270937497,0.00483926806936997,0.000738642978009582,0.00942659706930492,0.00104410384646436
"835",42.2,0.000727669320022865,1.59784865802718e-05,0.00192611373543031,0.000348626782902757,0.00481843999681369,0.000730490627066136,0.00938844190812111,0.00103118686323214
"836",42.25,0.000725044951653761,1.57690498526513e-05,0.00191704037971014,0.000345062478940492,0.00479742573214282,0.000722417007634539,0.00934945336134402,0.0010184179666757
"837",42.3,0.000722445900115242,1.55622874423689e-05,0.00190793480344667,0.000341529599443397,0.00477622909373829,0.000714421558015083,0.00930965000251952,0.00100579570130312
"838",42.35,0.000719862760204212,1.53581663169442e-05,0.00189879791517401,0.000338027946276251,0.0047548539304655,0.000706503716736024,0.00926905059123338,0.000993318620520571
"839",42.4,0.000717299840838981,1.51566538342853e-05,0.00188963062749769,0.000334557321240885,0.00473330411968436,0.000698662922643863,0.00922767405397691,0.000980985286715673
"840",42.45,0.000714756876974364,1.49577177383771e-05,0.00188043385677493,0.00033111752610406,0.00471158356526522,0.000690898614993388,0.00918553946524904,0.0009687942713389
"841",42.5,0.000712233604919881,1.4761326154981e-05,0.00187120852279376,0.000327708362624295,0.00468969619560368,0.000683210233534404,0.00914266602890593,0.000956744154978345
"842",42.55,0.000709729762339457,1.45674475873848e-05,0.00186195554845278,0.000324329632578324,0.00466764596164031,0.000675597218596633,0.00909907305979084,0.000944833527430212
"843",42.6,0.00070724508825117,1.43760509122045e-05,0.00185267585944196,0.000320981137787246,0.00464543683488761,0.000668059011172976,0.00905477996566888,0.000933060987765433
"844",42.65,0.000704779323027092,1.41871053752073e-05,0.00184337038392325,0.000317662680141825,0.00462307280546231,0.000660595052999897,0.0090098062294819,0.000921425144390565
"845",42.7,0.000702332208393217,1.40005805872171e-05,0.00183404005221416,0.000314374061628019,0.00460055788013208,0.00065320478663742,0.00896417139195864,0.000909924615106886
"846",42.75,0.000699903487429485,1.38164465200019e-05,0.00182468579646971,0.000311115084350995,0.0045778960803664,0.000645887655544829,0.00891789503457547,0.000898558027161703
"847",42.8,0.000697492904569881,1.36346735022716e-05,0.00181530855036912,0.000307885550559889,0.00455509144040865,0.000638643104157119,0.00887099676291637,0.000887324017299814
"848",42.85,0.000695100205602655,1.34552322156546e-05,0.00180590924880109,0.000304685262671018,0.00453214800535545,0.000631470577957143,0.00882349619041647,0.000876221231807272
"849",42.9,0.000692725137670626,1.32780936907551e-05,0.00179648882755294,0.000301514023291324,0.00450906982925677,0.0006243695235474,0.00877541292252845,0.000865248326528533
"850",42.95,0.000690367449271598,1.31032293032435e-05,0.00178704822300135,0.000298371635241247,0.00448586097323314,0.000617339388719735,0.0087267665413141,0.000854403966995918
"851",43,0.000688026890258881,1.29306107699708e-05,0.00177758837180453,0.000295257901576881,0.00446252550360982,0.000610379622522555,0.00867757659046956,0.000843686828338017
"852",43.05,0.000685703211841948,1.2760210145138e-05,0.00176811021059756,0.000292172625611927,0.00443906749007351,0.000603489675326828,0.00862786256080294,0.000833095595387731
"853",43.1,0.000683396166587182,1.25919998165007e-05,0.00175861467569003,0.00028911561093916,0.00441549100385042,0.000596668998890179,0.00857764387616827,0.000822628962691825
"854",43.15,0.000681105508418742,1.24259525016139e-05,0.00174910270276664,0.000286086661451486,0.00439180011590794,0.00058991704641925,0.00852693987986488,0.000812285634535097
"855",43.2,0.000678830992619585,1.22620412441168e-05,0.00173957522659056,0.000283085581362579,0.00436799889518082,0.000583233272630353,0.00847576982150785,0.000802064324961385
"856",43.25,0.000676572375832584,1.21002394100418e-05,0.0017300331807093,0.000280112175226864,0.00434409140682105,0.000576617133807838,0.00842415284437051,0.000791963757790643
"857",43.3,0.000674329416061803,1.19405206841904e-05,0.00172047749716529,0.000277166247959605,0.00432008171047886,0.000570068087861904,0.00837210797321562,0.000781982666634742
"858",43.35,0.000672101872673874,1.17828590665141e-05,0.00171090910620805,0.000274247604855988,0.0042959738586067,0.000563585594383291,0.00831965410259854,0.000772119794908307
"859",43.4,0.000669889506399548,1.16272288685578e-05,0.00170132893601137,0.000271356051610295,0.00427177189479618,0.000557169114697295,0.00826680998566257,0.000762373895838317
"860",43.45,0.000667692079335358,1.14736047099274e-05,0.00169173791239336,0.00026849139433442,0.00424747985214263,0.000550818111915305,0.00821359422341383,0.000752743732470053
"861",43.5,0.000665509354945448,1.1321961514793e-05,0.0016821369585403,0.000265653439576038,0.00422310175164071,0.000544532050984385,0.00816002525447976,0.000743228077670427
"862",43.55,0.000663341098063546,1.11722745084404e-05,0.00167252699473515,0.000262841994336583,0.00419864160061327,0.000538310398734941,0.00810612134535312,0.000733825714129319
"863",43.6,0.000661187074895057,1.10245192138522e-05,0.0016629089380898,0.000260056866088819,0.00417410339117208,0.000532152623925337,0.00805190058111385,0.000724535434358132
"864",43.65,0.000659047053019348,1.08786714483079e-05,0.00165328370228035,0.000257297862793698,0.00414949109870861,0.000526058197281675,0.00799738085661999,0.000715356040684763
"865",43.7,0.000656920801392179,1.07347073200531e-05,0.00164365219728897,0.000254564792917564,0.00412480868042465,0.000520026591532353,0.00794257858679319,0.000706286345248359
"866",43.75,0.000654808090348263,1.05926032249743e-05,0.00163401532914827,0.000251857465448467,0.00410006007389253,0.000514057281428722,0.00788751380991724,0.000697325169989983
"867",43.8,0.000652708691604022,1.0452335843327e-05,0.00162437399969136,0.000249175689912498,0.00407524919565348,0.000508149743737953,0.00783220253490897,0.000688471346642156
"868",43.8500000000001,0.000650622378260493,1.03138821364842e-05,0.00161472910630565,0.000246519276389548,0.00405037993984926,0.000502303457159143,0.00777666181707734,0.0006797237167154
"869",43.9,0.000648548924806396,1.01772193437277e-05,0.00160508154169201,0.000243888035528882,0.00402545617689169,0.000496517901987868,0.00772090848446193,0.000671081131483343
"870",43.95,0.000646488107121346,1.00423249790742e-05,0.00159543219362869,0.000241281778564308,0.00400048175216848,0.000490792558642221,0.00766495913177218,0.000662542451965714
"871",44,0.000644439702479292,9.90917682813452e-06,0.00158578194474028,0.000238700317328956,0.00397546048478635,0.000485126896918532,0.00760883011475872,0.00065410654890956
"872",44.05,0.000642403489552055,9.7777529449893e-06,0.00157613167227036,0.00023614346426912,0.00395039616634793,0.000479523420626634,0.00755253754500113,0.000645772302767413
"873",44.1,0.000640379248413102,9.64803164912905e-06,0.00156648224786141,0.000233611032458131,0.00392529255977224,0.000473972823359963,0.00749609728512295,0.000637538607153808
"874",44.15,0.000638366760541445,9.51999152239803e-06,0.0015568345373379,0.000231102835608861,0.00390015339814724,0.000468483210579336,0.00743952494439973,0.000629404355751219
"875",44.2,0.000636365808825732,9.39361140599119e-06,0.00154718940049595,0.000228618688085737,0.00387498238362447,0.000463051287156408,0.00738283587477172,0.000621368461295536
"876",44.25,0.000634376177568521,9.26887039746374e-06,0.00153754769089688,0.000226158404915398,0.0038497831863477,0.00045767653609952,0.00732604516723293,0.000613429844768163
"877",44.3,0.000632397652490729,9.14574784778553e-06,0.0015279102556669,0.000223721801796561,0.00382455944342215,0.000452358454585103,0.00726916764860135,0.000605587597966869
"878",44.35,0.000630430020736236,9.02422335842854e-06,0.0015182779353024,0.000221308695108975,0.0037993147579224,0.000447096544267366,0.00721221787865477,0.000597840136195219
"879",44.4,0.000628473070876694,8.90427677847874e-06,0.00150865156348004,0.000218918901921513,0.00377405269793673,0.000441890309891833,0.00715521014761757,0.000590186955928627
"880",44.4500000000001,0.000626526592916508,8.78588820178142e-06,0.00149903196687241,0.000216552239999902,0.00374877679565017,0.000436739258965221,0.0070981584739921,0.000582626819346117
"881",44.5,0.000624590378297991,8.66903796410483e-06,0.00148941996496818,0.000214208527814288,0.00372349054646285,0.000431642901660578,0.00704107660271644,0.000575158695418053
"882",44.55,0.000622664219906688,8.55370664036428e-06,0.00147981636990017,0.00021188758454794,0.00369819740815238,0.000426600750794102,0.00698397800365831,0.00056778156046504
"883",44.6,0.000620747912076904,8.43987504184423e-06,0.00147022198627618,0.000209589230106262,0.00367290080006716,0.000421612321825566,0.00692687587040389,0.000560494400227905
"884",44.6500000000001,0.00061884125059739,8.32752421347446e-06,0.00146063761101752,0.000207313285127446,0.00364760410236236,0.000416677132869672,0.00686978311935815,0.000553296209515147
"885",44.6999999999999,0.000616944032717226,8.21663543110477e-06,0.00145106403320025,0.000205059570993618,0.00362231065526607,0.000411794704710069,0.00681271238911802,0.000546185992327139
"886",44.75,0.00061505605715185,8.10719019885484e-06,0.00144150203390595,0.000202827909843739,0.00359702375839274,0.000406964560816932,0.00675567604014617,0.000539162761899218
"887",44.8,0.000613177124089317,7.99917024644185e-06,0.00143195238607357,0.000200618124585827,0.00357174667008147,0.000402186227362673,0.00669868615468509,0.000532225540676881
"888",44.85,0.000611307035196679,7.89255752658013e-06,0.00142241585436058,0.00019843003890989,0.0035464826067807,0.000397459233239357,0.00664175453694956,0.000525373360270943
"889",44.9,0.000609445593626565,7.78733421237985e-06,0.00141289319500704,0.000196263477299596,0.00352123474246164,0.00039278311007438,0.00658489271354803,0.000518605261412677
"890",44.9500000000001,0.000607592604023956,7.68348269478533e-06,0.00140338515570614,0.000194118265043186,0.00349600620807019,0.000388157392245981,0.0065281119341447,0.000511920293908814
"891",45,0.000605747872533096,7.5809855800449e-06,0.00139389247548061,0.000191994228243303,0.00347080009101442,0.00038358161689823,0.0064714231723468,0.000505317516595927
"892",45.05,0.000603911206804589,7.47982568719989e-06,0.00138441588456378,0.000189891193825467,0.00344561943468499,0.000379055323954874,0.00641483712680092,0.000498795997293424
"893",45.1000000000001,0.000602082416002673,7.37998604559924e-06,0.0013749561042859,0.000187808989545494,0.00342046723800895,0.000374578056132331,0.00635836422249084,0.000492354812755636
"894",45.15,0.000600261310812661,7.28144989246029e-06,0.00136551384696769,0.000185747443996423,0.00339534645504212,0.000370149358952752,0.00630201461223951,0.000485993048624356
"895",45.2000000000001,0.000598447703448521,7.18420067042861e-06,0.00135608981581661,0.000183706386614217,0.00337025999458758,0.000365768780755073,0.00624579817837798,0.000479709799378868
"896",45.25,0.000596641407660665,7.08822202517502e-06,0.00134668470482946,0.000181685647683201,0.00334521071984936,0.000361435872705759,0.00618972453459374,0.000473504167914586
"897",45.3,0.000594842238743833,6.99349780303942e-06,0.00133729919870225,0.00017968505834159,0.00332020144812345,0.000357150188809714,0.00613380302795479,0.000467375266897665
"898",45.35,0.000593050013545211,6.90001204867043e-06,0.0013279339727425,0.000177704450586168,0.00329523495051272,0.000352911285919085,0.00607804274107102,0.000461322216720081
"899",45.4,0.000591264550472651,6.807749002697e-06,0.00131858969278722,0.000175743657276931,0.00327031395167402,0.000348718723741606,0.00602245249440421,0.000455344146707583
"900",45.4500000000001,0.000589485669503025,6.71669309944065e-06,0.00130926701512756,0.000173802512141923,0.00324544112959965,0.000344572064848892,0.0059670408487238,0.000449440194768752
"901",45.5,0.000587713192190806,6.62682896464776e-06,0.00129996658643814,0.000171880849781861,0.00322061911542733,0.000340470874683815,0.00591181610768773,0.00044360950734251
"902",45.55,0.000585946941676693,6.53814141322999e-06,0.00129068904370967,0.0001699785056743,0.00319585049327456,0.000336414721566396,0.00585678632053287,0.000437851239344033
"903",45.6,0.000584186742696442,6.45061544704578e-06,0.00128143501418822,0.000168095316178017,0.00317113780010579,0.000332403176699778,0.00580195928488641,0.000432164554111243
"904",45.65,0.000582432421589822,6.36423625271084e-06,0.00127220511531988,0.000166231118537383,0.0031464835256288,0.000328435814175731,0.00574734254968404,0.000426548623351159
"905",45.7,0.000580683806309667,6.27898919941101e-06,0.00126299995469811,0.000164385750886108,0.00312189011221208,0.000324512210978515,0.00569294341817048,0.000421002627084388
"906",45.75,0.000578940726431097,6.1948598367654e-06,0.00125382013001854,0.000162559052251414,0.00309735995483614,0.000320631946989313,0.00563876895100476,0.000415525753590942
"907",45.8,0.000577203013160825,6.11183389269164e-06,0.00124466622903631,0.000160750862557578,0.00307289540106451,0.000316794604989053,0.00558482596943345,0.000410117199354275
"908",45.85,0.000575470499346617,6.02989727130691e-06,0.00123553882952936,0.000158961022629554,0.00304849875104349,0.00031299977066119,0.00553112105854584,0.000404776169005748
"909",45.9,0.000573743019486809,5.94903605084314e-06,0.00122643849926533,0.000157189374196243,0.00302417225752366,0.00030924703259348,0.00547766057059098,0.000399501875268194
"910",45.95,0.000572020409739987,5.86923648160064e-06,0.00121736579597469,0.000155435759893896,0.00299991812591,0.000305535982279901,0.00542445062836617,0.000394293538900162
"911",46,0.000570302507934726,5.79048498390467e-06,0.00120832126732614,0.000153700023268907,0.00297573851432902,0.000301866189100434,0.00537149712864707,0.000389150388638567
"912",46.05,0.000568589153579431,5.71276814610018e-06,0.00119930545090813,0.000151982008780768,0.00295163553372341,0.000298237299863942,0.00531880574567756,0.00038407166114209
"913",46.1,0.000566880187872272,5.63607272256164e-06,0.00119031887421388,0.000150281561804661,0.00292761124796609,0.000294648890247884,0.00526638193469762,0.000379056600933815
"914",46.15,0.000565175453711202,5.5603856317232e-06,0.00118136205463039,0.00014859852863384,0.00290366767399502,0.000291100563354366,0.00521423093550809,0.000374104460343493
"915",46.2,0.00056347479570402,5.48569395414199e-06,0.00117243549943297,0.000146932756482071,0.00287980678197196,0.000287591925181901,0.00516235777607508,0.000369214499450239
"916",46.25,0.000561778060178547,5.41198493056398e-06,0.00116353970578149,0.000145284093485466,0.00285603049545518,0.000284122584617183,0.00511076662394644,0.000364385986023683
"917",46.3,0.000560085095192817,5.33924596003189e-06,0.0011546751607232,0.000143652388704593,0.00283234069159776,0.000280692153421365,0.0050594633913215,0.00035961819546606
"918",46.3500000000001,0.000558395750545346,5.26746459800194e-06,0.00114584234119788,0.000142037492126138,0.00280873920136064,0.000277300246200802,0.00500845184760425,0.000354910410753
"919",46.4000000000001,0.000556709877785447,5.19662855447861e-06,0.00113704171404646,0.000140439254664312,0.00278522780974238,0.000273946480336752,0.00495773620987008,0.000350261922373324
"920",46.4499999999999,0.000555027330223556,5.12672569218249e-06,0.00112827373602488,0.00013885752816238,0.00276180825603025,0.000270630475777495,0.0049073205016693,0.000345672028268452
"921",46.5,0.000553347962941606,5.05774402473602e-06,0.00111953885382138,0.000137292165393944,0.00273848223406714,0.00026735185418727,0.00485720855672461,0.000341140033769615
"922",46.5500000000001,0.000551671632803437,4.98967171485563e-06,0.00111083750407542,0.000135743020063753,0.00271525139252962,0.000264110232502657,0.00480740402261969,0.000336665251530788
"923",46.5999999999999,0.000549998198465199,4.92249707257687e-06,0.0011021701134019,0.000134209946808639,0.00269211733522564,0.000260905641011219,0.00475791036449451,0.00033224700145727
"924",46.65,0.000548327520385722,4.85620855350078e-06,0.0010935370984188,0.00013269280119832,0.00266908162140746,0.000257736642160594,0.00470873086873622,0.000327884610628335
"925",46.7,0.000546659460836983,4.79079475706143e-06,0.00108493886577841,0.000131191439736085,0.00264614576609912,0.00025460384731941,0.00465986864666177,0.000323577413223303
"926",46.75,0.000544993883914443,4.72624442478817e-06,0.00107637581219854,0.00012970571985875,0.00262331124042877,0.000251506607071496,0.00461132663817017,0.000319324750502423
"927",46.8,0.000543330655547439,4.66254643862763e-06,0.00106784832450214,0.000128235499937396,0.00260057947198797,0.00024844455562935,0.0045631076154096,0.000315125978081729
"928",46.85,0.000541669643509518,4.59968981925458e-06,0.00105935677965598,0.000126780639277257,0.00257795184519268,0.000245417335069887,0.00451521418640417,0.000310980383149335
"929",46.9,0.000540010717428726,4.53766372440708e-06,0.0010509015448131,0.000125340998117598,0.00255542970165785,0.000242424591207165,0.0044676487986642,0.000306887494709619
"930",46.95,0.000538353748797853,4.476457447258e-06,0.00104248297736036,0.000123916437631844,0.00253301434058932,0.000239465972951548,0.00442041374278696,0.000302846531488939
"931",47.0000000000001,0.000536698610984606,4.41606041476937e-06,0.00103410142496408,0.000122506819926754,0.00251070701917357,0.000236541132136867,0.00437351115600499,0.000298856914460343
"932",47.0499999999999,0.000535045179241741,4.35646218611868e-06,0.00102575722562568,0.000121112008042699,0.00248850895299694,0.000233649723457952,0.00432694302574852,0.000294918027469839
"933",47.0999999999999,0.00053339333071706,4.29765245107866e-06,0.00101745070773101,0.000119731865952306,0.00246642131645057,0.000230791404437841,0.00428071119312811,0.000291029260276403
"934",47.1500000000001,0.000531742944463375,4.23962102847188e-06,0.00100918219011013,0.000118366258560286,0.00244444524316519,0.000227965835409657,0.00423481735643065,0.000287190009392941
"935",47.1999999999999,0.000530093901448359,4.18235786461143e-06,0.00100095198209518,0.000117015051702412,0.00242258182644288,0.000225172679501785,0.00418926307455761,0.000283399677726156
"936",47.25,0.000528446084564218,4.12585303176336e-06,0.000992760383581076,0.000115678112144448,0.00240083211969776,0.000222411602625364,0.00414404977043174,0.000279657674694702
"937",47.2999999999999,0.000526799378637363,4.07009672664265e-06,0.000984607685090976,0.000114355307581354,0.00237919713691072,0.000219682273463487,0.00409917873438087,0.000275963416189394
"938",47.35,0.000525153670437815,4.01507926889515e-06,0.000976494167839274,0.000113046506635617,0.00235767785307873,0.000216984363459254,0.00405465112745902,0.000272316324519417
"939",47.3999999999999,0.000523508848688597,3.96079109964313e-06,0.000968420103803647,0.000111751578856582,0.00233627520468883,0.000214317546806206,0.00401046798476643,0.00026871582835679
"940",47.4499999999999,0.000521864804074852,3.90722277998713e-06,0.000960385755790156,0.000110470394718213,0.0023149900901742,0.000211681500435747,0.00396663021868056,0.000265161362677465
"941",47.5000000000001,0.000520221429252875,3.85436498959209e-06,0.000952391377510397,0.00010920282561837,0.00229382337040262,0.000209075904007787,0.00392313862210142,0.000261652368707122
"942",47.55,0.000518578618858971,3.80220852522992e-06,0.000944437213651541,0.000107948743876519,0.002272775869146,0.000206500439898265,0.00387999387160569,0.000258188293863167
"943",47.6,0.000516936269518043,3.75074429937383e-06,0.000936523499953499,0.000106708022732203,0.00225184837356867,0.000203954793188247,0.00383719653058726,0.000254768591699296
"944",47.6500000000001,0.000515294279852084,3.69996333880566e-06,0.000928650463287386,0.000105480536343313,0.00223104163471871,0.000201438651652687,0.00379474705235167,0.000251392721850057
"945",47.7,0.000513652550488409,3.6498567832212e-06,0.000920818321732869,0.000104266159783836,0.0022103563680157,0.000198951705748115,0.00375264578315145,0.000248060149974433
"946",47.7499999999999,0.00051201098406765,3.60041588386973e-06,0.000913027284659912,0.00010306476904193,0.00218979325374944,0.000196493648601036,0.00371089296519188,0.000244770347700884
"947",47.8,0.000510369485251557,3.55163200220056e-06,0.000905277552810705,0.0001018762410177,0.0021693529375779,0.000194064175995721,0.00366948873958412,0.000241522792369369
"948",47.8499999999999,0.000508727960730566,3.50349660853458e-06,0.000897569318384544,0.000100700453521104,0.00214903603103209,0.000191662986362299,0.00362843314926087,0.000238316967743907
"949",47.8999999999999,0.000507086319231032,3.4560012807252e-06,0.000889902765119934,9.9537238996148e-05,0.00212884311201207,0.000189289780763368,0.0035877261418235,0.000235152362866731
"950",47.9500000000001,0.000505444471522313,3.40913770287432e-06,0.000882278068384308,9.83865709733877e-05,0.00210877472530159,0.00018694426288243,0.00354736757237675,0.000232028472694986
"951",47.9999999999999,0.000503802330423503,3.36289766403455e-06,0.000874695395260471,9.72482823794991e-05,0.00208883138307242,0.000184626123581052,0.00350735720629225,0.000228944797882116
"952",48.0500000000001,0.000502159810809852,3.3172730569277e-06,0.000867154904634317,9.61222459051e-05,0.00206901356539022,0.00018233510136988,0.00346769472192624,0.000225900844723584
"953",48.1,0.000500516829619015,3.27225587668258e-06,0.000859656747284374,9.50084106668257e-05,0.00204932172072324,0.000180070893499492,0.00342837971329396,0.000222896125103167
"954",48.1500000000001,0.000498873305856829,3.22783821960996e-06,0.000852201065976181,9.39065015047936e-05,0.00202975626646164,0.000177833233202716,0.00338941169271686,0.000219930156441027
"955",48.2,0.000497229160602912,3.18401228194305e-06,0.000844787995549466,9.28165498406567e-05,0.00201031758941563,0.000175621799974868,0.00335079009338004,0.000217002461638816
"956",48.2500000000001,0.000495584317015823,3.14077035863626e-06,0.000837417663013541,9.17384125691225e-05,0.00199100604633284,0.000173436330867894,0.00331251427188072,0.000214112569027982
"957",48.3000000000001,0.000493938700337976,3.09810484216228e-06,0.000830090187640944,9.06719420980565e-05,0.00197182196440862,0.000171276547542011,0.00327458351071627,0.000211260012317326
"958",48.35,0.000492292237900117,3.05600822131668e-06,0.000822805681060736,8.96170398900775e-05,0.00195276564179281,0.000169142174171411,0.00323699702071934,0.000208444330540407
"959",48.4000000000001,0.000490644859125502,3.01447308003893e-06,0.00081556424735289,8.85736224987127e-05,0.00193383734809677,0.00016703293743023,0.00319975394344847,0.000205665068003419
"960",48.4499999999999,0.000488996495533692,2.97349209626184e-06,0.000808365983145937,8.75415181093227e-05,0.00191503732490603,0.000164948566479142,0.00316285335354527,0.00020292177423434
"961",48.4999999999999,0.000487347080743907,2.93305804075654e-06,0.000801210977712108,8.65206473508669e-05,0.00189636578628362,0.000162888780405458,0.00312629426102937,0.000200214003931181
"962",48.5500000000001,0.000485696550478096,2.89316377599692e-06,0.000794099313064016,8.55109004774859e-05,0.00187782291927435,0.000160853338125261,0.00309007561355241,0.000197541316910937
"963",48.6000000000001,0.000484044842563519,2.85380225504072e-06,0.000787031064052457,8.45121686076784e-05,0.0018594088844091,0.000158841963866988,0.00305419629860948,0.000194903278059035
"964",48.6500000000001,0.000482391896934942,2.81496652041208e-06,0.000780006298462553,8.35243437202686e-05,0.00184112381620152,0.000156854396585735,0.00301865514569437,0.000192299457278319
"965",48.6999999999999,0.000480737655636427,2.77664970301874e-06,0.000773025077114156,8.25473186507921e-05,0.00182296782365276,0.000154890377647997,0.00298345092842949,0.000189729429439733
"966",48.75,0.000479082062822658,2.73884502105884e-06,0.000766087453958398,8.15809870871653e-05,0.00180494099074289,0.000152949650814178,0.00294858203668044,0.000187192774331716
"967",48.8000000000001,0.000477425064759895,2.70154577895933e-06,0.000759193476177993,8.06252435656851e-05,0.00178704337692867,0.000151031962219671,0.0029140477946158,0.000184689076611074
"968",48.8499999999999,0.000475766609826411,2.66474536630409e-06,0.000752343184283499,7.96799834662855e-05,0.00176927501762764,0.000149137061081011,0.00287984649426281,0.000182217925752479
"969",48.8999999999999,0.000474106648512495,2.62843725680272e-06,0.000745536612215017,7.8745116506514e-05,0.00175163592471277,0.000147264697370295,0.0028459767060226,0.000179778915999888
"970",48.9499999999999,0.000472445133420015,2.59261500725198e-06,0.000738773787440392,7.78205199645119e-05,0.00173412608699463,0.000145414624632733,0.00281243695434538,0.000177371646316494
"971",48.9999999999999,0.000470782019261493,2.5572722565081e-06,0.000732054731053235,7.6906098823634e-05,0.00171674547069958,0.000143586598423979,0.00277922571957986,0.000174995720334045
"972",49.05,0.000469117262858691,2.52240272449061e-06,0.000725379457874647,7.60017518908049e-05,0.00169949401995407,0.000141780376611217,0.00274634143979878,0.000172650746302336
"973",49.1,0.000467450823140745,2.48800021117021e-06,0.000718747976549697,7.51073788043927e-05,0.00168237165725175,0.000139995650757826,0.00271378251255676,0.000170336337034715
"974",49.15,0.000465782661141746,2.45405859559417e-06,0.000712160289648748,7.42228800306414e-05,0.00166537828392953,0.000138232411272892,0.00268154729663128,0.000168052109852381
"975",49.2000000000001,0.000464112739997895,2.42057183490776e-06,0.000705616393765711,7.33481568596534e-05,0.00164851378063212,0.000136490161819543,0.00264963411370841,0.000165797686526933
"976",49.2499999999999,0.000462441024944104,2.38753396339237e-06,0.000699116279617184,7.24831114014732e-05,0.00163177800777522,0.000134768778929996,0.0026180412500334,0.000163572693240891
"977",49.3,0.000460767483310077,2.35493909151451e-06,0.000692659932141342,7.16276465821192e-05,0.00161517080600439,0.000133068018715403,0.00258676695802137,0.000161376763420405
"978",49.35,0.000459092084515929,2.32278140497975e-06,0.000686247330595354,7.07816661394128e-05,0.00159869199664648,0.000131387666012584,0.00255580945782296,0.000159209538691385
"979",49.4,0.000457414800067223,2.29105516381545e-06,0.000679878448656065,6.99450746192409e-05,0.00158234138216586,0.000129727486221113,0.00252516693886857,0.000157070623059809
"980",49.4500000000001,0.000455735603549511,2.25975470144044e-06,0.000673553254515685,6.91177773711507e-05,0.00156611874660397,0.000128087255153611,0.00249483756135177,0.000154959703280373
"981",49.5,0.000454054470622345,2.22887442376668e-06,0.000667271710981271,6.82996805444698e-05,0.00155002385602518,0.000126466750797714,0.00246481945769567,0.000152876409367482
"982",49.5499999999998,0.000452371379012724,2.19840880830278e-06,0.00066103377557225,6.7490691084163e-05,0.00153405645895365,0.000124865753300823,0.00243511073397422,0.000150820394087856
"983",49.6000000000001,0.000450686308508012,2.16835240325049e-06,0.00065483940061381,6.66907167261888e-05,0.00151821628679624,0.000123284044953893,0.00240570947128008,0.000148791313651747
"984",49.65,0.000448999240948375,2.13869982666025e-06,0.00064868853333991,6.58996659941197e-05,0.00150250305428614,0.000121721410177786,0.00237661372710439,0.000146788828352891
"985",49.7,0.000447310160218544,2.10944576553768e-06,0.000642581115983643,6.51174481941538e-05,0.00148691645989059,0.000120177635506482,0.0023478215366235,0.000144812602451618
"986",49.7499999999999,0.000445619052239159,2.08058497500607e-06,0.000636517085876538,6.44066364490785e-05,0.00147145618623774,0.000118652509572701,0.00231933091399621,0.000142862304175501
"987",49.7999999999998,0.000443925904957458,2.05211227744688e-06,0.000630496375540712,6.35791525047961e-05,0.00145612190052176,0.000117145823091832,0.00229113985359556,0.000140937605699783
"988",49.8499999999999,0.000442230708337498,2.02402256168446e-06,0.000624518912787668,6.28228971041281e-05,0.00144091325492106,0.000115657368847664,0.0022632463312412,0.000139038183110854
"989",49.8999999999999,0.000440533454349772,1.99631078214555e-06,0.000618584620809173,6.20751196044737e-05,0.00142582988699289,0.000114186942258649,0.00223564830536449,0.00013716371636266
"990",49.9499999999999,0.00043883413696028,1.96897195804814e-06,0.000612693418271639,6.13357331623562e-05,0.00141087142007322,0.000112734343126616,0.00220834371816077,0.000135313889235394
"991",49.9999999999999,0.000437132752119047,1.94200117259521e-06,0.000606845219408953,6.06046516912651e-05,0.00139603746366908,0.000111299362777341,0.00218133049670562,0.000133488389294246
"992",50.0500000000001,0.000435429297748078,1.91539357218574e-06,0.000601039934116303,5.98817898574456e-05,0.00138132761384995,0.000109881806178595,0.00215460655404773,0.000131686907849003
"993",50.0999999999999,0.000433723773728816,1.88914436562173e-06,0.000595277468040504,5.91670630753068e-05,0.0013667414536267,0.000108481476223209,0.00212816979025816,0.000129909139913099
"994",50.1499999999999,0.000432016181888912,1.86324882333243e-06,0.000589557722671327,5.84603875030216e-05,0.00135227855332956,0.000107098177780446,0.0021020180934577,0.000128154784163524
"995",50.2,0.000430306525988605,1.83770227660973e-06,0.0005838805954326,5.7761680038162e-05,0.00133793847098212,0.000105731717680945,0.00207614934081694,0.000126423542901219
"996",50.2499999999999,0.000428594811706455,1.81250011684264e-06,0.000578245979770352,5.70708583130432e-05,0.00132372075266441,0.000104381904701145,0.00205056139951768,0.00012471512201112
"997",50.3000000000002,0.000426881046624501,1.78763779477807e-06,0.000572653765244129,5.63878406905246e-05,0.00130962493288044,0.000103048549548685,0.00202525212770365,0.000123029230822124
"998",50.3500000000001,0.000425165240213008,1.76311081977174e-06,0.000567103837613333,5.57125462592779e-05,0.00129565053491004,0.000101731464846804,0.00200021937538485,0.000121365582451883
"999",50.4000000000001,0.000423447403814492,1.73891475905926e-06,0.000561596078925375,5.5044871429499e-05,0.00128179707116173,0.000100430465119411,0.00197546098532631,0.000119723893223058
"1000",50.4500000000002,0.000421727550627349,1.71504523703859e-06,0.000556130367603654,5.43847842246544e-05,0.00126806404352196,9.91453667763106e-05,0.00195097479391323,0.000118103882970477
"1001",50.4999999999999,0.000420005695688903,1.69149793454854e-06,0.00055070657853195,5.37321818069544e-05,0.00125445094369194,9.78759802952496e-05,0.00192675863197757,0.000116505276186314
"1002",50.55,0.000418281855857867,1.66826858815869e-06,0.000545324583138542,5.30869817005476e-05,0.00124095725352075,9.66221407862242e-05,0.00190281032560185,0.000114927797198068
"1003",50.6000000000002,0.000416556049796389,1.6453529894915e-06,0.000539984249485127,5.24491403205135e-05,0.00122758244534702,9.53836630434872e-05,0.00187912769692306,0.000113371176931597
"1004",50.6500000000001,0.000414828297951508,1.62274698451366e-06,0.000534685442345843,5.18185009941691e-05,0.00121432598231285,9.41603805965107e-05,0.00185570856487183,0.000111835148568368
"1005",50.7000000000002,0.000413098622536054,1.60044647286585e-06,0.000529428023292417,5.11950621787126e-05,0.00120118731868987,9.29521002678154e-05,0.00183255074591892,0.000110319448533939
"1006",50.7499999999998,0.000411367047509178,1.5784474071887e-06,0.000524211850775751,5.05787344807266e-05,0.00118816590019323,9.17586585419069e-05,0.00180965205478629,0.000108823816461647
"1007",50.8000000000001,0.000409633598556184,1.55674579245406e-06,0.00051903678020596,4.99694263135831e-05,0.00117526116428879,9.05798846098009e-05,0.00178701030513248,0.000107347995156412
"1008",50.8499999999998,0.000407898303068131,1.53533768531371e-06,0.000513902664033788,4.93670712405861e-05,0.00116247254050068,8.9415609429336e-05,0.00176462331022558,0.000105891730559517
"1009",50.9000000000002,0.000406161190120613,1.51421919345026e-06,0.000508809351829867,4.87716105294769e-05,0.0011497994507105,8.82656657104886e-05,0.00174248888358877,0.000104454771713327
"1010",50.9500000000001,0.000404422290452426,1.49338647493653e-06,0.000503756690363192,4.81829413460738e-05,0.00113724130945167,8.71298816716969e-05,0.00172060483962504,0.00010303924512264
"1011",51.0000000000001,0.000402681636443438,1.47283573760322e-06,0.000498744523678908,4.76010074944637e-05,0.00112479752419911,8.6008105815444e-05,0.001698968994222,0.00010163777693113
"1012",51.0499999999998,0.000400939262092226,1.45256323840591e-06,0.000493772693173161,4.70257377462489e-05,0.00111246749564891,8.49001699067618e-05,0.00167757916532761,0.000100257259436591
"1013",51.1000000000001,0.000399195202993098,1.43256528282764e-06,0.000488841037673928,4.64570615301944e-05,0.00110025061800986,8.38059135158568e-05,0.00165643317353556,9.88950741629998e-05
"1014",51.15,0.00039744949631286,1.41283822423857e-06,0.000483949393508571,4.58949089266108e-05,0.00108814627925945,8.2725177890336e-05,0.00163552884259828,9.75509851488346e-05
"1015",51.1999999999999,0.000395702180766932,1.39337846332136e-06,0.000479097594584869,4.53392106633618e-05,0.00107615386143044,8.16578059416601e-05,0.00161486399998257,9.6224759331255e-05
"1016",51.2499999999997,0.0003939532965952,1.37418244746277e-06,0.000474285472461016,4.47898981106596e-05,0.00106427274086751,8.06036422287528e-05,0.00159443624213976,9.49161665122313e-05
"1017",51.3000000000001,0.000392202885537367,1.35524667016577e-06,0.000469512856417981,4.42469032761951e-05,0.00105250228848702,7.95625329409874e-05,0.00157424387318091,9.36249793258319e-05
"1018",51.35,0.000390450990808009,1.33656767046397e-06,0.000464779573529749,4.37101588000649e-05,0.00104084187002903,7.85343262983573e-05,0.0015542845020984,9.23509732053923e-05
"1019",51.3999999999998,0.000388697657071087,1.31814203235972e-06,0.000460085448736838,4.31796054720132e-05,0.00102929084631484,7.7518871198109e-05,0.0015345559760632,9.10939263519542e-05
"1020",51.4499999999999,0.000386942930414175,1.29996638425246e-06,0.000455430304914728,4.26551659077908e-05,0.00101784857348941,7.65160188623017e-05,0.00151505614831248,8.98536197015816e-05
"1021",51.5000000000001,0.000385186858322358,1.28203739836352e-06,0.000450813962938625,4.21367788018509e-05,0.00100651440325235,7.55256219012176e-05,0.00149582005833651,8.86298368917539e-05
"1022",51.5499999999999,0.000383429489651684,1.26435179021169e-06,0.000446236241758599,4.1624379327003e-05,0.000995287683112036,7.45475278456247e-05,0.00147673403340854,8.74223642301716e-05
"1023",51.6000000000001,0.000381670874602294,1.24690631803986e-06,0.000441696958459531,4.11179032693481e-05,0.000984167756599863,7.35818987456372e-05,0.00145790748676032,8.62309906586441e-05
"1024",51.6500000000001,0.000379911064691289,1.22969778228339e-06,0.000437195928329113,4.06172870240572e-05,0.000973153963502139,7.26277215803535e-05,0.00143930112015219,8.50555077179213e-05
"1025",51.7000000000002,0.000378146384004645,1.21272302504707e-06,0.000432732964925528,4.01224675912191e-05,0.00096224564008871,7.16856996950198e-05,0.00142091282315154,8.3895709513518e-05
"1026",51.7499999999998,0.000376384343827429,1.19597892956032e-06,0.000428307880136793,3.96333825708725e-05,0.000951442119319032,7.07554219000742e-05,0.00140274049367803,8.27513926949049e-05
"1027",51.8000000000002,0.000374621270941936,1.17946241967415e-06,0.000423920484248501,3.91499701590805e-05,0.000940742731066491,6.98367448661444e-05,0.00138478203835437,8.16223583444071e-05
"1028",51.8499999999997,0.000372857221855305,1.16317045933351e-06,0.000419570586002435,3.86721691431063e-05,0.000930146802318292,6.89295384912346e-05,0.00136703537280982,8.05083952753538e-05
"1029",51.9000000000003,0.000371092254251058,1.1471000520732e-06,0.00041525799265886,3.81999188971071e-05,0.000919653657382191,6.8033663621795e-05,0.00134949842198919,7.94093364732094e-05
"1030",51.9499999999999,0.000369326426960495,1.13124824051636e-06,0.000410982510056926,3.77331593777302e-05,0.000909262618086521,6.71489864758251e-05,0.00133216912044485,7.83249638076248e-05
"1031",51.9999999999999,0.000367559799933301,1.11561210588759e-06,0.000406743942676481,3.7271831119972e-05,0.000898973003981588,6.62753747164405e-05,0.00131504541262549,7.72550932594041e-05
"1032",52.0499999999998,0.000365792434208398,1.10018876751037e-06,0.00040254209369311,3.6815875232409e-05,0.000888784132522568,6.54126974379658e-05,0.00129812525312871,7.61995364625841e-05
"1033",52.1000000000003,0.000364024391884273,1.08497538231925e-06,0.000398376765034547,3.63652333926924e-05,0.000878695319253841,6.45608251525788e-05,0.00128140660695118,7.5158107219728e-05
"1034",52.1500000000002,0.000362255736089356,1.06996914440773e-06,0.0003942477574444,3.59198478439422e-05,0.000868705878009047,6.37196297787101e-05,0.00126488744975988,7.41306216983e-05
"1035",52.2000000000001,0.000360486530951956,1.05516728453038e-06,0.00039015487053085,3.54796613896233e-05,0.000858815121072871,6.28889846266219e-05,0.00124856576809532,7.31168983022094e-05
"1036",52.2500000000002,0.000358716841570263,1.04056706964683e-06,0.000386097902824302,3.50446173895033e-05,0.000849022359362664,6.20687643860845e-05,0.0012324395596033,7.2116757707286e-05
"1037",52.2999999999997,0.00035694673398212,1.02616580245925e-06,0.000382076651830809,3.461465975526e-05,0.000839326902598004,6.12588451134445e-05,0.00121650683324247,7.11300228335741e-05
"1038",52.3499999999999,0.000355176275134568,1.01196082096753e-06,0.000378090914087981,3.41897329464647e-05,0.000829728059474473,6.04591042194504e-05,0.00120076560949485,7.0156518820524e-05
"1039",52.4,0.000353405532853493,9.97949498005851e-07,0.000374140485213257,3.37697819658562e-05,0.000820225137817277,5.96694207487452e-05,0.00118521392053944,6.91960729998694e-05
"1040",52.45,0.000351634575812937,9.84129240803124e-07,0.00037022515995638,3.3354752355173e-05,0.00081081744474331,5.8889676271013e-05,0.00116984981043601,6.82485148700887e-05
"1041",52.4999999999999,0.000349863473504444,9.70497490554965e-07,0.000366344732252791,3.29445901911891e-05,0.000801504286823741,5.81197483447648e-05,0.00115467133530638,6.73136760715688e-05
"1042",52.5500000000003,0.0003480922962063,9.57051721971162e-07,0.000362498995267642,3.25392420808615e-05,0.00079228497022244,5.73595217295736e-05,0.00113967656347283,6.6391390359976e-05
"1043",52.5999999999999,0.000346321114952798,9.43789442874111e-07,0.000358687741451967,3.21386551578684e-05,0.000783158800861971,5.66088804173739e-05,0.00112486357563829,6.54814935830297e-05
"1044",52.6500000000001,0.000344550001503225,9.30708193748468e-07,0.000354910762582519,3.17427770775325e-05,0.000774125084548885,5.58677096785724e-05,0.00111023046499322,6.45838236538302e-05
"1045",52.7000000000002,0.00034277902831115,9.17805547347862e-07,0.000351167849815661,3.13515560133249e-05,0.00076518312713115,5.51358960511899e-05,0.00109577533740622,6.3698220528004e-05
"1046",52.7500000000002,0.000341008268493423,9.05079108271009e-07,0.000347458793730118,3.09649406523042e-05,0.00075633223462741,5.44133273280666e-05,0.00108149631146338,6.28245261327168e-05
"1047",52.8000000000001,0.000339237795799318,8.92526512555534e-07,0.000343783384372536,3.05828801909535e-05,0.000747571713361534,5.36998925448641e-05,0.0010673915186728,6.19625845158705e-05
"1048",52.85,0.000337467684579628,8.80145427277541e-07,0.000340141411302393,3.02053243310538e-05,0.000738900870094193,5.2995481968194e-05,0.00105345910352416,6.11122415774596e-05
"1049",52.8999999999997,0.000335698009755848,8.67933550159834e-07,0.000336532663637231,2.98322116380825e-05,0.000730319012153787,5.22999870840365e-05,0.00103969722361026,6.02733452009455e-05
"1050",52.9499999999999,0.000333928846789313,8.55888609170728e-07,0.000332956930092804,2.94635164473242e-05,0.000721825447553927,5.16132967971732e-05,0.00102610404971071,5.9445745192815e-05
"1051",53.0000000000002,0.000332160271650543,8.44008362140639e-07,0.00032941399902625,2.90991753391771e-05,0.000713419485116812,5.09353122547909e-05,0.00101267776588372,5.86292939699445e-05
"1052",53.0500000000004,0.000330392360788502,8.32290596390459e-07,0.000325903658480561,2.87391583969967e-05,0.000705100434598338,5.02659250529452e-05,0.000999416569558754,5.78238438488932e-05
"1053",53.0999999999997,0.00032862519110006,8.20733128332312e-07,0.000322425696218583,2.83833884682514e-05,0.000696867606787148,4.96050314391061e-05,0.000986318671586003,5.70292508478883e-05
"1054",53.1499999999997,0.000326858839899398,8.09333803115388e-07,0.00031897989976832,2.8031818448082e-05,0.000688720313629236,4.89525339125276e-05,0.000973382296324999,5.62453722406539e-05
"1055",53.1999999999999,0.000325093384887811,7.98090494253305e-07,0.000315566056460539,2.76844321035416e-05,0.00068065786833311,4.83083211807896e-05,0.000960605681700723,5.5472067111791e-05
"1056",53.2499999999998,0.000323328904123378,7.87001103251073e-07,0.000312183953464076,2.73411620986178e-05,0.000672679585468367,4.76722976977098e-05,0.000947987079247992,5.47091963343308e-05
"1057",53.3000000000003,0.000321565475990841,7.76063559256033e-07,0.000308833377826267,2.70019661141246e-05,0.000664784781075222,4.70443642846243e-05,0.000935524754171971,5.39566225488613e-05
"1058",53.3500000000003,0.000319803179171776,7.65275818708449e-07,0.000305514116511215,2.66668062513234e-05,0.000656972772767791,4.64244228793633e-05,0.000923216985397522,5.32142101425572e-05
"1059",53.4000000000002,0.000318042092614708,7.54635864967511e-07,0.00030222595642837,2.63356217234774e-05,0.000649242879813498,4.58123765238476e-05,0.000911062065579897,5.24818252264452e-05
"1060",53.4499999999996,0.000316282295505599,7.44141707997712e-07,0.000298968684477602,2.60083761378306e-05,0.000641594423250227,4.52081261717947e-05,0.000899058301173949,5.17593356167563e-05
"1061",53.4999999999999,0.000314523867238385,7.33791383994215e-07,0.000295742087573399,2.56850253927192e-05,0.000634026725953336,4.4611583341225e-05,0.000887204012398465,5.10466076793812e-05
"1062",53.5500000000004,0.000312766887385911,7.23582955074658e-07,0.00029254595268758,2.53655258353846e-05,0.000626539112745167,4.4022651202163e-05,0.000875497533381862,5.03459206078681e-05
"1063",53.6000000000002,0.000311011435670908,7.13514508928221e-07,0.000289380066876733,2.50498342574441e-05,0.000619130910467701,4.34412371061122e-05,0.000863937212035786,4.96499381037114e-05
"1064",53.6500000000004,0.000309257591937192,7.0358415848863e-07,0.000286244217315071,2.47379078909789e-05,0.000611801448066952,4.2867249454481e-05,0.000852521410145389,4.89657408978767e-05
"1065",53.7000000000005,0.000307505436121298,6.93790041615978e-07,0.000283138191328114,2.44297044047708e-05,0.000604550056678316,4.2300597687822e-05,0.000841248503367532,4.82908029274365e-05
"1066",53.7500000000002,0.000305755048224176,6.8413032076614e-07,0.000280061776420466,2.41251819000161e-05,0.000597376069697175,4.17411922736289e-05,0.000830116881223071,4.76250018128509e-05
"1067",53.8000000000004,0.000304006508283206,6.7460318268721e-07,0.000277014760310222,2.3824298906754e-05,0.000590278822864029,4.11889448644378e-05,0.00081912494711142,4.69682167399954e-05
"1068",53.8499999999999,0.000302259896344608,6.65206838091382e-07,0.000273996930953665,2.3527017628655e-05,0.000583257654325987,4.06437677573465e-05,0.000808271118288148,4.63203284398606e-05
"1069",53.9000000000004,0.000300515292435863,6.55939521359945e-07,0.000271008076578593,2.32332928002139e-05,0.000576311904717426,4.01055745222027e-05,0.000797553825872253,4.56812191703471e-05
"1070",53.9499999999998,0.000298772776538858,6.46799490223709e-07,0.000268047985707933,2.29430858200307e-05,0.000569440917216976,3.95742796494713e-05,0.000786971514816827,4.50507726960762e-05
"1071",54.0000000000002,0.000297032428562789,6.37785025473566e-07,0.000265116447191161,2.26563569186071e-05,0.000562644037621558,3.90497986085495e-05,0.00077652264390636,4.44288742698216e-05
"1072",54.0499999999995,0.000295294328317976,6.28894430661653e-07,0.000262213250230933,2.23730667383204e-05,0.000555920614407947,3.85320326027299e-05,0.000766205685735351,4.38154106125697e-05
"1073",54.1000000000002,0.000293558555489413,6.20126031799219e-07,0.0002593381844068,2.20931763295177e-05,0.000549269998786001,3.80209504560534e-05,0.000756019126675283,4.32102698923671e-05
"1074",54.1499999999996,0.000291825189611274,6.11478177072485e-07,0.000256491039703011,2.18166471470841e-05,0.000542691544759153,3.75164104999345e-05,0.000745961466854864,4.26133417040093e-05
"1075",54.2000000000005,0.000290094310041068,6.02949236555195e-07,0.000253671606533526,2.1543441046814e-05,0.000536184609175054,3.70183579308484e-05,0.000736031220129063,4.20245170532189e-05
"1076",54.2499999999997,0.000288365995934926,5.94537601930045e-07,0.000250879675768235,2.12735202819724e-05,0.000529748551773095,3.65267095659342e-05,0.000726226914051232,4.14436891071605e-05
"1077",54.3000000000006,0.000286640326222385,5.86241686200782e-07,0.000248115038754395,2.10068474994651e-05,0.000523382735209078,3.6041389930238e-05,0.000716547089827222,4.0870755458486e-05
"1078",54.3499999999995,0.000284917379582474,5.78059923416162e-07,0.000245377487340313,2.07433857362969e-05,0.000517086525057873,3.55623189853586e-05,0.000706990302276429,4.03055959259494e-05
"1079",54.4000000000006,0.000283197234419179,5.69990768408931e-07,0.000242666813902369,2.04830984164251e-05,0.000510859289750455,3.50894196771103e-05,0.000697555119803587,3.9748124348766e-05
"1080",54.4500000000002,0.000281479968838343,5.62032696519351e-07,0.00023998281136523,2.02259493470278e-05,0.000504700400251674,3.46226158428762e-05,0.000688240124345899,3.91982320475082e-05
"1081",54.5000000000004,0.000279765660623957,5.5418420332153e-07,0.000237325273221251,1.99719027147728e-05,0.000498609228636961,3.41618322018548e-05,0.00067904391131697,3.86558183805464e-05
"1082",54.5500000000003,0.000278052524999952,5.4644380437692e-07,0.00023469399355721,1.97209230828789e-05,0.000492585137786413,3.37069943467811e-05,0.000669965089576175,3.81207838621892e-05
"1083",54.5999999999994,0.000276344362906607,5.38810034966283e-07,0.000232088767071978,1.94729753873975e-05,0.000486631885313405,3.32580287342704e-05,0.000661002281366677,3.75930303007089e-05
"1084",54.6499999999997,0.000274639389369282,5.31281449830584e-07,0.000229509389095066,1.92280249336975e-05,0.000480735971103341,3.28148626755697e-05,0.000652154125832523,3.70724607480116e-05
"1085",54.6999999999995,0.000272937680661051,5.23856622929913e-07,0.000226955655609209,1.89860373934534e-05,0.000474909488133616,3.23774243282586e-05,0.000643419265605927,3.65589795059982e-05
"1086",54.7500000000005,0.000271239312623012,5.16534147180898e-07,0.000224427363263185,1.87469788008534e-05,0.000469147672179669,3.19456426865737e-05,0.000634796366230147,3.60524921134889e-05
"1087",54.8000000000005,0.000269544360643778,5.09312634218272e-07,0.000221924309390448,1.85108155495124e-05,0.000463449903605004,3.15194475730452e-05,0.000626284105961155,3.55529053320206e-05
"1088",54.8499999999997,0.000267852899638872,5.02190714153157e-07,0.000219446292024143,1.82775143891989e-05,0.000457815577834137,3.10987697778473e-05,0.000617881102924478,3.5060127130725e-05
"1089",54.8999999999996,0.000266165004030848,4.95167035328147e-07,0.000216993109908658,1.80470424223803e-05,0.000452244095709618,3.06835415037096e-05,0.00060958622905926,3.45740666710076e-05
"1090",54.9500000000001,0.000264480747729896,4.88240264081299e-07,0.000214564562512176,1.781936710098e-05,0.000446734862124561,3.02736930713541e-05,0.000601398054232732,3.40946375709629e-05
"1091",55.0000000000003,0.000262800204114746,4.81409084509935e-07,0.000212160450037743,1.75944562230531e-05,0.000441287285697896,2.98691585673886e-05,0.000593315343699961,3.36217414948376e-05
"1092",55.0500000000007,0.000261123446013985,4.74672198252517e-07,0.000209780573439815,1.73722779299806e-05,0.000435900778694074,2.94698718258963e-05,0.000585336839026854,3.31553009309659e-05
"1093",55.0999999999998,0.000259450545687997,4.68028324236856e-07,0.000207424734428828,1.71528007024817e-05,0.000430574756982519,2.90757674570482e-05,0.000577461293184166,3.26952263843343e-05
"1094",55.1499999999997,0.000257781574811049,4.61476198479882e-07,0.000205092735494272,1.69359933582501e-05,0.000425308640060179,2.86867808402823e-05,0.00056968747220181,3.22414327599362e-05
"1095",55.1999999999995,0.000256116604454242,4.55014573847653e-07,0.000202784379914211,1.67218250482075e-05,0.000420101851049328,2.83028481150336e-05,0.000562014154178813,3.17938360455743e-05
"1096",55.2499999999995,0.000254455705068535,4.48642219845654e-07,0.000200499471775853,1.65102652536854e-05,0.000414953816720935,2.79239061731689e-05,0.000554440129793362,3.13523533848277e-05
"1097",55.3000000000001,0.000252798946468405,4.42357922390607e-07,0.000198237815989271,1.63012837829231e-05,0.000409863967502095,2.75498926502323e-05,0.000546964202178168,3.09169029408934e-05
"1098",55.3499999999999,0.000251146397816005,4.3616048361566e-07,0.000195999218312119,1.60948448920829e-05,0.00040483173750819,2.71807459185859e-05,0.000539585186873696,3.04874039611272e-05
"1099",55.3999999999993,0.000249498127605556,4.30048721632723e-07,0.000193783485357312,1.58909309706112e-05,0.000399856564537677,2.68164031709085e-05,0.000532301911719299,3.00637767437453e-05
"1100",55.4500000000001,0.00024785420364837,4.2402147035254e-07,0.000191590424619272,1.5689505414005e-05,0.00039493789011068,2.6456807880395e-05,0.000525113216809132,2.96459429837607e-05
"1101",55.4999999999998,0.000246214693058467,4.18077579255834e-07,0.000189419844479983,1.5490548584145e-05,0.000390075159464784,2.61018988311079e-05,0.000518017954385785,2.9233824406943e-05
"1102",55.5500000000003,0.000244579662238187,4.12215913197821e-07,0.000187271554224559,1.52940170931865e-05,0.00038526782157478,2.57516172620317e-05,0.00051101498876962,2.88273446795371e-05
"1103",55.6,0.000242949176864805,4.06435352215594e-07,0.000185145364055464,1.5099882774694e-05,0.000380515329171683,2.54059076791156e-05,0.000504103196287669,2.84264281783547e-05
"1104",55.65,0.000241323301877142,4.0073479130794e-07,0.000183041085094433,1.49081331006048e-05,0.000375817138735952,2.50647077367644e-05,0.000497281465165731,2.80310002666303e-05
"1105",55.6999999999993,0.000239702101462973,3.95113140269852e-07,0.000180958529402625,1.4718729823559e-05,0.000371172710532574,2.47279631432342e-05,0.000490548695482141,2.76409872836797e-05
"1106",55.7500000000007,0.000238085639046552,3.89569323472023e-07,0.000178897509978886,1.45316473849406e-05,0.000366581508597754,2.43956178796169e-05,0.000483903798669104,2.72563165307181e-05
"1107",55.7999999999993,0.00023647397727715,3.84102279682872e-07,0.000176857840772289,1.43468625018823e-05,0.000362043000757596,2.40676165944015e-05,0.000477345698888291,2.68769162596004e-05
"1108",55.8499999999996,0.000234867178017117,3.78710961884324e-07,0.000174839336691191,1.41643404489074e-05,0.000357556658638695,2.37439045964308e-05,0.000470873330906579,2.6502715661104e-05
"1109",55.8999999999998,0.000233265302331456,3.73394337069151e-07,0.00017284181360421,1.39840588291486e-05,0.000353121957660397,2.3424426239128e-05,0.000464485641281099,2.61336448519091e-05
"1110",55.9499999999996,0.000231668410477066,3.68151386077806e-07,0.000170865088354922,1.38059914290011e-05,0.00034873837705699,2.31091313102517e-05,0.00045818158799267,2.57696332724509e-05
"1111",56.0000000000002,0.000230076561892712,3.62981103401578e-07,0.000168908978762878,1.36301074441763e-05,0.000344405399868967,2.27979654787006e-05,0.000451960140341323,2.54106158716468e-05
"1112",56.0500000000009,0.000228489815189522,3.57882497013054e-07,0.000166973303633834,1.34563913728306e-05,0.000340122512954228,2.24908766204218e-05,0.000445820278871437,2.5056524052184e-05
"1113",56.1,0.000226908228141778,3.52854588178145e-07,0.000165057882761952,1.32848126377565e-05,0.000335889206981021,2.21878132349308e-05,0.00043976099527156,2.47072915240621e-05
"1114",56.1500000000009,0.00022533185767801,3.4789641129543e-07,0.00016316253694131,1.3115349916531e-05,0.000331704976441088,2.18887244389156e-05,0.000433781292304098,2.43628528675063e-05
"1115",56.2000000000002,0.000223760759873056,3.43007013714011e-07,0.000161287087968194,1.29479700726599e-05,0.000327569319642027,2.1593559958153e-05,0.000427880183706112,2.40231435212178e-05
"1116",56.2500000000002,0.00022219498993981,3.3818545557566e-07,0.000159431358651573,1.27826535613318e-05,0.000323481738717472,2.13022702139327e-05,0.000422056694116517,2.36880997722664e-05
"1117",56.2999999999999,0.000220634602222051,3.33430809623254e-07,0.00015759517280956,1.26193758737694e-05,0.000319441739606109,2.10148060210194e-05,0.000416309858959686,2.33576587435752e-05
"1118",56.3499999999991,0.000219079650187294,3.28742161060974e-07,0.000155778355284664,1.24581129265066e-05,0.000315448832071928,2.07311189401981e-05,0.000410638724388792,2.3031758384907e-05
"1119",56.3999999999999,0.00021753018642015,3.24118607377755e-07,0.000153980731943866,1.22988387980313e-05,0.000311502529690833,2.04511610770475e-05,0.000405051859945544,2.27103374611467e-05
"1120",56.4499999999992,0.000215986262616342,3.19559258185877e-07,0.000152202129683399,1.21415343354463e-05,0.000307602324432101,2.01748836436655e-05,0.000399519794654392,2.23933355413848e-05
"1121",56.5000000000003,0.000214447929576593,3.15063235062481e-07,0.000150442376433607,1.19861741052758e-05,0.000303747787756658,1.99022188686547e-05,0.000394070144570418,2.20806929878074e-05
"1122",56.55,0.000212915237201638,3.10629671397085e-07,0.00014870130116509,1.18327351520479e-05,0.000299938419746388,1.96331948804884e-05,0.000388692485061563,2.17723509444891e-05
"1123",56.6000000000009,0.000211388234486861,3.06257712226758e-07,0.000146978733888954,1.16811947742552e-05,0.000296173749169129,1.93676853285923e-05,0.000383385914526063,2.14682513253137e-05
"1124",56.6499999999991,0.000209866969518115,3.01946514092566e-07,0.000145274505664348,1.15315305221254e-05,0.000292453308577666,1.91056747940457e-05,0.000378149541552054,2.11683368069382e-05
"1125",56.6999999999995,0.000208351489467046,2.97695244883679e-07,0.000143588448600136,1.13837201948865e-05,0.000288776634292761,1.88471173415892e-05,0.000372982484823187,2.08725512912439e-05
"1126",56.7500000000004,0.000206841840587786,2.9350308368749e-07,0.000141920395857883,1.12377418381658e-05,0.0002851432663822,1.85919706666019e-05,0.000367883873028889,2.05808354522883e-05
"1127",56.7999999999999,0.000205338068213318,2.89369220636554e-07,0.00014027018165256,1.10935737412007e-05,0.000281552748617934,1.83401903115907e-05,0.000362852844768036,2.02931423459724e-05
"1128",56.850000000001,0.000203840216752293,2.85292856776812e-07,0.000138637641260717,1.09511985959664e-05,0.000278004628400862,1.80917333534193e-05,0.000357888548475483,2.00094105033865e-05
"1129",56.9000000000006,0.000202348329686686,2.81273203914328e-07,0.00013702261101912,1.08105868658531e-05,0.000274498456491537,1.78465573906223e-05,0.000352990142318845,1.97295883449908e-05
"1130",56.9500000000009,0.000200862449569155,2.77309484471077e-07,0.00013542492832599,1.06717216851206e-05,0.000271033785871857,1.76046205373684e-05,0.000348156794101671,1.94536230100231e-05
"1131",57.0000000000003,0.000199382618021357,2.73400931349805e-07,0.000133844431644907,1.05345822929113e-05,0.000267610161339959,1.73658814179257e-05,0.000343387681171203,1.91814622897839e-05
"1132",57.0500000000005,0.000197908875732154,2.69546787798792e-07,0.000132280960507755,1.03991481603983e-05,0.000264227339410344,1.71302991610693e-05,0.00033868199031715,1.89130546770372e-05
"1133",57.0999999999991,0.000196441262456589,2.65746307264277e-07,0.000130734355511721,1.02653989880472e-05,0.000260884470021477,1.68978333936856e-05,0.000334038917646192,1.86483493289171e-05
"1134",57.1500000000008,0.000194979817014664,2.61998753267257e-07,0.000129204458325208,1.01333147036918e-05,0.00025758144021434,1.66684442358134e-05,0.000329457668494804,1.83872960765752e-05
"1135",57.1999999999993,0.000193524577291295,2.58303399264885e-07,0.000127691111686616,1.00028754600277e-05,0.000254317753024685,1.64420922946976e-05,0.000324937457425909,1.81298454153674e-05
"1136",57.2499999999993,0.000192074642239241,2.54659528514847e-07,0.000126194159403376,9.87406163216855e-06,0.000251092981337995,1.6218738734149e-05,0.00032047751953388,1.7875948496234e-05
"1137",57.2999999999996,0.000190631923478468,2.51066433957988e-07,0.000124713446357568,9.7468538158061e-06,0.000247906705107795,1.59983454930248e-05,0.000316077051447888,1.76255571181196e-05
"1138",57.350000000001,0.000189195518475548,2.47523418079429e-07,0.000123248818501863,9.62123282457146e-06,0.000244758508620348,1.57808736386152e-05,0.000311735344305782,1.73786237188938e-05
"1139",57.3999999999995,0.000187765461374684,2.44029792787965e-07,0.00012180012286205,9.49717968800256e-06,0.00024164798001179,1.55662861930261e-05,0.000307451620625562,1.71351013675312e-05
"1140",57.4499999999996,0.000186341785386467,2.4058487928006e-07,0.000120367207532346,9.37467564892623e-06,0.00023857471111369,1.53545461169367e-05,0.000303225144391579,1.6894943755208e-05
"1141",57.5,0.000184924522789652,2.3718800794047e-07,0.00011894992168505,9.25370216210349e-06,0.000235538297413664,1.51456168267113e-05,0.000299055184372633,1.66581051889378e-05
"1142",57.5499999999994,0.000183513704932602,2.3383851819384e-07,0.000117548115558985,9.13424089109468e-06,0.000232538337997324,1.49394621875189e-05,0.000294941017555008,1.64245405817781e-05
"1143",57.6000000000008,0.000182109362235093,2.30535758402094e-07,0.000116161640466137,9.01627370671472e-06,0.000229574435539494,1.47360465092243e-05,0.000290881929592024,1.61942054462169e-05
"1144",57.65,0.000180711524190848,2.272790857434e-07,0.000114790348789831,8.89978268479767e-06,0.00022664619628164,1.45353345411073e-05,0.00028687721444212,1.59670558738061e-05
"1145",57.6999999999987,0.000179320219369645,2.24067866091033e-07,0.000113434093982027,8.78475010392014e-06,0.000223753230009552,1.43372914665344e-05,0.000282926174361264,1.57430485742067e-05
"1146",57.7499999999991,0.000177935475420214,2.20901473895238e-07,0.000112092730561036,8.67115542456271e-06,0.000220895150033054,1.41418828977729e-05,0.000279028119912282,1.55221408009412e-05
"1147",57.8000000000004,0.000176557319073349,2.17779292080304e-07,0.000110766114114898,8.55898745366018e-06,0.000218071573178363,1.39490748717053e-05,0.000275182369867348,1.53042903866706e-05
"1148",57.849999999999,0.000175185776145175,2.14700711923189e-07,0.000109454101296173,8.44822595774789e-06,0.000215282119762553,1.37588328516915e-05,0.000271388251114548,1.5089455725274e-05
"1149",57.8999999999992,0.000173820871540369,2.116651329474e-07,0.000108156549822411,8.33885344333865e-06,0.000212526413580339,1.35711256108062e-05,0.000267645098581869,1.48775959596902e-05
"1150",57.9500000000006,0.000172462629256277,2.08671962810643e-07,0.000106873318473221,8.23085749599123e-06,0.00020980408188382,1.33859195180026e-05,0.000263952255152251,1.46686702366788e-05
"1151",58.0000000000002,0.000171111072386858,2.05720617195478e-07,0.00010560426708784,8.12421129634124e-06,0.000207114755363435,1.32031835041973e-05,0.00026030907158102,1.44626387500449e-05
"1152",58.0499999999991,0.000169766223126736,2.02810519706021e-07,0.000104349256564562,8.01890804346975e-06,0.000204458068132969,1.30228832502918e-05,0.000256714906419529,1.42594620678048e-05
"1153",58.0999999999991,0.00016842810277576,1.99941101764576e-07,0.00010310814885941,7.91492974952824e-06,0.000201833657713054,1.28449883972996e-05,0.000253169125937473,1.40591012841156e-05
"1154",58.1500000000002,0.000167096731743751,1.97111802502064e-07,0.000101880806981396,7.81225824254304e-06,0.000199241165007549,1.266946781703e-05,0.000249671104036353,1.38615180120445e-05
"1155",58.2000000000014,0.000165772129555368,1.94322068657581e-07,0.000100667094990994,7.71087867431968e-06,0.000196680234286817,1.24962907676486e-05,0.000246220221960351,1.3666674376965e-05
"1156",58.2500000000004,0.000164454314855231,1.91571354474813e-07,9.94668779965306e-05,7.61077726202349e-06,0.000194150513166705,1.23254268890215e-05,0.000242815869018297,1.34745330097237e-05
"1157",58.2999999999991,0.000163143305413068,1.88859121613708e-07,9.8279975203468e-05,7.51193470140336e-06,0.000191651652600184,1.21568453976268e-05,0.000239457441380104,1.32853622091508e-05
"1158",58.3499999999987,0.000161839118129353,1.86184839034504e-07,9.71063491730874e-05,7.41433772436524e-06,0.000189183306842181,1.19905182696903e-05,0.000236144342697871,1.30982093352569e-05
"1159",58.3999999999998,0.000160541769040978,1.83547982909273e-07,9.59458197800922e-05,7.31796868540146e-06,0.000186745117304654,1.18264154780608e-05,0.000232875983868867,1.2913955431815e-05
"1160",58.4500000000013,0.000159251273327162,1.80948036536456e-07,9.4798298751772e-05,7.22281794782266e-06,0.000184336775762875,1.16645081461995e-05,0.000229651782972181,1.2732259245229e-05
"1161",58.4999999999985,0.000157967645315548,1.7838449021857e-07,9.36635699109357e-05,7.12886805196188e-06,0.000181957931444742,1.15047677563634e-05,0.00022647116515865,1.25530858384129e-05
"1162",58.5500000000008,0.000156690898487948,1.75856841198073e-07,9.25414984399451e-05,7.03610441926731e-06,0.000179608271805548,1.13471661470838e-05,0.000223333562611915,1.23764007427561e-05
"1163",58.6000000000013,0.000155421045487524,1.733645935472e-07,9.14320700176254e-05,6.94451428438167e-06,0.000177287428437467,1.11916755076311e-05,0.000220238414451396,1.22021699507668e-05
"1164",58.650000000001,0.000154158098124705,1.70907258082261e-07,9.03350839129184e-05,6.8540798349179e-06,0.00017499509383619,1.10382684064048e-05,0.000217185166664661,1.20303599104086e-05
"1165",58.7000000000001,0.000152902067384096,1.68484352271738e-07,8.92504256886817e-05,6.76478904529551e-06,0.000172730944876216,1.08869176894706e-05,0.000214173272031148,1.18609375189766e-05
"1166",58.7499999999993,0.000151652963431298,1.6609540015047e-07,8.81780013391833e-05,6.67662792721768e-06,0.000170494661584339,1.07375965874972e-05,0.000211202190052519,1.1693870117362e-05
"1167",58.7999999999997,0.000150410795619886,1.63739932230703e-07,8.71176236293784e-05,6.58958159807934e-06,0.000168285927118013,1.05902786566918e-05,0.000208271386878229,1.15291254840376e-05
"1168",58.8499999999991,0.000149175572498627,1.61417485413087e-07,8.60692029483435e-05,6.50363866722497e-06,0.000166104415016083,1.04449377844541e-05,0.000205380335230129,1.13666718289381e-05
"1169",58.9000000000012,0.000147947301818496,1.59127602906819e-07,8.50326177520037e-05,6.41878455005039e-06,0.000163949839814788,1.03015464826365e-05,0.000202528514337574,1.12064777878128e-05
"1170",58.9499999999991,0.000146725990540467,1.56869834140527e-07,8.40077474952013e-05,6.33500596189539e-06,0.000161821881459911,1.01600865441328e-05,0.000199715409860147,1.10485124156803e-05
"1171",59.0000000000005,0.000145511644842377,1.54643734679236e-07,8.29944726272152e-05,6.25228977215104e-06,0.00015972023541384,1.00205220990421e-05,0.000196940513817092,1.08927451805021e-05
"1172",59.0500000000012,0.000144304270127194,1.52448866147416e-07,8.19926745894057e-05,6.17062300278072e-06,0.000157644600165335,9.88283457091662e-06,0.000194203324523485,1.0739145957974e-05
"1173",59.1000000000006,0.000143103871030352,1.50284796136638e-07,8.10022358051801e-05,6.08999282623076e-06,0.000155594677195279,9.74699806799358e-06,0.000191503346506347,1.05876851842762e-05
"1174",59.1500000000015,0.00014191045142758,1.48151098143856e-07,8.00230396832737e-05,6.01038656444069e-06,0.000153570170967795,9.61298925066259e-06,0.000188840090458069,1.0438333668147e-05
"1175",59.1999999999996,0.00014072401444307,1.46047351475896e-07,7.90549706048984e-05,5.93179168655641e-06,0.000151570789597668,9.48078365754757e-06,0.000186213073146725,1.02910612445521e-05
"1176",59.249999999999,0.00013954456245713,1.43973141172296e-07,7.80979274911761e-05,5.85419789845857e-06,0.000149596242605528,9.35035768868833e-06,0.000183621817348189,1.0145841141189e-05
"1177",59.3000000000014,0.000138372097114532,1.41928057949583e-07,7.71517771636909e-05,5.77758878863335e-06,0.000147646243603663,9.22168804263205e-06,0.000181065851803741,1.00026443721894e-05
"1178",59.3500000000009,0.00013720661933282,1.39911698090259e-07,7.62164137224199e-05,5.70195432999921e-06,0.000145720508797556,9.09475171066613e-06,0.000178544711106821,9.86144323753446e-06
"1179",59.4000000000011,0.000136048129310182,1.37923663405406e-07,7.52917255096507e-05,5.62728256522819e-06,0.000143818757288696,8.96952597565751e-06,0.000176057935679209,9.72221035322665e-06
"1180",59.4500000000005,0.000134896626534121,1.35963561126633e-07,7.43776018204256e-05,5.55356167603406e-06,0.000141940543115051,8.84598840642336e-06,0.000173605071655122,9.58491870218312e-06
"1181",59.5,0.000133752109789684,1.34031003865528e-07,7.34739329129165e-05,5.48077998286837e-06,0.000140086114007205,8.72411685632909e-06,0.000171185670844918,9.44954162777556e-06
"1182",59.5499999999991,0.000132614577168032,1.32125609508581e-07,7.25806099882521e-05,5.40892594217026e-06,0.000138254646800754,8.60388945779875e-06,0.000168799290617312,9.31605282949462e-06
"1183",59.6000000000017,0.000131484026074826,1.30247001176545e-07,7.16975251999249e-05,5.33798814601948e-06,0.000136446073585073,8.48528462086497e-06,0.000166445493891164,9.18442636218059e-06
"1184",59.6500000000011,0.000130360453239164,1.28394807137695e-07,7.08245716411818e-05,5.26795532003358e-06,0.000134660116248572,8.36828102879137e-06,0.000164123852894542,9.0546366303767e-06
"1185",59.7000000000006,0.000129243854721746,1.26568660736394e-07,6.99616433390463e-05,5.19881632181917e-06,0.000132896523996688,8.25285767220532e-06,0.000161833917807813,8.92665838353763e-06
"1186",59.7499999999997,0.000128134225923863,1.24768200336975e-07,6.91086352551141e-05,5.13056013998317e-06,0.000131155027513845,8.13899396183937e-06,0.000159575319613224,8.80046671233023e-06
"1187",59.7999999999991,0.000127031561596031,1.22993069249153e-07,6.82654432771796e-05,5.06317589242605e-06,0.000129435368159955,8.02666889071702e-06,0.000157347599269691,8.67603787625901e-06
"1188",59.8500000000007,0.000125935855846736,1.21242915656467e-07,6.74319642117948e-05,4.99665282472818e-06,0.000127737289976636,7.915862466479e-06,0.000155150358667062,8.55334513576346e-06
"1189",59.8999999999989,0.000124846628005839,1.19517392560036e-07,6.66080957836483e-05,4.93098030909846e-06,0.000126060539674995,7.80655469077487e-06,0.00015298319329524,8.43236707472178e-06
"1190",59.9500000000003,0.00012376481899859,1.17816157716142e-07,6.57937366316021e-05,4.86614784307099e-06,0.00012440486661668,7.6987258198752e-06,0.000150845703425252,8.31307927006811e-06
"1191",60.0000000000006,0.000122689947131188,1.16138873555328e-07,6.49887862954217e-05,4.80214504747742e-06,0.000122770022776117,7.59235636051382e-06,0.000148737494467598,8.19545844944559e-06
