"speed","origin_CN","origin_SE","CN_r=-0.5","SE_r=-0.5","CN_r=-0.2","SE_r=-0.2","CN_r=1","SE_r=1","CN_r=2","SE_r=2","CN_r=4","SE_r=4"
"1",0.5,1.19469632895105e-09,0.000151189262207051,0.000667685368026691,0.000474011133096425,3.16633694728226e-05,8.17910670839605e-05,6.22271131852696e-11,1.7388433467962e-10,7.61440879177939e-16,2.15039554808609e-15,8.4453106591921e-26,2.43642959969969e-25
"2",0.55,2.11156651939168e-09,0.00019404535016427,0.000764716448635038,0.000644490786313173,4.09710988637459e-05,0.000103097865296702,1.30991288224013e-10,3.54737384087516e-10,2.40503690294546e-15,6.58245208369419e-15,6.00546681785517e-25,1.67907002075502e-24
"3",0.6,3.54596574264484e-09,0.000242804800753631,0.00086454739175767,0.000851957216584753,5.17581366314756e-05,0.000127153438934549,2.57672121517591e-10,6.78304072613443e-10,6.84391388247782e-15,1.82080324753815e-14,3.57639186169296e-24,9.71985206653656e-24
"4",0.65,5.70437230737999e-09,0.000297444131131396,0.000966822708115507,0.00109957852808351,6.40822072403271e-05,0.000153986191745327,4.78828075266251e-10,1.22834928527309e-09,1.78423810195398e-14,4.62590458855071e-14,1.83512461212429e-23,4.86032706934396e-23
"5",0.7,8.84693406024558e-09,0.000357899012578189,0.0010712260493623,0.00139093785612679,7.79932385976457e-05,0.000183613027740791,8.47717209559419e-10,2.12375421198394e-09,4.31733373472331e-14,1.09312692566886e-13,8.29490077592847e-23,2.14546898066294e-22
"6",0.75,1.32948559856229e-08,0.000424066898050652,0.00117747385559746,0.0017292467501443,9.35339442747938e-05,0.000216040730390546,1.43943506413077e-09,3.52817432535258e-09,9.79649378315362e-14,2.42678052103892e-13,3.36119848776192e-22,8.50570011344206e-22
"7",0.8,1.94379006172612e-08,0.000495826006815954,0.00128531041532103,0.00211719609170569,0.000110740350011243,0.000251267132316906,2.35694105821737e-09,5.66107755027286e-09,2.10197359614136e-13,5.1024611851512e-13,1.23837055408778e-21,3.07085382550761e-21
"8",0.85,2.77419406942545e-08,0.000573021384820783,0.0013945039496384,0.00255819572314301,0.000129642273090016,0.000289282119887076,3.73800088289903e-09,8.81015477442718e-09,4.29375499770331e-13,1.02278348522007e-12,4.19661613186879e-21,1.0211787453362e-20
"9",0.9,3.87565075616314e-08,0.000655482611981338,0.00150484345676434,0.00305506053156668,0.000150263761275855,0.000330068505191049,5.76305883755775e-09,1.33450734435252e-08,8.39741582147864e-13,1.96524259071211e-12,1.32067848749122e-20,3.15735697427208e-20
"10",0.95,5.31222828597303e-08,0.000743024219608338,0.00161613613242794,0.00360986807245552,0.000172623496633341,0.00037360278973921,8.66404066155276e-09,1.97325250167386e-08,1.57979351612869e-12,3.63634800969697e-12,3.89068628014182e-20,9.14844751136342e-20
"11",1,7.15784850311805e-08,0.000835448974575242,0.00172820523429012,0.00381422021936381,0.000196735168523201,0.000419855838478415,1.27340743733201e-08,2.85524987267851e-08,2.87034178609434e-12,6.5044964812089e-12,1.08026978263284e-19,2.50073902977227e-19
"12",1.05,9.49701060732806e-08,0.000932550688845411,0.00184088829407621,0.00400341391958643,0.00022260781930401,0.000468793478596486,1.83381041485571e-08,4.05156975331578e-08,5.05386920219551e-12,1.12848730575508e-11,2.8433428116411e-19,6.48571677018201e-19
"13",1.1,1.24254957757293e-07,0.00103411662230331,0.00195403560581715,0.00419053215935737,0.000250246165672481,0.000520377034551277,2.5924360505249e-08,5.64819974614533e-08,8.64855168016403e-12,1.90436289469654e-11,7.12984504612948e-19,1.60377150376896e-18
"14",1.15,1.60510490210056e-07,0.00113992953638322,0.00206750893608053,0.00437549456179225,0.000279650898110532,0.000574563808490166,3.60366391401515e-08,7.74798387285436e-08,1.44209501274265e-11,3.13359776385844e-11,1.71064162531014e-18,3.79720885500383e-18
"15",1.2,2.04940349297034e-07,0.00124976944728844,0.00218118041468796,0.00455823052587372,0.00031081896053819,0.000631307513499358,4.93273307728104e-08,1.04726426168557e-07,2.34820874510704e-11,5.03861316240315e-11,3.9418561134452e-18,8.64034650943966e-18
"16",1.25,2.5888064265194e-07,0.00136341512033064,0.00229493157366863,0.00473867811698523,0.000343743811974418,0.000690558665789886,6.65711353664884e-08,1.39648607474978e-07,3.74123728999131e-11,7.93181071994509e-11,8.75265161262499e-18,1.89562665613718e-17
"17",1.3,3.23805887461709e-07,0.00148064534083459,0.00240865250908824,0.0049167831188713,0.000378415671766391,0.000752264940885172,8.86793861544144e-08,1.83904290612569e-07,5.84216190601215e-11,1.22447552370847e-10,1.87819688889892e-17,4.02136705020458e-17
"18",1.35,4.01334616233748e-07,0.00160123999194199,0.00252224114559195,0.00509249821794955,0.000414821749749064,0.000816371498050435,1.16714902028321e-07,2.3940425636308e-07,8.95512041029292e-11,1.85645884289981e-10,3.9050559987358e-17,8.26984256688179e-17
"19",1.4,4.93234619743891e-07,0.00172498096533816,0.00263560258747338,0.00526578229706184,0.000452946462531928,0.000882821276544218,1.51907281050625e-07,3.08334218269727e-07,1.34926251421399e-10,2.76789138379811e-10,7.88492662096007e-17,1.65236629339245e-16
"20",1.45,6.01427809188096e-07,0.00185165292728091,0.00274864854315258,0.00543659982042887,0.000492771636971638,0.000951555266739011,1.95668543123349e-07,3.93176980144686e-07,2.00066517743125e-10,4.06305011202689e-10,1.54933935185267e-16,3.21425554856709e-16
"21",1.5,7.27994682239675e-07,0.00198104395921971,0.00286129681234424,0.00560492029516139,0.000534276701772493,0.00102251275872276,2.49609026164929e-07,4.96734540700141e-07,2.92265485637548e-10,5.87832602793876e-10,2.96809095902085e-16,6.09830908707097e-16
"22",1.55,8.75178380248441e-07,0.00211294608966268,0.002973470827089,0.00577071779746504,0.000577438868057438,0.00109563157063505,3.15553437478959e-07,6.22149995650027e-07,4.21047933099583e-10,8.39010311411568e-10,5.55282267266304e-16,1.13033104473803e-15
"23",1.6,1.04538832621088e-06,0.00224715573170565,0.00308509923932535,0.00593397055385441,0.000622233299667082,0.00117084825869473,3.95556960306497e-07,7.72929089695595e-07,5.98716987475387e-10,1.18240818477249e-09,1.01604165525685e-15,2.04980929364247e-15
"24",1.65,1.24120343539443e-06,0.00238347403871751,0.00319611554888733,0.00609466056941296,0.000668633273870876,0.00124809831062778,4.91921314788934e-07,9.52961274040885e-07,8.41002349389204e-10,1.64662176807524e-09,1.82081146164777e-15,3.64181370815263e-15
"25",1.7,1.46537489261704e-06,0.00252170718902997,0.00330645776678893,0.00625277329650654,0.000716610333110777,0.00132731632399531,6.07210672678957e-07,1.16654012937111e-06,1.16782198086435e-09,2.26754509290139e-09,3.19974639415052e-15,6.34674365849692e-15
"26",1.75,1.72082849216974e-06,0.00266166660906478,0.00341606810945158,0.00640829733845756,0.000766134428342227,0.00140843617074506,7.44267326066408e-07,1.41838301945586e-06,1.60417007741584e-09,3.08984090636355e-09,5.52023421905119e-15,1.08617382923816e-14
"27",1.8,2.01066653822777e-06,0.00280316914311197,0.0035248927201826,0.0065612241835768,0.00081717405448838,0.00149139114915906,9.06227012074081e-07,1.71364984660011e-06,2.18114457422745e-09,4.16862653232084e-09,9.35929799938622e-15,1.82729196632885e-14
"28",1.85,2.33816930533009e-06,0.00294603717691904,0.00363288141475011,0.00671154796567301,0.000869696378480551,0.00157611412424127,1.09653379786434e-06,2.05796078695201e-06,2.93712776029746e-09,5.57139387373305e-09,1.56094684853593e-14,3.02472076706205e-14
"29",1.9,2.70679606012115e-06,0.00309009872134113,0.00373998744834656,0.00685926524775338,0.000923667360319751,0.00166253765747799,1.31895443331818e-06,2.45741289108417e-06,3.91913378148544e-09,7.38018199701805e-09,2.56315004122989e-14,4.93068409534449e-14
"30",1.95,3.12018564704699e-06,0.00323518746151055,0.00384616730160532,0.00700437482611637,0.000979051867560238,0.00175059412680754,1.577592082341e-06,2.91859544319559e-06,5.1843368948574e-09,9.69402047759381e-09,4.14718337560626e-14,7.92173193918708e-14
"31",2,3.58215664208521e-06,0.0033811427762997,0.00395138048364736,0.00714687755244277,0.00103581378358576,0.00184021583755247,1.87689934785173e-06,3.44860398063919e-06,6.80179428516992e-09,1.2631661224929e-08,6.61684859199984e-14,1.25529091114521e-13
"32",2.05,4.09670707986782e-06,0.00352780973225317,0.00405558935039882,0.00728677617182856,0.00109391611002198,0.00193133512499425,2.22169051006167e-06,4.05505288417684e-06,8.85437706382936e-09,1.63346158420697e-08,1.04176373822514e-13,1.96325353556728e-13
"33",2.1,4.66801376073363e-06,0.00367503905564542,0.00415875893664319,0.00742407517498428,0.00115332106360422,0.00202388444920654,2.61715290258721e-06,4.74608645831398e-06,1.14409227368648e-08,2.09705147078003e-08,1.61952215547382e-13,3.03243292677514e-13
"34",2.15,5.30043114532526e-06,0.00382268708586635,0.00426085680046229,0.00755878066306449,0.00121399016779734,0.00211779648270674,3.06885735620734e-06,5.53038843019162e-06,1.46786219486442e-08,2.67368029007451e-08,2.48750500304394e-13,4.62854471816552e-13
"35",2.2,5.99848984533088e-06,0.00397061571294043,0.00436185287888237,0.00769090022378991,0.00127588433944494,0.00221300419143559,3.58276764561634e-06,6.41718980474021e-06,1.87056516811604e-08,3.38647868175183e-08,3.7769593595573e-13,6.98512483624326e-13
"36",2.25,6.76689471986495e-06,0.00411869230163781,0.00446171935368114,0.00782044281769668,0.00133896397070656,0.00230944090953061,4.16524888028108e-06,7.41627502306023e-06,2.36840663152728e-08,4.26240438774014e-08,5.67214721193561e-13,1.04280303298903e-12
"37",2.3,7.6105225877912e-06,0.00426678960433192,0.00456043052643145,0.00794741867349089,0.00140318900652514,0.00240704040831959,4.82307478643802e-06,8.53798638022468e-06,2.98029570424771e-08,5.33272060619782e-08,8.42927423061125e-13,1.54076401804179e-12
"38",2.35,8.53441956701814e-06,0.00441478566449145,0.00465796270196136,0.00807183919161184,0.00146851901785188,0.0025057369599252,5.56343383331153e-06,9.7932266678427e-06,3.72818890573127e-08,6.63351262196815e-08,1.24013068962519e-12,2.25408166297184e-12
"39",2.4,9.54379805244578e-06,0.00456256371245996,0.00475429407950019,0.00819371685521306,0.00153491327084165,0.0026054653958406,6.39393416275348e-06,1.11934600157285e-05,4.63746247666266e-08,8.20624340840842e-08,1.80702405091183e-12,3.26651411900766e-12
"40",2.45,1.06440333448185e-05,0.00471001205497099,0.00484940465085846,0.00831306514786293,0.00160233079221947,0.00270616116080724,7.3226072876545e-06,1.27507109158386e-05,5.73731399292238e-08,1.00983486824473e-07,2.60887225287039e-12,4.69084701599149e-12
"41",2.5,1.18406599432425e-05,0.00485702395966564,0.00494327610505841,0.00842989847734544,0.00167073043100686,0.00280776036230097,8.35791053061867e-06,1.44775614202314e-05,7.0611938195912e-08,1.2363871668267e-07,3.73333355411114e-12,6.67774707460959e-12
"42",2.55,1.31393675145649e-05,0.00500349753571968,0.00503589173889127,0.00854423210501098,0.00174007091678574,0.00291019981590922,9.50872818048898e-06,1.6387146513129e-05,8.6472667964729e-08,1.50641375867436e-07,5.29723084336882e-12,9.42695095727017e-12
"43",2.6,1.45459965531882e-05,0.00514933561154746,0.00512723637293042,0.00865608208018684,0.00181031091466814,0.00301341708686137,1.07843713503281e-05,1.84931476651878e-05,1.05389043809522e-07,1.82684676394367e-07,7.45509597474897e-12,1.32013079315014e-11
"44",2.65,1.60665337452072e-05,0.00529444561042595,0.00521729627257598,0.0087654651792094,0.00188140907712996,0.00311735052795552,1.21945765263658e-05,2.08097845857874e-05,1.27852072993206e-07,2.20549319993151e-07,1.0409879044871e-11,1.83442875268814e-11
"45",2.7,1.77071070510164e-05,0.00543873942477299,0.00530605907374698,0.00887239884868613,0.0019533240928591,0.00322193931410751,1.37495028031942e-05,2.33518051964941e-05,1.54415585752064e-07,2.65111410574274e-07,1.44262841278809e-11,2.53016680490942e-11
"46",2.75,1.94739805207424e-05,0.00558213328971825,0.0053935137128741,0.00897690115263518,0.00202601473275975,0.00332712347373249,1.54597278060979e-05,2.61344738558383e-05,1.85702066147092e-07,3.17350739073015e-07,1.98472719068975e-11,3.46482394017048e-11
"47",2.8,2.13735488570127e-05,0.00572454765651933,0.00547965036087763,0.00907899072318643,0.00209943989324749,0.00343284391715494,1.73362423068313e-05,2.91735578721329e-05,2.22408778336009e-07,3.78359427789584e-07,2.7114358337005e-11,4.71204849341227e-11
"48",2.85,2.3412331739681e-05,0.00586590706630172,0.00556446036084436,0.00917868671455829,0.00217355863696277,0.00353904246222983,1.93904435443694e-05,3.24853123472511e-05,2.65314181138841e-07,4.49350918640157e-07,3.67924375532858e-11,6.36563526887316e-11
"49",2.9,2.5596967927196e-05,0.00600614491938857,0.00564793616914233,0.00927600876005308,0.00224833023102378,0.00364566185734573,2.16341272671586e-05,3.60864634000597e-05,3.15284621765006e-07,5.31669287044119e-07,4.95999672566389e-11,8.54433870774166e-11
"50",2.95,2.79342091493259e-05,0.00614518466935374,0.00573007129973559,0.00937097693183746,0.0023237141829338,0.00375264580196939,2.40794785181545e-05,3.99941898235656e-05,3.73281297554895e-07,6.26798860517319e-07,6.64454762664364e-11,1.13976668184838e-10
"51",3,3.04309138059356e-05,0.00628296632909564,0.00581086027148126,0.00946361170329667,0.00239967027425223,0.00385993896488133,2.67390611884444e-05,4.42261032347686e-05,4.40367472577961e-07,7.36374118438599e-07,8.84714872412479e-11,1.51128197951365e-10
"52",3.05,3.3094040486467e-05,0.00641942955853389,0.00589029855820968,0.00955393391377058,0.00247615859213329,0.0039674870002423,2.96258063695128e-05,4.88002267807296e-05,5.17715933936925e-07,8.62189846925812e-07,1.1710709306385e-10,1.99229580663545e-10
"53",3.1,3.5930641324685e-05,0.00655451749340841,0.00596838254140496,0.00964196473549672,0.00255313955883125,0.00407523656162214,3.27529995381892e-05,5.37349724684496e-05,6.06616670667199e-07,1.00621152031536e-06,1.54130583284732e-10,2.61170069538404e-10
"54",3.15,3.89478552031446e-05,0.00668817662779701,0.00604510946531825,0.00972772564260118,0.00263057395926642,0.00418313531411416,3.61342666120448e-05,5.90491171898278e-05,7.08484756206175e-07,1.17058587840331e-06,2.01743687418771e-10,3.40512291609734e-10
"55",3.2,4.21529008216868e-05,0.00682035669882662,0.00612047739435904,0.00981123838199187,0.00270842296674153,0.00429113194465087,3.97835589164345e-05,6.47617775162154e-05,8.248684135512e-07,1.35765166639179e-06,2.62659184757179e-10,4.41628219287951e-10
"56",3.25,4.55530696441014e-05,0.0069510105737004,0.00619448517262268,0.00989252494602119,0.00278664816689413,0.00439917617063017,4.3715137107555e-05,7.08923833399292e-05,9.57457240441097e-07,1.56995050240687e-06,3.40203825508173e-10,5.69858228332297e-10
"57",3.3,4.91557187369087e-05,0.0070800970682902,0.00626713238542253,0.00997160754679633,0.00286521157996645,0.00450721874695412,4.79435540987608e-05,7.74606504425259e-05,1.10809057019521e-06,1.81023783552701e-06,4.38438715171832e-10,7.31696367776664e-10
"58",3.35,5.29682635139868e-05,0.00720756995656575,0.00633841932270579,0.0100485085920257,0.00294407568147057,0.00461521147157717,5.24836370399941e-05,8.44865520716915e-05,1.27876594223835e-06,2.081493955497e-06,5.62299532573975e-10,9.3500526657929e-10
"59",3.4,5.69981704005402e-05,0.0073333929012732,0.00640834694424075,0.0101232506622986,0.00302320342132326,0.00472310718965456,5.73504684025046e-05,9.19902896102687e-05,1.47164765483926e-06,2.38693501371227e-06,7.17759181236627e-10,1.18926441316198e-09
"60",3.45,6.12529494296489e-05,0.0074575302109291,0.00647691684647154,0.0101958564897038,0.00310255824152118,0.00483085979637666,6.25593662230926e-05,9.99922624222385e-05,1.68907537120493e-06,2.73002401365267e-06,9.12015712868101e-10,1.50585586605129e-09
"61",3.5,6.5740146784366e-05,0.00757994879667319,0.00654413123094426,0.0102663489377006,0.00318210409242439,0.00493842423857008,6.81258635638884e-05,0.000108513036961424,1.93357274881128e-06,3.11448172773131e-06,1.15370860963944e-09,1.89839178475653e-09
"62",3.55,7.0467337298044e-05,0.00770061807458622,0.00660999287421471,0.0103347509821616,0.00326180544771283,0.00504575651514204,7.40656872452053e-05,0.000117573315229275,2.20785606072063e-06,3.54429749651087e-06,1.45316676730503e-09,2.38308850778243e-09
"63",3.6,7.54421169252655e-05,0.0078195098706424,0.0066745050991549,0.0104010856935133,0.00334162731807754,0.00515281367643998,8.03947359102574e-05,0.000127193902668367,2.5148427766456e-06,4.02373986543174e-06,1.82269178265445e-09,2.97919224698652e-09
"64",3.65,8.06720951954467e-05,0.00793659832829072,0.00673767174758067,0.0104653762199065,0.0034215352637059,0.00525955382259441,8.71290574815497e-05,0.000137395675578213,2.85766007067164e-06,4.55736701359876e-06,2.27688041458425e-09,3.7094618118097e-09
"65",3.7,8.61648876608532e-05,0.00805186898800665,0.00679949715412848,0.0105276457713525,0.00350149540561744,0.00536593610090961,9.42848260695095e-05,0.000148199548139623,3.23965322185403e-06,5.15003692878839e-06,2.83299035639165e-09,4.60071412045003e-09
"66",3.75,9.1928108350436e-05,0.00816528339976071,0.00685998612131408,0.0105879176047673,0.00358147443590436,0.00547192070236301,0.000101878318394462,0.00015962643913325,3.66439387336143e-06,5.8069172826687e-06,3.51135372567077e-09,5.68443859480547e-09
"67",3.8,9.79693622405492e-05,0.00827682986755708,0.00691914389571009,0.010646215009868,0.00366143962692838,0.00557746885727056,0.000109925889783352,0.000171697238437054,4.13568811545057e-06,6.53349496026868e-06,4.33584294520746e-09,6.99748686875462e-09
"68",3.85,0.000104296237753272,0.00838649093444358,0.0069769761451841,0.0107025612958727,0.00374135883952386,0.00568254283017303,0.000118443949802706,0.000184432773386273,4.65758435732949e-06,7.33558519799447e-06,5.3343939511294e-09,8.58284456166951e-09
"69",3.9,0.000110916299292689,0.00849425103749392,0.00703348893714203,0.0107569797789544,0.00382120053025423,0.00578710591399438,0.000127448937589206,0.000197853775078121,5.23438095289617e-06,8.21934028495958e-06,6.53959192071905e-09,1.04904921773692e-08
"70",3.95,0.000117837079829135,0.00860009643065322,0.00708868871772565,0.0108094937704079,0.00390093375776754,0.00589112242352147,0.000136957296938926,0.000211980844701834,5.87063354543169e-06,9.19125778307828e-06,7.98932495905771e-09,1.27783624793125e-08
"71",4,0.000125066073541041,0.00870401510999597,0.0071425822919158,0.0108601265654864,0.0039805281882944,0.00599455768825094,0.000146985451215781,0.000226834419972891,6.57116209657526e-06,1.02581882222545e-05,9.72751141822302e-09,1.55134019618441e-08
"72",4.05,0.000132610728523648,0.0088059967413508,0.00719517680449609,0.0109089014328719,0.00405995410033008,0.0060973780446474,0.00015754977813905,0.000242434741748239,7.34105756531514e-06,1.14273422280819e-05,1.18049067422064e-08,1.87727442808344e-08
"73",4.1,0.000140478439573504,0.00890605525048067,0.00724647972183502,0.0109558416047418,0.00413918238854082,0.00619955082785432,0.000168666584508981,0.000258801820897223,8.18568820329075e-06,1.27062970407478e-05,1.4279995932067e-08,2.26450037211127e-08
"74",4.15,0.000148676541057262,0.00900414046178071,0.00729649881444593,0.0110009702674006,0.00421818456693242,0.00630104436289692,0.000180352080928504,0.000275955405500575,9.11070543341174e-06,1.41030023852911e-05,1.72199779060453e-08,2.72316969587017e-08
"75",4.2,0.000157212299872955,0.00910026686359107,0.0073452421402879,0.0110443105524442,0.0042969327713179,0.00640182795541447,0.000192622356577883,0.00029391494844739,1.01220492796588e-05,1.56257856550037e-05,2.07018481853728e-08,3.26488015190439e-08
"76",4.25,0.000166092908511538,0.00919443012537395,0.00739271802877181,0.0110858855284284,0.00437539976111935,0.00650187188195732,0.000205493354097897,0.00031269957549745,1.12259533169316e-05,1.72833563715687e-05,2.48135864652499e-08,3.90284594342803e-08
"77",4.3,0.00017532547822613,0.0092866272581487,0.00743893506543857,0.0111257181930145,0.00445355892053763,0.00660114737988202,0.000218980844635695,0.000332328053873505,1.24289491109427e-05,1.90848098874885e-05,2.9655455728892e-08,4.65208346593518e-08
"78",4.35,0.000184917032316001,0.00937685655526025,0.0074839020772779,0.011163831465566,0.00453138425912225,0.00669962663687655,0.000233100403105971,0.000352818761445434,1.37378701194279e-05,2.10396302984684e-05,3.53414196276887e-08,5.52961328146303e-08
"79",4.4,0.000194874499532024,0.00946511753515363,0.00752762811865831,0.0112002481801731,0.00460885041177228,0.00679728278014565,0.000247867383718436,0.000374189656565237,1.51598550273257e-05,2.31576925356651e-05,4.20006848794616e-08,6.55467917783805e-08
"80",4.45,0.000205204707609904,0.00955141088610198,0.00757012245784001,0.011234991079082,0.00468593263819805,0.00689408986528482,0.000263296895820893,0.000396458248608939,1.6702350490091e-05,2.54492636100803e-05,4.97793754267953e-08,7.74898515523901e-08
"81",4.5,0.000215914376937182,0.00963578936648475,0.00761139456404472,0.0112680828065085,0.00476260682187207,0.00699002286487011,0.000279403780105362,0.000419641569278457,1.8373113260917e-05,2.7925002983866e-05,5.88423450457904e-08,9.13695116655103e-08
"82",4.55,0.000227010114359628,0.00971815804804224,0.007651454095057,0.0112995459028154,0.00483884946849631,0.00708505765678933,0.000296202585222842,0.000443756144713431,2.01802116793546e-05,3.05959620458895e-05,6.9375134999898e-08,1.07459884159883e-07
"83",4.6,0.000238498407132303,0.00979856751570936,0.00769031088533382,0.0113294027990356,0.00491463770401221,0.00717917101233921,0.000313707544850357,0.000468817968459966,2.21320265006248e-05,3.34735826715868e-05,8.15860831914874e-08,1.2606794992091e-07
"84",4.65,0.000250385617020214,0.00987702262560343,0.00772797493459976,0.0113576758117228,0.00498994927217818,0.00727234058411128,0.000331932555251881,0.000494842475340091,2.42372510468068e-05,3.65696948498787e-05,9.57085910734201e-08,1.4753672576239e-07
"85",4.7,0.000262677974553177,0.00995352915466687,0.00776445639690683,0.0113843871381139,0.00506476253173896,0.00736454489368874,0.000350891153372762,0.000521844516262667,2.65048906630478e-05,3.98965133627428e-05,1.12003554342428e-07,1.72248649261165e-07
"86",4.75,0.00027538157343911,0.0100280937560206,0.00779976557013866,0.0114095588515867,0.00513905645320954,0.00745576331917471,0.000370596495505062,0.000549838334013306,2.8944261463967e-05,4.34666335059006e-05,1.30761963143944e-07,2.00629187849637e-07
"87",4.8,0.000288502365139733,0.0101007239159118,0.00783391288594013,0.011433212897399,0.00521281061529594,0.0075459760825718,0.000391061336559218,0.000578837540057808,3.15649883575113e-05,4.72930258419864e-05,1.52307677173137e-07,2.33150678118974e-07
"88",4.85,0.000302046153612244,0.0101714279122075,0.0078669089000543,0.0114553710886942,0.00528600520097392,0.00763516423703145,0.000412298009975181,0.000608855092390459,3.43770023356472e-05,5.13890299804957e-05,1.77000380658245e-07,2.70336400660188e-07
"89",4.9,0.000316018590220295,0.0102403238887759,0.0078987642830495,0.0114760551027613,0.00535862099324603,0.00772330965399084,0.000434318408304103,0.000639903274455535,3.73905370234434e-05,5.57683473817615e-05,2.05238721759483e-07,3.12764895074799e-07
"90",4.95,0.000330425168817238,0.0103072107152323,0.00792948981142024,0.011495286477536,0.00543063937059618,0.00781039501021391,0.000457133964489382,0.000671993675167217,4.06161244802896e-05,6.04450331851549e-05,2.37463640409563e-07,3.61074519021872e-07
"91",5,0.000345271221004337,0.0103722003268488,0.00795909635904644,0.011513086608332,0.00550204230216073,0.00789640377475254,0.000480755633873799,0.000705137170050236,4.40645902492156e-05,6.54334870646505e-05,2.74161888060444e-07,4.15968254335169e-07
"92",5.05,0.000360561911566329,0.0104353037882417,0.0079875948889962,0.0115294767447906,0.00557281234263369,0.00798132019584268,0.000505193876957188,0.000739343903520486,4.77470476524915e-05,7.07484431178137e-05,3.15869742185821e-07,4.7821876234429e-07
"93",5.1,0.000376302234086437,0.0104965327695505,0.00801499644565822,0.0115444779880382,0.00564293262692333,0.00806512928774972,0.000530458642927033,0.000774623272322051,5.16748913339227e-05,7.64049587971653e-05,3.63176917721218e-07,5.48673689569432e-07
"94",5.15,0.000392497006742675,0.0105558995132484,0.0080413121471902,0.0115581112880421,0.00571238686457633,0.00814781681757652,0.000556559353982112,0.000810983910134129,5.58597900504579e-05,8.24184028957133e-05,4.16730676904323e-07,6.28261223932878e-07
"95",5.2,0.000409150868286963,0.0106134168021883,0.00806655317827084,0.0115703974411556,0.00578115933398568,0.00822936929204676,0.000583504890467313,0.000848433673358682,6.03136787179439e-05,8.88044426012553e-05,4.77240138209732e-07,7.17995900545332e-07
"96",5.25,0.000426268274208374,0.0106690979288444,0.00809073078314307,0.0115813570878413,0.00584923487639682,0.00830977394427558,0.000611303576835513,0.000886979628096776,6.50487497180211e-05,9.55790296367677e-05,5.45480784255897e-07,8.18984654984429e-07
"97",5.3,0.000443853493081506,0.0107229566657107,0.00811385625893696,0.0115910107105674,0.00591659888972684,0.00838901872053893,0.000639963168450418,0.000926628038319071,7.00774434753077e-05,0.00010275838550688,6.22299167701084e-07,9.3243312079116e-07
"98",5.35,0.00046191060310079,0.0107746425872733,0.00813594094926142,0.0115993786318656,0.00598323732221039,0.00846709226705217,0.00066949083924222,0.000967384355233249,7.54124383161221e-05,0.000110358985873004,7.08617813241842e-07,1.05965216667131e-06
"99",5.4,0.000480443488801238,0.0108248910306137,0.00815699623805397,0.0116064810125454,0.00604913666588555,0.0085439839167683,0.000699893170225863,0.00100925320784873,8.10666396220462e-05,0.000118397544082182,8.05440312885312e-07,1.20206466760872e-06
"100",5.45,0.000499455837965957,0.0108733613392036,0.00817703354367864,0.011612337850056,0.00611428394993232,0.00861968367620493,0.000731176138889824,0.00105223839473662,8.7053168293639e-05,0.000126890993877133,9.13856610689278e-07,1.3612125027802e-06
"101",5.5,0.00051895113872049,0.0109200689220821,0.00819606431326233,0.01161696897699,0.00617866673387584,0.00869418221230947,0.000763345109461374,0.00109634287698046,9.33853485415541e-05,0.000135856471317244,1.0350484721551e-06,1.53876377181479e-06
"102",5.55,0.000538932676813843,0.010965064090737,0.00821410001726055,0.0116203940597214,0.00624227310066598,0.00876747083937055,0.000796404824052399,0.00114156877231125,0.000100076695024186,0.000145311295942481,1.17029513242254e-06,1.73652021956723e-06
"103",5.6,0.000559403533085833,0.0110082940305733,0.00823115214424352,0.0116226325971719,0.00630509164964426,0.00883954150598385,0.00083035939468806,0.00118791735041787,0.000107140899352776,0.000155272951214226,1.32097911635672e-06,1.95642485818551e-06
"104",5.65,0.000580366581120223,0.0110498094539105,0.00824723219589466,0.0116237039196999,0.00636711148940894,0.00891038678207989,0.000865212296218861,0.00123538902942214,0.00011459181598665,0.00016575906426904,1.48859222254125e-06,2.20056977385001e-06
"105",5.7,0.000601824485082848,0.0110896270266003,0.00826235168221284,0.0116236271881065,0.00642832223058816,0.00897999984602065,0.000900966360114886,0.00128398337350586,0.000122443447542875,0.000176787385023151,1.6747416621013e-06,2.47120410415473e-06
"106",5.75,0.000623779697743834,0.0111277636744207,0.00827652211691137,0.0116224213927522,0.00648871397853105,0.00904837447177168,0.000937623769139434,0.00133369909167491,0.000130709929546223,0.000188375764667183,1.88115634218398e-06,2.77074217069675e-06
"107",5.8,0.00064623445868274,0.0111642365631135,0.00828975501300585,0.0116201053527802,0.00654827732592596,0.00911550501615595,0.000975186052897605,0.00138453403764437,0.00013940551464676,0.000200542133592203,2.10969328282292e-06,3.10177175004482e-06
"108",5.85,0.000669190792675357,0.0111990630792149,0.00830206187858401,0.0116166977154415,0.00660700334535467,0.00918138640619523,0.00101365408425393,0.0014364852108263,0.000148544556333791,0.000213304478789609,2.36234415481848e-06,3.46706246488018e-06
"109",5.9,0.000692650508260692,0.0112322608116536,0.00831345421275091,0.0116122169555154,0.00666488358179109,0.00924601412654428,0.00105302807661162,0.00148954875840066,0.000158141492176139,0.000226680820768663,2.64124192517634e-06,3.86957427574851e-06
"110",5.95,0.000716615196486506,0.011263847534088,0.0083239435017428,0.0116066813748236,0.00672191004505251,0.00930938420702316,0.00109330758204469,0.0015437199784482,0.000168210826619952,0.000240689190036643,2.9486675955752e-06,4.31246605254026e-06
"111",6,0.000741086229831644,0.0112938411879577,0.00833354121520359,0.011600109101831,0.00677807520221111,0.00937149321025219,0.00113449149027274,0.00159899332412277,0.000178767113376273,0.000255347603187596,3.28705701828064e-06,4.79910420353329e-06
"112",6.05,0.000766064761303228,0.0113222598662255,0.00834225880261791,0.0115925180913312,0.006833371969973,0.00943233821939409,0.00117657802846713,0.00165536240883926,0.000189824937431634,0.000270674038646574,3.65900777289598e-06,5.33307133859549e-06
"113",6.1,0.000791551723706661,0.0113491217977834,0.00835010768989506,0.0115839261242116,0.006887793707032,0.00949191682600725,0.00121956476187573,0.00171282001245213,0.000201398896715764,0.000286686412116932,4.06728608634557e-06,5.91817494196204e-06
"114",6.15,0.000817547829086279,0.0113744453325016,0.0083570992760984,0.0115743508072946,0.00694133420640458,0.00955022711801411,0.00126344859525276,0.00177135808839827,0.000213503583461298,0.000303402551778898,4.51483377752844e-06,6.55845602887969e-06
"115",6.2,0.000844053568334304,0.0113982489268976,0.00836324493031475,0.0115638095732521,0.00699398768775262,0.00960726766778803,0.00130822577507865,0.00183096777177727,0.000226153565291027,0.000320840173288079,5.00477520716542e-06,7.25819775935553e-06
"116",6.25,0.000871069210965696,0.0114205511304017,0.00836855598865911,0.0115523196805886,0.0070457487896998,0.0096630375203619,0.00135389189255431,0.00189163938834068,0.00023936336606881,0.000339016854622856,5.54042421249717e-06,8.02193398126793e-06
"117",6.3,0.000898594805056387,0.0114413705722011,0.00837304375140936,0.011539898213691,0.00709661256214756,0.00971753618176166,0.00140044188735276,0.00195336246436163,0.000253147446550677,0.000357950010829839,6.12529100567686e-06,8.8544576741954e-06
"118",6.35,0.000926630177342219,0.0114607960530873,0.00837671948026671,0.0115265620829414,0.00714657445859605,0.00977076360746706,0.00144787005211074,0.00201612573735477,0.000267520184873058,0.000377656868716567,6.76308901394836e-06,9.76082926450643e-06
"119",6.4,0.000955174933475874,0.0114787063276058,0.00837959439573714,0.0115123280248891,0.00719563032847538,0.00982272019100282,0.00149617003764163,0.0020799171676165,0.000282495856915279,0.000398154441540596,7.45774163901031e-06,1.07463847815314e-05
"120",6.45,0.000984228458438985,0.0114951900625263,0.00838167967462959,0.0114972126024815,0.00724377640949195,0.00987340675266175,0.0015453348588505,0.00214472395055415,0.000298088616573637,0.00041945950374385,8.21338891234385e-06,1.18167438240111e-05
"121",6.5,0.0010137899171065,0.0115102660860023,0.00838298644766684,0.0114812322053475,0.00729100931999478,0.00992282452836249,0.00159535690133133,0.00221053252977286,0.000314312475984381,0.000441588565780814,9.03439402273255e-06,1.29778173054956e-05
"122",6.55,0.00104385825496027,0.0115239532481023,0.00838352579720495,0.0114644030501347,0.00733732605136625,0.00997097515864345,0.00164622792862586,0.0022773286108882,0.000331181285732927,0.000464557849088682,9.92534969173042e-06,1.42358149469492e-05
"123",6.6,0.00107443219894893,0.0115362704107089,0.00838330875505753,0.011446741180895,0.00738272396044135,0.0100178606777947,0.0016979390901229,0.00234509717603201,0.000348708715086406,0.000488383261246957,1.0891084372439e-05,1.55972524845107e-05
"124",6.65,0.00110551025849076,0.011547236437867,0.00838234630042111,0.0114282624695172,0.00742720076195975,0.0100634835031293,0.00175048092957644,0.0024138224990192,0.000366908232286488,0.000513080371373368,1.19366682466473e-05,1.70689585601649e-05
"125",6.7,0.00113709072661649,0.011556870186562,0.00838064935789801,0.0114089826162055,0.00747075452105418,0.0101078464243954,0.00180384339422046,0.00248348816114244,0.000385793084939018,0.000538664385802098,1.3067418995163e-05,1.86580812630069e-05
"126",6.75,0.00116917168124872,0.0115651904979145,0.00837822879561339,0.011388917149999,0.00751338364577892,0.0101509525933306,0.00185801584445786,0.00255407706756192,0.000405376280536627,0.000565150124089476,1.42889073160297e-05,2.03720942888186e-05
"127",6.8,0.0012017509866147,0.0115722161887765,0.00837509542342303,0.0113680814293334,0.00755508687968177,0.0101928055133586,0.00191298706410071,0.00262557146425705,0.000425670567149945,0.000592551995391212,1.56069621652817e-05,2.22188026858423e-05
"128",6.85,0.00123482629478909,0.0115779660437132,0.00837125999120888,0.0113464906426405,0.00759586329442266,0.0102334090294302,0.00196874527113856,0.00269795295550712,0.000446688414322476,0.000620883975254215,1.70276756949367e-05,2.42063481549212e-05
"129",6.9,0.00126839504736333,0.0115824588073576,0.00836673318725906,0.0113241598089837,0.00763571228244198,0.0102727673180088,0.00202527812901149,0.00277120252186784,0.00046844199420351,0.000650159582864799,1.85574078630704e-05,2.63432138725782e-05
"130",6.95,0.00130245447723821,0.0115857131771239,0.00836152563672955,0.0113011037787298,0.00767463354968139,0.0103108848772005,0.00208257275836421,0.00284530053861084,0.000490943162952708,0.000680391858793795,2.02027906910537e-05,2.86382288061391e-05
"131",7,0.00133700161053619,0.0115877477962666,0.00835564790018473,0.0112773372342526,0.00771262710836002,0.0103477665170304,0.00214061574925747,0.00292022679459331,0.000514203442449208,0.00071159334327779,2.19707321433698e-05,3.11005714906523e-05
"132",7.05,0.00137203326862998,0.0115885812472731,0.00834911047221385,0.0112528746906684,0.00774969326980821,0.0103834173498641,0.00219939317381303,0.00299596051152539,0.000538234002337181,0.000743776055074212,2.38684196058536e-05,3.37397732381325e-05
"133",7.1,0.00140754607028382,0.0115883716523421,0.00834192378012099,0.0112277304966014,0.00778583263736161,0.0104178427809758,0.00225889059926801,0.00307248036360271,0.00056304564243886,0.000776951470926523,2.59033229387213e-05,3.65657207505436e-05
"134",7.15,0.00144353643390409,0.0115868584281179,0.00833409818268581,0.0112019188349765,0.00782104609931738,0.0104510484992621,0.00231909310141508,0.00314976449747228,0.000588648775565037,0.000811130505674219,2.80831970813745e-05,3.95886581089463e-05
"135",7.2,0.00148000057989561,0.0115841993263221,0.00832564396899281,0.0111754537238399,0.00785533482195499,0.0104830404681024,0.00237998527840422,0.00322779055250007,0.000615053410751978,0.00084632349304068,3.04160841866747e-05,4.28191881123583e-05
"136",7.25,0.00151693453312,0.0115804126274886,0.00831657135732645,0.0111483490172043,0.00788870024262327,0.0105138249163648,0.0024415512648825,0.00330653568130888,0.00064226913695262,0.00088254016713032,3.29103152631828e-05,4.6268272941111e-05
"137",7.3,0.00155433412545281,0.0115755165229038,0.00830689049413014,0.0111206184059181,0.00792114406289558,0.0105434083295582,0.00250377474644805,0.00338597657055574,0.00067030510720869,0.000919789644664651,3.55745113047478e-05,4.99472341208225e-05
"138",7.35,0.00159219499843563,0.0115695291097568,0.00829661145302667,0.0110922754185573,0.00795266824179483,0.0105717974411299,0.00256663897439463,0.00346608946191857,0.000699170023329294,0.000958080407985262,3.84175838878083e-05,5.38677517645641e-05
"139",7.4,0.00163051260601966,0.0115624683865449,0.00828574423389808,0.0110633334223385,0.00798327498908992,0.010598999223908,0.00263012678072349,0.00354685017326203,0.000728872121100194,0.000997420288849803,4.14487352178229e-05,5.80418630723293e-05
"140",7.45,0.00166928221739735,0.0115543522487259,0.00827429876202282,0.0110338056240526,0.00801296675866484,0.010625020881689,0.00269422059339933,0.0036282341199534,0.000759419156046753,0.00103781645304528,4.46774576073893e-05,6.24819600685634e-05
"141",7.5,0.00170849891991845,0.0115451984846076,0.00826228488726824,0.0110037050710167,0.00804174624196194,0.0106498698409692,0.00275890245182732,0.00371021633629978,0.00079081838977227,0.0010792753858412,4.81135323698268e-05,6.72007865602369e-05
"142",7.55,0.00174815762208683,0.0115350247714657,0.00824971238333657,0.0109730446520445,0.00806961636150064,0.0106735537428196,0.00282415402252874,0.00379277149707822,0.000823076576892019,0.00112180287830304,5.17670281132792e-05,7.22114342997527e-05
"143",7.6,0.00178825305663488,0.0115238486718808,0.00823659094706234,0.0109418370984329,0.00809658026447235,0.010696080434904,0.00288995661499261,0.00387587393913159,0.00085619995258204,0.00116540401448497,5.56482984217582e-05,7.75273383388741e-05
"144",7.65,0.00182877978367168,0.0115116876302881,0.00822293019775968,0.010910094984965,0.00812264131641301,0.010717457963639,0.00295629119768161,0.00395949768300303,0.000890194220760294,0.00121008315951842,5.97679789109584e-05,8.3162271561809e-05
"145",7.7,0.00186973219390159,0.0114985589697287,0.00820873967661759,0.0108778307309271,0.00814780309495392,0.010737694566495,0.00302313841417026,0.00404361645458284,0.000925064542916455,0.00125584394861168,6.41369836481575e-05,8.91303383876147e-05
"146",7.75,0.00191110451190983,0.0114844798887983,0.00819402884614157,0.0108450566011402,0.00817206938365174,0.0107567986644386,0.00309047859939438,0.00412820370674248,0.000960815527605212,0.00130268927697346,6.87665009270439e-05,9.54459676341661e-05
"147",7.8,0.00195289079951162,0.0114693277203707,0.00817880708964004,0.0108117847070041,0.00819544416589836,0.0107747788545135,0.00315829179599078,0.00421323264093058,0.000997451220616539,0.00135062129067161,7.3667988389893e-05,0.000102123904538054
"148",7.85,0.00199508495916133,0.0114533990508043,0.00816308371075386,0.0107780270075533,0.00821793161891139,0.0107916439025607,0.00322655777070666,0.00429867622870707,0.00103497509583501,0.00139964137843635,7.88531674911364e-05,0.000109179201926962
"149",7.9,0.00203768073741859,0.0114365708020586,0.00814686793302758,0.0107437953105245,0.00823953610780577,0.0108074027360761,0.0032952560308588,0.00438450723319202,0.00107339004679881,0.00144975016441543,8.43340172980245e-05,0.000116627210543258
"150",7.95,0.00208067172846762,0.0114188596474405,0.00813016889952085,0.0107091012734343,0.00826026217974689,0.0108220644372044,0.00336436584082288,0.00447069823040658,0.00111269837896771,0.00150094750188685,9.01227676257778e-05,0.0001244835685198
"151",8,0.00212405137768681,0.011400282123251,0.00811299567245862,0.0106739564046665,0.00828011455818588,0.0108356382358692,0.0034338662385338,0.00455722163048419,0.0011529018027079,0.0015532324679329,9.62318915063293e-05,0.000132764190011167
"152",8.05,0.00216781298526507,0.0113808546267582,0.00809535723291881,0.0106383720645681,0.00829909813717722,0.0108481335030364,0.00350373605197842,0.00464404969873099,0.00119400142700014,0.00160660335907759,0.00010267409699151,0.000141485252985846
"153",8.1,0.00221194970986189,0.0113605934143194,0.00807726248055596,0.0106023594665537,0.00831721797577896,0.0108595597441116,0.00357395391566253,0.00473115457651509,0.00123599775387635,0.00166105768788765,0.00010946231829326,0.000150663186187103
"154",8.15,0.00225645457230772,0.0113394460866726,0.00805872023335986,0.0105659296782174,0.00833447929253591,0.010869926592469,0.00364449828703435,0.00481850830196523,0.00127889067358844,0.00171659218053562,0.000116609706265217,0.000160314655272618
"155",8.2,0.00230132045934171,0.0113175658631207,0.00803973922744756,0.0105290936224513,0.0083508874600458,0.0108792438031113,0.0037153474628477,0.00490608283046005,0.00132267946051176,0.00177320277532199,0.000124129618231793,0.000170456548145142
"156",8.25,0.00234654012738358,0.0112948998363512,0.00802032811688796,0.0104918620785702,0.0083664479996086,0.010887521246459,0.00378647959544789,0.00499385005489004,0.00136736276978439,0.00183088462215133,0.000132035607172589,0.000181105959488712
"157",8.3,0.00239210620633664,0.0112714636828437,0.00800049547355749,0.0104542456834418,0.00838116657595895,0.0108947689022679,0.00385787270896455,0.00508178182567491,0.00141293863468193,0.00188963208295619,0.000140341410271752,0.000192280174527164
"158",8.35,0.00243801120341888,0.0112472729308146,0.00798024978702587,0.0104162549326223,0.00839504899208179,0.0109009968536732,0.00392950471539573,0.00516984997052017,0.00145940446472655,0.00194943873306067,0.000149060936843604,0.000203996652023851
"159",8.4,0.00248424750701922,0.0112223429591151,0.00795959946447103,0.0103779001814958,0.00840810118411113,0.0109062152813599,0.00400135343056847,0.00525802631389714,0.00150675704452746,0.00201029736347424,0.000158208255647581,0.00021627300654362
"160",8.45,0.0025308073905759,0.0111966889962407,0.00793855283062183,0.010339191646418,0.00842032921631163,0.0109104344578567,0.00407339658996108,0.00534628269623159,0.00155499253334903,0.00207219998410468,0.000167797581607168,0.00022912699000018
"161",8.5,0.00257768301647432,0.0111703261194485,0.00791711812772783,0.0103001394058632,0.00843173927614318,0.0109136647419527,0.00414561186437374,0.0054345909927871,0.00160410646540152,0.0021351378278779,0.000177843261949207,0.000242576472514033
"162",8.55,0.00262486643996133,0.0111432692539761,0.00789530351555494,0.0102607534015741,0.00844233766940792,0.0109159165732365,0.00421797687543361,0.0055229231322296,0.0016540937508481,0.00219910135575086,0.000188359761781519,0.000256639422608124
"163",8.6,0.00267234961307327,0.011115533172361,0.00787311707140618,0.0102210434397141,0.00845213081547981,0.0109172004667541,0.00429046921092205,0.00561125111486083,0.00170494867752106,0.00226408026260244,0.000199361649128357,0.000271333886770238
"164",8.65,0.00272012438857513,0.0110871324938537,0.00785056679016641,0.0101810191920211,0.00846112524261609,0.0109175270077864,0.00436306643991161,0.00569954703050878,0.00175666491333867,0.00233006348398613,0.000210863579444733,0.00028667796841307
"165",8.7,0.00276818252390797,0.0110580816839212,0.00782766058437032,0.0101406901969637,0.00846932758335062,0.0109169068467434,0.00443574612770101,0.00578778307606412,0.00180923550941344,0.00239703920372682,0.000222880279632071,0.000302689806264559
"166",8.75,0.00281651568514223,0.0110283950538382,0.00780440628429277,0.0101000658608977,0.00847674456996853,0.0109153506941744,0.00450848585053734,0.00587593157265238,0.0018626529038413,0.00246499486234327,0.000235426531579127,0.000319387552222848
"167",8.8,0.00286511545093419,0.0109980867603613,0.00778081163806049,0.0100591554592232,0.008483383030062,0.0109128693158926,0.00458126321011456,0.00596396498243225,0.00191690892616049,0.00253391716627647,0.000248517155253353,0.000336789348711739
"168",8.85,0.00291397331648316,0.0109671708054827,0.00775688431178463,0.0100179681375429,0.00848924988216644,0.0109094735282119,0.00465405584783855,0.00605185592501124,0.0019719948024678,0.00260379209790312,0.000262166991369232,0.000354913305574037
"169",8.9,0.00296308069748699,0.0109356610362605,0.00773263188971306,0.00997651291281926,0.00849435213147694,0.0109051741932964,0.00472684145884916,0.00613957719347043,0.00202790116117916,0.00267460492631271,0.00027639088366129,0.000373777476541577
"170",8.95,0.00301242893409341,0.0109035711447225,0.00770806187440186,0.00993479867453194,0.00849869686564423,0.0108999822146188,0.00479959780579032,0.00622710176999099,0.00208461803942063,0.00274634021882548,0.000291203660790587,0.000393399835321972
"171",9,0.00306200929484498,0.0108709146678389,0.00768318168690518,0.00989283418583411,0.00850229125064989,0.0108939085325274,0.00487230273231994,0.00631440284107561,0.00214213489003505,0.00281898185322804,0.000306620117914615,0.000413798251343389
"172",9.05,0.00311181298061534,0.0108377049875626,0.00765799866698279,0.00985062808470778,0.00850514252676001,0.0108869641199207,0.00494493417635153,0.00640145381235878,0.00220044058918911,0.00289251303070244,0.000322654997951432,0.000434990465199655
"173",9.1,0.00316183112853446,0.0108039553309338,0.00763252007332463,0.0098081888851177,0.00850725800455696,0.0108791599780267,0.00501747018302046,0.00648822832300039,0.00225952344456439,0.00296691628942373,0.000339322972569803,0.000456994063839007
"174",9.15,0.00321205481590092,0.0107696787702444,0.00760675308379162,0.00976552497816352,0.00850864506104856,0.0108705071322873,0.0050898889173678,0.00657470025965797,0.00231937120411594,0.00304217351880076,0.000356638622937895,0.000479826455540665
"175",9.2,0.00326247506407891,0.0107348882232625,0.00758070479567217,0.00972264463322995,0.00850931113585404,0.0108610166283441,0.00516216867673559,0.00666084377003315,0.00237997106538086,0.00311826597433394,0.000374616420263828,0.000503504844724106
"176",9.25,0.00331308284237804,0.0106995964535108,0.00755438222595373,0.00967955599913468,0.00850926372746625,0.0108506995281263,0.00523428790286763,0.00674663327598895,0.00244130968531897,0.00319517429306339,0.000393270706161997,0.000528046206636588
"177",9.3,0.00336386907191396,0.0106638160705999,0.00752779231160877,0.00963626710527367,0.00850851038958942,0.0108395669060376,0.00530622519371049,0.00683204348623481,0.00250337319066721,0.00327287850958063,0.000412615672879634,0.000553467261964951
"178",9.35,0.00341482462944773,0.0106275595306112,0.00750094190989453,0.00959278586276372,0.00850705872755174,0.0108276298452419,0.00537795931490989,0.00691704940857688,0.00256614718878877,0.00335135807257601,0.000432665343418537,0.000579784451418112
"179",9.4,0.00346594035120234,0.0105908391365285,0.00747383779866618,0.00954912006558198,0.00850491639479222,0.0108148994340447,0.00544946921099806,0.00700162636173182,0.00262961677899779,0.00343059186189444,0.000453433551587273,0.000607013910326979
"180",9.45,0.00351720703665421,0.010553667038716,0.00744648667670247,0.00950527739170214,0.00850209108942098,0.0108013867623708,0.00552073401626821,0.00708574998670268,0.0026937665643397,0.00351055820607105,0.000474933922019413,0.000635171443308583
"181",9.5,0.00356861545229825,0.0105160552354402,0.00741889516404376,0.00946126540422723,0.00849859055085243,0.0107871029183353,0.0055917330653325,0.00716939625771602,0.00275858066380739,0.00359123490031866,0.000497179850193563,0.000664272499041359
"182",9.55,0.00362015633538456,0.0104780155734328,0.0073910698023416,0.00941709155251859,0.00849442255651042,0.0107720589849066,0.00566244590336072,0.00725254149272016,0.00282404272497271,0.00367259922493845,0.000520184482491079,0.000694332145198359
"183",9.6,0.00367182039762515,0.0104395597484948,0.00736301705521942,0.00937276317332106,0.00848959491860482,0.0107562660366611,0.00573285229599694,0.00733516236344457,0.0028901359370128,0.00375462796412541,0.000543960696327288,0.000725365043584988
"184",9.65,0.00372359832886926,0.0104006993061368,0.00733474330864401,0.00932828749188397,0.00848411548097861,0.0107397351366262,0.00580293223895187,0.00741723590502116,0.00295684304411046,0.00383729742513957,0.000568521080392023,0.000757385425527573
"185",9.7,0.00377548080074545,0.0103614456422571,0.00730625487130702,0.00928367162307796,0.00847799211602485,0.0107224773332128,0.0058726659672694,0.00749873952516852,0.00302414635920748,0.00392058345781464,0.00059387791503508,0.000790407067558586
"186",9.75,0.00382745847026927,0.0103218100038518,0.0072775579750163,0.0092389225725072,0.00847123272167268,0.0107045036572327,0.00594203396426582,0.00757965101294092,0.00309202777809001,0.00400446147437537,0.000620043152831993,0.00082444326744395
"187",9.8,0.00387952198341498,0.0102818034897592,0.0072486587750965,0.00919404723761712,0.00846384521844163,0.0106858251190025,0.00601101697014071,0.00765994854704368,0.00316046879378455,0.00408890646953482,0.000647028399365077,0.000859506820596967
"188",9.85,0.00393166197864983,0.0102414370514334,0.00721956335079844,0.00914905240879731,0.00845583754656344,0.0106664527055305,0.00607959599025892,0.00773961070371769,0.00322945051124354,0.00417389304084336,0.0006748448942544,0.000895609996922918
"189",9.9,0.00398386909042981,0.0102007214937481,0.00719027770571709,0.00910394477047945,0.00844721766317053,0.0106463973777862,0.00614775230310365,0.00781861646419568,0.00329895366229912,0.00425939540926109,0.000703503492472762,0.00093276451813739
"190",9.95,0.00403613395265537,0.0101596674758267,0.00716080776821736,0.00905873090223018,0.00843799353955047,0.0106256700680509,0.00621546746790021,0.00789694522173342,0.00336895862086382,0.00434538743992547,0.000733014645978165,0.00097098153560041
"191",10,0.0040884472020862,0.0101182855118996,0.00713115939186765,0.00901341727983883,0.00842817315846548,0.0106042816773475,0.00628272333191145,0.00797457678821951,0.00343944541835701,0.0044318426630866,0.000763388385696656,0.00101027160870754
"192",10.05,0.00414079948171357,0.0100765859721848,0.00710133835588067,0.00896801027639964,0.00841776451153628,0.0105822430729488,0.00634950203740553,0.00805149140036752,0.00351039375933615,0.00451873429518259,0.000794634303887704,0.00105064468387789
"193",10.1,0.0041931814440894,0.0100345790837927,0.0070713503655611,0.00892251616338871,0.00840677559668946,0.0105595650859625,0.00641578602829674,0.00812766972549459,0.00358178303731134,0.00460603526002774,0.000826761536923301,0.00109211007417764
"194",10.15,0.00424558375461085,0.00999227493165207,0.00704120105275976,0.00887694111173519,0.00839521441566739,0.0105362585089919,0.00648155805646137,0.00820309286689132,0.00365359235072294,0.00469371821008695,0.000859778748511384,0.00113467643961664
"195",10.2,0.00429799709475953,0.00994968345945627,0.00701089597633405,0.00883129119288685,0.00838308897160018,0.0105123340938705,0.00654680118772996,0.00827774236878746,0.00372580051906117,0.00478175554781,0.000893694113393062,0.00117835176815412
"196",10.25,0.00435041216529429,0.0099068144706294,0.00698044062261415,0.00878557237986983,0.00837040726663855,0.0104878025494696,0.00661149880755808,0.00835160022091857,0.0037983860991073,0.0048701194469996,0.000928515301542075,0.00122314335744786
"197",10.3,0.00440281968939683,0.00986367762930993,0.00694984040587479,0.00873979054834251,0.00835717729964689,0.0104626745395775,0.00667563462637767,0.00842464886269904,0.00387132740127625,0.00495878187418802,0.000964249462894081,0.00126905779738013
"198",10.35,0.00445521041576899,0.00982028246135137,0.00691910066881228,0.00869395147764331,0.00834340706395581,0.0104369606808486,0.00673919268463195,0.00849687118700707,0.00394460250604058,0.0050477146099971,0.00100090321263207,0.00131610095339163
"199",10.4,0.00450757512168132,0.00977663835533866,0.00688822668302634,0.00864806085183246,0.00832910454517321,0.0104106715408216,0.0068021573574961,0.00856825054358735,0.00401818928041616,0.00513688927045754,0.00103848261705316,0.00136427795065331
"200",10.45,0.00455990461597176,0.00973275456361938,0.00685722364950663,0.00860212426072761,0.00831427771905308,0.0103838176360057,0.00686451335928711,0.0086387707420776,0.00409206539449015,0.00522627732826339,0.00107699318004067,0.00141359315910405
"201",10.5,0.00461218974199413,0.00968864020334837,0.00682609669912358,0.0085561472009331,0.0082989345494212,0.0103564094300326,0.00692624574756592,0.00870841605466514,0.00416620833797218,0.0053158501339385,0.00111643983016447,0.00146405017938062
"202",10.55,0.00466442138051529,0.00964430425754525,0.00679485089312328,0.00851013507686298,0.008283082986157,0.0103284573318739,0.00698733992693531,0.00877717121837997,0.00424059543675018,0.00540557893689249,0.00115682690843073,0.00151565182966426
"203",10.6,0.00471659045256088,0.00959975557616356,0.00676349122362616,0.00846409320175764,0.00826673096323063,0.0102999716941226,0.00704778165253713,0.00884502143703101,0.00431520386943223,0.00549543490634387,0.00119815815670164,0.00156840013346665
"204",10.65,0.00476868792220853,0.00955500287717074,0.00673202261412914,0.00841802679869388,0.00824988639679448,0.010270962811337,0.00710755703325285,0.00891195238279215,0.00439001068385678,0.00558538915208922,0.0012404367068035,0.00162229630837588
"205",10.7,0.00482070479932852,0.00951005474763795,0.00670044992001117,0.00837194100158855,0.0082325571833284,0.0102414409184459,0.00716665253461141,0.00897795019744527,0.00446499281355359,0.00567541274509751,0.00128366507034099,0.00167734075578151
"206",10.75,0.00487263214227091,0.00946491964483911,0.00666877792904168,0.00832584085619562,0.00821475119783763,0.0102114161892148,0.00722505498140853,0.00904300149328706,0.00454012709413811,0.00576547673790959,0.0013278451292333,0.00173353305159528
"207",10.8,0.00492446106049915,0.00941960589735814,0.00663701136189189,0.00827973132109648,0.00819647629210283,0.0101808987347701,0.00728275156004191,0.00910709335370693,0.00461539027962296,0.00585555218482337,0.00137297812698694,0.00179087193798277
"208",10.85,0.00497618271716943,0.00937412170620366,0.00660515487264869,0.00823361726868373,0.00817774029298123,0.0101498986021824,0.00733972982056687,0.00917021333344342,0.00469075905862991,0.00594561016184625,0.00141906466071843,0.00184935531611875
"209",10.9,0.00502778833165549,0.0093284751459305,0.00657321304933087,0.0081875034861381,0.00815855100075821,0.0101184257731054,0.00739597767847696,0.0092323494585263,0.00476621007048689,0.00603562178639652,0.00146610467393832,0.00190898023997727
"210",10.95,0.00507926918201865,0.00928267416576722,0.0065411904144074,0.00814139467639869,0.00813891618754837,0.0100864901624711,0.00745148341621456,0.00929349022591208,0.00484171992119463,0.00612555823673679,0.00151409745010715,0.00196974291116564
"211",11,0.00513061660742274,0.00923672659074896,0.0065090914253178,0.00809529545912635,0.00811884359574553,0.0100541016172394,0.00750623568441615,0.00935362460282019,0.00491726519924803,0.00621539077112273,0.00156304160697182,0.00203163867480913
"212",11.05,0.0051818220104936,0.00919064012285497,0.00647692047499407,0.00804921037166022,0.00809834093652057,0.010021269915201,0.00756022350289748,0.00941274202577794,0.00499282249129813,0.00630509074665136,0.00161293509168995,0.00209466201649156
"213",11.1,0.00523287685962296,0.00914442234215013,0.0064446818923843,0.00800314386996741,0.00807741588836653,0.00998800476383244,0.00761343626138372,0.00947083239938142,0.00506836839764082,0.00639462963779402,0.00166377517674799,0.00215880656025491
"214",11.15,0.00528377269121668,0.00909808070792999,0.00641237994297749,0.00795710032958575,0.00805607609569008,0.00995431579920217,0.00766586371998973,0.00952788609478045,0.00514387954751886,0.00648397905459944,0.00171555845667745,0.00222406506765896
"215",11.2,0.00533450111188692,0.0090516225598686,0.00638001882932964,0.00791108404655964,0.00803432916744866,0.00992021258492725,0.0077174960094559,0.00958389394789522,0.00521933261422468,0.00657311076055353,0.00176828084557233,0.00229042943790027
"216",11.25,0.00538505380058842,0.00900505511916863,0.00634760269159082,0.00786509923836886,0.00801218267583239,0.00988570461117857,0.00776832363114496,0.00963884725737239,0.00529470432999147,0.00666199669008298,0.00182193757540922,0.00235789070898776
"217",11.3,0.00543542251069863,0.00895838548971324,0.00631513560803299,0.00781915004485055,0.00798964415499015,0.00985080129373426,0.00781833745680516,0.00969273778228854,0.00536997150066096,0.00675060896569062,0.00187652319517016,0.00242643905997031
"218",11.35,0.00548559907204175,0.00891162065921921,0.00628262159557853,0.00777324052911403,0.00796672109979887,0.00981551197308003,0.00786752872810531,0.00974555773960871,0.0054451110201166,0.00683891991471114,0.00193203157076706,0.00249606381420989
"219",11.4,0.00553557539285657,0.0088647675003907,0.00625006461032934,0.00772737467844875,0.00794342096467545,0.00977984591355539,0.00791588905594751,0.00979729980140793,0.00552009988447164,0.00692690208567655,0.00198845588576499,0.00256675344369211
"220",11.45,0.00558534346170824,0.00881783277207345,0.00621746854809612,0.00768155640522509,0.00791975116243041,0.00974381230254484,0.00796341041956291,0.0098479570918635,0.00559491520600164,0.00701452826428155,0.00204578864290024,0.00263849557436403
"221",11.5,0.00563489534934402,0.00877082312040865,0.00618483724492801,0.00763578954778824,0.00789571906316263,0.00970742024971301,0.00801008516539633,0.00989752318402579,0.00566953422681209,0.00710177148893951,0.00210402166638799,0.00271127699248753
"222",11.55,0.00568422321049295,0.00872374507998625,0.00615217447764215,0.00759007787134495,0.00787133199319435,0.00967067878628267,0.00805590600578546,0.00994599209637546,0.00574393433223198,0.00718860506592079,0.00216314610501278,0.00278508365199489
"223",11.6,0.00573331928560969,0.00867660507499724,0.00611948396435334,0.00754442506884334,0.00784659723404587,0.00963359686435483,0.00810086601744034,0.00999335828917463,0.00581809306392459,0.00727500258406541,0.002223152435994,0.00285990068283129
"224",11.65,0.00578217590256274,0.00862940942038444,0.00608676936500326,0.00749883476184547,0.00782152202144883,0.00959618335626983,0.0081449586397288,0.0100396166606199,0.00589198813270767,0.00736093792906327,0.00228403046961723,0.00293571240026788
"225",11.7,0.00583078547826693,0.00858216432299156,0.00605403428188952,0.00745331050139311,0.00779611354439791,0.00955844705400852,0.00818817767277379,0.0100847625428048,0.00596559743107544,0.00744638529729541,0.00234576935462114,0.00301250231516698
"226",11.75,0.00587914052026067,0.00853487588271002,0.00602128226019416,0.0074078557688662,0.00777037894423971,0.00952039666863266,0.00823051727536815,0.010128791697499,0.00603889904541528,0.00753131920923054,0.00240835758432835,0.00309025314517986
"227",11.8,0.00592723362822798,0.00848755009362332,0.00598851678851159,0.00736247397683448,0.00774432531379844,0.00948204082976358,0.00827197196271284,0.0101717003117527,0.0061118712679128,0.00761571452237218,0.00247178300350793,0.00316894682685615
"228",11.85,0.00597505749546566,0.00844019284514852,0.00595574129937584,0.00731716846990192,0.00771795969653755,0.00944338808509821,0.00831253660398415,0.010213484993332,0.00618449260813926,0.00769954644375161,0.00253603281595556,0.00324856452864219
"229",11.9,0.00602260491029588,0.0083928099231745,0.0059229591697869,0.00727194252554417,0.0076912890857567,0.00940444689996158,0.00835220641973577,0.0102541427659952,0.00625674180431582,0.00778279054196327,0.00260109359277687,0.00332908666474504
"230",11.95,0.00606986875742421,0.0083454070111969,0.0058901737217363,0.00722679935493899,0.00766432042382333,0.00936522565689508,0.00839097697914151,0.0102936710646143,0.00632859783424957,0.00786542275873932,0.00266695128135826,0.00341049290983677
"231",12,0.00611684201924395,0.00829798969144914,0.00585738822273149,0.00718174210378958,0.00763706060143808,0.00932573265527924,0.00842884419708417,0.0103320677301516,0.00640003992593715,0.00794741942006098,0.00273359121500845,0.00349276221457341
"232",12.05,0.00616351777708644,0.00825056344602958,0.00582460588631923,0.00713677385314104,0.00760951645693364,0.00928597611099072,0.00846580433109652,0.010369331004497,0.00647104756783156,0.00802875724680485,0.00280099812325345,0.00357587282190114
"233",12.1,0.00620988921241829,0.00820313365802425,0.00579182987260764,0.00709189762018966,0.00758169477560601,0.0092459641560922,0.00850185397815975,0.0104054595251741,0.00654160051876896,0.00810941336492276,0.00286915614276645,0.00365980228412163
"234",12.15,0.00625594960798548,0.00815570561262514,0.00575906328878706,0.00704711635908532,0.00755360228907787,0.00920570483855466,0.00853699007136526,0.010440452319921,0.00661167881755206,0.00818936531515462,0.00293804882891347,0.00374452748068751
"235",12.2,0.00630169234890501,0.00810828449824372,0.00572630918964932,0.00700243296172691,0.00752524567469301,0.00916520612201107,0.0085712098764452,0.0104743088011535,0.00668126279218787,0.00826859106227409,0.00300765916789507,0.00383002463669797
"236",12.25,0.00634711092370435,0.00806087540761937,0.00569357057810575,0.00695785025855076,0.00749663155494169,0.00912447588554082,0.00860451098817739,0.0105070287603171,0.00675033306877735,0.00834706900386742,0.00307796958946329,0.00391626934206367
"237",12.3,0.00639219892530912,0.00801348333892276,0.00566085040570337,0.00691337101931214,0.00746776649691569,0.0090835219234841,0.00863689132666992,0.0105386123621355,0.00681887058005523,0.0084247779786464,0.00314896198019267,0.00400323657130949
"238",12.35,0.00643695005197961,0.00796611319685373,0.00562815157313964,0.00686899795385988,0.00743865701179308,0.0090423519452853,0.00866834913353122,0.0105690601387598,0.00688685657357897,0.00850169727429689,0.00322061769728368,0.00409090070398313
"239",12.4,0.00648135810819646,0.00791876979373353,0.00559547693077527,0.006824733712904,0.0074093095543514,0.00900097357536496,0.00869888296793048,0.010598372983828,0.00695427261956562,0.00857780663486486,0.00329291758287584,0.00417923554563653
"240",12.45,0.00652541700549608,0.00787145785059142,0.0055628292791454,0.00678058088877656,0.00737973052250925,0.00895939435301923,0.00872849170255418,0.0106265521464383,0.00702110061837639,0.00865308626768232,0.00336584197884803,0.00426821434934726
"241",12.5,0.0065691207632561,0.00782418199824519,0.00553021136946879,0.00673654201618558,0.0073499262568953,0.00891762173234642,0.0087571745194637,0.0106535992250448,0.00708732280764867,0.00872751684983593,0.00343937074208242,0.00435780983774577
"242",12.55,0.00661246350943173,0.00777694677837567,0.0054976259041551,0.00669261957296216,0.00731990304044424,0.00887566308219962,0.00878493090585926,0.0106795161612797,0.00715292176907582,0.00880107953418176,0.00351348326016836,0.00444799422551492
"243",12.6,0.00665543948124309,0.00772975664459488,0.00546507553731015,0.00664881598080073,0.00728966709801914,0.0088335256861649,0.00881176064975541,0.0107043052337098,0.00721788043483553,0.00887375595490976,0.00358815846752234,0.00453873924232708
"244",12.65,0.00669804302581468,0.00768261596350785,0.00543256287523909,0.00660513360599264,0.00725922459605954,0.00879121674256434,0.00883766383557297,0.0107279690515316,0.00728218209366767,0.00894552823266223,0.00366337486189943,0.00463001615618444
"245",12.7,0.00674026860076675,0.00763552901576788,0.00540009047694742,0.00656157476015284,0.00722858164225473,0.00874874336448316,0.00886264083965239,0.0107505105482124,0.00734581039660291,0.00901637897921055,0.00373911052127172,0.00472179579712774
"246",12.75,0.00678211077475984,0.00758849999712509,0.00536766085463992,0.00651814170093994,0.00719774428524169,0.00870611257982036,0.0088866923256936,0.0107719329750811,0.00740874936234419,0.00908629130169543,0.00381534312104906,0.00481404858127862
"247",12.8,0.00682356422799271,0.00754153301946824,0.00533527647421713,0.0064748366327695,0.00716671851432706,0.00866333133136211,0.00890981924012695,0.0107922398948766,0.00747098338230265,0.00915524880643558,0.00389204995161703,0.00490674453518082
"248",12.85,0.00686462375265424,0.0074946321118596,0.00530293975576972,0.00643166170752064,0.00713551025923267,0.00862040647687748,0.00893202280742008,0.0108114351752566,0.00753249722529076,0.00922323560231061,0.00396920793616708,0.00499985332040523
"249",12.9,0.00690528425333014,0.00744780122156279,0.00527065307407039,0.00638861902523608,0.00710412538986403,0.00857734478923548,0.00895330452532542,0.0108295229822747,0.00759327604187505,0.00929023630372395,0.00404679364879392,0.00509334425838438
"250",12.95,0.00694554074736475,0.0074010442150636,0.00523841875906338,0.00634571063481546,0.00707256971610123,0.00853415295654319,0.00897366616007275,0.0108465077738282,0.00765330536839158,0.00935623603315203,0.00412478333283483,0.00518718635544158
"251",13,0.00698538836517878,0.00735436487908356,0.00520623909635159,0.00630293853470214,0.0070408489876118,0.00849083758230413,0.00899310974151147,0.0108623942930845,0.00771257113062727,0.00942122042328617,0.00420315291942593,0.00528134832798061
"252",13.05,0.00702482235054361,0.00730776692158618,0.0051741163276811,0.00626030467356339,0.00700896889368491,0.00844740518559635,0.0090116375582068,0.0108771875618884,0.00777105964717069,0.00948517561877409,0.00428187804625042,0.00537579862780176
"253",13.1,0.00706383806081258,0.00726125397277589,0.00514205265142323,0.00621781095096413,0.00697693506308648,0.00840386220126964,0.00902925215249444,0.0108908928741571,0.007828757632436,0.00954808827756777,0.00436093407645379,0.00547050546751068
"254",13.15,0.00710243096711025,0.00721482958608954,0.00511005022305403,0.00617545921803411,0.00694475306393463,0.0083602149801613,0.00904595631549767,0.0109035157892655,0.00788565219936407,0.00960994557188519,0.00444029611770139,0.00556543684598661
"255",13.2,0.00714059665447977,0.00716849723918038,0.00507811115563107,0.00613325127812866,0.00691242840359503,0.00831646978932985,0.00906175308211122,0.0109150621254291,0.00794173086180505,0.00967073518879331,0.00451993904135367,0.00566056057387728
"256",13.25,0.0071783308219897,0.00712226033489443,0.00504623752026764,0.00609118888748301,0.00687996652859559,0.00827263281230619,0.00907664572595584,0.0109255379530856,0.0079969815365868,0.00973044533041982,0.00459983750173492,0.00575584429908803
"257",13.3,0.00721562928280027,0.00707612220223935,0.00501443134660427,0.00604927375586021,0.00684737282456011,0.00822871014936164,0.00909063775430763,0.0109349495882818,0.00805139254527382,0.0097890647138018,0.00467996595547139,0.00585125553223333
"258",13.35,0.00725248796419006,0.00703008609734548,0.00498269462327745,0.00600750754719272,0.00681465261616023,0.00818470781779223,0.00910373290300579,0.0109433035860697,0.00810495261562169,0.00984658257037906,0.00476029868087501,0.00594676167201952
"259",13.4,0.007288902907544,0.00698415520441927,0.0049510292983857,0.00596589188021764,0.00678181116708549,0.00814063175221899,0.00911593513134284,0.0109506067339142,0.00815765088273188,0.00990298864514056,0.00484080979734937,0.00604233003052815
"260",13.45,0.00732487026830277,0.00693833263668892,0.00491943727995274,0.00592442832910568,0.0067488536800307,0.00809648780490328,0.00912724861694072,0.0109568660451186,0.0082094768899122,0.009958273195432,0.00492147328479487,0.00613792785837001
"261",13.5,0.00736038631587485,0.00689262143734222,0.00488792043638796,0.00588311842408389,0.00671578529670051,0.00805228174607718,0.0091376777506165,0.0109620887522691,0.0082604205892484,0.0100124269894333,0.0050022630029904,0.00623352236968048
"262",13.55,0.00739544743351149,0.0068470245804565,0.00485648059694397,0.00584196365205213,0.00668261109783046,0.00800801926428795,0.00914722713124126,0.0109662823007045,0.00831047234189238,0.0100654413043144,0.0050831527109294,0.0063290807669281
"263",13.6,0.00743005011814574,0.00680154497192082,0.00482511955217131,0.0058009654571934,0.00664933610322414,0.00796370596675645,0.00915590156059521,0.0109694543420128,0.00835962291807245,0.010117307924078,0.00516411608608828,0.00642457026550809
"264",13.65,0.00746419098019548,0.00675618545035018,0.00479383905437028,0.00576012524157803,0.00661596527180624,0.0079193473797488,0.00916370603822283,0.0109716127275581,0.00840786349683197,0.0101680191370983,0.00524512674360627,0.00651995811809451
"265",13.7,0.00749786674333219,0.0067109487879919,0.00476264081803984,0.00571944436576177,0.00658250350169062,0.00787494894896096,0.00917064575629079,0.0109727655020429,0.00845518566550175,0.0102175677333638,0.00532615825535561,0.00661521163872465
"266",13.75,0.00753107424421507,0.00666583769162397,0.00473152652032362,0.00567892414937774,0.00654895563026353,0.00783051603991571,0.00917672609445217,0.0109729208971064,0.00850158141891262,0.0102659470014346,0.00540718416888196,0.00671029822659048
"267",13.8,0.00756381043219195,0.00662085480344559,0.00470049780145288,0.00563856587172248,0.006515326434281,0.00778605393837152,0.00918195261471958,0.0109720873249634,0.00854704315835408,0.0103131507251211,0.00548817802619523,0.00680518538951308
"268",13.85,0.00759607236896737,0.00657600270195963,0.00466955626518663,0.00559837077233592,0.00648162062998054,0.00774156785074308,0.00918633105635054,0.0109702733720871,0.00859156369028545,0.0103591731798947,0.00556911338239169,0.00689984076707643
"269",13.9,0.00762785722823862,0.00653128390284726,0.00463870347924868,0.0055583400515754,0.00644784287320631,0.0076970629045328,0.00918986733074767,0.0109674877929363,0.00863513622480559,0.0104040091290391,0.00564996382408878,0.00699423215339812
"270",13.95,0.00765916229530029,0.00648670085983447,0.00460794097576167,0.00551847487118382,0.00641399775954757,0.00765254414877298,0.00919256751637654,0.0109637395037329,0.00867775437388781,0.0104476538195503,0.00573070298765471,0.0070883275195157
"271",14,0.00768998496661828,0.00644225596555077,0.00457727025167817,0.0054787763548519,0.00638008982449009,0.00760801655447832,0.00919443785370386,0.0109590375762891,0.00871941214938622,0.0104901029777962,0.00581130457721527,0.00718209503536774
"272",14.05,0.00772032274937378,0.0063979515523798,0.00454669276920865,0.00543924558877454,0.00634612354357994,0.00756348501510818,0.00919548474015857,0.0109533912318892,0.00876010396082009,0.0105313528049428,0.00589174238242137,0.00727550309135037
"273",14.1,0.00775017326097769,0.00635378989330215,0.00451620995624648,0.00539988362220154,0.00631210333259948,0.00751895434703836,0.0091957147251183,0.0109468098352272,0.00879982461294273,0.0105713999721571,0.00597199029596092,0.0073685203194304
"274",14.15,0.00777953422855693,0.00630977320272999,0.00448582320678984,0.00536069146798236,0.00627803354775508,0.00747442929004195,0.00919513450492363,0.0109393028884018,0.00883856930310154,0.0106102416155959,0.00605202233079991,0.00746111561379764
"275",14.2,0.00780840348841233,0.00626590363733399,0.00445553388136053,0.00532167010310535,0.00624391848587619,0.00742991450777878,0.00919375091792227,0.0109308800249726,0.00887633361839558,0.0106478753311884,0.00613181263713738,0.00755325815103964
"276",14.25,0.00783677898544955,0.00622218329686218,0.00442534330741983,0.00528282046923116,0.00620976238462551,0.0073854145882933,0.00919157093954586,0.0109215510040785,0.00891311353263763,0.0106842991692225,0.0062113355190609,0.00764491740982336
"277",14.3,0.00786465877258338,0.0061786142249509,0.00439525277978111,0.00524414347322058,0.00617556942271985,0.0073409340445203,0.00918860167742087,0.0109113257046195,0.00894890540312705,0.0107195116287434,0.00629056545088815,0.00773606319006903
"278",14.35,0.00789204101011622,0.00613519840992795,0.00436526356101946,0.00520563998765681,0.00614134372016127,0.00729647731479835,0.00918485036651618,0.0109002141195056,0.00898370596724018,0.0107535116517722,0.00636947709318256,0.00782666563160269
"279",14.4,0.00791892396509123,0.00609193778560773,0.00433537688187822,0.00516731085136207,0.00610708933847839,0.00725204876339033,0.00918032436432911,0.010888226349973,0.00901751233884504,0.0107862986173552,0.00644804530843047,0.00791669523227466
"280",14.45,0.00794530601062108,0.00604883423207857,0.00430559394167235,0.0051291568699088,0.00607281028097718,0.00720765268101102,0.00917503114611167,0.0108753725999693,0.00905032200454659,0.0108178723354507,0.00652624517636855,0.00800612286553261
"281",14.5,0.00797118562519291,0.00600588957648225,0.00427591590868874,0.0050911788161253,0.00603851049300134,0.00716329328536116,0.00916897830013914,0.0108616631706104,0.00908213281976962,0.010848233040663,0.00660405200895046,0.00809491979743811
"282",14.55,0.00799656139194992,0.00596310559378573,0.00424634392058341,0.00505337743059597,0.00600419386220156,0.00711897472166782,0.00916217352302234,0.0108471084547089,0.00911294300468534,0.010877381385831,0.00668144136494299,0.00818305770311751
"283",14.6,0.00802143199795072,0.00592048400754495,0.00421687908477553,0.00501575342215616,0.00596986421881361,0.00707470106323062,0.0091546246150655,0.0108317189313768,0.00914275113998862,0.0109053184354811,0.00675838906414195,0.00827050868263818
"284",14.65,0.00804579623340653,0.00587802649066107,0.00418752247883846,0.00497830746838164,0.00593552533594491,0.00703047631197369,0.00914633947567127,0.0108155051607028,0.00917155616253215,0.0109320456591511,0.00683487120119929,0.00835724527630241
"285",14.7,0.0080696529908975,0.0058357346661288,0.0041582751508875,0.0049410402160727,0.00590118092986907,0.00698630439900286,0.00913732609879414,0.0107984777785055,0.00919935736082403,0.010957564924595,0.00691086415905322,0.00844324047935239
"286",14.75,0.00809300126456828,0.00579361010777715,0.00412913811996471,0.00490395228173311,0.00586683466032848,0.00694218918516783,0.009127592568444,0.0107806474911645,0.00922615437039523,0.0109818784908744,0.00698634462195392,0.00852846775608012
"287",14.8,0.00811584014930384,0.00575165434100247,0.00410011237642041,0.00486704425204371,0.00583249013084435,0.0068981344616292,0.00911714705424098,0.0107620250705282,0.00925194716904331,0.0110049890013472,0.00706128958807834,0.00861290105333772
"288",14.85,0.00813816883988587,0.00570986884349383,0.00407119888229174,0.00483031668433084,0.005798150889034,0.0068541439504298,0.00910599780702283,0.0107426213489024,0.00927673607195855,0.0110268994765585,0.00713567638172757,0.00869651481344378
"289",14.9,0.00815998663013087,0.00566825504595085,0.00404239857167803,0.00479377010702962,0.00576382042693526,0.00681022130507033,0.00909415315450614,0.0107224472141176,0.00930052172673895,0.011047613307044,0.0072094826651016,0.00877928398648285
"290",14.95,0.00818129291200998,0.00562681433279394,0.00401371235111303,0.00475740502014213,0.0057295021813375,0.00676637011108876,0.00908162149700255,0.0107015136046769,0.0093233051083001,0.0110671342460512,0.00728268644964674,0.00886118404199581
"291",15,0.00820208717475169,0.00558554804286699,0.00398514109993406,0.00472122189569047,0.00569519953411921,0.00672259388664343,0.00906841130319077,0.010679831504986,0.00934508751368605,0.0110854664021872,0.00735526610697119,0.00894219098005954
"292",15.05,0.00822236900392762,0.00554445747013264,0.00395668567064809,0.0046852211781648,0.00566091581259168,0.00667889608309956,0.00905453110594571,0.0106574119406643,0.00936587055678732,0.0111026142319996,0.00742720037932544,0.00902228134175567
"293",15.1,0.00824213808052245,0.00550354386436001,0.00392834688929464,0.00464940328496637,0.00562665428984875,0.00663528008561882,0.00903998949822548,0.0106342659739387,0.00938565616297183,0.0111185825324982,0.00749846838964445,0.00910143221902811
"294",15.15,0.00826139417998817,0.00546280843180512,0.00390012555580564,0.00461376860684562,0.00559241818512218,0.00659174921375179,0.00902479512901707,0.0106104046991207,0.00940444656363466,0.0111333764336234,0.00756904965114925,0.00917962126393104
"295",15.2,0.00828013717128343,0.00542225233588386,0.00387202244436217,0.00457831750833533,0.00555821066414249,0.00654830672203311,0.00900895669934168,0.0105858392381658,0.00942224429067256,0.0111470013906699,0.00763892407650604,0.00925682669726857
"296",15.25,0.00829836701589881,0.00538187669783769,0.00384403830374812,0.0045430503281789,0.00552403483950507,0.00650495580057896,0.00899248295832024,0.0105605807363178,0.00943905217088868,0.0111594631766695,0.0077080719865419,0.00933302731662901
"297",15.3,0.00831608376686824,0.00534168259739198,0.00381617385770078,0.00450796737975374,0.00548989377104122,0.00646169957568679,0.00897538269930001,0.0105346403578357,0.00945487332033323,0.011170767874743,0.00777647411851606,0.00940820250381662
"298",15.35,0.00833328756776725,0.00530167107340725,0.00378842980525833,0.00447306895149001,0.0054557904661939,0.00641854111043697,0.00895766475604259,0.0105080292818054,0.00946971113858554,0.0111809218704248,0.00784411163394677,0.00948233223168524
"299",15.4,0.0083499786516988,0.00526184312452308,0.00376080682110427,0.00443835530728439,0.00542172788039816,0.00637548340529616,0.00893933799897427,0.0104807586980355,0.00948356930298296,0.0111899318439667,0.0079109661259943,0.00955539707037785
"300",15.45,0.0083661573402672,0.00522219970979493,0.00373330555590879,0.00440382668690925,0.00538770891746571,0.00633252939872225,0.00892041133149885,0.0104528398030372,0.00949645176280186,0.0111978047626291,0.0079770196264008,0.00962737819297784
"301",15.5,0.00838182404254055,0.00518274174932385,0.00370592663666713,0.00436948330641716,0.00535373642997371,0.00628968196777063,0.00890089368637362,0.0104242837960889,0.00950836273339586,0.0112045478729625,0.00804225461198848,0.00969825738057742
"302",15.55,0.00839697925400221,0.00514347012487914,0.0036786706670348,0.00433532535854069,0.00531981321965733,0.00624694392870153,0.00888079402214879,0.0103951018753842,0.00951930669029654,0.0112101686930867,0.00810665401071811,0.00976801702676989
"303",15.6,0.00841162355549241,0.00510438568051399,0.00365153822765985,0.00430135301308757,0.00528594203780611,0.00620431803758832,0.00886012131967082,0.0103653052342653,0.00952928836328146,0.0112146750049733,0.00817020120731011,0.00983664014157252
"304",15.65,0.00842575761213954,0.00506548922317417,0.00362452987651211,0.0042675664173314,0.00525212558566368,0.00616180699092657,0.00883888457864975,0.0103349050575394,0.00953831273041452,0.0112180748467364,0.00823288004843109,0.00990411035478797
"305",15.7,0.00843938217228284,0.00502678152329976,0.00359764614920931,0.00423396569639773,0.00521836651483083,0.00611941342624363,0.00881709281429098,0.0103039125178797,0.00954638501206321,0.0112203765049358,0.00829467484744913,0.00997041191881187
"306",15.75,0.00845249806638588,0.0049882633154201,0.00357088755934039,0.00420055095364571,0.00518466742767166,0.00607713992270859,0.00879475505399156,0.0102723387723094,0.00955351066489769,0.0112215885069006,0.0083555703887614,0.0100355297108953
"307",15.8,0.00846510620594236,0.00494993529874183,0.00354425459878556,0.00416732227104524,0.00515103087772257,0.00603498900174248,0.00877188033410117,0.0102401949587697,0.00955969537587596,0.0112217196130743,0.00841555193169824,0.0100994492348715
"308",15.85,0.00847720758237384,0.00491179813773022,0.00351774773803364,0.0041342797095497,0.00511745937010404,0.00599296312762843,0.00874847769674802,0.0102074921927705,0.00956494505621981,0.0112207788093895,0.00847460521400829,0.010162156622355
"309",15.9,0.00848880326592069,0.00487385246268378,0.00349136742649619,0.00410142330946441,0.00508395536193488,0.00595106470812175,0.00872455618672937,0.0101742415641234,0.00956926583538561,0.0112187752996748,0.00853271645492923,0.0102236386334252
"310",15.95,0.00849989440452635,0.00483609887030215,0.00346511409281885,0.00406875309081059,0.00505052126274886,0.00590929609505967,0.00870012484846724,0.0101404541337579,0.00957266405503443,0.0112157184980986,0.00858987235784961,0.0102838826568021
"311",16,0.00851048222271515,0.00479853792424743,0.00343898814518964,0.00403626905368516,0.00501715943491355,0.00586765958497071,0.00867519272302876,0.0101061409306187,0.00957514626300537,0.0112116180216548,0.0086460601125672,0.0103428767095264
"312",16.05,0.00852056802046496,0.00476117015569892,0.00341298997164434,0.00400397117861615,0.0049838721940511,0.00582615741968329,0.0086497688452114,0.0100713129486441,0.00957671920729612,0.011206483682694,0.00870126739714959,0.0104006094361549
"313",16.1,0.0085301531720743,0.00472399606390132,0.00338711994036894,0.00397185942691404,0.004950661809461,0.00578479178693377,0.00862386224069291,0.0100359811438263,0.00957738983005465,0.0112003254815038,0.00875548237940338,0.0104570701074807
"314",16.15,0.0085392391250249,0.00468701611670652,0.00336137839999918,0.00393993374101874,0.00491753050454435,0.00574356482097347,0.00859748192324575,0.0100001564313509,0.00957716526158578,0.0111931535989426,0.00880869371795825,0.010512248618792
"315",16.2,0.00854782739884002,0.00465023075110888,0.00333576567991722,0.00390819404484254,0.00488448045722989,0.00570247860317466,0.00857063689201606,0.0099638496828165,0.0095760528143763,0.0111849783891304,0.00886089056297283,0.0105661354876791
"316",16.25,0.00855591958393893,0.00461364037377423,0.00331028209054533,0.00387664024410889,0.00485151380040119,0.00566153516263547,0.00854333612886661,0.00992707172353332,0.00957405997714194,0.0111758103722,0.00891206255646901,0.0106187218514036
"317",16.3,0.00856351734048815,0.00457724536156257,0.00328492792363681,0.00384527222668715,0.00481863262232524,0.00562073647678339,0.0085155885957838,0.00988983332990039,0.00957119440889992,0.0111656602271114,0.00896219983230221,0.0106699994638396
"318",16.35,0.00857062239724956,0.00454104606204437,0.003259703452564,0.0038140898629232,0.00478583896708206,0.00558008447197742,0.00848740323234839,0.00985214522686017,0.00956746393307014,0.0111545387845337,0.00901129301577492,0.0107199606920013
"319",16.4,0.00857723655042643,0.00450504279401084,0.00323460893260341,0.00378309300596616,0.00475313483499525,0.00553958102410862,0.0084587889532694,0.0098140180854304,0.0095628765316082,0.011142457019797,0.00905933322290101,0.0107685985121686
"320",16.45,0.00858336166250697,0.00446923584797789,0.00320964460121806,0.00375228149209106,0.00472052218306339,0.005499227959199,0.00842975464598124,0.00977546252031223,0.00955744033917348,0.0111294260459164,0.00910631205932892,0.0108159065056232
"321",16.5,0.00858899966110651,0.0044336254866841,0.00318481067833701,0.00372165514101763,0.00468800292539207,0.00545902705399868,0.00840030916830332,0.00973648908757382,0.00955116363733499,0.0111154571066925,0.00915222161893139,0.010861878854008
"322",16.55,0.00859415253780848,0.00439821194558253,0.00316010736663204,0.00369121375622513,0.00465557893362652,0.00541898003658103,0.00837046134616214,0.00969710828240879,0.00954405484881804,0.0111005615698897,0.00919705448207029,0.0109065103343232
"323",16.6,0.00859882234700439,0.00436299543332662,0.00313553485179155,0.00366095712526337,0.00462325203738457,0.00537908858693593,0.00834021997137502,0.00965733053696861,0.00953612253179432,0.0110847509204948,0.00924080371354439,0.0109497963135711
"324",16.65,0.00860301120473345,0.00432797613225002,0.00311109330279174,0.0036308850200599,0.00459102402469002,0.00533935433756085,0.00830959379949542,0.00961716621826811,0.00952737537421808,0.0110680367540595,0.00928346286022887,0.0109917327430637
"325",16.7,0.00860672128752225,0.00429315419884067,0.0030867828721649,0.00360099719722337,0.00455889664240609,0.00529977887404974,0.00827859154771908,0.00957662562616337,0.00951782218821093,0.0110504307701274,0.00932502594841505,0.0110323161524046
"326",16.75,0.00860995483122454,0.00425852976420889,0.00306260369626511,0.00357129339834314,0.00452687159666891,0.00526036373567955,0.00824722189285081,0.00953571899140099,0.00950747190449755,0.0110319447657486,0.00936548748085881,0.0110715436431599
"327",16.8,0.00861271412986201,0.00422410293454974,0.00303855589553108,0.00354177335028524,0.00449495055332106,0.00522111041599448,0.00821549346933099,0.00949445647373797,0.00949633356689479,0.0110125906290837,0.00940484243354666,0.0111094128822293
"328",16.85,0.0086150015344658,0.00418987379159966,0.00301463957474636,0.00351243676548453,0.00446313513834483,0.00518202036338758,0.00818341486732173,0.00945284816013132,0.00948441632685624,0.0109923803330984,0.00944308625218813,0.0111459220949325
"329",16.9,0.00861681945191964,0.0041558423930873,0.00299085482329677,0.00348328334223326,0.00443142693829519,0.00514309498167986,0.00815099463085172,0.0094109040629964,0.00947172943807425,0.0109713259293517,0.00948021484844352,0.0111810700578217
"330",16.95,0.00861817034380471,0.00412200877317884,0.00296720171542522,0.00345431276496605,0.0043998275007325,0.00510433563069669,0.00811824125601959,0.00936863411853312,0.00945828225114177,0.0109494395418773,0.00951622459589572,0.0112148560912346
"331",17,0.00861905672524648,0.00408837294291764,0.00294368031048383,0.00342552470454121,0.00436833833465454,0.00506574362684147,0.00808516318925474,0.00932604818511915,0.00944408420827532,0.0109267333611619,0.00955111232577518,0.0112472800516003
"332",17.05,0.00861948116376407,0.00405493489065832,0.00292029065318336,0.00339691881851855,0.00433696091092814,0.00502732024366645,0.00805176882563557,0.00928315604176905,0.00942914483810153,0.0109032196382203,0.00958487532244726,0.0112783423235104
"333",17.1,0.00861944627812248,0.00402169458249547,0.00289703277384004,0.00336849475143367,0.00430569666271995,0.00498906671244064,0.00801806650726396,0.00923996738665845,0.00941347375050829,0.0108789106787684,0.00961751131867027,0.0113080438115685
"334",17.15,0.00861895473718749,0.00398865196268675,0.00287390668861982,0.00334025213506873,0.00427454698592657,0.00495098422271476,0.00798406452169583,0.00919649183571241,0.00939708063156277,0.0108538188374962,0.00964901849063418,0.0113363859320309
"335",17.2,0.00861800925878441,0.00395580695407075,0.00285091239977987,0.00331219058871984,0.00424351323960371,0.00491307392288314,0.00794977110042672,0.0091527389212567,0.00937997523849708,0.0108279565124416,0.00967939545278809,0.0113633706042495
"336",17.25,0.00861661260856009,0.0039231594584794,0.00282804989590768,0.00328430971946094,0.00421259674639439,0.00487533692074245,0.00791519441743208,0.00910871809073139,0.00936216739476376,0.0108013361394645,0.009708641252466,0.0113890002419315
"337",17.3,0.00861476759884919,0.00389070935714516,0.00280531915215742,0.00325660912240437,0.00418179879295616,0.00483777428404729,0.00788034258776142,0.00906443870546549,0.00934366698516171,0.0107739701868244,0.00973675536431963,0.0114132777442254
"338",17.35,0.00861247708754444,0.00385845651110294,0.00278272013048384,0.00322908838095801,0.00415112063038713,0.00480038704106254,0.00784522366618562,0.00901991003951175,0.00932448395103426,0.0107458711498602,0.00976373768456722,0.0114362064866473
"339",17.4,0.00860974397697177,0.0038264007615868,0.00276025277987361,0.00320174706707921,0.00412056347465078,0.00476317618111238,0.00780984564589675,0.0089751412785407,0.0093046282855404,0.0107170515457735,0.00978958852506717,0.0114577903118588
"340",17.45,0.00860657121276973,0.0037945419304216,0.00273791703657409,0.00317458474152528,0.00409012850699948,0.00472614265512593,0.0077742164572597,0.00893014151879268,0.00928411002899999,0.0106875239085163,0.00981430860722531,0.0114780335203069
"341",17.5,0.00860296178277452,0.00376287982040941,0.00271571282431967,0.00314760095410086,0.00405981687439669,0.00468928737617953,0.00773834396661497,0.00888491976608722,0.00926293926431437,0.0106573007837829,0.00983789905574458,0.0114969408607397
"342",17.55,0.00859891871590991,0.00373141421571106,0.00269364005455551,0.00312079524390198,0.0040296296899376,0.00465261122003544,0.00770223597513164,0.0088394849348884,0.00924112611246285,0.0106263947241065,0.00986036139222574,0.0115145175206068
"343",17.6,0.00859444508108301,0.00370014488222251,0.00267169862665896,0.00309416713955696,0.00399956803326842,0.0046161150256772,0.00766590021771021,0.00879384584742546,0.00921868072807608,0.0105948182840612,0.0098816975286277,0.0115307691163566
"344",17.65,0.00858954398608558,0.00366907156794643,0.00264988842815833,0.00306771615946409,0.00396963295100389,0.00457979959584116,0.00762934436193418,0.0087480112328675,0.00919561329508713,0.0105625840155688,0.00990190976059602,0.0115457016836419
"345",17.7,0.00858421857650165,0.00363819400335877,0.00262820933494941,0.0030414418120263,0.00393982545714332,0.00454366569754468,0.00759257600706983,0.00870198972655129,0.00917193402246057,0.0105297044633109,0.00992100076066779,0.0115593216674427
"346",17.75,0.00857847203462135,0.00360751190177056,0.00260666121150939,0.00301534359588256,0.00391014653348476,0.00450771406261043,0.00755560268311336,0.00865578986926118,0.00914765314000059,0.010496192160247,0.00993897357136145,0.0115716359121182
"347",17.8,0.00857230757836087,0.00357702495968483,0.00258524391110852,0.00298942100013637,0.00388059713003749,0.00447194538818712,0.00751843184988478,0.00860942010656015,0.0091227808942384,0.0104620596232363,0.0099558315981595,0.0115826516513976
"348",17.85,0.00856572846018986,0.00354673285714887,0.00256395727601927,0.00296367350458108,0.00385117816543263,0.0044363603372665,0.00748107089616762,0.00856288878817093,0.0090973275443993,0.0104273193487661,0.00997157860239229,0.0115923764983191
"349",17.9,0.00855873796606501,0.00351663525810171,0.00254280113772319,0.00293810057992226,0.00382189052733183,0.00440095953919647,0.0074435271388938,0.00851620416740618,0.00907130335845005,0.0103919838087844,0.00998621869403074,0.0116008184351281
"350",17.95,0.00855133941437108,0.00348673181071696,0.00252177531711535,0.0029127016879971,0.00379273507283407,0.00436574359019053,0.00740580782237285,0.00846937440064681,0.00904471860922656,0.0103560654466365,0.00999975632439595,0.0116079858031422
"351",18,0.00854353615486945,0.00345702214774106,0.00250087962470649,0.00288747628199082,0.00376371262888034,0.00433071305383322,0.00736792011756476,0.00842240754686731,0.00901758357064232,0.0103195766731067,0.0100121962787932,0.0116138872925945
"352",18.05,0.00853533156765366,0.0034275058868269,0.00248011386082281,0.00286242380665016,0.00373482399265638,0.00429586846158183,0.00732987112139563,0.00837531156720725,0.00898990851397767,0.0102825298625635,0.0100235436690781,0.0116185319324613
"353",18.1,0.0085267290621131,0.00339818263086306,0.00245947781580347,0.002837543698494,0.00370606993199321,0.00426121031326414,0.00729166785611544,0.00832809432458779,0.00896170370425006,0.0102449373492077,0.0100338039261618,0.0116219290802865
"354",18.15,0.00851773207590433,0.00336905196829836,0.00243897127019581,0.00281283538602112,0.00367745118576555,0.00422673907757219,0.00725331726869705,0.00828076358337235,0.00893297939666533,0.0102068114234235,0.0100429827924638,0.0116240884120073
"355",18.2,0.00850834407393051,0.00334011347346223,0.00241859399494828,0.00278829828991508,0.00364896846428801,0.00419245519255217,0.00721482623027577,0.00823332700907041,0.00890374583314999,0.0101681643282326,0.0100510863143172,0.0116250199117927
"356",18.25,0.00849856854732889,0.00331136670688047,0.00239834575160106,0.0027639318232463,0.00362062244970899,0.00415835906609026,0.00717620153562861,0.0081857921680834,0.00887401323896447,0.0101290082558479,0.0100581208343362,0.0116247338619002
"357",18.3,0.0084884090124669,0.00328281121558683,0.00237822629247461,0.00273973539167145,0.00359241379640238,0.00412445107639449,0.00713744990269266,0.00813816652749179,0.00884379181939732,0.0100893553443304,0.0100640929837501,0.0116232408325604
"358",18.35,0.00847786900994648,0.00325444653343023,0.00235823536085577,0.00271570839362996,0.00356434313135683,0.00409073157247262,0.00709857797212154,0.00809045745488247,0.00881309175653991,0.0100492176743444,0.0100690096747118,0.0116205516718959
"359",18.4,0.00846695210361733,0.00322627218137776,0.00233837269118184,0.00269185022053785,0.00353641105456266,0.00405720087460586,0.0070595923068793,0.00804267221821524,0.00878192320614177,0.0100086072660128,0.0100728780925877,0.011616677495881
"360",18.45,0.00845566187959855,0.0031982876678134,0.00231863800922234,0.00266816025697897,0.00350861813939637,0.00402385927481865,0.00702049939187113,0.00799481798572772,0.00875029629454611,0.00996753607587083,0.0100757056882334,0.011611629678351
"361",18.5,0.00844400194530974,0.00317049248883275,0.0022990310322587,0.00264463788089336,0.00348096493300269,0.00399070703734427,0.00698130563360986,0.00794690182587754,0.00871822111570511,0.00992601599391725,0.010077500170264,0.0116054198410664
"362",18.55,0.00843197592851062,0.0031428861285334,0.00227955146926175,0.00262128246376319,0.00345345195667413,0.00395774439908643,0.00694201735991769,0.00789893070732102,0.00868570772827501,0.00988405884076239,0.0100782694973226,0.0115980598438383
"363",18.6,0.00841958747635015,0.00311546805930148,0.00226019902106704,0.00259809337079595,0.00342607970622805,0.00392497157007669,0.00690264081966224,0.00785091149892731,0.00865276615279009,0.00984167636487181,0.0100780218703542,0.0115895617747222
"364",18.65,0.00840684025442497,0.003088237742094,0.00224097338054808,0.00257506996110507,0.00339884865238109,0.00389238873392779,0.00686318218252641,0.00780285096982707,0.00861940636891551,0.00979888023990474,0.0100767657248908,0.0115799379402848
"365",18.7,0.00839373794584691,0.00306119462671726,0.00222187423278745,0.00255221158788804,0.00337175924112111,0.00385999604828288,0.00682364753881091,0.00775475578949494,0.00858563831277836,0.00975568206214634,0.0100745097233518,0.011569200855951
"366",18.75,0.00838028425032029,0.00303433815210135,0.00220290125524588,0.00252951759860192,0.00334481189407643,0.00382779364526055,0.00678404289926913,0.0077066325278646,0.0085514718743764,0.00971209334803252,0.010071262747367,0.0115573632364347
"367",18.8,0.00836648288322888,0.00300766774657069,0.00218405411792916,0.00250698733513643,0.00331800700888253,0.00379578163189577,0.0067443741949734,0.00765848765547587,0.008516916895064,0.00966812553176642,0.0100670338901253,0.0115444379862606
"368",18.85,0.00835233757473227,0.00298118282811075,0.00216533248355305,0.00248462013398445,0.003291344959546,0.00376396009057666,0.00670464727721182,0.00761032754365273,0.00848198316511457,0.00962378996302534,0.0100618324487563,0.0115304381903795
"369",18.9,0.00833785206887229,0.00295488280463093,0.00214673600770619,0.00246241532641017,0.00326482609680579,0.00373232907947709,0.00666486791741512,0.00756215846471142,0.00844668042135909,0.00957909790475707,0.0100556679167474,0.0115153771048845
"370",18.95,0.00832303012268919,0.00292876707422367,0.0021282643390109,0.00244037223861474,0.00323845074849186,0.00370088863298514,0.00662504180711279,0.00751398659219787,0.0084110183448998,0.00953406053106426,0.0100485499764025,0.0114992681478301
"371",19,0.00830787550534788,0.0029028350254198,0.00210991711928204,0.00241849019189954,0.00321221921988093,0.00366963876212741,0.00658517455791756,0.00746581800115349,0.00837500655889853,0.00948868892517596,0.010040488491347,0.01148212489016
"372",19.05,0.00829239199727404,0.00287708603744024,0.00209169398368385,0.00239676850282708,0.00318613179404962,0.00363857945498912,0.00654527170153783,0.00741765866840858,0.00833865462643901,0.00944299407750477,0.0100314934990817,0.011463961046747
"373",19.1,0.00827658338930043,0.002851519480444,0.00207359456088482,0.00237520648337955,0.00316018873222472,0.0036077106771301,0.00650533868981708,0.00736951447290235,0.00830197204846226,0.00939698688378867,0.010021575203592,0.0114447904675487
"374",19.15,0.00826045348182347,0.00282613471577257,0.00205561847321063,0.00235380344111498,0.00313439027413071,0.00357703237199657,0.00646538089479971,0.00732139119602901,0.00826496826177446,0.00935067814331608,0.0100107439680144,0.0114246271288825
"375",19.2,0.00824400608396988,0.00280093109619076,0.00203776533679514,0.00233255867932121,0.00310873663833443,0.0035465444613288,0.00642540360882253,0.00727329452200881,0.00822765263712629,0.00930407855723298,0.00999901030736561,0.0114034851248239
"376",19.25,0.00822724501277374,0.00277590796612394,0.00202003476172938,0.00231147149716746,0.00308322802258698,0.00351624684556457,0.00638541204463131,0.00722523003828351,0.00819003447736324,0.00925719872693084,0.00998638488133708,0.0113813786587297
"377",19.3,0.00821017409236366,0.00275106466189187,0.00200242635220877,0.00229054118985372,0.00305786460416271,0.00348613940423853,0.00634541133552155,0.00717720323593522,0.00815212301564572,0.00921004915251397,0.00997287848715871,0.0113583220348911
"378",19.35,0.00819279715316082,0.00272640051193901,0.00198493970667834,0.0022697670487579,0.00303264654019541,0.00345622199637734,0.006305406535503,0.00712921951012812,0.0081139274137384,0.00916264023134508,0.00995850205253515,0.0113343296503172
"379",19.4,0.00817511803108681,0.00270191483706137,0.00196757441797613,0.0022491483615807,0.00300757396801161,0.00342649446089073,0.0062654026194871,0.00708128416057204,0.00807545676036769,0.00911498225666767,0.00994326662865777,0.011309415986653
"380",19.45,0.00815714056678247,0.00267760695063009,0.00195033007347468,0.00222868441248846,0.00298264700546098,0.00339695661695839,0.00622540448349675,0.00703340239200735,0.00803672006964663,0.00906708541630404,0.00992718338329536,0.0112835956022335
"381",19.5,0.008138868604837,0.00265347615881157,0.00193320625522075,0.00220837448225362,0.00295786575124388,0.00336760826441272,0.00618541694489774,0.00698557931471014,0.00799772627956614,0.00901895979142734,0.00991026359396645,0.0112568831242756
"382",19.55,0.0081203059930276,0.00262952176078431,0.00191620254007312,0.00218821784839329,0.00293323028523595,0.00333844918411751,0.00614544474265124,0.0069378199450174,0.00795848425055185,0.00897061535540676,0.00989251864119596,0.011229293241211
"383",19.6,0.00810145658156968,0.00260574304895254,0.00189931849983867,0.00216821378530546,0.00290874066880991,0.00330947913834243,0.00610549253758667,0.00689012920587098,0.00791900276408544,0.00892206197272394,0.00987396000185877,0.01120084069516
"384",19.65,0.00808232422237778,0.00258213930915653,0.00188255370140662,0.00214836156440335,0.00288439694515425,0.0032806978711335,0.00606556491269426,0.00684251192738,0.00787929052138962,0.00887330939795982,0.00985459924261259,0.01117154027455
"385",19.7,0.00806291276833698,0.00255870982087974,0.00186590770688096,0.0021286604542475,0.00286019913958923,0.00325210510867939,0.00602566637343692,0.00679497284740078,0.00783935614217576,0.00882436727485017,0.00983444801342251,0.0111414068068771
"386",19.75,0.00804322607258491,0.00253545385745282,0.0018493800737112,0.00210910972067598,0.00283614725987973,0.00322370055967373,0.00598580134808045,0.00674751661213379,0.00779920816345326,0.0087752451354087,0.0098135180411792,0.0111104551516156
"387",19.8,0.00802326798780449,0.00251237068625447,0.00183297035482125,0.00208970862693238,0.00281224129654536,0.00319548391567324,0.00594597418804183,0.00670014777673675,0.00775885503839947,0.00872595239911618,0.00979182112341294,0.0110787001932726
"388",19.85,0.00800304236552721,0.00248945956890918,0.00181667809873672,0.00207045643379203,0.00278848122316748,0.00316745485145191,0.00590618916825477,0.00665287080595337,0.00771830513528952,0.0086764983721745,0.00976936912210525,0.0110461568345925
"389",19.9,0.0079825530554472,0.00246671976148195,0.00180050284971034,0.00205135239968604,0.00276486699669338,0.0031396130253511,0.00586645048755206,0.00660569007475706,0.00767756673648466,0.00862689224682399,0.00974617395759982,0.0110128399899079
"390",19.95,0.00796180390474573,0.00244415051466998,0.00178444414784581,0.00203239578082351,0.00274139855773749,0.00311195807962559,0.00582676226906405,0.00655860986900883,0.00763664803747845,0.00857714310072293,0.00972224760261442,0.0109787645786418
"391",20,0.00794079875742665,0.00242175107399136,0.00176850152921991,0.00201358583131172,0.00271807583087959,0.00308448964078564,0.00578712856063273,0.00651163438612898,0.00759555714599954,0.00852725989638774,0.00969760207635512,0.0109439455189577
"392",20.05,0.0079195414536621,0.00239952067997083,0.0017526745260029,0.00199492180327446,0.0026948987249602,0.00305720731993508,0.00574755333524095,0.00646476773578175,0.00755430208117017,0.00847725148069256,0.00967224943873439,0.0109083977215608
"393",20.1,0.00789803582914917,0.00237745856832257,0.00173696266657733,0.00197640294696848,0.00267186713337291,0.00303011071310536,0.005708040491456,0.00641801394057247,0.00751289077271934,0.00842712658442689,0.00964620178469397,0.0108721360836482
"394",20.15,0.00787628571447705,0.00235556397013018,0.00172136547565519,0.00195802851089798,0.0026489809343538,0.0030031994015857,0.00566859385388726,0.00637137693675654,0.00747133106024948,0.00837689382190989,0.00961947123863392,0.0108351754830099
"395",20.2,0.00785429493450477,0.00233383611202374,0.00170588247439339,0.00193979774192734,0.00262623999126798,0.00297647295224926,0.00562921717365718,0.00632486057495968,0.00742963069255595,0.00832656169066018,0.00959206994894863,0.0107975307722794
"396",20.25,0.00783206730774956,0.00231227421635407,0.00169051318050772,0.00192170988539198,0.00260364415289308,0.00294993091787538,0.00558991412888525,0.00627846862090893,0.00738779732699783,0.00827613857111959,0.0095640100826707,0.0107592167733339
"397",20.3,0.0078096066457857,0.00229087750136425,0.00167525710838509,0.00190376418520739,0.00258119325369992,0.00292357283746795,0.00555068832518419,0.00623220475617369,0.00734583852891951,0.00822563272642967,0.00953530382022348,0.0107202482718438
"398",20.35,0.00778691675265409,0.00226964518135829,0.00166011376919433,0.00188595988397645,0.00255888711413017,0.00289739823656982,0.00551154329616825,0.00618607257891649,0.00730376177112158,0.00817505230225979,0.00950596335028285,0.0106806400119712
"399",20.4,0.00776400142428203,0.00224857646686719,0.00164508267099527,0.00186829622309484,0.0025367255408711,0.00287140662757343,0.00547248250397261,0.00614007560465268,0.00726157443338036,0.0081244053266852,0.00947600086474883,0.010640406691217
"400",20.45,0.00774086444791385,0.00222767056481222,0.00163016331884645,0.00185077244285487,0.00251470832712744,0.00284559751002751,0.00543350933978391,0.00609421726701878,0.00721928380201486,0.00807369971011406,0.00944542855382744,0.0105995629554144
"401",20.5,0.00771750960155174,0.00220692667866559,0.00161535521491108,0.00183338778254742,0.00249283525289026,0.00281997037094001,0.00539462712438098,0.00604850091854876,0.00717689706950003,0.00802294324526213,0.00941425860122304,0.0105581233938707
"402",20.55,0.00769394065340703,0.00218634400860846,0.00160065785856167,0.00181614148056229,0.00247110608520301,0.00279452468507716,0.00535583910868563,0.00600292983145787,0.00713442133412564,0.00797214360717357,0.00938250317944159,0.0105161025346544
"403",20.6,0.00767016136136193,0.00216592175168639,0.00158607074648305,0.00179903277448679,0.00244952057842459,0.00276925991525882,0.00531714847432288,0.00595750719843353,0.00709186359969941,0.00792130835328709,0.0093501744452048,0.0104735148400268
"404",20.65,0.00764617547244149,0.00214565910196221,0.00157159337277391,0.00178206090120269,0.00242807847448959,0.00274417551264997,0.00527855833419015,0.00591223613343267,0.00704923077529354,0.0078704449235457,0.00931728453497525,0.0104303747020181
"405",20.7,0.00762198672229611,0.00212555525066634,0.00155722522904687,0.0017652250969815,0.00240677950316556,0.00271927091704856,0.00524007173303504,0.00586711967248524,0.00700652967503363,0.00781956064054919,0.00928384556059255,0.0103866964381467
"406",20.75,0.00759759883469393,0.00210560938634462,0.00154296580452709,0.00174852459757812,0.0023856233823075,0.00269454555716957,0.00520169164804133,0.00582216077450331,0.00696376701792905,0.00776866270974796,0.00924986960502026,0.0103424942872788
"407",20.8,0.00757301552102376,0.00208582069500367,0.00152881458614942,0.00173195863832289,0.00236460981810935,0.00266999885092532,0.00516342098942245,0.00577736232209526,0.00692094942774336,0.00771775821967694,0.00921536871820341,0.0102977824056296
"408",20.85,0.00754824047980799,0.00206618836025377,0.00151477105865411,0.00171552645421203,0.00234373850535277,0.00264563020570229,0.00512526260102255,0.00573272712238485,0.0068780834329046,0.00766685414222874,0.0091803549130366,0.0102525748629028
"409",20.9,0.00752327739622569,0.0020467115634494,0.00150083470468112,0.0016992272799965,0.00232300912765291,0.00262143901863407,0.00508721926092412,0.0056882579078344,0.00683517546645347,0.00761595733296429,0.00914484016144171,0.0102068856385679
"410",20.95,0.00749812994164565,0.00202738948382728,0.00148700500486297,0.0016830603502693,0.00230242135770144,0.00259742467687085,0.0050492936820623,0.00564395733707201,0.00679223186602923,0.00756507453146036,0.00910883639055557,0.0101607286182729
"411",21,0.00747280177316966,0.0020082212986422,0.00147328143791629,0.00166702489955125,0.00228197485750676,0.00257358655784515,0.00501148851284516,0.00559982799572218,0.00674925887389193,0.0075142123616925,0.00907235547902638,0.0101141175903926
"412",21.05,0.0074472965331854,0.00198920618330032,0.00145966348073186,0.00165112016237522,0.00226166927863128,0.00254992402953416,0.00497380633777966,0.0055558723972395,0.0067062626369801,0.00746337733245232,0.00903540925341879,0.0100670662427087
"413",21.1,0.00742161784892958,0.0019703433114904,0.00144615060846338,0.00163534537336886,0.002241504262426,0.00252643645071831,0.00493624967810299,0.00551209298374508,0.00666324920700295,0.00741257583779803,0.00899800948472675,0.0100195881592219
"414",21.15,0.0073957693320606,0.00195163185531258,0.0014327422946149,0.00161969976733588,0.00222147944026224,0.00250312317123651,0.00489882099241874,0.00546849212686523,0.00662022454056618,0.00736181415753717,0.00896016788499356,0.00997169681709345
"415",21.2,0.00736975457824107,0.00193307098540497,0.00141943801112677,0.00160418257933578,0.00220159443376061,0.00247998353223772,0.00486152267733777,0.0054250721285721,0.00657719449933036,0.00731109845774026,0.0089218961040383,0.00992340558371375
"416",21.25,0.00734357716673024,0.00191465987106805,0.00140623722846045,0.00158879304476219,0.00218184885501716,0.00245701686642916,0.00482435706812315,0.00538183522202595,0.00653416485020103,0.00726043479128454,0.00888320572628777,0.00987472771389809
"417",21.3,0.00731724065998567,0.00189639768038685,0.00139313941568188,0.00157353039941981,0.00216224230682684,0.00243422249832098,0.00478732643933917,0.00533878357241865,0.00649114126554961,0.00720982909842666,0.00884410826771333,0.0098256763472059
"418",21.35,0.00729074860327487,0.00187828358035096,0.00138014404054358,0.0015583938795998,0.00214277438290415,0.00241159974446755,0.00475043300550367,0.00529591927781795,0.00644812932346408,0.00715928720740302,0.00880461517287131,0.00977626450538232
"419",21.4,0.00726410452429611,0.00186031673697243,0.00136725056956547,0.0015433827221539,0.0021234446681011,0.00238914791370532,0.0047136789217438,0.00525324437001257,0.00640513450802874,0.00710881483505728,0.00876473781204642,0.00972650508992056
"420",21.45,0.00723731193280888,0.00184249631540154,0.00135445846811445,0.00152849616456712,0.00210425273862242,0.00236686630738732,0.00467706628445452,0.00521076081535724,0.00636216220963203,0.00705841758749346,0.0087244874784969,0.00967641087974241
"421",21.5,0.00721037432027356,0.00182482148004046,0.00134176720048262,0.001513733445029,0.00208519816223811,0.0023447542196143,0.00464059713195973,0.00516847051561793,0.00631921772530145,0.00700810096075395,0.00868387538580043,0.00962599452899555
"422",21.55,0.00718329515950061,0.00180729139465491,0.00132917622996439,0.00149909380250364,0.00206628049849323,0.00232281093746251,0.00460427344517568,0.00512637530881657,0.00627630625906491,0.00695787034152146,0.00864291266529971,0.0095752685649653
"423",21.6,0.0071560779043086,0.00178990522248374,0.00131668501893221,0.0014845764767983,0.00204749929891509,0.00230103574120828,0.00456809714827629,0.00508447697007513,0.00623343292233754,0.00690773100784382,0.00860161036364653,0.0095242453860991
"424",21.65,0.00712872598919179,0.00177266212634652,0.0013042930289112,0.00147018070863071,0.00202885410721776,0.0022794279045492,0.00453207010936031,0.00504277721245885,0.00619060273433311,0.00685768812988078,0.00855997944044322,0.00947293726014146
"425",21.7,0.00710124282899637,0.00175556126874914,0.00129199972065252,0.00145590573969505,0.00201034445950386,0.00225798669482214,0.00449619414111969,0.00500127768781807,0.00614782062249927,0.00680774677067177,0.0085180307659802,0.0094213563223774
"426",21.75,0.00707363181860611,0.00173860181198746,0.00127980455420549,0.00144175081272673,0.00199196988446386,0.00223671137321801,0.00446047100150916,0.00495997998762872,0.00610509142297574,0.00675791188692388,0.00847577511906842,0.00936951457398257
"427",21.8,0.00704589633263647,0.00172178291824901,0.00126770698898865,0.00142771517156577,0.00197372990357266,0.00221560119499337,0.00442490239441674,0.00491888564383102,0.00606241988107465,0.00670818832981906,0.00843322318496539,0.00931742388047763
"428",21.85,0.00701803972513789,0.00170510374971282,0.00125570648385953,0.00141379806121905,0.00195562403128358,0.00219465540967882,0.00438948997033468,0.00487799612966616,0.00601981065178235,0.00665858084583962,0.00839038555339358,0.00926509597028514
"429",21.9,0.00699006532930772,0.00168856346864728,0.00124380249718331,0.00139999872792119,0.00193765177521987,0.0021738732612843,0.00435423532703092,0.00483731286051069,0.00597726830028165,0.00660909407761131,0.00834727271664976,0.00921254243338659
"430",21.95,0.00696197645721066,0.00167216123750627,0.00123199448690035,0.00138631641919435,0.00191981263636352,0.00215325398850124,0.00431914001022049,0.00479683719470857,0.00593479730249398,0.00655973256476297,0.0083038950678039,0.00915977472007781
"431",22,0.00693377639950803,0.00165589621902333,0.00122028191059255,0.00137275038390668,0.00190210610924161,0.00213279682490165,0.00428420551423683,0.00475657043440033,0.00589240204564052,0.00651050074480209,0.0082602628989865,0.00910680413982043
"432",22.05,0.00690546842519534,0.00163976757630407,0.00120866422554862,0.00135929987232968,0.00188453168211013,0.00211250099913416,0.00424943328270283,0.00471651382634942,0.00585008682882176,0.0064614029540053,0.00821638639976262,0.00905364186018737
"433",22.1,0.00687705578134839,0.0016237744729168,0.00119714088882821,0.00134596413619433,0.00186708883713524,0.002092365735117,0.00421482470920104,0.00467666856276541,0.00580785586361435,0.0064124434283232,0.00817227565559139,0.00900029890590031
"434",22.15,0.00684854169287768,0.00160791607298138,0.00118571135732492,0.00133274242874603,0.00184977705057208,0.00207239025222801,0.00418038113794324,0.00463703578212375,0.00576571327468513,0.00636362630429851,0.00812794064636962,0.00894678615795716
"435",22.2,0.00681992936229102,0.00159219154125628,0.00117437508782834,0.00131963400479845,0.00183259579294109,0.00205257376549162,0.00414610386443891,0.00459761656998208,0.005723663100421,0.00631495561999696,0.00808339124505787,0.00889311435284708
"436",22.25,0.00679122196946435,0.00157660004322403,0.00116313153708484,0.00130663812078623,0.00181554452920187,0.00203291548576299,0.00411199413616245,0.00455841195979276,0.00568170929357433,0.00626643531595019,0.00803863721638771,0.00883929408185153
"437",22.3,0.00676242267142061,0.00156114074517483,0.00115198016185746,0.0012937540348165,0.00179862271892458,0.00201341461990913,0.00407805315321895,0.00451942293371149,0.00563985572192314,0.00621806923610974,0.00799368821564861,0.00878533579042875
"438",22.35,0.00673353460211656,0.00154581281428861,0.00114092041898463,0.00128098100671937,0.00178182981645896,0.00199407037098714,0.00404428206900831,0.00448065042340178,0.00559810616894523,0.00616986112881161,0.00794855378755295,0.00873124977767998
"439",22.4,0.00670456087223761,0.00153061541871532,0.0011299517654379,0.00126831829809725,0.00176516527110089,0.00197488193841965,0.00401068199088758,0.00444209531083519,0.0055564643345058,0.00612181464775064,0.00790324336517781,0.00867704619589523
"440",22.45,0.00667550456900032,0.0015155477276537,0.00111907365837868,0.00125576517237317,0.00174862852725664,0.00195584851816734,0.00397725398083122,0.00440375842908719,0.00551493383555782,0.00607393335296398,0.00785776626898182,0.00862273505017655
"441",22.5,0.00664636875596275,0.00150060891142833,0.00110828555521387,0.00124332089483798,0.00173221902460465,0.00193696930289872,0.00394399905608922,0.00436564056312827,0.00547351820685443,0.00602622071182303,0.0078121317058958,0.00856832619813679
"442",22.55,0.00661715647284229,0.00148579814156516,0.00109758691365056,0.0012309847326965,0.00171593619825505,0.00191824348215706,0.00391091818984282,0.00432774245061044,0.00543222090167289,0.00597868010003319,0.00776634876848551,0.00851382934967193
"443",22.6,0.00658787073534122,0.00147111459086544,0.00108697719174971,0.00121875595511264,0.00169977947890683,0.00189967024252465,0.00387801231185776,0.00429006478264883,0.00539104529254944,0.00593131480264083,0.00772042643418511,0.00845925406680488
"444",22.65,0.00655851453497956,0.00145655743347811,0.00107645584797884,0.00120663383325352,0.00168374829300261,0.00188124876778425,0.00384528230913481,0.00425260820459815,0.00534999467202433,0.00588412801504677,0.00767437356459981,0.00840460976359874
"445",22.7,0.00652909083893536,0.00144212584497065,0.00106602234126375,0.00119461764033252,0.00166784206288128,0.00186297823907786,0.00381272902655745,0.00421537331682413,0.0053090722533967,0.00583712284402573,0.00762819890487612,0.0083499057061378
"446",22.75,0.00649960258989229,0.00142781900239845,0.00105567613103931,0.0011827066516514,0.00165206020692822,0.00184485783506288,0.00378035326753661,0.00417836067546957,0.00526828117148839,0.00579030230875125,0.00758191108313827,0.00829515101257398
"447",22.8,0.00647005270589432,0.00141363608437261,0.00104541667729923,0.00117090014464135,0.0016364021397233,0.0018268867320655,0.00374815579465225,0.004141570793215,0.00522762448341643,0.00574366934182518,0.00753551860998931,0.00824035465323704
"448",22.85,0.00644044408020751,0.00139957627112642,0.00103524344064496,0.00115919739890316,0.00162086727218673,0.00180906410423162,0.00371613733029168,0.00410500414003385,0.00518710516937353,0.00569722679031174,0.00748902987807536,0.00818552545080671
"449",22.9,0.00641077958118896,0.0013856387445802,0.00102515588233366,0.00114759769624637,0.00160545501172256,0.00179138912367506,0.00368429855728449,0.00406866114394195,0.00514672613341601,0.00565097741677502,0.00744245316171145,0.00813067208054451
"450",22.95,0.00638106205216244,0.00137182268840491,0.00101515346432515,0.00113610032072748,0.00159016476236006,0.00177386096062324,0.00365264011953397,0.00403254219174126,0.00510649020425861,0.00560492390031975,0.00739579661656753,0.00807580307058381
"451",23,0.00635129431130088,0.00135812728808415,0.00100523564932811,0.00112470455868723,0.00157499592489292,0.00175647878356035,0.00362116262264483,0.00399664762975782,0.00506640013607586,0.00555906883763477,0.00734906827941327,0.00802092680227606
"452",23.05,0.00632147915151584,0.00134455173097497,0.00099540190084525,0.00111340969878696,0.00155994789701628,0.001739241759368,0.00358986663454727,0.00396097776457373,0.00502645860930933,0.00551341474403862,0.0073022760679199,0.00796605151059136
"453",23.1,0.00629161934035324,0.00133109520636713,0.000985651683217668,0.00110221503204406,0.00154502007346155,0.00172214905346333,0.00355875268611699,0.00392553286375308,0.00498666823148019,0.00546796405452678,0.00725542778051783,0.00791118528457174
"454",23.15,0.00626171761989583,0.0013177569055411,0.000975984461668302,0.00109111985186651,0.00153021184612928,0.00170519982993476,0.00352782127179143,0.00389031315656183,0.00494703153800698,0.0054227191248202,0.00720853109630863,0.0078563360678352
"455",23.2,0.0062317767066722,0.00130453602182475,0.000966399702344518,0.00108012345408658,0.00151552260421971,0.00168839325167521,0.00349707285018177,0.0038553188346814,0.00490755099302759,0.00537768223241453,0.00716159357502964,0.00780151165912887
"456",23.25,0.00620179929157198,0.00129143175064863,0.000956896872359861,0.00106922513699355,0.00150095173436144,0.001671728480513,0.00346650784468079,0.00382055005291613,0.00486822899022557,0.00533285557762964,0.00711462265707022,0.00774671971292963
"457",23.3,0.00617178803976727,0.00127844328960004,0.000947475439834927,0.00105842420136571,0.00148649862073786,0.00165520467734031,0.00343612664406646,0.00378600692989424,0.00482906785365976,0.00528824128465903,0.00706762566353763,0.00769196774009025
"458",23.35,0.00614174559064056,0.00126556983847575,0.000938134873937439,0.00104771995050139,0.00147216264521168,0.00163882100223933,0.00340592960310119,0.00375168954876255,0.00479006983859734,0.00524384140261871,0.00702060979637175,0.00763726310852968
"459",23.4,0.00611167455771837,0.00125281059933352,0.000928874644921462,0.0010371116902492,0.00145794318744733,0.00162257661460605,0.00337591704312652,0.00371759795787462,0.00475123713234938,0.00519965790659514,0.00697358213850676,0.00758261304396571
"460",23.45,0.00608157752861109,0.00124016477654233,0.000919694224165825,0.00102659872903746,0.00144383962503142,0.0016064706732718,0.00334608925265339,0.00368373217147239,0.00471257185510892,0.00515569269869178,0.00692654965407856,0.00752802463068831
"461",23.5,0.00605145706495871,0.00122763157683142,0.000910593084211734,0.00101618037790277,0.0014298513335912,0.00159050233662245,0.00331644648794778,0.00365009217036129,0.00467407606079094,0.00511194760907398,0.00687951918867669,0.00747350481237223
"462",23.55,0.00602131570238223,0.00121521020933804,0.000901570698799573,0.00100585595051781,0.001415977686911,0.00157467076271542,0.00328698897361154,0.00361667790257866,0.00463575173787376,0.00506842439701169,0.00683249746963911,0.00741906039292714
"463",23.6,0.00599115595044103,0.00120289988565415,0.000892626542904937,0.00099562476321834,0.00140221805704683,0.00155897510939446,0.00325771690315863,0.00358348928405554,0.00459760081024179,0.00502512475191987,0.00678549110638868,0.0073646980373839
"464",23.65,0.00596098029259565,0.00119069981987177,0.000883760092773883,0.000985486135029399,0.00138857181443891,0.00154341453440221,0.00322863043958641,0.00355052619927176,0.00455962513802894,0.00498205029439596,0.0067385065908101,0.0073104242728154
"465",23.7,0.00593079118617629,0.00117860922862732,0.000874970825957413,0.000975439387690747,0.00137503832802243,0.00152798819549058,0.00319972971594214,0.0035177885019042,0.00452182651846262,0.00493920257725429,0.00669155029766569,0.00725624548929044
"466",23.75,0.00590059106235654,0.00116662733114474,0.000866258221345192,0.000965483845681553,0.00136161696533634,0.00151269525052908,0.00317101483588445,0.00348527601546841,0.00448420668670768,0.00489658308655714,0.00664462848504898,0.00720216794085933
"467",23.8,0.00587038232613279,0.00115475334927746,0.000857621759198525,0.000955618836244308,0.00134830709263026,0.00149753485761088,0.00314248587423986,0.00345298853395321,0.00444676731671027,0.00485419324264184,0.00659774729487477,0.00714819774656961
"468",23.85,0.0058401673563086,0.00114298650754937,0.0008490609211826,0.00094584368940803,0.00133510807496961,0.0014825061751569,0.00311414287755425,0.00342092582244866,0.00440951002204103,0.00481203440114404,0.00655091275340428,0.00709434089151068
"469",23.9,0.00580994850548447,0.00113132603319455,0.000840575190397991,0.000936157738010717,0.00132201927633883,0.00146760836201778,0.00308598586463924,0.00338908761776704,0.00437243635673753,0.0047701078540165,0.00650413077180438,0.00704060322788586
"470",23.95,0.00577972810005267,0.00111977115619603,0.00083216405141143,0.000926560317721086,0.00130904005974281,0.00145284057757384,0.0030580148271133,0.00335747362905692,0.00433554781614537,0.00472841483054332,0.00645740714673927,0.00698699047611049
"471",24,0.00574950844019693,0.00110832110932346,0.000823826990285911,0.000917050767059619,0.00129616978730659,0.00143820198183294,0.00303022972993796,0.00332608353841047,0.00429884583775799,0.00468695649834933,0.00641074756099405,0.00693350822593497
"472",24.05,0.00571929179989731,0.00109697512816967,0.000815563494610023,0.000907628427418877,0.00128340782037314,0.00142369173552643,0.00300263051194842,0.00329491700146362,0.00426233180205455,0.00464573396440419,0.00636415758412813,0.00688016193759114
"473",24.1,0.00568908042693971,0.00108573245118633,0.00080737305352666,0.000898292643083168,0.00127075351959957,0.00140930900020313,0.00297521708637926,0.00326397364798955,0.00422600703333591,0.00460474827602133,0.00631764267315823,0.00682695694296109
"474",24.15,0.00565887654293023,0.00107459231971843,0.000799255157760991,0.000889042761247508,0.00125820624505145,0.00139505293832129,0.0029479893413846,0.00323325308248508,0.00418987280055821,0.00456400042185111,0.00627120817326899,0.00677389844676688
"475",24.2,0.0056286823433141,0.0010635539780379,0.000791209299647784,0.000879878132035923,0.00124576535629547,0.00138092271333868,0.00292094714055306,0.0032027548847501,0.00415393031816393,0.0045234913328682,0.00622485931855064,0.00672099152778013
"476",24.25,0.00559849999739927,0.00105261667337616,0.000783234973158051,0.000870798108519093,0.00123343021249039,0.00136691748980081,0.00289409032341734,0.00317247861046019,0.00411818074691013,0.00448322188335287,0.00617860123276237,0.00666824114005028
"477",24.3,0.00556833164838453,0.00104177965595571,0.000775331673925036,0.000861802046731343,0.00122120017247636,0.0013530364334272,0.00286741870595842,0.0031424237917321,0.00408262519469362,0.00444319289186601,0.00613243893012025,0.00661565211415024
"478",24.35,0.00553817941339192,0.0010310421790208,0.000767498899269553,0.000852889305687009,0.00120907459486246,0.00133927871119586,0.0028409320811044,0.00311258993768249,0.00404726471737285,0.00440340512221775,0.00608637731610881,0.00656322915843865
"479",24.4,0.00550804538350352,0.00102040349886709,0.000759736148224686,0.000844059247396157,0.00119705283811276,0.00132564349142595,0.00281463021922391,0.0030829765349796,0.00401210031958628,0.00436385928442936,0.00604042118831513,0.00651097686033719
"480",24.45,0.00547793162380254,0.00100986287487046,0.000752042921559846,0.000835311236879689,0.00118513426063058,0.00131212994385857,0.00278851286861403,0.00305358304838796,0.00397713295556704,0.00432455603568827,0.00599457523728426,0.00645889968762222
"481",24.5,0.00544784017341847,0.000999419569514832,0.000744418721804205,0.000826644642183843,0.00117331822084127,0.00129873723973585,0.00276257975598286,0.00302440892130634,0.00394236352995358,0.00428549598129623,0.00594884404739521,0.00640700198972964
"482",24.55,0.00541777304557635,0.000989072848419124,0.000736863053269523,0.000818058834394086,0.00116160407727334,0.00128546455187822,0.00273683058692662,0.00299545357629858,0.00390779289859629,0.00424667967561011,0.00590323209775644,0.00635528799907184
"483",24.6,0.00538773222765008,0.000978821980363329,0.000729375422072357,0.000809553187648419,0.00114999118863807,0.00127231105476001,0.00271126504640121,0.0029667164156177,0.00387342186935971,0.00420810762297555,0.00585774376311968,0.00630376183236585
"484",24.65,0.00535771968121955,0.000968666237313686,0.000721955336155667,0.000801127079150094,0.00113847891390747,0.00125927592458326,0.0026858827991884,0.00293819682172301,0.00383925120292019,0.00416978027865298,0.00581238331481131,0.00625242749197175
"485",24.7,0.00532773734213164,0.000958604894447011,0.000714602305309833,0.000792779889179754,0.00112706661239084,0.0012463583393499,0.00266068349035643,0.00290989415779041,0.00380528161355898,0.00413169804973612,0.00576715492168043,0.00620128886724028
"486",24.75,0.00529778712056503,0.000948637230174191,0.0007073158411931,0.000784511001107027,0.00111575364380972,0.00123355747893229,0.00263566674571531,0.00288180776821585,0.00377151376995035,0.0040938612960627,0.00572206265106246,0.00615034973586893
"487",24.8,0.00526787090109858,0.000938762526162797,0.000700095457351411,0.000776319801401528,0.00110453936837132,0.00122087252514199,0.0026108321722664,0.00285393697911193,0.00373794829594467,0.00405627033111726,0.00567711046975755,0.00609961376526533
"488",24.85,0.00523799054278338,0.000928980067358935,0.000692940669237715,0.000768205679643351,0.0010934231468406,0.0012083026617971,0.00258617935864675,0.00282628109879775,0.00370458577134638,0.00401892542292607,0.00563230224502285,0.00604908451391748
"489",24.9,0.00520814787921825,0.000919289142008261,0.000685850994230685,0.000760168028533004,0.00108240434061074,0.0011958470747878,0.00256170787556783,0.00279883941828199,0.00367142673268664,0.00398182679494386,0.0055876417455779,0.00599876543276965
"490",24.95,0.00517834471862877,0.00090968904167617,0.000678825951652882,0.000752206243900798,0.00107148231177223,0.00118350495214046,0.00253741727624878,0.00277161121173915,0.00363847167399035,0.00394497462693231,0.00554313264262201,0.00594865986660313
"491",25,0.00514858284394953,0.000900179061267257,0.000671865062788392,0.000744319724715741,0.00106065642318057,0.00117127548408013,0.00251330709684433,0.00274459573697921,0.00360572104753777,0.00390836905583031,0.00549877851086324,0.00589877105542137
"492",25.05,0.00511886401290984,0.000890758499043978,0.000664967850899911,0.00073650787309391,0.00104992603852248,0.00115915786309151,0.00248937685686712,0.00271779223591055,0.00357317526462023,0.00387201017661583,0.00545458282955772,0.00584910213583846
"493",25.1,0.00508918995812242,0.000881426656644534,0.000658133841245296,0.000728770094306292,0.00103929052238077,0.00114715128397838,0.00246562605960464,0.00269119993499613,0.00354083469629007,0.00383589804315923,0.00541054898355889,0.00579965614247008
"494",25.15,0.00505956238717552,0.00087218283910006,0.000651362561093605,0.000721105796786175,0.00102874924029784,0.0011352549439216,0.00244205419253079,0.00266481804570326,0.00350869967410457,0.0038000326690681,0.0053666802643757,0.00575043600932679
"495",25.2,0.00502998298272772,0.000863026354851014,0.000644653539740611,0.000713514392135995,0.00101830155883777,0.00112346804253556,0.00241866072771196,0.00263864576494652,0.00347677049086381,0.00376441402852338,0.00532297987123913,0.00570144457120814
"496",25.25,0.00500045340260614,0.000853956515762905,0.000638006308523806,0.000705995295133746,0.00100794684564711,0.00111178978192324,0.00239544512220769,0.00261268227552438,0.00344504740134227,0.00372904205710688,0.0052794509121761,0.00565268456509764
"497",25.3,0.00497097527990715,0.000844972637141265,0.000631420400836921,0.00069854792373889,0.000997684469514365,0.00110021936672983,0.00237240681846607,0.00258692674654915,0.00341353062301427,0.00369391665261996,0.00523609640509048,0.00560415863155755
"498",25.35,0.00494155022310024,0.00083607403774595,0.000624895352143923,0.00069117169909781,0.000987513800428108,0.00108875600419488,0.00234954524471362,0.00256137833387052,0.00338222033677288,0.00365903767589348,0.00519291927885,0.00555586931612291
"499",25.4,0.00491217981613443,0.000827260039804725,0.000618430699992548,0.000683866045548801,0.000977434209633849,0.00107739890420317,0.00232685981533994,0.00253603618049265,0.00335111668764242,0.00362440495158877,0.00514992237437873,0.00550781907069433
"500",25.45,0.00488286561854754,0.000818529969026208,0.000612025984027347,0.000676630390626614,0.000967445069689635,0.00106614727933412,0.00230434993127701,0.00251089941698491,0.00332021978548445,0.00359001826898986,0.00510710844575447,0.00546001025492875
"501",25.5,0.00485360916557799,0.000809883154612117,0.000605680746002253,0.000669464165066554,0.000957545754520352,0.00105500034490985,0.00228201498037314,0.00248596716188619,0.00328952970569702,0.00355587738278658,0.00506448016131014,0.00541244513762782
"502",25.55,0.00482441196827913,0.000801318929268874,0.000599394529792684,0.000662366802808137,0.000947735639470821,0.00104395731904201,0.00225985433776172,0.00246123852210302,0.00325904648990734,0.00352198201384883,0.00502204010473894,0.00536512589812315
"503",25.6,0.00479527551363618,0.000792836629218574,0.000593166881407199,0.000655337740998334,0.00093801410135766,0.00103301742267716,0.00223786736622467,0.00243671259330132,0.00322877014665756,0.00348833184999177,0.00497979077620234,0.00531805462765799
"504",25.65,0.00476620126468551,0.000784435594209305,0.00058699734899868,0.000648376419994375,0.000928380518519926,0.00102217987964096,0.00221605341655065,0.00241238846029199,0.0031987006520838,0.003454926546732,0.00493773459344055,0.00527123333076492
"505",25.7,0.00473719066063619,0.000776115167524859,0.000580885482875077,0.000641482283366149,0.000918834270868574,0.00101144391668107,0.00219441182788814,0.00238826519741035,0.00316883795058827,0.00342176572803466,0.00489587389288472,0.00522466392663876
"506",25.75,0.00470824511699399,0.000767874695993828,0.000574830835509727,0.000634654777898201,0.000909374739934737,0.00100080876350874,0.00217294192809327,0.00236434186888939,0.0031391819555044,0.00338884898705151,0.00485421093077054,0.00517834825050469
"507",25.8,0.00467936602568747,0.000759713529998091,0.000568832961551212,0.000627893353591314,0.000900001308916843,0.000990273652839255,0.00215164303407255,0.00234061752922705,0.00310973254975505,0.00335617588684989,0.00481274788425244,0.00513228805498055
"508",25.85,0.00465055475519629,0.000751631023480725,0.000562891417832819,0.000621197463663714,0.000890713362726588,0.000979837820431076,0.00213051445212052,0.00231709122354732,0.00308048958650366,0.00332374596113257,0.00477148685251815,0.00508648501143348
"509",25.9,0.00462181265068164,0.000743626533953323,0.000557005763381565,0.000614566564551885,0.000881510288033782,0.000969500505123857,0.00210955547825223,0.00229376198795556,0.00305145288979829,0.00329155871494863,0.00473042985790292,0.00504094071132997
"510",25.95,0.0045931410341185,0.00073569942250275,0.0005511755594268,0.000608000115910994,0.00087239147331006,0.000959260948875238,0.00208876539853075,0.0022706288498877,0.00302262225520858,0.00325961362539507,0.00468957884700293,0.00499565666757924
"511",26,0.00456454120443017,0.000727849053797333,0.000545400369408428,0.000601497580614962,0.000863356308871534,0.000949118396796493,0.00206814348938964,0.0022476908284537,0.0029939974504556,0.00322791014230949,0.00464893569178762,0.00495063431586941
"512",26.05,0.0045360144376244,0.000720074796092493,0.000539679758984704,0.000595058424756146,0.000854404186920314,0.000939072097187023,0.00204768901795043,0.00222494693477511,0.00296557821603446,0.0031964476889536,0.00460850219071019,0.0049058750159961
"513",26.1,0.00450756198693155,0.000712376021235863,0.000534013296039645,0.000588682117644688,0.000845534501584995,0.000929121301567748,0.00202740124233516,0.00220239617231691,0.00293736426582977,0.00316522566268772,0.00456828006981607,0.00486138005318329
"514",26.15,0.00447918508294452,0.000704752104671852,0.000528400550690058,0.000582368131807495,0.000836746648960079,0.000919265264713378,0.00200727941197402,0.00218003753721358,0.00290935528772393,0.00313424343563618,0.00452827098384885,0.00481715063939576
"515",26.2,0.00445088493376023,0.000697202425445676,0.000522841095292169,0.00057611594298687,0.000828040027144339,0.000909503244683574,0.00198732276790808,0.00215787001858954,0.00288155094419808,0.00310350035534372,0.00448847651735322,0.00477318791464301
"516",26.25,0.00442266272512301,0.00068972636620692,0.000517334504447897,0.000569925030138818,0.000819414036278203,0.000899834502853077,0.00196753054308722,0.00213589259887392,0.00285395087292592,0.0030729957454229,0.00444889818577459,0.00472949294827448
"517",26.3,0.00439451962056929,0.000682323313212542,0.000511880355010734,0.000563794875430996,0.000810868078580064,0.000890258303940733,0.00194790196266318,0.00211410425410982,0.0028265546873602,0.00304272890619238,0.00440953743655498,0.00468606674026527
"518",26.35,0.00436645676157419,0.000674992656329435,0.000506478226091287,0.00055772496424037,0.000802401558381669,0.000880773916037537,0.00192843624427801,0.00209250395425807,0.00279936197731203,0.00301269911530653,0.00437039565022489,0.00464291022249287
"519",26.4,0.00433847526769923,0.000667733789036464,0.000501127699062434,0.000551714785150511,0.000794013882162462,0.000871380610633594,0.00190913259834759,0.00207109066349548,0.00277237230952284,0.00298290562837575,0.00433147414149059,0.00460002426000376
"520",26.45,0.00431057623674177,0.000660546108426048,0.000495828357564142,0.000545763829948601,0.000785704458582986,0.000862077662644111,0.00188999022834054,0.00204986334050769,0.00274558522822914,0.00295334767957816,0.00429277416031674,0.00455740965227026
"521",26.5,0.00428276074488561,0.000653429015205279,0.000490579787507943,0.000539871593622135,0.000777472698517356,0.000852864350434407,0.00187100833105262,0.00202882093877679,0.00271900025572,0.00292402448226237,0.00425429689300396,0.00451506713443725
"522",26.55,0.00425502984685301,0.000646381913696552,0.000485381577081047,0.000534037574355287,0.00076931801508474,0.000843739955843901,0.00185218609687624,0.00200796240686346,0.00269261689288731,0.00289493522954128,0.00421604346326075,0.00447299737855816
"523",26.6,0.00422738457605801,0.000639404211837787,0.000480233316750144,0.000528261273525022,0.000761239823679964,0.000834703764209208,0.00183352271006568,0.00198728668868405,0.00266643461976873,0.00286607909487732,0.00417801493326998,0.00443120099482072
"524",26.65,0.00419982594476082,0.000632495321182178,0.000475134599264858,0.000522542195696879,0.000753237542003179,0.000825755064386236,0.00181501734899758,0.00196679272378235,0.00264045289608347,0.00283745523265877,0.00414021230474915,0.00438967853276149
"525",26.7,0.00417235494422353,0.000625654656897527,0.000470085019660883,0.000516879848620496,0.000745310590088637,0.000816893148771401,0.00179666918642706,0.00194647944759635,0.00261467116176084,0.00280906277876745,0.00410263652000455,0.00434843048246966
"526",26.75,0.00414497254486683,0.000618881637765144,0.000465084175262797,0.000511273743224836,0.000737458390332588,0.000808117313321902,0.00177847738973934,0.00192634579171982,0.00258908883746158,0.00278090085113783,0.00406528846297867,0.00430745727577945
"527",26.8,0.00411767969642781,0.000612175686178329,0.000460131665686563,0.000505723393613148,0.000729680367520294,0.000799426857575111,0.00176044112119698,0.00190639068415898,0.00256370532509198,0.00275296855030734,0.00402816896029105,0.00426675928745116
"528",26.85,0.00409047732811878,0.000605536228140453,0.000455227092841719,0.000500228317057656,0.000721975948852194,0.000790821084667088,0.00174255953818273,0.00188661304958409,0.0025385200083109,0.00272526495995835,0.00399127878227184,0.00422633683634078
"529",26.9,0.00406336634878697,0.00059896269326264,0.000450370060933269,0.000494788033993985,0.000714344563969224,0.000782299301350226,0.00172483179343806,0.00186701180957629,0.00251353225302961,0.00269778914745152,0.00395461864398831,0.00418619018655782
"530",26.95,0.00403634764707532,0.000592454514761048,0.000445560176463274,0.000489402068015336,0.000706785644977312,0.000773860818010055,0.0017072570352975,0.00184758588286946,0.00248874140790457,0.00267054016435078,0.00391818920626378,0.00414631954861141
"531",27,0.00400942209158387,0.000586011129453768,0.000440797048232141,0.000484069945866389,0.000699298626471033,0.000765504948681188,0.00168983440791858,0.00182833418558739,0.00246414680482299,0.0026435170469398,0.00388199107668884,0.00410672508054437
"532",27.05,0.00398259053103221,0.000579631977757346,0.000436080287339638,0.000478791197436978,0.000691882945556479,0.00075723101106247,0.00167256305150773,0.00180925563147611,0.00243974775938149,0.00261671881673027,0.00384602481062468,0.00406740688905532
"533",27.1,0.00395585379442255,0.000573316503682945,0.000431409507185613,0.000473565355755521,0.000684538041873326,0.000749038326531315,0.00165544210254194,0.00179034913213169,0.00241554357135763,0.00259014448096188,0.00381029091219837,0.00402836503060859
"534",27.15,0.00392921269120349,0.000567064154832133,0.000426784323470451,0.000468391956982203,0.00067726335761613,0.000740926220157248,0.00163847069398637,0.00177161359722328,0.00239153352517453,0.00256379303309399,0.00377478983528994,0.00398959951253193
"535",27.2,0.00390266801143462,0.000560874382392315,0.000422204354195233,0.000463270540401933,0.000670058337554834,0.000732894020714661,0.00162164795550786,0.00175304793471164,0.00236771689035841,0.00253766345328929,0.00373952198451084,0.0039511102941018
"536",27.25,0.00387622052595162,0.00055474664113183,0.00041766921966165,0.000458200648417069,0.000662922429054538,0.000724941060694814,0.00160497301368439,0.00173465105106318,0.00234409292198933,0.00251175470888925,0.00370448771617401,0.00391289728761625
"537",27.3,0.00384987098653187,0.000548680389394697,0.000413178542471642,0.000453181826539936,0.000655855082094521,0.00071706667631709,0.00158844499221069,0.00171642185145954,0.00232066086114499,0.00248606575488163,0.00366968733925517,0.0038749603594555
"538",27.35,0.00382362012606088,0.000542675089095045,0.000408731947526786,0.000448213623385115,0.000648855749286527,0.000709270207539512,0.00157206301209979,0.00169835924000271,0.0022974199353377,0.00246059553436008,0.00363512111634516,0.00383729933112973
"539",27.4,0.00379746865869891,0.000536730205711181,0.000404329062027411,0.000443295590661505,0.000641923885892327,0.000701550998068505,0.00155582619188069,0.00168046211991591,0.00227436935894452,0.00243534297897564,0.00360078926459334,0.00379991398031439
"540",27.45,0.00377141728004828,0.00053084520827939,0.000399969515471496,0.000438427283164217,0.000635058949840587,0.00069390839536801,0.00153973364779231,0.0016627293937401,0.0022515083336307,0.00241030700938073,0.00356669195664189,0.00376280404187295
"541",27.5,0.00374546666732092,0.000525019569387373,0.00039565293965329,0.000433608258766223,0.000628260401743022,0.000686341750667835,0.00152378449397348,0.0016451599635263,0.00222883604876632,0.00238548653566511,0.00353282932155077,0.00372596920886679
"542",27.55,0.00371961747950648,0.00051925276516742,0.000391378968661708,0.000428838078409835,0.000621527704909872,0.000678850418971367,0.00150797784264927,0.00162775273102372,0.00220635168183635,0.00236088045778435,0.00349920144571339,0.00368940913355255
"543",27.6,0.00369387035754061,0.000513544275289254,0.000387147238878496,0.000424116306097974,0.000614860325364709,0.000671433759062585,0.00149231280431358,0.00161050659786374,0.00218405439884402,0.00233648766598054,0.00346580837376286,0.00365312342836665
"544",27.65,0.00366822592447361,0.000507893582952601,0.000382957388976154,0.000419442508885263,0.000608257731858575,0.000664091133512435,0.00147678848790809,0.00159342046573989,0.00216194335470764,0.00231230704119561,0.00343265010946861,0.0036171116668971
"545",27.7,0.0036426847856394,0.000502300174879473,0.000378809059915639,0.000414816256868924,0.000601719395883471,0.000656821908684543,0.00146140400099752,0.00157649323658376,0.00214001769365091,0.00228833745547705,0.00339972661662352,0.00358137338484258
"546",27.75,0.00361724752882459,0.000496763541306162,0.00037470189494384,0.000410237123179504,0.000595244791685201,0.000649625454740302,0.00144615844994136,0.00155972381273698,0.00211827654958671,0.00226457777237637,0.00336703781992117,0.0035459080809587
"547",27.8,0.00359191472443787,0.000491283175974971,0.000370635539590838,0.000405704683971416,0.000588833396275594,0.000642501145643329,0.0014310509400621,0.00154311109711923,0.00209671904649449,0.00224102684734008,0.00333458360582349,0.00351071521799154
"548",27.85,0.00356668692567941,0.000485858576125676,0.000366609641666959,0.000401218518413318,0.000582484689444105,0.000635448359163322,0.00141608057580982,0.00152665399339254,0.00207534429879129,0.00221768352809358,0.00330236382341851,0.00347579422359848
"549",27.9,0.00354156466871048,0.00048048924248672,0.000362623851259604,0.000396778208678318,0.0005761981537688,0.00062846647687931,0.00140124646092354,0.00151035140612162,0.00205415141169646,0.00219454665501775,0.00327037828526816,0.00344114449125619
"550",27.95,0.00351654847282315,0.000475174679266163,0.000358677820729876,0.000392383339934012,0.000569973274626748,0.000621554884182314,0.00138654769858892,0.00149420224093056,0.00203313948159,0.00217161506151853,0.0032386267682462,0.00340676538115599
"551",28,0.00349163884060994,0.000469914394142385,0.000354771204709024,0.000388033500332385,0.000563809540203842,0.000614712970277458,0.00137198339159288,0.00147820540465582,0.00201230759636487,0.00214888757438948,0.00320710901436625,0.00337265622108653
"552",28.05,0.0034668362581336,0.000464707898254532,0.000350903660094662,0.000383728280999524,0.000557706441504012,0.000607940128185472,0.0013575526424746,0.00146235980549552,0.00199165483577296,0.00212636301416731,0.00317582473159957,0.00333881630730379
"553",28.1,0.00344214119509679,0.000459554706192735,0.000347074846046813,0.000379467276025202,0.000551663472357894,0.000601235754743679,0.00134325455367345,0.0014466643531552,0.00197118027176509,0.00210404019548059,0.00314477359468302,0.00330524490538833
"554",28.15,0.00341755410501173,0.000454454335988108,0.000343284423983762,0.000375250082452319,0.000545680129430942,0.000594599250606434,0.00132908822767366,0.00143111795899008,0.00195088296882489,0.00208191792739175,0.00311395524591684,0.00327194125109026
"555",28.2,0.00339307542536978,0.000449406309102497,0.000339532057577715,0.000371076300266182,0.000539755912230979,0.000588030020245019,0.00131505276714567,0.00141571953614369,0.00193076198429669,0.00205999501373218,0.0030833692959523,0.00323890455116133
"556",28.25,0.0033687055778109,0.000444410150418032,0.000335817412750285,0.000366945532383659,0.000533890323115227,0.00058152747194703,0.0013011472750845,0.00140046799968323,0.00191081636870756,0.00203827025343089,0.00305301532456934,0.00320613398417475
"557",28.3,0.00334444496829291,0.00043946538822645,0.000332140157667798,0.000362857384642191,0.000528082867296799,0.000575091017815252,0.00128737085494489,0.00138536226673145,0.00189104516608334,0.00201674244083645,0.003022892881444,0.0031736287013325
"558",28.35,0.00332029398726069,0.000434571554218216,0.000328499962736425,0.000358811465788681,0.000522333052850684,0.000568720073766037,0.00127372261077342,0.00137040125659522,0.00187144741425899,0.00199541036603251,0.00299300148690577,0.00314138782726021
"559",28.4,0.00329625300981505,0.000429728183471442,0.000324896500597138,0.000354807387468244,0.000516640390719207,0.00056241405952719,0.00126020164733759,0.00135558389089081,0.00185202214518307,0.00197427281514695,0.00296334063268479,0.00310941046078981
"560",28.45,0.00327232239588146,0.000424934814440606,0.000321329446120515,0.000350844764212846,0.00051100439471702,0.000556172398635391,0.001246807070252,0.001340909093666,0.00183276838521666,0.00195332857065464,0.00293390978264896,0.00307769567572992
"561",28.5,0.00324850249037845,0.000420190988945067,0.000317798476401362,0.000346923213429804,0.000505424581535566,0.00054999451843312,0.00123353798610141,0.00132637579151887,0.00181368515542643,0.00193257641167393,0.0029047083735309,0.00304624252162385
"562",28.55,0.00322479362338577,0.000415496252157414,0.000314303270753189,0.000343042355390191,0.000499900470747095,0.00054387985006516,0.00122039350256108,0.0013119829137136,0.00179477147187239,0.00191201511425704,0.00287573581564479,0.0030150500244958
"563",28.6,0.00320119611031222,0.000410850152591624,0.000310843510702537,0.000339201813217115,0.000494431584808202,0.000537827828474639,0.0012073727285142,0.0012977293922931,0.00177602634588993,0.00189164345167432,0.0028469914935933,0.00298411718758479
"564",28.65,0.00317771025206314,0.000406252242091022,0.000307418879983129,0.00033540121287388,0.000489017449062884,0.000531837892398611,0.00119447477416642,0.00128361416218862,0.00175744878436646,0.00187146019469243,0.00281847476696417,0.00295344299206661
"565",28.7,0.0031543363352075,0.000401702075816101,0.000304029064529893,0.000331640183152063,0.000483657591745166,0.000525909484363247,0.00118169875115769,0.00126963616132636,0.00173903779001267,0.00185146411184664,0.002790184971017,0.00292302639776402
"566",28.75,0.00313107463214466,0.000397199212232159,0.00030067375247284,0.00032791835565947,0.000478351543981283,0.00052004205067859,0.0011690437726714,0.00125579433073121,0.00172079236162851,0.00183165396970728,0.00276212141735996,0.00289286634384511
"567",28.8,0.00310792540127065,0.000392743213096753,0.000297352634130778,0.000324235364807989,0.000473098839791403,0.000514235041432882,0.00115650895354064,0.00124208761462741,0.0017027114943637,0.00181202853314031,0.00273428339461646,0.00286296174950971
"568",28.85,0.00308488888714404,0.000388333643447043,0.000294065402004923,0.000320590847801373,0.000467899016090955,0.000508487910486534,0.00114409341035205,0.00122851496053664,0.0016847941799733,0.00179258656556228,0.002706670169082,0.00283331151466459
"569",28.9,0.00306196532065143,0.000383970071586929,0.000290811750772341,0.000316984444622893,0.000462751612691512,0.000502800115465662,0.00113179626154686,0.00121507531937299,0.0016670394070679,0.00177332682918956,0.00267928098537105,0.00280391452058669
"570",28.95,0.0030391549191722,0.000379652069074074,0.000287591377279273,0.000313415798022925,0.000457656172301272,0.000497171117755263,0.00111961662751941,0.00120176764553543,0.00164944616135883,0.00175424808528206,0.00265211506705403,0.00277476963057514
"571",29,0.00301645788674306,0.000375379210706766,0.00028440398053434,0.000309884553506448,0.00045261224052515,0.000491600382492014,0.00110755363071316,0.00118859089699745,0.00163201342589834,0.00173534909438145,0.00262517161728465,0.00274587569059186
"572",29.05,0.00299387441422188,0.000371151074510655,0.000281249261701606,0.000306390359320451,0.000447619365864459,0.000486087378556714,0.00109560639571421,0.00117554403539401,0.00161474018131477,0.00171662861654402,0.00259844981941733,0.00271723152989095
"573",29.1,0.00297140467945101,0.000366967241725328,0.000278126924093524,0.00030293286644126,0.000442677099716208,0.00048063157856635,0.00108377404934222,0.00116262602610596,0.00159762540604284,0.00169808541156808,0.00257194883761495,0.00268883596163674
"574",29.15,0.00294904884742003,0.000362827296790778,0.00027503667316377,0.000299511728561787,0.000437784996372029,0.000475232458865828,0.00107205572073913,0.00114983583834173,0.0015806680765491,0.00167971823921619,0.002545667817447,0.00266068778351094
"575",29.2,0.00292680707042794,0.00035873082733374,0.000271978216499954,0.000296126602078716,0.000432942613016732,0.00046988949951938,0.00106045054145527,0.00113717244521669,0.00156386716755261,0.00166152585943225,0.00251960588647808,0.00263278577830885
"576",29.25,0.00290467948824468,0.000354677424153884,0.000268951263816214,0.000292777146079594,0.000428149509726489,0.000464602184301604,0.00104895764553326,0.00112463482382982,0.00154722165224082,0.00164350703255335,0.00249376215484688,0.00260512871452452
"577",29.3,0.00288266622827202,0.000350666681209919,0.000265955526945713,0.000289463022329872,0.000423405249466679,0.000459370000688215,0.00103757616958958,0.00111222195533805,0.00153073050248088,0.00162566051951668,0.0024681357158357,0.00257771534692534
"578",29.35,0.00286076740570391,0.00034669819560556,0.000262990719833013,0.000286183895259875,0.000418709398089366,0.000454192439846465,0.00102630525289375,0.00109993282502811,0.00151439268902633,0.00160798508206144,0.0024427256464305,0.00255054441711584
"579",29.4,0.00283898312368599,0.000342771567575394,0.000260056558526356,0.000282939431951701,0.000414061524330455,0.000449068996625258,0.00101514403744546,0.00108776642238612,0.00149820718171921,0.00159047948292583,0.00241753100787165,0.00252361465409105
"580",29.45,0.00281731347347457,0.000338886400470634,0.000257152761169839,0.000279729302126068,0.000409461199806506,0.000443999169544967,0.00100409166804931,0.00107572174116473,0.00148217294968771,0.00157314248603932,0.00239255084619545,0.00249692477477937
"581",29.5,0.00279575853459475,0.000335042300744769,0.000254279047995493,0.0002765531781291,0.000404907999011226,0.000438982460786962,0.000993147292387507,0.00106379777944805,0.00146628896153945,0.00155597285671006,0.00236778419276632,0.00247047348457506
"582",29.55,0.00277431837499802,0.000331238877939122,0.000251435141315253,0.00027341073491905,0.000400401499311632,0.000434018376182843,0.000982310061090348,0.00105199353971431,0.00145055418555029,0.00153896936180761,0.00234323006479988,0.00244425947786058
"583",29.6,0.00275299305121894,0.000327475744668307,0.000248620765512866,0.000270301650052989,0.00039594128094393,0.000429106425203421,0.000971579127804683,0.00104030802889636,0.00143496758984898,0.00152213076994125,0.00231888746587713,0.00241828143851886
"584",29.65,0.00273178260853116,0.000323752516605587,0.000245835647035663,0.000267225603673419,0.000391526927009046,0.000424246120947392,0.000960953649260204,0.00102874025843993,0.00141952814259744,0.00150545585163348,0.00229475538644931,0.0023925380404354
"585",29.7,0.00271068708110262,0.000320068812468162,0.000243079514386292,0.000264182278494861,0.000387158023467915,0.000419436980129794,0.000950432785333846,0.00101728924435981,0.00140423481216699,0.00148894337948927,0.00227083280433426,0.00236702794799066
"586",29.75,0.0026897064921501,0.000316424254002347,0.000240352098114325,0.000261171359790382,0.000382834159136425,0.000414678523070163,0.000940015699112046,0.00100595400729392,0.0013890865673103,0.00147259212836082,0.0022471186852035,0.00234174981654257
"587",29.8,0.00266884085409275,0.000312818465968695,0.000237653130807805,0.000258192535378091,0.000378554925680111,0.000409970273680482,0.000929701556951148,0.000994733572555379,0.00137408237732945,0.00145640087550804,0.00222361198306093,0.00231670229289941
"588",29.85,0.00264809016870504,0.000309251076127024,0.000234982347084713,0.000255245495607585,0.000374319917608565,0.000405311759452862,0.000919489528535837,0.000983626970182496,0.00135922121223987,0.00144036840075472,0.00220031164071265,0.00229188401578316
"589",29.9,0.00262745442726872,0.000305721715221371,0.000232339483584339,0.000252329933346357,0.000370128732269565,0.000400702511446995,0.000909378786935655,0.000972633234986815,0.00134450204293035,0.00142449348664053,0.00217721659022815,0.00226729361628334
"590",29.95,0.00260693361072403,0.000302230016964882,0.000229724278958602,0.00024944554396618,0.000365980969842945,0.000396142064277386,0.000899368508659702,0.00096175140659924,0.00132992384131924,0.00140877491856896,0.00215432575339317,0.00224292971830162
"591",30,0.00258652768982003,0.000298775618024636,0.00022713647386328,0.000246592025329442,0.000361876233334219,0.000391629956100358,0.000889457873709476,0.000950980529514232,0.00131548558050668,0.0013932114849511,0.00213163804215394,0.00221879093898715
"592",30.05,0.00256623662526409,0.000295358158006385,0.000224575810949178,0.000243769077775461,0.000357814128567923,0.000387165728600842,0.000879646065629907,0.000940319653132144,0.00130118623492321,0.00137780197734549,0.00210915235905315,0.00219487588916282
"593",30.1,0.00254606036787047,0.000291977279439264,0.000222042034853224,0.000240976404106767,0.000353794264180749,0.000382748926978968,0.00086993227155866,0.000929767831799753,0.00128702478047457,0.00136254519059409,0.00208686759765771,0.0021711831737426
"594",30.15,0.00252599885870808,0.000288632627760413,0.000219534892189505,0.000238213709575354,0.000349816251614405,0.000378379099936438,0.000860315682273655,0.000919324124848955,0.00127300019468286,0.0013474399229543,0.00206478264297824,0.00214771139213989
"595",30.2,0.00250605202924723,0.000285323851299555,0.000217054131540227,0.000235480701868908,0.000345879705108256,0.000374055799662708,0.000850795492238902,0.000908987596633704,0.00125911145682407,0.0013324849762272,0.00204289637188044,0.00212445913866715
"596",30.25,0.00248621980150561,0.00028205060126353,0.000214599503446636,0.000232777091097027,0.000341984241691745,0.000369778581821,0.000841370899648689,0.000898757316565287,0.00124535754806217,0.00131767915588217,0.00202120765348864,0.00210142500292708
"597",30.3,0.00246650208819327,0.000278812531720772,0.000212170760399859,0.000230102589777396,0.000338129481176573,0.000365547005534102,0.000832041106470075,0.00088863235914583,0.00123173745157954,0.00130302127117771,0.00199971534958127,0.002078607570195
"598",30.35,0.0024468987928567,0.000275609299585724,0.000209767656831695,0.000227456912821953,0.000334315046148669,0.000361360633369995,0.000822805318483786,0.000878611804000146,0.00121825015270408,0.00128851013527867,0.00197841831497847,0.00205600542179291
"599",30.4,0.00242740981002195,0.000272440564603256,0.000207389949105365,0.000224839777523061,0.000330540561959969,0.000357219031327341,0.000813662745323571,0.000868694735906064,0.00120489463903297,0.00127414456537011,0.0019573153979222,0.0020336171354555
"600",30.45,0.00240803502533684,0.000269305989332975,0.000205037395506181,0.000222250903539621,0.000326805656719941,0.000353121768820744,0.000804612600513902,0.000858880244822984,0.0011916699005529,0.00125992338276737,0.00193640544044834,0.00201144128568752
"601",30.5,0.00238877431571218,0.000266205239133561,0.000202709756232199,0.000219690012883214,0.000323109961286968,0.000349068418665911,0.000795654101506256,0.000849167425919045,0.00117857492975728,0.00124584541302303,0.00191568727875161,0.0019894764441135
"602",30.55,0.00236962754946211,0.000263137982147033,0.0002004067933848,0.000217156829904211,0.000319453109259497,0.000345058557064624,0.000786786469713839,0.000839555379596668,0.00116560872176005,0.00123190948603033,0.00189515974354274,0.00196772117981934
"603",30.6,0.00235059458644332,0.000260103889282982,0.000198128270959231,0.000214651081277874,0.000315834736967003,0.000341091763589558,0.000778008930544823,0.000830043211516592,0.00115277027440638,0.00121811443612331,0.00187482166039838,0.00194617405968599
"604",30.65,0.00233167527819344,0.000257102634202792,0.000195873954835105,0.000212172495990464,0.000312254483460785,0.000337167621168983,0.000769320713434191,0.000820630032620503,0.00114005858838024,0.00120445910217378,0.00185467185010369,0.00192483364871556
"605",30.7,0.0023128694680684,0.000254133893303823,0.000193643612766863,0.000209720805325326,0.000308711990504568,0.000333285716071295,0.000760721051874138,0.00081131495915217,0.0011274726673089,0.00119094232768501,0.00183470912898777,0.0019036985103497
"606",30.75,0.00229417699137872,0.000251197345703559,0.000191437014374176,0.000207295742848982,0.00030520690256493,0.000329445637889428,0.000752209183443062,0.000802097112677187,0.00111501151786442,0.00117756296088237,0.00181493230925188,0.00188276720678049
"607",30.8,0.00227559767552495,0.000248292673223759,0.000189253931132342,0.000204897044397222,0.000301738866801572,0.000325646979525142,0.000743784349833247,0.000792975620101359,0.00110267414986219,0.00116431985480089,0.00179534019929079,0.001862038299254
"608",30.85,0.00225713134013199,0.000245419560374569,0.000187094136362615,0.000202524448061193,0.000298307533057419,0.000321889337173178,0.000735445796877175,0.000783949613687716,0.0010904595763565,0.00115121186736975,0.00177593160400708,0.00184151034836651
"609",30.9,0.00223877779718238,0.000242577694338615,0.000184957405222518,0.000200177694173484,0.000294912553848545,0.000318172310305288,0.000727192774572513,0.000775018231072191,0.00107836681373332,0.00113823786149388,0.00175670532511863,0.00182118191435349
"610",30.95,0.00222053685114873,0.0002397667649551,0.000182843514696117,0.000197856525294225,0.000291553584353969,0.000314495501654164,0.00071902453710586,0.000766180615278045,0.00106639488180016,0.00112539670513262,0.0017376601614594,0.00180105155737167
"611",31,0.00220240829912496,0.000236986464703864,0.000180752243584269,0.000195560686197184,0.000288230282405284,0.000310858517197253,0.000710940342875209,0.000757435914728999,0.0010545428038733,0.00111268727137555,0.00171879490927354,0.00178111783777404
"612",31.05,0.00218439193095662,0.000234236488689447,0.000178683372494827,0.000193289923855868,0.000284942308476135,0.00030726096614045,0.000702939454511154,0.000748783283261109,0.00104280960686213,0.00110010843851549,0.00170010836250281,0.00176137931637796
"613",31.1,0.00216648752937009,0.000231516534625153,0.000176636683832848,0.000191043987429649,0.000281689325671588,0.000303702460901728,0.000695021138896967,0.000740221880133512,0.00103119432135101,0.00108765909011883,0.00168159931306784,0.00174183455472671
"614",31.15,0.00214869487010084,0.000228826302817087,0.000174611961790737,0.000188822628249875,0.000278470999717317,0.000300182617094632,0.000687184667187398,0.000731750870037888,0.00101969598167831,0.00107533811509309,0.00166326655114261,0.00172248211534419
"615",31.2,0.00213101372202063,0.000226165496148196,0.000172608992338394,0.000186625599806007,0.000275286998948687,0.000296701053511693,0.00067942931482635,0.000723369423106799,0.00100831362601298,0.00106314440775187,0.00164510886542283,0.00170332056198319
"616",31.25,0.00211344384726355,0.000223533820062317,0.000170627563213334,0.000184452657731769,0.000272136994299711,0.000293257392107771,0.00067175436156346,0.000715076714920944,0.00099704629642864,0.00105107686787725,0.00162712504338821,0.00168434845986724
"617",31.3,0.00209598500135121,0.000220930982548221,0.000168667463910782,0.00018230355979131,0.000269020659291871,0.000289851257983304,0.000664159091469514,0.000706871926515251,0.000985893038975024,0.00103913440077963,0.00160931387155841,0.00166556437592613
"618",31.35,0.00207863693331673,0.000218356694123648,0.000166728485673748,0.000180178065865376,0.000265937670022818,0.000286482279367463,0.000656642792950776,0.000698754244383899,0.000974852903747107,0.00102731591735504,0.00159167413574305,0.00164696687902516
"619",31.4,0.00206139938582774,0.000215810667819356,0.000164810421483085,0.000178075937937503,0.000262887705154963,0.00028315008760125,0.000649204758762271,0.00069072286048428,0.000963924944951773,0.00101562033414005,0.00157420462128573,0.00162855454018829
"620",31.45,0.00204427209530826,0.000213292619163188,0.000162913066047548,0.000175996940080237,0.000259870445903969,0.000279854317120531,0.000641844286020043,0.000682776972239983,0.000953108220972204,0.00100404657336434,0.00155690411330235,0.00161032593281539
"621",31.5,0.00202725479205967,0.000210802266164117,0.000161036215793802,0.000173940838441355,0.000256885576027095,0.000276594605438972,0.000634560676212313,0.000674915782542667,0.000942401794429819,0.000992593563000809,0.00153977139691335,0.00159227963289331
"622",31.55,0.00201034720038044,0.000208339329296335,0.000159179668856463,0.000171907401230125,0.000253932781811494,0.000273370593130948,0.000627353235209748,0.000667138499753059,0.000931804732244128,0.000981260236813541,0.00152280525747068,0.00157441421920145
"623",31.6,0.00199354903868489,0.000205903531483322,0.000157343225068086,0.00016989639870357,0.000251011752062353,0.00027018192381436,0.000620221273274633,0.000659444337700897,0.000921316105690176,0.00097004553440335,0.00150600448077873,0.0015567282735113
"624",31.65,0.00197686001962094,0.000203494598081957,0.00015552668594917,0.000167907603152779,0.000248122178090979,0.000267028244133422,0.000613164105069189,0.000651832515684012,0.000910934990453953,0.000958948401251286,0.0014893678533101,0.00153922038078066
"625",31.7,0.00196027985018664,0.000201112256866626,0.00015372985469815,0.000165940788889219,0.000245263753702778,0.000263909203741384,0.000606181049662896,0.000644302258466446,0.000900660466685593,0.000947967788759893,0.0014728941624158,0.00152188912934207
"626",31.75,0.00194380823184579,0.000198756238013355,0.00015195253618137,0.000163995732231088,0.000242436175185139,0.000260824455283204,0.000599271430538907,0.000636852796275692,0.000890491619050465,0.000937102654292371,0.00145658219653006,0.001504733111086
"627",31.8,0.00192744486064241,0.000196426274083951,0.000150194536923057,0.000162072211489683,0.000239639141295232,0.00025777365437817,0.000592434575599566,0.000629483364799035,0.000880427536778208,0.000926351961209643,0.00144043074536995,0.00148775092163855
"628",31.85,0.00191118942731416,0.000194122100010184,0.000148455665095302,0.000160170006955811,0.000236872353247746,0.000254756459602507,0.00058566981717108,0.000622193205179112,0.000870467313709799,0.000915714678905492,0.00142443860012984,0.00147094116053406
"629",31.9,0.0018950416174047,0.000191843453077974,0.000146735730508024,0.000158288900886218,0.000234135514702529,0.000251772532471919,0.000578976492007307,0.000614981564008572,0.000860610048342589,0.000905189782839616,0.00140860455367077,0.00145430243138251
"630",31.95,0.00187900111137493,0.000189590072911603,0.000145034544598929,0.000156428677490049,0.000231428331752146,0.000248821537424095,0.000572353941292694,0.000607847693323946,0.000850854843873379,0.000894776254568772,0.00139292740070469,0.00143783334203177
"631",32,0.00186306758471328,0.000187361701457962,0.000143351920423488,0.000154589122915345,0.000228750512909394,0.000245903141801212,0.000565801510644444,0.000600790850598767,0.000841200808239663,0.000884473081776066,0.00137740593797393,0.00142153250472508
"632",32.05,0.00184724070804479,0.000185158082970814,0.000141687672644894,0.000152770025235567,0.000226101769094719,0.000243017015832372,0.000559318550113838,0.000593810298735858,0.000831647054158936,0.00087427925829831,0.00136203896442573,0.00140539853625347
"633",32.1,0.00183152014723923,0.000182978963995095,0.000140041617524034,0.000150971174436158,0.000223481813623587,0.000240162832616044,0.000552904414186802,0.000586905306058928,0.000822192699166212,0.000864193784151634,0.00134682528138204,0.0013894300581035
"634",32.15,0.00181590556351806,0.000180824093351232,0.000138413572909466,0.000149192362401132,0.000220890362193788,0.000237340268102469,0.000546558461783718,0.000580075146303412,0.000812836865649762,0.000854215665555282,0.0013317636927046,0.00137362569660029
"635",32.2,0.00180039661356045,0.000178693222119512,0.000136803358227387,0.000147433382899714,0.000218327132872679,0.000234549001076048,0.000540280056258472,0.000573319098606613,0.000803578680885058,0.000844343914953685,0.00131685300495546,0.00135798408304592
"636",32.25,0.00178499294960805,0.000176586103624454,0.000135210794471621,0.000145694031572992,0.000215791846084368,0.00023178871313771,0.00053406856539678,0.000566636447497126,0.000794417277067018,0.000834577551036808,0.0013020920275529,0.00134250385385327
"637",32.3,0.00176969421956893,0.000174502493419246,0.000133635704193603,0.000143974105920629,0.000213284224596853,0.000229059088687274,0.000527923361413812,0.000560026482883629,0.000785351791340571,0.00082491559875887,0.00128747957292292,0.00132718365067549
"638",32.35,0.00175450006712019,0.000172442149270202,0.000132077911492382,0.000142273405287607,0.000210803993509118,0.000226359814905808,0.000521843820951149,0.000553488500043021,0.000776381365829606,0.000815357089355469,0.00127301445664647,0.00131202212053115
"639",32.4,0.00173941013180977,0.000170404831141244,0.000130537242004618,0.000140591730850994,0.00020835088023815,0.00022369058173794,0.000515829325072986,0.000547021799607844,0.000767505147664198,0.00080590106035898,0.0012586954976021,0.00129701791592488
"640",32.45,0.001724424049157,0.000168390301178455,0.000129013522894608,0.000138928885606784,0.000205924614505962,0.000221051081874231,0.000509879259261806,0.000540625687553232,0.000758722289006438,0.000796546555612635,0.00124452151810476,0.00128216969496421
"641",32.5,0.00170954145075218,0.000166398323694629,0.0001275065828443,0.00013728467435674,0.00020352492832652,0.000218441010733473,0.000503993013413258,0.000534299475183092,0.000750031947074498,0.000787292625282826,0.00123049134404004,0.00126747612147191
"642",32.55,0.0016947619643551,0.000164428665153898,0.000126016252043341,0.000135658903695309,0.000201151555992678,0.000215860066445046,0.000498169981830552,0.000528042479115847,0.000741433284165374,0.00077813832587016,0.00121660380499471,0.00125293586509456
"643",32.6,0.00168008521399251,0.000162481094156378,0.000124542362179128,0.000134051381996564,0.000198804234063051,0.000213307949831239,0.000492409563218158,0.000521854021269517,0.000732925467676043,0.000769082720218916,0.001202857734383,0.00123854760140708
"644",32.65,0.00166551082005449,0.000160555381422863,0.000123084746426864,0.000132461919401186,0.000196482701348854,0.000210784364389591,0.000486711160674923,0.00051573342884627,0.000724507670123177,0.000760124877525139,0.001189251969569,0.0012243100120133
"645",32.7,0.00165103839938981,0.000158651299779565,0.000121643239439649,0.000130890327803507,0.000194186698900728,0.000208289016275246,0.000481074181686642,0.000509680034316477,0.000716179069161489,0.000751263873343393,0.00117578535198527,0.00121022178464297
"646",32.75,0.00163666756540027,0.000156768624142908,0.000120217677338577,0.000129336420838587,0.000191915969995531,0.000205821614283312,0.000475498038118062,0.000503693175402218,0.000707938847600688,0.000742498789592152,0.00116245672724766,0.00119628161324482
"647",32.8,0.00162239792813395,0.000154907131504335,0.000118807897702835,0.000127800013869322,0.00018967026012308,0.000203381869831211,0.000469982146204263,0.000497772195060237,0.000699786193420975,0.000733828714557783,0.00114926494526624,0.00118248819807602
"648",32.85,0.0016082290943774,0.000153066600915209,0.000117413739559857,0.000126280923973636,0.000187449316972916,0.000200969496941093,0.000464525926541637,0.000491916441464528,0.000691720299787401,0.000725252742897449,0.00113620886035284,0.00116884024578821
"649",32.9,0.00159416066774686,0.000151246813471715,0.000116035043375448,0.000124778969931674,0.000185252890420993,0.000198584212222206,0.000459128804078201,0.000486125267988306,0.000683740365062725,0.000716769975640541,0.0011232873313247,0.00115533646950982
"650",32.95,0.00158019224877837,0.000149447552299851,0.000114671651043976,0.000123293972213084,0.000183080732516406,0.000196225734853343,0.000453790208103545,0.000480398033185646,0.000675845592819196,0.000708379520189084,0.00111049922160495,0.0011419755889252
"651",33,0.00156632343501699,0.000147668602540435,0.000113323405878545,0.000121825752964315,0.000180932597468051,0.000193893786565261,0.000448509572238164,0.000474734100772581,0.000668035191848936,0.00070008049031681,0.0010978433993193,0.00112875633035012
"652",33.05,0.00155255382110473,0.000145909751334192,0.000111990152601218,0.000120374135995987,0.000178808241631311,0.000191588091623162,0.00044328633442241,0.00046913283960784,0.000660308376173247,0.000691872006167192,0.00108531873738962,0.00111567742680427
"653",33.1,0.00153888299886775,0.000144170787806868,0.00011067173733324,0.000118938946770294,0.0001767074234947,0.000189308376809168,0.000438119936904909,0.000463593623673112,0.000652664365050636,0.000683753194250243,0.00107292411362397,0.0011027376180803
"654",33.15,0.00152531055740237,0.000142451503054409,0.0001093680075853,0.000117520012388467,0.000174629903666516,0.000187054371404844,0.000433009826230567,0.000458115832052949,0.000645102382983747,0.000675723187438295,0.00106065841080358,0.00108993565080987
"655",33.2,0.00151183608316006,0.0001407516901282,0.000108078812247807,0.000116117161578283,0.000172575444861486,0.000184825807173744,0.000427955453228132,0.000452698848914272,0.00063762165972516,0.000667781124960688,0.0010485205167665,0.00107727027852658
"656",33.25,0.0014984591600315,0.00013907114402034,0.000106804001581198,0.00011473022468163,0.000170543811887392,0.000182622418343984,0.000422956272997312,0.000447342063485483,0.00063022143028207,0.0006599261523974,0.00103650932448816,0.0010647402617258
"657",33.3,0.00148517936942957,0.000137409661648983,0.000105543427206257,0.000113359033642113,0.000168534771631708,0.000180443941590848,0.000418011744895488,0.000442044870035226,0.000622900934919899,0.000652157421671661,0.00102462373215886,0.00105234436792169
"658",33.35,0.00147199629037136,0.000135767041843742,0.000104296942094483,0.00011200342199273,0.000166548093048229,0.000178290116019441,0.000413121332524053,0.000436806667850814,0.000615659419164894,0.000644474091041627,0.00101286264325829,0.00104008137170124
"659",33.4,0.00145890949955919,0.000134143085331127,0.000103064400558458,0.000110663224843575,0.000164583547143696,0.000176160683147353,0.000408284503714302,0.00043162686121627,0.000608496133805639,0.000636875325091001,0.00100122496662703,0.00102795005477545
"660",33.45,0.00144591857146057,0.000132537594720066,0.00010184565824226,0.000109338278869624,0.000162640906964434,0.00017405538688739,0.000403500730513004,0.000426504859390097,0.000601410334893634,0.00062936029471882,0.000989709616535209,0.00101594920602788
"661",33.5,0.00143302307838729,0.00013095037448747,0.000100640572111904,0.000108028422298552,0.000160719947582992,0.000171973973530329,0.000398769489167589,0.000421440076582716,0.00059440128374289,0.000621928177128286,0.000978315512748377,0.00100407762156042
"662",33.55,0.00142022259057338,0.000129381230963851,9.94490004457963e-05,0.000106733494898614,0.000158820446084775,0.000169916191727708,0.000394090260110953,0.000416431931933569,0.000587468246928521,0.000614578155814673,0.000967041580590476,0.000992334104736356
"663",33.6,0.00140751667625223,0.000127829972319022,9.82708028252387e-05,0.000105453337966579,0.000156942181554708,0.000167881792474677,0.000389462527945969,0.000411479849487987,0.000580610496284502,0.000607309420552463,0.000955886751004257,0.000980717466221012
"664",33.65,0.0013949049017326,0.000126296408547826,9.71058401249413e-05,0.000104187794315715,0.000155084935063882,0.000165870529092878,0.000384885781429615,0.000406583258173726,0.000573827308900437,0.000600121167381556,0.000944849960608892,0.000969226524019703
"665",33.7,0.00138238683147376,0.000124780351455955,9.59539745035857e-05,0.000102936708263841,0.00015324848965624,0.000163882157213379,0.000380359513456833,0.000401741591777281,0.000567117967117533,0.000593012598592745,0.000933930151755114,0.000957860103513374
"666",33.75,0.00136996202815965,0.000123281614645807,9.48150693944001e-05,0.000101699925621415,0.000151432630335248,0.000161916434759651,0.000375883221044016,0.000396954288919891,0.000560481758523632,0.000585982922712324,0.000923126272577674,0.000946617037491669
"667",33.8,0.00135763005277198,0.000121800013502427,9.36889894957852e-05,0.000100477293679704,0.000149637144050606,0.0001599731219306,0.000371456405312265,0.000392220793033365,0.000553917975947507,0.000579031354486031,0.000912437277045458,0.000935496166183846
"668",33.85,0.00134539046466253,0.000120335365179488,9.2575600761956e-05,9.92686611989845e-05,0.000147861819684957,0.000158051981183643,0.000367078571470297,0.000387540552335596,0.000547425917452264,0.000572157114862139,0.000901862125009028,0.000924496337287192
"669",33.9,0.00133324282162437,0.000118887488585349,9.14747703936227e-05,9.80738783968187e-05,0.000146106448040617,0.000156152777217834,0.000362749228797091,0.000382913019805901,0.00054100488632799,0.000565359430973898,0.000891399782245826,0.000913616405993322
"670",33.95,0.00132118667996219,0.000117456204369178,9.03863668287106e-05,9.68927969363817e-05,0.000144370821826339,0.000154275276957057,0.000358467890624297,0.00037833765316014,0.00053465419108366,0.000558637536121279,0.000881049220503097,0.000902855235012283
"671",34,0.00130922159456169,0.000116041334907126,8.9310259733099e-05,9.57252699148389e-05,0.00014265473564407,0.000152419249533249,0.000354234074318313,0.000373813914825585,0.000528373145438219,0.000551990669751964,0.000870809417538391,0.000892211694594409
"672",34.05,0.00129734711895803,0.000114642704288578,8.82463199914098e-05,9.45711518517964e-05,0.000140957985975758,0.000150584466269703,0.000350047301262187,0.000369341271915652,0.000522161068311028,0.000545418077441788,0.000860679357157975,0.000881684662550244
"673",34.1,0.00128556280540333,0.00011326013830247,8.71944196978248e-05,9.34302986777995e-05,0.00013928037117017,0.000148770700664418,0.000345907096837239,0.000364919196204417,0.000516017283811558,0.000538919010874476,0.000850658029252995,0.000871273024268336
"674",34.15,0.0012738682049333,0.000111893464423654,8.61544321469307e-05,9.23025677228875e-05,0.000137621691429727,0.000146977728373494,0.000341812990404432,0.000360547164100929,0.000509941121228367,0.000532492727820754,0.000840744429833439,0.000860975672731018
"675",34.2,0.00126226286743287,0.000110542511799353,8.5126231824613e-05,9.1187817705215e-05,0.000135981748797382,0.00014520532719461,0.000337764515285563,0.000356224656623399,0.000503931915017477,0.000526138492116909,0.00083093756106013,0.00085079150852833
"676",34.25,0.00125074634170099,0.000109207111235665,8.4109694398978e-05,9.00859087197309e-05,0.000134360347143519,0.000143453277050547,0.000333761208744217,0.000351951159373211,0.00049798900479006,0.00051985557364276,0.000821236431274603,0.000840719439870028
"677",34.3,0.00123931817551449,0.000107887095184135,8.31046967113078e-05,8.89967022269053e-05,0.000132757292152867,0.000141721359972765,0.000329802611966488,0.000347726162508741,0.000492111735299468,0.000513643248299011,0.00081164005502695,0.000830758382595651
"678",34.35,0.00122797791569102,0.000106582297728416,8.2111116767069e-05,8.79200610415416e-05,0.000131172391311478,0.000140009360085077,0.00032588827004158,0.000343549160719138,0.000486299456427761,0.000507500797984207,0.000802147453101872,0.000820907260183028
"679",34.4,0.00121672510815109,0.000105292554570952,8.11288337269293e-05,8.68558493216083e-05,0.000129605453893687,0.000138317063587323,0.000322017731942093,0.000339419653197803,0.00048055152317145,0.000501427510570941,0.000792757652542548,0.000811165003754664
"680",34.45,0.00120555929797933,0.000104017703019785,8.01577278978493e-05,8.58039325571802e-05,0.000128056290949164,0.000136644258739191,0.000318190550504282,0.000335337143615938,0.000474867295626904,0.000495422679881844,0.000783469686673005,0.000801530552082874
"681",34.5,0.00119448002948468,0.000102757581975382,7.91976807241749e-05,8.47641775593921e-05,0.00012652471528994,0.00013499073584402,0.000314406282407988,0.000331301140095798,0.000469246138974962,0.000489485605664805,0.000774282595118295,0.000792002851592813
"682",34.55,0.0011834868462599,0.000101512031917563,7.82485747787986e-05,8.37364524494884e-05,0.000125010541477516,0.000133356287232734,0.000310664488156527,0.000327311155183951,0.000463687423465189,0.000483615593567941,0.000765195423823205,0.000782580856364218
"683",34.6,0.00117257929124002,0.000100280894892477,7.73102937543388e-05,8.27206266479111e-05,0.000123513585809978,0.000131740707247801,0.000306964732056337,0.000323366705824371,0.000458190524399482,0.00047781195511398,0.000756207225069025,0.000773263528131372
"684",34.65,0.00116175690676013,9.9064014499663e-05,7.63827224543714e-05,8.17165708634627e-05,0.000122033666309163,0.000130143792227287,0.000303306582196521,0.000319467313331467,0.000452754822115246,0.000472074007674285,0.00074731705748875,0.000764049836281655
"685",34.7,0.00115101923461211,9.78612358791667e-05,7.54657467846927e-05,8.07241570825196e-05,0.000120570602707859,0.00012856534048896,0.000299689610428224,0.000315612503362999,0.000447379701968026,0.000466401074442413,0.000738523986080556,0.000754938757852508
"686",34.75,0.00114036581610066,9.66724056987389e-05,7.45592537446281e-05,7.9743258558314e-05,0.000119124216437044,0.000127005152314472,0.000296113392343885,0.000311801805892929,0.000442064554313699,0.000460792484407299,0.000729827082219718,0.00074592927752702
"687",34.8,0.0011297961920984,9.54973721410927e-05,7.36631314183747e-05,7.877374980027e-05,0.000117694330613165,0.000125463029933613,0.000292577507256343,0.000308034755184181,0.000436808774490165,0.000455247572326029,0.000721225423668901,0.000737020387628028
"688",34.85,0.00111930990310015,9.4335984891239e-05,7.27772689663896e-05,7.78155065634069e-05,0.000116280770025458,0.000123938777508624,0.000289081538177837,0.000304310889761346,0.000431611762798625,0.000449765678696255,0.000712718094586966,0.000728211088110894
"689",34.9,0.00110890648927644,9.31880951238907e-05,7.19015566168169e-05,7.68684058378017e-05,0.000114883361123309,0.000122432201118603,0.000285625071798882,0.000300629752383318,0.000426472924484416,0.000444346149728253,0.000704304185536259,0.000719500386554936
"690",34.95,0.00109858549052608,9.20535554909372e-05,7.10358856569585e-05,7.59323258381143e-05,0.00011350193200367,0.000120943108743965,0.000282207698467046,0.000296990890015882,0.000421391669717438,0.000438988337316648,0.000695982793488474,0.000710887298153554
"691",35,0.00108834644652798,9.09322201089854e-05,7.0180148424779e-05,7.50071459931688e-05,0.000112136312398493,0.000119471310250976,0.000278829012165597,0.00029339385380423,0.000416367413572146,0.000433691599011764,0.000687753021829028,0.000702370845703059
"692",35.05,0.00107818889679217,8.98239445469774e-05,6.93342383004593e-05,7.40927469356034e-05,0.000110786333662231,0.000118016617376373,0.000275488610492081,0.000289838199045458,0.000411399576007186,0.000428455297990711,0.000679613980360111,0.000693950059590318
"693",35.1,0.00106811238070997,8.87285858138811e-05,6.84980496979916e-05,7.3189010491581e-05,0.000109451828759383,0.000116578843712052,0.000272186094636803,0.000286323485161029,0.000406487581844661,0.000423278803028165,0.000671564785302399,0.00068562397777922
"694",35.15,0.00105811643760338,8.7646002346436e-05,6.76714780568057e-05,7.22958196705502e-05,0.000108132632252063,0.000115157804689814,0.000268921069361191,0.000282849275669151,0.00040163086074897,0.000418161488466787,0.000663604559295336,0.000677391645795859
"695",35.2,0.00104820060677368,8.65760539970013e-05,6.68544198334598e-05,7.14130586550929e-05,0.000106828580287655,0.000113753317566228,0.000265693142976155,0.000279415138157228,0.00039682884720542,0.000413102734187516,0.000655732431396355,0.000669252116712832
"696",35.25,0.00103836442754922,8.55186020214421e-05,6.60467724933487e-05,7.05406127908059e-05,0.000105539510586474,0.000112365201407526,0.000262501927320284,0.000276020644254192,0.000392080980498374,0.000408101925579438,0.000647947537078617,0.000661204451132188
"697",35.3,0.00102860743933245,8.44735090671028e-05,6.52484345024666e-05,6.96783685762574e-05,0.000104265262429499,0.00011099327707459,0.000259347037738025,0.000272665369602853,0.000387386704689129,0.00040315845350948,0.000640249018227653,0.000653247717167431
"698",35.35,0.00101892918164621,8.34406391608635e-05,6.4459305319222e-05,6.88262136530148e-05,0.000103005676646164,0.000109637367208036,0.000256228093057821,0.000269348893832295,0.000382745468593546,0.000398271714291921,0.000632636023136898,0.000645380990424598
"699",35.4,0.00100932919417914,8.24198576972439e-05,6.36792853862752e-05,6.79840367957145e-05,0.00010176059560217,0.000108297296213345,0.000253144715570129,0.000266070800530175,0.000378156725759257,0.000393441109657564,0.000625107706501908,0.000637603353982142
"700",35.45,0.000999807016830446,8.14110314265978e-05,6.29082761224349e-05,6.71517279022082e-05,0.000100529863187372,0.000106972890246089,0.000250096531005439,0.000262830677215085,0.000373619934442685,0.000388666046722776,0.000617663229413586,0.000629913898369997
"701",35.5,0.000990362189753872,8.04140284433687e-05,6.2146179914589e-05,6.63291779837631e-05,9.93133248037035e-05,0.000105663977197228,0.000247083168512213,0.000259628115308894,0.000369134557585734,0.000383945937958285,0.000610301759350257,0.000622311721547626
"702",35.55,0.000980994253400899,7.94287181744301e-05,6.13929001096899e-05,6.55162791553343e-05,9.81108273531673e-05,0.000104370386678499,0.000244104260634825,0.000256462710109128,0.000364700062792268,0.000379280201157836,0.000603022470168771,0.000614795928881267
"703",35.6,0.000971702748563216,7.84549713674844e-05,6.06483410067707e-05,6.47129246258873e-05,9.69222192258623e-05,0.000103091950007868,0.000241159443291416,0.000253334060761331,0.000360315922304281,0.000374668259406606,0.000595824542094477,0.000607365633120189
"704",35.65,0.000962487216414481,7.74926600795364e-05,5.99124078490098e-05,6.39190086887849e-05,9.57473502880683e-05,0.000101828500195065,0.000238248355751733,0.000250241770231448,0.000355981612977839,0.000370109541049469,0.000588707161710228,0.000600019954372125
"705",35.7,0.000953347198551316,7.65416576654523e-05,5.91850068158477e-05,6.31344267122472e-05,9.4586071870398e-05,0.000100579871927211,0.000235370640614975,0.000247185445278276,0.000351696616258848,0.00036560347965915,0.000581669521944507,0.000592758020077994
"706",35.75,0.000944282237033617,7.56018387665693e-05,5.84660450151327e-05,6.23590751298553e-05,9.3438236755979e-05,9.93459015545067e-05,0.000232525943787554,0.00024416469642588,0.000347460418158503,0.000361149514004148,0.000574710822058461,0.000585578964985654
"707",35.8,0.000935291874424088,7.46730792994019e-05,5.7755430475328e-05,6.15928514311369e-05,9.23036991687179e-05,9.81264270760272e-05,0.000229713914460912,0.000241179137936108,0.000343272509228643,0.000356747088016617,0.000567830267632193,0.000578481931123085
"708",35.85,0.00092637565382717,7.37552564443937e-05,5.70530721377457e-05,6.08356541521919e-05,9.11823147615917e-05,9.69212881255619e-05,0.000226934205089246,0.000238228387781073,0.000339132384536784,0.000352395650760008,0.000561027070549993,0.000571466067770632
"709",35.9,0.000917533118927155,7.28482486347639e-05,5.63588798488374e-05,6.00873828663983e-05,9.00739406050146e-05,9.57303259575688e-05,0.000224186471367281,0.000235312067615728,0.000335039543641054,0.000348094656396687,0.000554300448984838,0.000564530531432692
"710",35.95,0.000908763814025672,7.19519355454144e-05,5.56727643525261e-05,5.93479381751697e-05,8.89784351752552e-05,9.4553383433193e-05,0.000221470372208017,0.000232429802750474,0.000330993490564915,0.000343843564155397,0.000547649627382014,0.000557674485808644
"711",36,0.000900067284078475,7.10661980819153e-05,5.49946372825839e-05,5.86172216987802e-05,8.78956583429123e-05,9.3390305006375e-05,0.000218785569720488,0.000229581222123807,0.000326993733771726,0.000339641838298644,0.000541073836441954,0.00055089710176315
"712",36.05,0.000891443074731525,7.01909183695512e-05,5.4324411155046e-05,5.78951360672406e-05,8.68254713614353e-05,9.22409367100268e-05,0.000216131729187483,0.000226765958275008,0.000323039786139094,0.000335488948089938,0.000534572313102209,0.000544197557295732
"713",36.1,0.00088289073235643,6.93259797424545e-05,5.36619993606827e-05,5.71815849112498e-05,8.57677368557221e-05,9.11051261423093e-05,0.000213508519043329,0.00022398364731692,0.000319131164933153,0.000331384367761025,0.000528144300518781,0.000537575037509851
"714",36.15,0.000874409804085189,6.84712667328058e-05,5.30073161575114e-05,5.64764728532016e-05,8.47223188107669e-05,8.99827224529847e-05,0.000210915610851665,0.000221233928908774,0.000315267391782665,0.000327327576479019,0.00052178904804669,0.000531028734581357
"715",36.2,0.000865999837844285,6.76266650600896e-05,5.2360276663339e-05,5.57797054982402e-05,8.36890825603445e-05,8.88735763298313e-05,0.000208352679283175,0.000218516446229022,0.000311447992652908,0.00032331805831339,0.000515505811219676,0.000524557847726234
"716",36.25,0.000857660382388121,6.6792061620459e-05,5.17207968483819e-05,5.50911894254073e-05,8.26678947758038e-05,8.77775399851878e-05,0.000205819402093464,0.000215830845948358,0.000307672497819623,0.000319355302203066,0.000509293851729538,0.000518161583168087
"717",36.3,0.000849390987331806,6.59673444761261e-05,5.10887935278911e-05,5.44108321788126e-05,8.16586234548573e-05,8.66944671425216e-05,0.000203315460100797,0.000213176778202659,0.00030394044184261,0.000315438801923278,0.000503152437404421,0.000511839154104756
"718",36.35,0.000841191203183303,6.51524028448606e-05,5.04641843548536e-05,5.37385422588934e-05,8.066113791048e-05,8.56242130231255e-05,0.000200840537163993,0.000210553896566116,0.000300251363539399,0.000311568056052514,0.00049708084218676,0.000505589780674684
"719",36.4,0.000833060581374933,6.43471270895505e-05,4.98468878127292e-05,5.30742291137299e-05,7.96753087598518e-05,8.4566634332888e-05,0.000198394320160301,0.000207961858024404,0.000296604805958762,0.000307742567939418,0.000491078346110515,0.000499412689922754
"720",36.45,0.000824998674294245,6.35514087078135e-05,4.9236823208219e-05,5.24178031304024e-05,7.87010079133391e-05,8.3521589249117e-05,0.000195976498963255,0.000205400322947876,0.000293000316354045,0.000303961845669548,0.000485144235277671,0.000493307115765485
"721",36.5,0.000817005035314291,6.2765140321718e-05,4.86339106641052e-05,5.17691756264403e-05,7.77381085635777e-05,8.24889374074973e-05,0.000193586766420672,0.000202868955064945,0.000289437446156576,0.000300225402032291,0.000479277801834418,0.000487272298956078
"722",36.55,0.000809079218823244,6.19882156675362e-05,4.80380711121089e-05,5.11282588413002e-05,7.67864851745733e-05,8.14685398890806e-05,0.000191224818332574,0.000200367421435437,0.000285915750948827,0.000296532754487592,0.000473478343946511,0.000481307487048746
"723",36.6,0.000801220780253431,6.12205295855964e-05,4.74492262858123e-05,5.04949659279268e-05,7.58460134708933e-05,8.04602592073955e-05,0.000188890353429233,0.000197895392424113,0.000282434790437617,0.0002928834251328,0.000467745165774268,0.000475411934362846
"724",36.65,0.000793429276109771,6.04619780101912e-05,4.6867298713616e-05,4.98692109443619e-05,7.49165704269041e-05,7.94639592956201e-05,0.000186583073349209,0.000195452541674235,0.000278994128427196,0.000289276940669442,0.00046207757744697,0.000469584901946505
"725",36.7,0.000785704263997586,5.97124579595681e-05,4.62922117117489e-05,4.92509088454218e-05,7.39980342560805e-05,7.84795054938542e-05,0.000184302682617477,0.000193038546081259,0.000275593332792305,0.000285712832370061,0.00045647489503682,0.000463825657539976
"726",36.75,0.000778045302649842,5.89718675259727e-05,4.57238893773109e-05,4.86399754744214e-05,7.30902844003569e-05,7.75067645364506e-05,0.00018204888862354,0.000190653085766562,0.000272231975451115,0.000282190636044981,0.000450936440532305,0.000458133475538492
"727",36.8,0.000770451951953809,5.82401058657824e-05,4.51622565813736e-05,4.80363275549727e-05,7.21932015195624e-05,7.65456045394559e-05,0.000179821401599659,0.000188295844051336,0.000268909632338201,0.000278709892009181,0.000445461541811227,0.000452507636954947
"728",36.85,0.000762923772977119,5.75170731897035e-05,4.46072389621238e-05,4.7439882682838e-05,7.13066674809117e-05,7.55958949881255e-05,0.000177619934599111,0.000185966507430548,0.000265625883377456,0.000275270145049163,0.000440049532613263,0.0004469474293822
"729",36.9,0.000755460327993283,5.68026707530289e-05,4.40587629180414e-05,4.68505593178336e-05,7.04305653485419e-05,7.46575067245095e-05,0.000175444203474478,0.000183664765546978,0.000262380312454909,0.000271870944389801,0.000434699752511993,0.000441452146955007
"730",36.95,0.000748061180506628,5.60968008459757e-05,4.35167556011324e-05,4.62682767758024e-05,6.95647793731284e-05,7.37303119351347e-05,0.000173293926856023,0.000181390311165388,0.000259172507391582,0.000268511843661278,0.000429411546886625,0.000436021090311743
"731",37,0.000740725895276666,5.53993667840959e-05,4.29811449102069e-05,4.56929552206459e-05,6.8709194981562e-05,7.28141841387737e-05,0.000171168826130133,0.000179142840146808,0.000256002059916321,0.000265192400866077,0.000424184266893321,0.000430653566555884
"732",37.05,0.000733454038341916,5.47102728987506e-05,4.24518594842003e-05,4.51245156564118e-05,6.78636987666857e-05,7.190899817429e-05,0.000169068625417816,0.000176922051422904,0.000252868565638597,0.000261912178345982,0.00041901726943613,0.000425348889217177
"733",37.1,0.000726245177043202,5.40294245276414e-05,4.19288286955269e-05,4.45628799194293e-05,6.70281784770738e-05,7.10146301885491e-05,0.000166993051553216,0.000174727646970423,0.000249771624021231,0.000258670742749085,0.000413909917137443,0.000420106378212492
"734",37.15,0.000719098880046375,5.33567280054421e-05,4.14119826435034e-05,4.40079706705276e-05,6.62025230069157e-05,7.01309576244536e-05,0.000164941834062295,0.000172559331785841,0.000246710838353258,0.000255467664996984,0.000408861578308354,0.000414925359806669
"735",37.2,0.000712014717364524,5.26920906544761e-05,4.09012521477996e-05,4.34597113872951e-05,6.5386622385931e-05,6.92578592090311e-05,0.000162914705141512,0.000170416813860052,0.000243685815722689,0.000252302520251942,0.000403871626918504,0.000409805166572997
"736",37.25,0.000704992260379648,5.20354207754581e-05,4.03965687419291e-05,4.29180263563914e-05,6.45803677693426e-05,6.8395214941598e-05,0.000160911399636562,0.000168299804153155,0.000240696166989249,0.000249174887884081,0.000398939442565585,0.000404745137353446
"737",37.3,0.000698031081863828,5.13866276383252e-05,3.98978646668016e-05,4.23828406659342e-05,6.37836514279391e-05,6.75429060820339e-05,0.000158931655021249,0.000166208016569425,0.000237741506757231,0.000246084351438749,0.000394064410444702,0.00039974461721888
"738",37.35,0.000691130755999843,5.07456214731192e-05,3.9405072864305e-05,4.18540801979307e-05,6.29963667381761e-05,6.67008151391159e-05,0.000156975211376383,0.00016414116793234,0.000234821453348273,0.000243030498603885,0.000389245921317304,0.000394802957428972
"739",37.4,0.000684290858401316,5.01123134609531e-05,3.89181269709465e-05,4.13316716207789e-05,6.22184081723629e-05,6.5868825858956e-05,0.000155041811368804,0.00016209897795979,0.000231935628774239,0.000240012921177527,0.000384483371479993,0.000389919515392085
"740",37.45,0.000677510966132342,4.94866157250194e-05,3.84369613115148e-05,4.08155423818034e-05,6.14496712888777e-05,6.50468232134861e-05,0.000153131200230405,0.000160081169239305,0.000229083658710002,0.000237031215035292,0.000379776162732846,0.000385093654624801
"741",37.5,0.000670790657726604,4.88684413216955e-05,3.79615108928123e-05,4.03056206998747e-05,6.06900527224839e-05,6.4234693389065e-05,0.000151243125737323,0.000158087467203516,0.000226265172466388,0.000234084980098072,0.000375123702347743,0.000380324744711558
"742",37.55,0.000664129513206029,4.82577042316999e-05,3.74917113974158e-05,3.98018355580696e-05,5.99394501746862e-05,6.3432323775144e-05,0.000149377338189165,0.000156117600105671,0.000223479802963076,0.000231173820299753,0.000370525403036319,0.000375612161264023
"743",37.6,0.000657527114098935,4.76543193513199e-05,3.70274991774865e-05,3.93041166963919e-05,5.91977624041575e-05,6.26396029530209e-05,0.00014753359038833,0.0001541712989953,0.000220727186701563,0.000228297343555037,0.00036598068291774,0.000370955285880408
"744",37.65,0.0006509830434577,4.70582024837034e-05,3.65688112486207e-05,3.88123946045477e-05,5.84648892172236e-05,6.18564206846704e-05,0.000145711637619403,0.000152248297693984,0.000218006963738147,0.000225455161727357,0.00036148896548625,0.000366353506104648
"745",37.7,0.000644496885875967,4.64692703302182e-05,3.61155852837447e-05,3.83266005147765e-05,5.7740731458411e-05,6.1082667901659e-05,0.000143911237628648,0.000150348332771269,0.000215318777656962,0.000222646890596899,0.000357049679578524,0.000361806215385516
"746",37.75,0.000638068227505378,4.58874404818887e-05,3.56677596070628e-05,3.78466663947479e-05,5.70251910010741e-05,6.03182366941534e-05,0.000142132150603613,0.000148471143520723,0.000212662275543124,0.000219872149828773,0.000352662259340936,0.000357312813035741
"747",37.8,0.000631696656071847,4.5312631410876e-05,3.52252731880303e-05,3.7372524940494e-05,5.63181707380529e-05,5.95630202999809e-05,0.00014037413915276,0.000146616471936066,0.000210037107955807,0.000217130562941193,0.000348326144196467,0.000352872704190882
"748",37.85,0.000625381760891372,4.4744762462046e-05,3.47880656353874e-05,3.69041095694166e-05,5.56195745724247e-05,5.88169130937998e-05,0.000138636968285254,0.000144784062687487,0.000207442928901489,0.000214421757273869,0.000344040778811637,0.000348485299768328
"749",37.9,0.000619123132885405,4.41837538445926e-05,3.43560771912281e-05,3.64413544133398e-05,5.49293074083021e-05,5.80798105763356e-05,0.000136920405390809,0.000142973663098068,0.00020487939580721,0.000211745363956469,0.000339805613063198,0.000344150016426165
"750",37.95,0.000612920364595761,4.36295266237349e-05,3.3929248725119e-05,3.59841943116241e-05,5.42472751417068e-05,5.73516093637087e-05,0.000135224220219656,0.000141185023120355,0.000202346169493926,0.00020910101787723,0.000335620102004765,0.000339866276522074
"751",38,0.000606773050199127,4.30820027124556e-05,3.35075217282434e-05,3.55325648043174e-05,5.35733846514752e-05,5.66322071768126e-05,0.000133548184862533,0.000139417895313,0.000199842914149833,0.000206488357651592,0.000331483705833133,0.000335633508072032
"752",38.05,0.000600680785521077,4.25411048633374e-05,3.30908383076118e-05,3.50864021253848e-05,5.2907543790267e-05,5.59215028308127e-05,0.00013189207373087,0.000137672034817627,0.000197369297303897,0.000203907025591095,0.000327395889854728,0.000331451144709235
"753",38.1,0.000594643168049732,4.20067566604448e-05,3.26791411803032e-05,3.46456431959794e-05,5.22496613756147e-05,5.52193962247019e-05,0.000130255663537011,0.000135947199335778,0.000194924989799384,0.000201356667672328,0.000323356124451813,0.000327318625642884
"754",38.15,0.000588659796948927,4.14788825112718e-05,3.22723736677485e-05,3.42102256177661e-05,5.15996471810345e-05,5.45257883309357e-05,0.000128638733274549,0.000134243149106001,0.00019250966576747,0.000198836933506005,0.000319363885048611,0.000323235395616971
"755",38.2,0.000582730273071024,4.09574076387527e-05,3.18704796900558e-05,3.37800876662994e-05,5.09574119272007e-05,5.38405811851467e-05,0.000127041064198742,0.000132559646881062,0.000190123002600923,0.000196347476306171,0.000315418652077321,0.000319200904869081
"756",38.25,0.00057685419896926,4.04422580733445e-05,3.14734037603854e-05,3.33551682844611e-05,5.03228672731914e-05,5.31636778759476e-05,0.000125462439807065,0.000130896457905327,0.000187764680927908,0.00019388795285958,0.000311519910944139,0.000315214609089267
"757",38.3,0.000571031178909744,3.99333606451658e-05,3.10810909793598e-05,3.29354070759445e-05,4.96959258077865e-05,5.2494982534803e-05,0.000123902645819836,0.00012925334989225,0.000185434384585843,0.000191458023495177,0.000307667151995134,0.000311275969378899
"758",38.35,0.000565260818882998,3.94306429762017e-05,3.06934870295202e-05,3.25207442987944e-05,4.90765010408329e-05,5.18344003259848e-05,0.000122361470160953,0.000127630093002016,0.00018313180059536,0.000189057352053731,0.000303859870482107,0.000307384452209569
"759",38.4,0.000559542726615166,3.89340334725713e-05,3.03105381698225e-05,3.21111208589997e-05,4.84645073946702e-05,5.11818374366031e-05,0.000120838702938736,0.00012602645981931,0.00018085661913435,0.000186685605857609,0.000300097566528383,0.000303539529382042
"760",38.45,0.000553876511578763,3.8443461316849e-05,2.99321912301707e-05,3.17064783041302e-05,4.78598601956078e-05,5.05372010667057e-05,0.000119334136426844,0.000124442225331209,0.00017860853351207,0.000184342455680649,0.000296379745094506,0.000299740677985183
"761",38.5,0.000548261785003114,3.79588564604728e-05,2.95583936060086e-05,3.13067588170464e-05,4.72624756654931e-05,4.99003994194853e-05,0.000117847565045367,0.000122877166905279,0.000176387240143446,0.0001820275757183,0.000292705915944075,0.000295987380355134
"762",38.55,0.000542698159884354,3.74801496161792e-05,2.91890932529277e-05,3.09119052096324e-05,4.66722709132992e-05,4.92713416915187e-05,0.000116378785341923,0.000121331064267705,0.000174192438523325,0.000179740643557737,0.000289075593609301,0.000292279124034283
"763",38.6,0.000537185250995092,3.70072722505322e-05,2.88242386813405e-05,3.05218609166057e-05,4.60891639268122e-05,4.86499380631249e-05,0.000114927595972954,0.000119803699481662,0.000172023831200973,0.000177481340148282,0.000285488297356773,0.000288615401730551
"764",38.65,0.000531722674893691,3.65401565764971e-05,2.84637789511827e-05,3.0136569989366e-05,4.55130735643608e-05,4.80360996887783e-05,0.000113493797685081,0.000118294856925776,0.000169881123754592,0.00017524934977189,0.00028194355115311,0.000284995711276635
"765",38.7,0.000526310049933203,3.60787355460716e-05,2.81076636666524e-05,2.9755977089891e-05,4.49439195466003e-05,4.74297386875927e-05,0.000112077193296552,0.000116804323272706,0.000167764024765934,0.000173044360013781,0.000278440883630558,0.000281419555589297
"766",38.75,0.000520946996269912,3.5622942842994e-05,2.77558429710046e-05,2.9380027484697e-05,4.438162244838e-05,4.68307681339029e-05,0.000110677587678845,0.000115331887467924,0.000165672245795094,0.000170866061733293,0.000274979828052737,0.000277886442628873
"767",38.8,0.000515633135871566,3.51727128754968e-05,2.74082675413736e-05,2.90086670388367e-05,4.38261036906508e-05,4.62391020479023e-05,0.000109294787738346,0.000113877340708586,0.000163605501355343,0.000168714149034826,0.000271559922280267,0.000274395885358762
"768",38.85,0.000510368092525235,3.4727980769125e-05,2.70648885836389e-05,2.86418422099522e-05,4.32772855324394e-05,4.56546553863611e-05,0.000107928602398128,0.000112440476422561,0.000161563508888089,0.000166588319238958,0.000268180708736454,0.000270947401705053
"769",38.9,0.000505151491844847,3.42886823596184e-05,2.67256578273366e-05,2.827950004238e-05,4.27350910628888e-05,4.50773440334262e-05,0.000106578842579873,0.000111021090247605,0.000159545988737975,0.000164488272853748,0.000264841734373034,0.000267540514516286
"770",38.95,0.000499982961278344,3.38547541858522e-05,2.63905275206079e-05,2.79215881613056e-05,4.21994441933567e-05,4.45070847914923e-05,0.000105245321185884,0.000109618980010685,0.000157552664128084,0.00016241371354618,0.000261542550635933,0.000264174751523321
"771",39,0.000494862130114577,3.34261334828212e-05,2.60594504251775e-05,2.75680547669544e-05,4.16702696495544e-05,4.39437953721286e-05,0.000103927853081173,0.000108233945707386,0.000155583261135192,0.000160364348113711,0.00025828271343095,0.000260849645299203
"772",39.05,0.000489788629489804,3.30027581747193e-05,2.57323798113983e-05,2.72188486288616e-05,4.11474929637911e-05,4.33873943871258e-05,0.000102626255075755,0.000106865789481575,0.000153637508665295,0.00015833988645614,0.000255061783089756,0.000257564733219433
"773",39.1,0.000484762092393918,3.25845668680303e-05,2.54092694533001e-05,2.68739190801514e-05,4.06310404672187e-05,4.28378013395554e-05,0.000101340345906923,0.000105514315605062,0.000151715138429052,0.000156340041547418,0.000251879324335581,0.000254319557421991
"774",39.15,0.000479782153676306,3.21714988447183e-05,2.50900736237107e-05,2.65332160119005e-05,4.01208392821889e-05,4.22949366149569e-05,0.000100069946221754,0.00010417933045753,0.000149815884917534,0.000154364529407827,0.000248734906249283,0.000251113664767833
"775",39.2,0.000474848450051465,3.17634940554481e-05,2.47747470893919e-05,2.61966898675249e-05,3.96168173146312e-05,4.17587214725601e-05,9.88148785596368e-05,0.000102860642506515,0.000147939485377959,0.000152413069076183,0.00024562810223524,0.000247946606801283
"776",39.25,0.000469960620104225,3.13604931128885e-05,2.44632451062379e-05,2.58642916372368e-05,3.91189032465258e-05,4.12290780366137e-05,9.75749673349973e-05,0.000101558062287612,0.000146085679789683,0.000150485382582328,0.000242558489987528,0.00024481793971078
"777",39.3,0.000465118304294749,3.09624372850359e-05,2.41555234144805e-05,2.55359728525182e-05,3.86270265283857e-05,4.07059292877385e-05,9.63500388200161e-05,0.000100271402384706,0.00014425421084013,0.000148581194919616,0.000239525651455863,0.000241727224289482
"778",39.35,0.000460321144963182,3.05692684886357e-05,2.38515382339674e-05,2.52116855806762e-05,3.81411173718503e-05,4.01891990544045e-05,9.5139921127587e-05,9.9000477410469e-05,0.000142444823901045,0.000146700234017758,0.000236529172811948,0.00023867402589633
"779",39.4,0.000455568786334031,3.01809292826369e-05,2.35512462594596e-05,2.4891382419425e-05,3.7661106742307e-05,3.96788120044493e-05,9.39444441943138e-05,9.77451039869281e-05,0.000140657267004769,0.000144842230715728,0.000233568644415712,0.000235657914417087
"780",39.45,0.000450860874520242,2.97973628617037e-05,2.32546046559674e-05,2.45750164915169e-05,3.71869263515719e-05,3.91746936366693e-05,9.2763439763622e-05,9.65051007261735e-05,0.000138891290820635,0.000143006918734837,0.00023064366078164,0.000232678464225544
"781",39.5,0.000446197057526991,2.9418513049792e-05,2.29615710541327e-05,2.42625414394259e-05,3.67185086506404e-05,3.86767702724926e-05,9.15967413690117e-05,9.52802882112403e-05,0.000137146648631549,0.000141194034652024,0.000227753820545266,0.000229735254144954
"782",39.55,0.000441576985255232,2.90443242937736e-05,2.26721035456425e-05,2.39539114200717e-05,3.62557868224846e-05,3.81849690477114e-05,9.04441843173983e-05,9.40704889770998e-05,0.000135423096310652,0.000139403317873277,0.000224898726429697,0.000226827867409564
"783",39.6,0.000437000309504905,2.86747416571204e-05,2.23861606786834e-05,2.36490810995938e-05,3.57986947749136e-05,3.76992179042918e-05,8.93056056725793e-05,9.28755274918126e-05,0.000133720392298144,0.000137634510607251,0.000222077985212265,0.000223955891626363
"784",39.65,0.000432466683977926,2.83097108136373e-05,2.21037014534299e-05,2.33480056481655e-05,3.53471671334848e-05,3.72194455822441e-05,8.8180844238796e-05,9.16952301377978e-05,0.000132038297578209,0.000135887357839029,0.000219291207691246,0.000221118918736941
"785",39.7,0.000427975764280887,2.79491780412627e-05,2.18246853175794e-05,2.3050640734865e-05,3.49011392344866e-05,3.674558161158e-05,8.70697405444492e-05,9.05294251932858e-05,0.000130376575656134,0.000134161607304105,0.000216538008652776,0.000218316544979633
"786",39.75,0.000423527207927499,2.75930902159072e-05,2.15490721619113e-05,2.27569425225768e-05,3.44605471179573e-05,3.6277556304316e-05,8.5972136825872e-05,8.93779428138572e-05,0.000128734992535483,0.000132457009462484,0.000213818006837746,0.000215548370851707
"787",39.8,0.000419120674340773,2.7241394805358e-05,2.12768223158948e-05,2.24668676629502e-05,3.40253275207779e-05,3.58153007465633e-05,8.48878770112626e-05,8.82406150141629e-05,0.000127113316695473,0.00013077331747299,0.000211130824908928,0.000212814001071832
"788",39.85,0.000414755824854962,2.68940398632315e-05,2.10078965433259e-05,2.21803732913951e-05,3.35954178698109e-05,3.53587467906763e-05,8.38168067047026e-05,8.71172756497619e-05,0.000125511319068442,0.000129110287167739,0.000208476089418148,0.000210113044542682
"789",39.9,0.000410432322717217,2.65509740229776e-05,2.0742256038002e-05,2.18974170221226e-05,3.3170756275094e-05,3.49078270474674e-05,8.27587731702881e-05,8.6007760399095e-05,0.000123928773017464,0.000127467677026762,0.000205853430773576,0.00020744511431371
"790",39.95,0.000406149833089045,2.62121464919428e-05,2.04798624194373e-05,2.16179569432345e-05,3.27512815230989e-05,3.44624748784978e-05,8.17136253163937e-05,8.49119067456166e-05,0.00012236545431412,0.000125845248152846,0.000203262483207205,0.000204809827544169
"791",40,0.000401908023047492,2.5877507045483e-05,2.02206777286108e-05,2.13419516118528e-05,3.23369330700378e-05,3.40226243884299e-05,8.06812136800345e-05,8.38295539600534e-05,0.00012082114111639,0.000124242764246521,0.000200702884742401,0.000202206805466285
"792",40.05,0.0003977065615861,2.55470060211302e-05,1.99646644237531e-05,2.1069360049295e-05,3.19276510352304e-05,3.3588210417449e-05,7.96613904113502e-05,8.27605430828081e-05,0.000119295613946694,0.000122659991581239,0.000198174277161623,0.000199635673348648
"793",40.1,0.000393545119615634,2.52205943128e-05,1.97117853761597e-05,2.08001417362838e-05,3.15233761945106e-05,3.3159168533737e-05,7.86540092581673e-05,8.17047169064643e-05,0.000117788655670027,0.000121096698978669,0.000195676305974184,0.000197096060459706
"794",40.15,0.000389423369964568,2.48982233650711e-05,1.94620038660555e-05,2.05342566082152e-05,3.11240499737122e-05,3.27354350260378e-05,7.76589255507328e-05,8.06619199584932e-05,0.000116300051472314,0.000119552657784265,0.000193208620384299,0.000194587600031612
"795",40.2,0.000385340987379365,2.45798451675003e-05,1.92152835784828e-05,2.02716650504573e-05,3.0729614442191e-05,3.23169468962679e-05,7.66759961865154e-05,7.96319984840481e-05,0.000114829588838843,0.000118027641842935,0.000190770873259159,0.000192109929224161
"796",40.25,0.00038129764852451,2.42654122489885e-05,1.89715885992244e-05,2.00123278936907e-05,3.03400123063996e-05,3.19036418521913e-05,7.57050796151179e-05,7.86148004288936e-05,0.000113377057532833,0.000116521427474881,0.000188362721097144,0.000189662689088909
"797",40.3,0.000377293031982352,2.39548776722127e-05,1.87308834107738e-05,1.97562064093043e-05,2.99551869035356e-05,3.14954583001804e-05,7.47460358233476e-05,7.76101754225221e-05,0.000111942249574214,0.000115033793451692,0.000185983823996298,0.000187245524533636
"798",40.35,0.000373326818252721,2.36481950280879e-05,1.84931328883241e-05,1.95032623048158e-05,2.95750821952178e-05,3.10923353380134e-05,7.37987263203361e-05,7.66179747613389e-05,0.000110524959218454,0.000113564520972512,0.000183633845622798,0.000184858084286838
"799",40.4,0.000369398689752331,2.3345318430288e-05,1.82583022957985e-05,1.92534577193408e-05,2.91996427612267e-05,3.0694212747747e-05,7.28630141228002e-05,7.56380513920111e-05,0.000109124982935569,0.00011211339364042,0.000181312453179638,0.000182500020862506
"800",40.45,0.000365508330813978,2.30462025098279e-05,1.80263572819248e-05,1.90067552191133e-05,2.88288137933129e-05,3.03010309886697e-05,7.19387637404486e-05,7.46702598949917e-05,0.000107742119389331,0.000110680197439053,0.000179019317375564,0.000180170990525202
"801",40.5,0.000361655427685553,2.27508024096698e-05,1.77972638763234e-05,1.87631177930257e-05,2.84625410890258e-05,2.99127311902819e-05,7.10258411614202e-05,7.37144564680907e-05,0.00010637616941649,0.00010926472070927,0.000176754112393951,0.000177870653255146
"802",40.55,0.000357839668528821,2.24590737793978e-05,1.7570988485646e-05,1.85225088482264e-05,2.81007710456203e-05,2.95292551453679e-05,7.01241138378989e-05,7.27704989102504e-05,0.000105026936006248,0.00010786675412609,0.000174516515862009,0.000175598672713671
"803",40.6,0.000354060743418053,2.21709727699414e-05,1.73474978897462e-05,1.82848922057564e-05,2.77434506540136e-05,2.9150545303127e-05,6.92334506718315e-05,7.18382466054468e-05,0.000103694224279852,0.000106486090675802,0.000172306208820129,0.000173354716208882
"804",40.65,0.000350318344338427,2.18864560283289e-05,1.71267592378712e-05,1.8050232096213e-05,2.73905274927734e-05,2.87765447623441e-05,6.83537220007065e-05,7.09175605066697e-05,0.000102377841470261,0.000105122525633164,0.000170122875691257,0.000171138454661399
"805",40.7,0.00034661216518426,2.16054806925149e-05,1.69087400449065e-05,1.78184931554728e-05,2.70419497221888e-05,2.84071972646565e-05,6.74847995835211e-05,7.0008303120118e-05,0.000101077596902074,0.000103775856538895,0.000167966204250638,0.000168949562570509
"806",40.75,0.000342941901757048,2.1328004386233e-05,1.66934081876355e-05,1.75896404204368e-05,2.66976660783634e-05,2.80424471878501e-05,6.66265565867852e-05,6.91103384894508e-05,9.9793301971483e-05,0.00010244588317724,0.000165835885595535,0.000166787717980356
"807",40.8,0.00033930725176334,2.10539852139046e-05,1.64807319010406e-05,1.73636393248219e-05,2.63576258673734e-05,2.76822395392305e-05,6.57788675706687e-05,6.82235321802043e-05,9.85247701264291e-05,0.000101132407553742,0.000163731614115194,0.000164652602446434
"808",40.85,0.000335707914812414,2.07833817555957e-05,1.6270679774636e-05,1.71404556949921e-05,2.60217789594738e-05,2.73265199490532e-05,6.49416084752544e-05,6.73477512643361e-05,9.72718168468894e-05,9.98352338731998e-05,0.000161653087460978,0.000162543901002282
"809",40.9,0.000332143592413799,2.0516153062023e-05,1.60632207488368e-05,1.69200557458307e-05,2.56900757833617e-05,2.69752346640191e-05,6.41146566069138e-05,6.64828643049122e-05,9.6034259625327e-05,9.85541685178012e-05,0.000159600006516696,0.000160461302126436
"810",40.95,0.00032861398797462,2.02522586495939e-05,1.58583241113492e-05,1.67024060766402e-05,2.53624673204713e-05,2.6628330540812e-05,6.32978906247475e-05,6.56287413408818e-05,9.48119179472215e-05,9.72890200253775e-05,0.000157572075369001,0.000158404497709497
"811",41,0.00032511880679676,1.99916584955161e-05,1.56559594936125e-05,1.64874736671007e-05,2.50389050993497e-05,2.62857550397264e-05,6.24911905272104e-05,6.47852538720565e-05,9.36046132718525e-05,9.60395990679363e-05,0.000155569001278137,0.000156373183021604
"812",41.05,0.000321657756073899,1.97343130329143e-05,1.54560968672419e-05,1.62752258732336e-05,2.47193411900343e-05,2.59474562183033e-05,6.1694437638724e-05,6.39522748440937e-05,9.24121690130469e-05,9.48057184301824e-05,0.000153590494648576,0.000154367056679823
"813",41.1,0.00031823054488835,1.94801831460382e-05,1.52587065405399e-05,1.60656304234412e-05,2.44037281985355e-05,2.5613382725085e-05,6.09075145965396e-05,6.31296786337574e-05,9.12344105202819e-05,9.35871929884313e-05,0.000151636269000175,0.000152385820616128
"814",41.15,0.000314836884207762,1.9229230165476e-05,1.50637591550074e-05,1.58586554145507e-05,2.40920192613194e-05,2.52834837933751e-05,6.01303053375822e-05,6.2317341034175e-05,9.00711650597413e-05,9.23838396894988e-05,0.000149706040939193,0.000150429180045277
"815",41.2,0.000311476486881659,1.89814158634408e-05,1.48712256819085e-05,1.56542693079191e-05,2.37841680398749e-05,2.49577092350937e-05,5.93626950854937e-05,6.15151392403146e-05,8.89222617956516e-05,9.11954775298998e-05,0.000147799530129724,0.000148496843433149
"816",41.25,0.000308149067637841,1.87367024490864e-05,1.46810774188551e-05,1.54524409255619e-05,2.34801287153096e-05,2.46360094346701e-05,5.86045703377317e-05,6.07229518345392e-05,8.77875317716841e-05,9.00219275351427e-05,0.000145916459265171,0.000146588522465174
"817",41.3,0.000304854343078624,1.84950525638626e-05,1.44932859864183e-05,1.52531394463149e-05,2.31798559829885e-05,2.43183353429851e-05,5.78558188527628e-05,5.99406587722697e-05,8.66668078924815e-05,8.88630127391691e-05,0.000144056554039881,0.000144703932014957
"818",41.35,0.000301592031676951,1.82564292769348e-05,1.43078233247866e-05,1.50563344020495e-05,2.28833050472458e-05,2.4004638471398e-05,5.71163296374224e-05,5.91681413678401e-05,8.55599249054168e-05,8.77185581640615e-05,0.000142219543121099,0.000142842790113283
"819",41.4,0.000298361853772342,1.80207960806245e-05,1.4124661690437e-05,1.48619956739043e-05,2.25904316161161e-05,2.36948708857991e-05,5.63859929343117e-05,5.84052822804042e-05,8.44667193823909e-05,8.65883907998109e-05,0.000140405158120943,0.000141004817917173
"820",41.45,0.000295163531566723,1.77881168859042e-05,1.3943773652846e-05,1.46700934885636e-05,2.23011918961269e-05,2.33889852007329e-05,5.56647002093338e-05,5.76519655000009e-05,8.3387029701824e-05,8.54723395843045e-05,0.000138613133568644,0.000139189739679248
"821",41.5,0.000291996789120114,1.75583560179354e-05,1.37651320912294e-05,1.44805984145696e-05,2.20155425871379e-05,2.30869345735763e-05,5.4952344139334e-05,5.69080763337439e-05,8.23206960307854e-05,8.43702353834805e-05,0.000136843206882965,0.000137397282717321
"822",41.55,0.000288861352346178,1.73314782116469e-05,1.35887101913118e-05,1.42934813586694e-05,2.17334408772252e-05,2.27886726987699e-05,5.42488185998388e-05,5.61735013921264e-05,8.12675603072567e-05,8.32819109716408e-05,0.000135095118344791,0.0001356271773842
"823",41.6,0.000285756949007669,1.71074486073528e-05,1.34144814421224e-05,1.41087135621942e-05,2.14548444376065e-05,2.24941538020986e-05,5.35540186528867e-05,5.54481285754377e-05,8.02274662225189e-05,8.2207201011912e-05,0.000133368611069874,0.000133879157037687
"824",41.65,0.000282683308711704,1.68862327464178e-05,1.32424196328265e-05,1.39262665974788e-05,2.11797114176224e-05,2.22033326350355e-05,5.28678405349858e-05,5.47318470603219e-05,7.92002592037115e-05,8.11459420369056e-05,0.000131663430981822,0.000132152958010859
"825",41.7,0.000279640162904957,1.66677965669506e-05,1.30724988495734e-05,1.37461123643018e-05,2.09080004397426e-05,2.19161644691197e-05,5.21901816451223e-05,5.4024547286407e-05,7.81857863964567e-05,8.00979724294656e-05,0.000129979326785143,0.000130448319582447
"826",41.75,0.000276627244868721,1.64521063995627e-05,1.29046934723944e-05,1.35682230863837e-05,2.06396705946513e-05,2.16326050904204e-05,5.15209405329561e-05,5.33261209431386e-05,7.71838966477482e-05,7.90631324037076e-05,0.000128316049938682,0.000128764983947649
"827",41.8,0.000273644289713823,1.62391289631452e-05,1.273897817211e-05,1.33925713078963e-05,2.03746814363463e-05,2.13526107940232e-05,5.0860016887038e-05,5.26364609566513e-05,7.61944404888582e-05,7.80412639860997e-05,0.000126673354629053,0.00012710269618897
"828",41.85,0.000270691034375483,1.60288313606912e-05,1.2575327907271e-05,1.32191298900124e-05,2.01129929772905e-05,2.10761383785756e-05,5.02073115231481e-05,5.195546147678e-05,7.52172701184147e-05,7.70322109967376e-05,0.000125050997744299,0.000125461204247342
"829",41.9,0.000267767217607995,1.58211810751741e-05,1.241371792114e-05,1.30478720075006e-05,1.98545656836278e-05,2.0803145140905e-05,4.95627263727835e-05,5.12830178642361e-05,7.42522393856873e-05,7.60358190308509e-05,0.000123448738847862,0.000123840258893575
"830",41.95,0.000264872579979346,1.56161459654375e-05,1.22541237386783e-05,1.287877114533e-05,1.95993604704058e-05,2.05335888706507e-05,4.8926164471654e-05,5.06190266778079e-05,7.3299203773873e-05,7.50519354403337e-05,0.000121866340152509,0.000122239613699818
"831",42,0.000262006863865697,1.54136942621533e-05,1.20965211635834e-05,1.27118010953313e-05,1.93473386968798e-05,2.02674278449851e-05,4.82975299483686e-05,4.99633856617701e-05,7.23580203836553e-05,7.40804093155727e-05,0.000120303566494674,0.000120659025011455
"832",42.05,0.000259169813445797,1.52137945637963e-05,1.19408862753376e-05,1.25469359528718e-05,1.9098462161831e-05,2.00046208233557e-05,4.76767280131496e-05,4.93159937333363e-05,7.14285479167925e-05,7.3121091467326e-05,0.000118760185308802,0.000119098251919067
"833",42.1,0.000256361174695241,1.50164158326727e-05,1.17871954262941e-05,1.23841501135747e-05,1.88526930989473e-05,1.97451270422973e-05,4.70636649466912e-05,4.86767509702705e-05,7.05106466599112e-05,7.21738344088273e-05,0.000117235966602006,0.000117557056230701
"834",42.15,0.00025358069538069,1.48215273909868e-05,1.16354252387911e-05,1.22234182700704e-05,1.86099941722442e-05,1.94889062102925e-05,4.64582480891119e-05,4.80455585986131e-05,6.96041784684263e-05,7.12384923380477e-05,0.000115730682928884,0.000116035202444387
"835",42.2,0.000250828125053946,1.46290989169288e-05,1.14855526022802e-05,1.20647154087649e-05,1.83703284715104e-05,1.92359185026613e-05,4.58603858289552e-05,4.74223189804639e-05,6.87090067505257e-05,7.03149211200312e-05,0.000114244109366416,0.000114532457720717
"836",42.25,0.00024810321504595,1.44391004408238e-05,1.13375546704983e-05,1.1908016806659e-05,1.81336595078203e-05,1.89861245565275e-05,4.52699875923522e-05,4.68069356019494e-05,6.78249964513831e-05,6.94029782694923e-05,0.000112776023489198,0.000113048591855838
"837",42.3,0.000245405718460697,1.42515023412991e-05,1.11914088586523e-05,1.17532980281829e-05,1.78999512090678e-05,1.8739485465811e-05,4.46869638322262e-05,4.61993130612421e-05,6.69520140374248e-05,6.85025229334803e-05,0.000111326205344733,0.00011158337725451
"838",42.35,0.000242735390169053,1.40662753415122e-05,1.10470928406483e-05,1.16005349220806e-05,1.76691679155688e-05,1.84959627762983e-05,4.41112260176607e-05,4.55993570567637e-05,6.60899274808299e-05,6.76134158743055e-05,0.000109894437429072,0.00011013658890356
"839",42.4,0.000240091986802479,1.38833905053778e-05,1.09045845463172e-05,1.1449703618294e-05,1.74412743756577e-05,1.82555184807095e-05,4.35426866232453e-05,4.50069743753746e-05,6.52386062439869e-05,6.67355194524347e-05,0.000108480504662355,0.000108708004345262
"840",42.45,0.000237475266746679,1.37028192338761e-05,1.07638621587012e-05,1.13007805249135e-05,1.72162357413806e-05,1.80181150138742e-05,4.2981259118653e-05,4.4422072880817e-05,6.43979212642882e-05,6.58686976097542e-05,0.000107084194364872,0.000107297403651276
"841",42.5,0.000234884990135169,1.35245332613683e-05,1.06249041113438e-05,1.11537423251356e-05,1.69940175641934e-05,1.77837152479136e-05,4.24268579582226e-05,4.38445615021714e-05,6.35677449389203e-05,6.50128158528418e-05,0.000105705296233091,0.000105904569396583
"842",42.55,0.000232320918842752,1.33485046519543e-05,1.04876890856095e-05,1.10085659742546e-05,1.67745857907063e-05,1.75522824874791e-05,4.18793985706497e-05,4.32743502224404e-05,6.27479511098086e-05,6.41677412364177e-05,0.000104343602315912,0.00010452928663367
"843",42.6,0.000229782816478937,1.31747057958751e-05,1.03521960080367e-05,1.08652286966914e-05,1.65579067584809e-05,1.73237804650484e-05,4.13387973487995e-05,4.27113500672671e-05,6.1938415048735e-05,6.33333423469865e-05,0.000102998906991166,0.000103171342867014
"844",42.65,0.00022727044838125,1.30031094059309e-05,1.02184040476996e-05,1.07237079830362e-05,1.63439471918408e-05,1.70981733362414e-05,4.08049716395488e-05,4.21554730936956e-05,6.11390134424892e-05,6.25094892865334e-05,0.000101671006942159,0.000101830528027611
"845",42.7,0.000224783581608506,1.28336885139711e-05,1.00862926136251e-05,1.05839815871489e-05,1.61326741977688e-05,1.68754256752301e-05,4.02778397338343e-05,4.16066323791555e-05,6.0349624378321e-05,6.16960536565413e-05,0.00010035970113467,0.000100506634448014
"846",42.75,0.000222321984933984,1.26664164673656e-05,9.9558413521908e-06,1.04460275232458e-05,1.59240552617752e-05,1.66555024701239e-05,3.97573208566223e-05,4.1064742010376e-05,5.95701273292663e-05,6.08929085418978e-05,9.90647907937142e-05,9.91994568371562e-05
"847",42.8,0.000219885428838557,1.25012669255719e-05,9.82703014459773e-06,1.03098240630649e-05,1.57180582438818e-05,1.64383691184793e-05,3.92433351571619e-05,4.05297170726041e-05,5.88004031398875e-05,6.00999284952421e-05,9.77860793809771e-05,9.7908792255874e-05
"848",42.85,0.000217473685503728,1.23382138566822e-05,9.69983910432298e-06,1.01753497330141e-05,1.55146513745763e-05,1.62239914227834e-05,3.87358036991546e-05,4.00014736387462e-05,5.80403340118827e-05,5.93169895211921e-05,9.65233725719888e-05,9.66344400922007e-05
"849",42.9,0.000215086528804623,1.21772315340389e-05,9.57424857462502e-06,1.00425833113769e-05,1.53138032508479e-05,1.60123355860262e-05,3.82346484511231e-05,3.94799287587261e-05,5.72898034899836e-05,5.85439690608833e-05,9.5276478233759e-05,9.53762020371516e-05
"850",42.95,0.000212723734302907,1.20182945328782e-05,9.45023912606817e-06,9.91150382554088e-06,1.51154828322542e-05,1.58033682073104e-05,3.77397922768496e-05,3.89650004489252e-05,5.65486964479491e-05,5.77807459766221e-05,9.40452064025454e-05,9.4133882060668e-05
"851",43,0.000210385079239643,1.18613777269933e-05,9.32779155405983e-06,9.78209054924227e-06,1.49196594370072e-05,1.55970562774848e-05,3.72511589258565e-05,3.84566076816767e-05,5.58168990746167e-05,5.70272005366115e-05,9.28293692616892e-05,9.2907286387657e-05
"852",43.05,0.000208070342528105,1.17064562854432e-05,9.20688687642176e-06,9.65432299984869e-06,1.47263027381137e-05,1.53933671748384e-05,3.67686730240161e-05,3.79546703749026e-05,5.50942988601377e-05,5.62832143998811e-05,9.16287811197328e-05,9.16962234743412e-05
"853",43.1,0.000205779304746521,1.15535056692927e-05,9.08750633098273e-06,9.52818093566702e-06,1.45353827595487e-05,1.51922686608343e-05,3.62922600642378e-05,3.74591093818414e-05,5.43807845823212e-05,5.55486706013441e-05,9.04432583886947e-05,9.05005039847936e-05
"854",43.15,0.000203511748130743,1.14025016283844e-05,8.96963137319531e-06,9.40364435327869e-06,1.43468698724672e-05,1.49937288758857e-05,3.58218463972438e-05,3.69698464808761e-05,5.36762462931049e-05,5.48234535369961e-05,8.92726195625297e-05,8.93199407676817e-05
"855",43.2,0.000201267456566914,1.12534201981453e-05,8.8532436737762e-06,9.28069348490268e-06,1.4160734791453e-05,1.47977163351766e-05,3.53573592224328e-05,3.64868043654629e-05,5.29805753051486e-05,5.41074489492567e-05,8.81166851957716e-05,8.81543488332241e-05
"856",43.25,0.000199046215584031,1.1106237696413e-05,8.73832511636044e-06,9.15930879577502e-06,1.39769485707892e-05,1.46041999245075e-05,3.4898726578791e-05,3.60099066341189e-05,5.22936641784933e-05,5.34005439123908e-05,8.69752778822602e-05,8.70035453302545e-05
"857",43.3,0.000196847812346499,1.09609307203191e-05,8.6248577951986e-06,9.03947098157605e-06,1.37954826007964e-05,1.44131488962164e-05,3.44458773359685e-05,3.55390777805887e-05,5.16154067074608e-05,5.27026268181898e-05,8.58482222342474e-05,8.5867349523691e-05
"858",43.35,0.000194672035646602,1.08174761431752e-05,8.51282401285314e-06,8.92116096585912e-06,1.361630860417e-05,1.42245328651027e-05,3.39987411853455e-05,3.50742431840115e-05,5.09456979075308e-05,5.20135873616457e-05,8.4735344861444e-05,8.47455827719739e-05
"859",43.4,0.000192518675896961,1.06758511114136e-05,8.40220627793615e-06,8.80435989752489e-06,1.34393986323823e-05,1.40383218044217e-05,3.35572486312574e-05,3.46153290992591e-05,5.02844340024508e-05,5.13333165268738e-05,8.3636474350432e-05,8.36380685048879e-05
"860",43.45,0.000190387525122921,1.0536033041546e-05,8.29298730285894e-06,8.68904914831054e-06,1.32647250621031e-05,1.38544860419034e-05,3.31213309822605e-05,3.41622626473269e-05,4.96315124113996e-05,5.06617065731066e-05,8.25514412441449e-05,8.25446322014841e-05
"861",43.5,0.000188278376954919,1.03979996171538e-05,8.18515000160447e-06,8.5752103103051e-06,1.30922605916572e-05,1.36729962558124e-05,3.26909203424833e-05,3.37149718058208e-05,4.89868317362731e-05,4.99986510208247e-05,8.14800780215325e-05,8.14651013682047e-05
"862",43.55,0.000186191026620803,1.0261728785918e-05,8.07867748752877e-06,8.4628251934974e-06,1.29219782375265e-05,1.34938234710583e-05,3.22659496030869e-05,3.3273385399566e-05,4.83502917491275e-05,4.93440446380619e-05,8.04222190774668e-05,8.03993055172755e-05
"863",43.6,0.000184125270938093,1.01271987566757e-05,7.97355307118107e-06,8.35187582334599e-06,1.27538513308826e-05,1.33169390553418e-05,3.18463524337944e-05,3.28374330912957e-05,4.77217933797211e-05,4.86977834268241e-05,7.93777007027914e-05,7.93470761452652e-05
"864",43.65,0.000182080908306228,9.9943879964893e-06,7.86976025813231e-06,8.24234443835982e-06,1.25878535141319e-05,1.31423147153169e-05,3.14320632744482e-05,3.24070453723772e-05,4.71012387030902e-05,4.80597646095567e-05,7.83463610644118e-05,7.83082467117073e-05
"865",43.7,0.000180057738698789,9.86327522777752e-06,7.76728274684987e-06,8.13421348772972e-06,1.2423958737534e-05,1.29699224928333e-05,3.10230173267457e-05,3.19821535537304e-05,4.64885309273886e-05,4.74298866158929e-05,7.73280401858025e-05,7.72826526181639e-05
"866",43.75,0.000178055563655642,9.73383942544898e-06,7.66610442657261e-06,8.02746562896221e-06,1.22621412558206e-05,1.27997347611829e-05,3.06191505459716e-05,3.15626897567506e-05,4.58835743817153e-05,4.6808049069403e-05,7.63225799274783e-05,7.62701311872728e-05
"867",43.8,0.000176074186275091,9.60605981408127e-06,7.56620937521965e-06,7.92208372555078e-06,1.21023756248675e-05,1.26317242214044e-05,3.02203996328585e-05,3.11485869043731e-05,4.52862745041296e-05,4.61941527745479e-05,7.53298239677593e-05,7.52705216421137e-05
"868",43.8500000000001,0.00017411341120599,9.47991586511655e-06,7.46758185731019e-06,7.81805084466093e-06,1.19446366983845e-05,1.24658638986109e-05,2.98267020254875e-05,3.07397787121856e-05,4.46965378297208e-05,4.55880997036999e-05,7.43496177836097e-05,7.42836650856681e-05
"869",43.9,0.000172173044639816,9.35538729409478e-06,7.37020632191111e-06,7.71535025484628e-06,1.17888996246481e-05,1.2302127138365e-05,2.94379958912933e-05,3.03361996796586e-05,4.41142719788299e-05,4.49897929843314e-05,7.3381808631712e-05,7.33094044805375e-05
"870",43.95,0.000170252894302709,9.23245405791427e-06,7.27406740060436e-06,7.61396542378722e-06,1.16351398432669e-05,1.21404876030904e-05,2.90542201191444e-05,2.99377850814584e-05,4.35393856453782e-05,4.43991368863236e-05,7.24262455297036e-05,7.23475846288415e-05
"871",44,0.000168352769447518,9.11109635212234e-06,7.17914990547571e-06,7.51388001605451e-06,1.14833330819795e-05,1.19809192685229e-05,2.86753143115035e-05,2.9544470958853e-05,4.29717885853113e-05,4.3816036809407e-05,7.14827792375885e-05,7.13980521523184e-05
"872",44.05,0.000166472480845781,8.99129460821725e-06,7.08543882711117e-06,7.4150778908822e-06,1.13334553534657e-05,1.1823396420175e-05,2.83012187766133e-05,2.91561941111507e-05,4.24113916050768e-05,4.32403992706449e-05,7.05512622391907e-05,7.04606554724809e-05
"873",44.1,0.000164611840779715,8.87302949100715e-06,6.99291933263603e-06,7.31754309998757e-06,1.11854829522235e-05,1.16678936498761e-05,2.79318745208482e-05,2.87728920873174e-05,4.18581065503461e-05,4.26721318921798e-05,6.96315487239965e-05,6.95352447911855e-05
"874",44.15,0.000162770663034162,8.75628189597016e-06,6.90157676375311e-06,7.22125988539218e-06,1.10393924514469e-05,1.15143858523133e-05,2.75672232410585e-05,2.83945031775944e-05,4.13118462947196e-05,4.21111433889745e-05,6.87234945689562e-05,6.86216720711811e-05
"875",44.2,0.000160948762888522,8.64103294666079e-06,6.81139663481598e-06,7.12621267728101e-06,1.08951606999568e-05,1.13628482216331e-05,2.72072073170494e-05,2.80209664052616e-05,4.07725247286304e-05,4.15573435567635e-05,6.78269573206002e-05,6.77197910169884e-05
"876",44.25,0.000159145957108671,8.52726399212551e-06,6.72236463090733e-06,7.03238609186936e-06,1.07527648191421e-05,1.12132562480546e-05,2.68517698040762e-05,2.76522215184256e-05,4.0240056748268e-05,4.10106432600405e-05,6.69417961771751e-05,6.68294570558218e-05
"877",44.3,0.000157362063938858,8.41495660435716e-06,6.63446660594635e-06,6.93976492930171e-06,1.06121821999449e-05,1.10655857145337e-05,2.65008544254521e-05,2.72882089819301e-05,3.97143582446649e-05,4.04709544202198e-05,6.60678719710367e-05,6.59505273187869e-05
"878",44.35,0.000155596903093582,8.30409257577749e-06,6.54768858081664e-06,6.84833417157391e-06,1.04733904998797e-05,1.09198126934639e-05,2.61544055652324e-05,2.69288699693534e-05,3.91953460928964e-05,3.99381900039246e-05,6.52050471512165e-05,6.50828606222684e-05
"879",44.4,0.00015385029574945,8.19465391673975e-06,6.46201674150809e-06,6.75807898047179e-06,1.03363676400735e-05,1.07759135434031e-05,2.58123682609514e-05,2.65741463550663e-05,3.8682938141353e-05,3.94122640113607e-05,6.43531857660985e-05,6.42263174494488e-05
"880",44.4500000000001,0.000152122064537045,8.08662285305975e-06,6.37743743727964e-06,6.6689846955336e-06,1.02010918023397e-05,1.06338649058378e-05,2.54746881964389e-05,2.62239807063793e-05,3.81770532011291e-05,3.88930914648188e-05,6.35121534462737e-05,6.3380759932023e-05
"881",44.5,0.000150412033532748,7.97998182356174e-06,6.29393717883216e-06,6.58103683202428e-06,1.00675414262679e-05,1.04936437019663e-05,2.51413116946725e-05,2.58783162757331e-05,3.76776110354615e-05,3.83805883972372e-05,6.2681817387467e-05,6.25460518320007e-05
"882",44.55,0.000148720028250565,7.87471347767717e-06,6.21150263652121e-06,6.49422107895381e-06,9.93569520637649e-06,1.03552271295513e-05,2.48121857107861e-05,2.55370969930577e-05,3.71845323493987e-05,3.78746718410113e-05,6.18620463338346e-05,6.17220585239e-05
"883",44.6,0.000147045875633949,7.77080067303987e-06,6.13012063856539e-06,6.40852329709237e-06,9.8055320892585e-06,1.02185926597674e-05,2.44872578250571e-05,2.52002674581156e-05,3.66977387794333e-05,3.73752598167752e-05,6.10527105611883e-05,6.09086469768857e-05
"884",44.6500000000001,0.0001453894040476,7.66822647312854e-06,6.04977816929062e-06,6.3239295170246e-06,9.67703127078463e-06,1.00837180341108e-05,2.41664762360331e-05,2.48677729329954e-05,3.62171528833412e-05,3.68822713224035e-05,6.02536818605528e-05,6.01056857372541e-05
"885",44.6999999999999,0.00014375044326928,7.56697414490585e-06,5.97046236737014e-06,6.24042593720123e-06,9.55017219329889e-06,9.95058126130404e-06,2.38497897536381e-05,2.45395593345903e-05,3.5742698129987e-05,3.63956263219881e-05,5.94648335216544e-05,5.93130449108684e-05
"886",44.75,0.000142128824481567,7.46702715652442e-06,5.89216052411545e-06,6.15799892204575e-06,9.4249345428955e-06,9.81916061428858e-06,2.35371477924797e-05,2.42155732272908e-05,3.52742988894247e-05,3.59152457351275e-05,5.86860403168902e-05,5.85305961460931e-05
"887",44.8,0.000140524380263689,7.36836917501042e-06,5.81486008174825e-06,6.07663500004272e-06,9.30129824666532e-06,9.68943462718776e-06,2.32285003650754e-05,2.38957618156011e-05,3.48118804228775e-05,3.5441051426101e-05,5.79171784850855e-05,5.7758212616531e-05
"888",44.85,0.000138936944583272,7.27098406401108e-06,5.73854863172159e-06,5.99632086187885e-06,9.17924347002053e-06,9.56138209235351e-06,2.2923798075274e-05,2.35800729369597e-05,3.43553688730036e-05,3.49729661933431e-05,5.71581257157163e-05,5.69957690042391e-05
"889",44.9,0.000137366352788121,7.17485588153967e-06,5.66321391303692e-06,5.91704335858193e-06,9.05875061401254e-06,9.43498205740947e-06,2.2622992111656e-05,2.32684550545482e-05,3.39046912541293e-05,3.4510913758896e-05,5.64087611330666e-05,5.62431414829014e-05
"890",44.9500000000001,0.000135812441598008,7.07996887775453e-06,5.5888438105872e-06,5.83878949968804e-06,8.93980031269149e-06,9.31021382233884e-06,2.23260342410362e-05,2.29608572502084e-05,3.34597754426311e-05,3.40548187580209e-05,5.56689652806244e-05,5.55002077012496e-05
"891",45,0.000134275049096442,6.98630749276526e-06,5.51542635351943e-06,5.76154645143102e-06,8.8223734304963e-06,9.18705693660752e-06,2.20328768020397e-05,2.26572292174437e-05,3.30205501674261e-05,3.36046067289302e-05,5.4938620105647e-05,5.47668467666737e-05
"892",45.05,0.000132754014722432,6.89385635445466e-06,5.44294971360856e-06,5.68530153494503e-06,8.70645105966297e-06,9.06549119630791e-06,2.17434726987216e-05,2.23575212544686e-05,3.25869450005231e-05,3.31602041025901e-05,5.42176089438184e-05,5.40429392289367e-05
"893",45.1000000000001,0.000131249179262267,6.80260027632216e-06,5.37140220364683e-06,5.6100422244849e-06,8.59201451765712e-06,8.94549664133073e-06,2.14577753942445e-05,2.20616842573261e-05,3.21588903476594e-05,3.27215381926188e-05,5.35058165040396e-05,5.33283670640387e-05
"894",45.15,0.000129760384841302,6.71252425536779e-06,5.30077227586369e-06,5.53575614567988e-06,8.47904534465532e-06,8.82705355258992e-06,2.11757389046758e-05,2.17696697131321e-05,3.17363174391134e-05,3.22885371853722e-05,5.28031288535015e-05,5.2623013658378e-05
"895",45.2000000000001,0.000128287474915718,6.62361346997347e-06,5.23104852034228e-06,5.46243107378523e-06,8.36752530102069e-06,8.71014244924386e-06,2.08973177927687e-05,2.14814296933098e-05,3.13191583204895e-05,3.1861130130012e-05,5.21094334027049e-05,5.19267637928733e-05
"896",45.25,0.000126830294264315,6.53585327781668e-06,5.16221966346014e-06,5.3900549319606e-06,8.25743636481703e-06,8.59474408595905e-06,2.0622467161837e-05,2.11969168469262e-05,3.09073458436423e-05,3.1439246928721e-05,5.14246188907006e-05,5.12395036273218e-05
"897",45.3,0.000125388688980292,6.4492292138251e-06,5.09427456636074e-06,5.3186157895821e-06,8.148760729372e-06,8.48083945022731e-06,2.03511426497503e-05,2.09160843941582e-05,3.05008136577777e-05,3.102281832711e-05,5.07485753706178e-05,5.05611206850591e-05
"898",45.35,0.000123962506463042,6.36372698812588e-06,5.02720222341978e-06,5.24810186055007e-06,8.04148080083183e-06,8.36840975967592e-06,2.00833004229063e-05,2.06388861197397e-05,3.00994962005174e-05,3.06117759045932e-05,5.00811941951216e-05,4.98915038375606e-05
"899",45.4,0.000122551595409955,6.27933248402245e-06,4.96099176073168e-06,5.17850150161958e-06,7.935579195748e-06,8.25743645941367e-06,1.98188971702807e-05,2.03652763664947e-05,2.97033286890771e-05,3.0206052064889e-05,4.94223680020532e-05,4.92305432892417e-05
"900",45.4500000000001,0.000121155805808201,6.19603175600672e-06,4.89563243462281e-06,5.10980321076009e-06,7.83103873870669e-06,8.14790121942344e-06,1.9557890097582e-05,2.00952100289834e-05,2.93122471116002e-05,2.9805580026686e-05,4.87719907003183e-05,4.85781305625185e-05
"901",45.5,0.000119774988926576,6.11381102778818e-06,4.83111363017677e-06,5.04199562552915e-06,7.72784245997699e-06,8.03978593197671e-06,1.93002369214518e-05,1.98286425472007e-05,2.89261882185558e-05,2.94102938143841e-05,4.8129957455878e-05,4.79341584829845e-05
"902",45.55,0.000118408997307291,6.03265669032888e-06,4.76742485976313e-06,4.97506752145082e-06,7.6259735931649e-06,7.93307270905555e-06,1.90458958636763e-05,1.95655299002908e-05,2.85450895141538e-05,2.90201282488584e-05,4.7496164677758e-05,4.72985211646182e-05
"903",45.6,0.000117057684757819,5.95255529991412e-06,4.70455576159316e-06,4.90900781042383e-06,7.52541557290984e-06,7.82774387982176e-06,1.87948256455044e-05,1.93058286003768e-05,2.81688892479142e-05,2.86350189383893e-05,4.68705100043081e-05,4.66711139952547e-05
"904",45.65,0.00011572090634274,5.87349357624847e-06,4.64249609829408e-06,4.84380553915032e-06,7.42615203261108e-06,7.72378198811875e-06,1.85469854820364e-05,1.90494956864684e-05,2.77975264063428e-05,2.82549022697096e-05,4.62528922896322e-05,4.60518336222407e-05
"905",45.7,0.000114398518375581,5.79545840055213e-06,4.5812357554829e-06,4.77944988756522e-06,7.32816680215294e-06,7.62116978997409e-06,1.83023350766097e-05,1.87964887183706e-05,2.74309407045993e-05,2.78797153990474e-05,4.56432115899962e-05,4.54405779380785e-05
"906",45.75,0.000113090378410688,5.71843681370199e-06,4.52076474037379e-06,4.71593016730221e-06,7.23144390568375e-06,7.51989025116034e-06,1.8060834615316e-05,1.85467657707334e-05,2.70690725783599e-05,2.75093962433793e-05,4.50413691505563e-05,4.48372460664041e-05
"907",45.8,0.000111796345235103,5.64241601437303e-06,4.46107318038502e-06,4.65323582016021e-06,7.13596755939375e-06,7.41992654475656e-06,1.7822444761515e-05,1.83002854271022e-05,2.67118631756734e-05,2.71438834716801e-05,4.44472673920664e-05,4.42417383479564e-05
"908",45.85,0.000110516278860457,5.56738335721099e-06,4.40215132176916e-06,4.59135641659555e-06,7.0417221693302e-06,7.32126204875044e-06,1.7587126650439e-05,1.80570067740663e-05,2.63592543489512e-05,2.67831164963184e-05,4.38608098978035e-05,4.36539563267755e-05
"909",45.9,0.000109250040514868,5.4933263510165e-06,4.3439895282514e-06,4.53028165422371e-06,6.9486923292252e-06,7.2238803436557e-06,1.73548418838276e-05,1.7816889395444e-05,2.60111886470005e-05,2.64270354645026e-05,4.32819014005591e-05,4.30738027364796e-05
"910",45.95,0.000107997492634865,5.42023265696313e-06,4.28657827969341e-06,4.4700013563489e-06,6.85686281836429e-06,7.12776521017367e-06,1.71255525246629e-05,1.75798933665746e-05,2.56676093072067e-05,2.60755812498847e-05,4.27104477698711e-05,4.25011814867935e-05
"911",46,0.000106758498857329,5.34809008681646e-06,4.22990817075686e-06,4.41050547049471e-06,6.76621859945431e-06,7.03290062685632e-06,1.68992210919019e-05,1.73459792486126e-05,2.53284602477088e-05,2.57286954441658e-05,4.21463559992387e-05,4.19359976500728e-05
"912",46.05,0.000105532924011431,5.27688660118689e-06,4.17396990959275e-06,4.3517840669624e-06,6.6767448165325e-06,6.93927076781335e-06,1.66758105553094e-05,1.71151080829292e-05,2.49936860597243e-05,2.53863203488586e-05,4.15895341935811e-05,4.13781574480804e-05
"913",46.1,0.000104320634110615,5.20661030779475e-06,4.1187543165391e-06,4.2938273373995e-06,6.58842679288858e-06,6.8468600004355e-06,1.64552843303227e-05,1.68872413855524e-05,2.46632319999207e-05,2.50483989671053e-05,4.10398915567662e-05,4.08275682388474e-05
"914",46.15,0.000103121496344578,5.13724945975277e-06,4.06425232283152e-06,4.23662559338264e-06,6.50125002900768e-06,6.75565288314039e-06,1.62376062729668e-05,1.66623411416614e-05,2.43370439828592e-05,2.47148749955739e-05,4.04973383792554e-05,4.02841385036577e-05
"915",46.2,0.000101935379071272,5.06879245387741e-06,4.01045496933533e-06,4.18016926502432e-06,6.41520020054723e-06,6.66563416315642e-06,1.6022740674853e-05,1.64403698001726e-05,2.40150685735634e-05,2.43856928164914e-05,3.99617860259499e-05,3.9747777834249e-05
"916",46.25,0.000100762151808935,5.00122782900133e-06,3.95735340527775e-06,4.12444889958051e-06,6.33026315631412e-06,6.57678877430782e-06,1.58106522581769e-05,1.62212902683286e-05,2.36972529800849e-05,2.40607974896759e-05,3.94331469240267e-05,3.92183969200092e-05
"917",46.3,9.96016852281253e-05,4.93454426432295e-06,3.90493888700831e-06,4.06945516008889e-06,6.24642491628666e-06,6.48910183484854e-06,1.56013061708275e-05,1.60050659064049e-05,2.33835450462326e-05,2.37401347447451e-05,3.89113345510429e-05,3.86959075354548e-05
"918",46.3500000000001,9.84538511437929e-05,4.86873057776293e-06,3.8532027767636e-06,4.01517882401288e-06,6.16367166964347e-06,6.402558645305e-06,1.5394667981511e-05,1.57916605224384e-05,2.30738932443259e-05,2.34236509733538e-05,3.83962634230721e-05,3.81802225277518e-05
"919",46.4000000000001,9.73185225073606e-05,4.8037757243357e-06,3.8021365414432e-06,3.96161078189805e-06,6.08198977281016e-06,6.31714468633869e-06,1.51907036749197e-05,1.55810383670027e-05,2.27682466680098e-05,2.31112932214997e-05,3.78878490829414e-05,3.76712558043445e-05
"920",46.4499999999999,9.61955733988269e-05,4.73966879455017e-06,3.75173175140738e-06,3.90874203605257e-06,6.00136574754063e-06,6.23284561664687e-06,1.49893796469847e-05,1.53731641280765e-05,2.24665550251967e-05,2.28030091819671e-05,3.73860080886738e-05,3.7168922320803e-05
"921",46.5,9.5084879018886e-05,4.67639901282556e-06,3.70198007928604e-06,3.85656369924022e-06,5.92178627901626e-06,6.14964727088318e-06,1.47906627001728e-05,1.51680029259601e-05,2.21687686310728e-05,2.24987471868384e-05,3.68906580020319e-05,3.66731380687792e-05
"922",46.5500000000001,9.3986315681093e-05,4.61395573591179e-06,3.65287329879018e-06,3.80506699337709e-06,5.84323821394906e-06,6.06753565758403e-06,1.4594520038792e-05,1.49655203082049e-05,2.18748384011153e-05,2.21984562000253e-05,3.64017173770768e-05,3.61838200639891e-05
"923",46.5999999999999,9.28997608040317e-05,4.55232845133893e-06,3.60440328354543e-06,3.75424324825239e-06,5.76570855871999e-06,5.98649695713328e-06,1.44009192643839e-05,1.4765682244636e-05,2.15847158442387e-05,2.19020858099359e-05,3.59191057489362e-05,3.57008863344139e-05
"924",46.65,9.18250929034884e-05,4.49150677588493e-06,3.55656200593915e-06,3.70408390026419e-06,5.68918447753887e-06,5.90651751975066e-06,1.42098283711686e-05,1.45684551224326e-05,2.12983530560187e-05,2.16095862222269e-05,3.5442743622698e-05,3.52242559086339e-05
"925",46.7,9.0762191584705e-05,4.43148045406156e-06,3.50934153598092e-06,3.65458049117033e-06,5.61365329062556e-06,5.82758386350427e-06,1.40212157415423e-05,1.43738057412664e-05,2.10157027119936e-05,2.13209082526396e-05,3.49725524624274e-05,3.47538488042985e-05
"926",46.75,8.97109375345958e-05,4.37223935659422e-06,3.46273404015739e-06,3.60572466683417e-06,5.53910247238218e-06,5.7496826723147e-06,1.38350501415507e-05,1.41817013084185e-05,2.07367180609283e-05,2.10360033198043e-05,3.45084546801194e-05,3.42895860165371e-05
"927",46.8,8.8671212514027e-05,4.31377347895559e-06,3.41673178032876e-06,3.55750817601486e-06,5.46551964963154e-06,5.67280079403004e-06,1.36513007165274e-05,1.39921094340702e-05,2.04613529183243e-05,2.07548234382995e-05,3.40503736250544e-05,3.38313895067852e-05
"928",46.85,8.76428993501075e-05,4.25607293988767e-06,3.37132711261517e-06,3.50992286914799e-06,5.39289259983965e-06,5.59692523848548e-06,1.34699369866916e-05,1.38049981265548e-05,2.0189561659867e-05,2.04773212116535e-05,3.3598233573048e-05,3.33791821915106e-05
"929",46.9,8.66258819285112e-05,4.19912797994514e-06,3.32651248629926e-06,3.46296069714383e-06,5.32120924936375e-06,5.52204317559086e-06,1.32909288428077e-05,1.36203357876769e-05,1.99212992149664e-05,2.02034498254451e-05,3.31519597158493e-05,3.29328879310988e-05
"930",46.95,8.56200451858181e-05,4.14292896007091e-06,3.28228044275299e-06,3.41661371021214e-06,5.25045767173923e-06,5.44814193346046e-06,1.31142465419427e-05,1.34380912081355e-05,1.96565210604399e-05,1.99331630405563e-05,3.27114781507753e-05,3.24924315189828e-05
"931",47.0000000000001,8.46252751018825e-05,4.08746636015473e-06,3.23862361435067e-06,3.37087405667307e-06,5.18062608594423e-06,5.3752089965205e-06,1.29398607031653e-05,1.32582335628912e-05,1.93951832141106e-05,1.96664151863412e-05,3.22767158701978e-05,3.20577386706328e-05
"932",47.0499999999999,8.36414586922492e-05,4.03273077765693e-06,3.1955347234323e-06,3.32573398182167e-06,5.11170285474486e-06,5.30323200370209e-06,1.27677423034466e-05,1.30807324067427e-05,1.91372422287034e-05,1.94031611541048e-05,3.18476007515249e-05,3.16287360130482e-05
"933",47.0999999999999,8.26684840005508e-05,3.97871292618812e-06,3.1530065812315e-06,3.28118582675624e-06,5.04367648298338e-06,5.23219874657635e-06,1.25978626734168e-05,1.29055576697606e-05,1.88826551855266e-05,1.91433563903687e-05,3.14240615468199e-05,3.12053510738984e-05
"934",47.1500000000001,8.1706240090987e-05,3.92540363415672e-06,3.11103208685608e-06,3.23722202726246e-06,4.97653561595084e-06,5.16209716757851e-06,1.24301934933327e-05,1.27326796529391e-05,1.86313796884662e-05,1.88869568904595e-05,3.10060278729389e-05,3.07875122711868e-05
"935",47.1999999999999,8.07546170408042e-05,3.87279384340258e-06,3.06960422625706e-06,3.19383511268624e-06,4.91026903774092e-06,5.09291535821375e-06,1.2264706788997e-05,1.25620690238024e-05,1.83833738579085e-05,1.86339191920275e-05,3.05934302015446e-05,3.03751489027998e-05
"936",47.25,7.9813505932783e-05,3.82087460784944e-06,3.02871607121157e-06,3.15101770482198e-06,4.84486566962599e-06,5.02464155728774e-06,1.2101374927732e-05,1.23936968120704e-05,1.81385963247437e-05,1.83842003686554e-05,3.01861998492516e-05,2.99681911361965e-05
"937",47.2999999999999,7.88827988478122e-05,3.76963709218732e-06,2.98836077832887e-06,3.10876251682556e-06,4.78031456847002e-06,4.95726414917637e-06,1.19401706144454e-05,1.22275344054216e-05,1.78970062245044e-05,1.81377580236068e-05,2.97842689679942e-05,2.95665699983265e-05
"938",47.35,7.79623888574207e-05,3.71907257054095e-06,2.94853158804435e-06,3.06706235211585e-06,4.71660492512232e-06,4.89077166207714e-06,1.17810668876467e-05,1.20635535452087e-05,1.76585631914312e-05,1.78945502835057e-05,2.93875705352687e-05,2.91702173654311e-05
"939",47.3999999999999,7.70521700164138e-05,3.6691724251955e-06,2.90922182365835e-06,3.0259101033235e-06,4.65372606288271e-06,4.82515276633593e-06,1.16240371156417e-05,1.190172632236e-05,1.74232273528036e-05,1.7654535792291e-05,2.89960383448142e-05,2.87790659532894e-05
"940",47.4499999999999,7.61520373554665e-05,3.61992814528135e-06,2.87042489034161e-06,2.98529875120589e-06,4.59166743591339e-06,4.76039627271963e-06,1.1469054992593e-05,1.17420251731463e-05,1.71909593230688e-05,1.74176737049692e-05,2.86096069969547e-05,2.83930493071347e-05
"941",47.5000000000001,7.52618868738017e-05,3.57133132553526e-06,2.83213427420055e-06,2.94522136362515e-06,4.53041862774638e-06,4.69649113078934e-06,1.13160945348188e-05,1.15844228751957e-05,1.69617201983272e-05,1.71839236817346e-05,2.82282118895314e-05,2.80121017921657e-05
"942",47.55,7.43816155318831e-05,3.52337366502044e-06,2.7943435413094e-06,2.90567109449232e-06,4.46996934973788e-06,4.63342642721944e-06,1.11651300769576e-05,1.14288925433733e-05,1.67354715506165e-05,1.6953245881889e-05,2.78517892084975e-05,2.76361585837296e-05
"943",47.6,7.35111212441145e-05,3.47604696589342e-06,2.75704633677843e-06,2.86664118275e-06,4.41030943958028e-06,4.57119138417805e-06,1.10161362682774e-05,1.12754076258123e-05,1.65121754224105e-05,1.6725600957984e-05,2.74802759188676e-05,2.72651556578647e-05
"944",47.6500000000001,7.26503028716075e-05,3.42934313218174e-06,2.72023638383024e-06,2.82812495136408e-06,4.35142885982708e-06,4.50977535772182e-06,1.08690880690156e-05,1.11239418999797e-05,1.62917943211639e-05,1.65009500500149e-05,2.71136097557398e-05,2.68990297819249e-05
"945",47.7,7.17990602149632e-05,3.38325416855904e-06,2.6839074828732e-06,2.79011580631322e-06,4.29331769641309e-06,4.44916783618714e-06,1.07239607467071e-05,1.09744694687323e-05,1.60742912138382e-05,1.62792547795983e-05,2.67517292152856e-05,2.65377185051766e-05
"946",47.7499999999999,7.0957294007073e-05,3.33777217915053e-06,2.64805351059832e-06,2.75260723560344e-06,4.23596615721208e-06,4.38935843862122e-06,1.05807298726045e-05,1.08269647564705e-05,1.58596295215658e-05,1.60604772442955e-05,2.6394573545966e-05,2.6181160149629e-05
"947",47.8,7.01249059059727e-05,3.29288936634405e-06,2.61266841907983e-06,2.71559280828732e-06,4.17936457060036e-06,4.33033691322058e-06,1.04393713181134e-05,1.06814025053099e-05,1.56477731143344e-05,1.58445800119603e-05,2.60420827397792e-05,2.58292938009035e-05
"948",47.8499999999999,6.93017984877315e-05,3.24859802962332e-06,2.57774623489262e-06,2.67906617350154e-06,4.12350338404718e-06,4.2720931357986e-06,1.0299861251294e-05,1.05377577713238e-05,1.54386863057712e-05,1.5631526115192e-05,2.56941975236719e-05,2.54820592992717e-05
"949",47.8999999999999,6.84878752393357e-05,3.20489056439039e-06,2.54328105822068e-06,2.64302105949545e-06,4.06837316269076e-06,4.21461710823883e-06,1.01621761333254e-05,1.03960059207502e-05,1.52323338478704e-05,1.54212790457343e-05,2.53508593508543e-05,2.51393972306041e-05
"950",47.9500000000001,6.76830405516551e-05,3.16175946083795e-06,2.50926706200403e-06,2.60745127270081e-06,4.01396458797577e-06,4.1578989570138e-06,1.00262927151236e-05,1.02561226263596e-05,1.50286809259504e-05,1.52138027491133e-05,2.50120103924943e-05,2.48012489177049e-05
"951",47.9999999999999,6.68871997124168e-05,3.11919730280811e-06,2.47569849107458e-06,2.5723506967904e-06,3.96026845627308e-06,4.10192893168602e-06,9.89218803391462e-06,1.01180838637784e-05,1.48276931535422e-05,1.50090616192078e-05,2.46775935292964e-05,2.44675564115357e-05
"952",48.0500000000001,6.61002588991872e-05,3.07719676666523e-06,2.44256966130249e-06,2.53771329174817e-06,3.90727567751626e-06,4.04669740342744e-06,9.75983940984881e-06,9.98186590785732e-06,1.46293365673399e-05,1.48070204928863e-05,2.43475523431795e-05,2.41382624825461e-05
"953",48.1,6.53221251724557e-05,3.0357506201858e-06,2.40987495875518e-06,2.50353309295351e-06,3.85497727385823e-06,3.99219486356117e-06,9.62922444266474e-06,9.84744532909394e-06,1.44335776222245e-05,1.46076446447239e-05,2.4021831109077e-05,2.38133106121318e-05
"954",48.1500000000001,6.45527064686734e-05,2.9948517214815e-06,2.37760883888228e-06,2.46980421029287e-06,3.80336437836938e-06,3.93841192214701e-06,9.50032100845649e-06,9.71479899016341e-06,1.4240383186442e-05,1.44108997818779e-05,2.37003747869902e-05,2.34926449843507e-05
"955",48.2,6.37919115933874e-05,2.95449301789e-06,2.34576582567418e-06,2.43652082724472e-06,3.75242823369344e-06,3.88533930652417e-06,9.37310725633486e-06,9.58390404234243e-06,1.40497205366222e-05,1.42167520388063e-05,2.33831290137742e-05,2.31762104773795e-05
"956",48.2500000000001,6.30396502143639e-05,2.91466754491823e-06,2.3143405108618e-06,2.40367720000792e-06,3.70216019076911e-06,3.83296785992333e-06,9.24756160525226e-06,9.45473792210405e-06,1.38615573530415e-05,1.40251679722376e-05,2.30700400953296e-05,2.28639526553797e-05
"957",48.3000000000001,6.22958328547841e-05,2.87536842518361e-06,2.28332755311392e-06,2.37126765662833e-06,3.65255170754798e-06,3.78128854007578e-06,9.12366274081785e-06,9.32727834770475e-06,1.36758617148714e-05,1.38361145561291e-05,2.27610549987667e-05,2.2555817760343e-05
"958",48.35,6.15603708864396e-05,2.83658886736129e-06,2.25272167723889e-06,2.33928659613033e-06,3.60359434771911e-06,3.73029241783033e-06,9.00138961212905e-06,9.20150331579031e-06,1.34926020954505e-05,1.36495591766528e-05,2.2456121344608e-05,2.22517527039789e-05
"959",48.4000000000001,6.08331765229833e-05,2.7983221651457e-06,2.22251767339697e-06,2.30772848766027e-06,3.55527977945087e-06,3.67997067578925e-06,8.88072142864547e-06,9.07739109804805e-06,1.33117473576194e-05,1.3465469627249e-05,2.21551873990935e-05,2.1951705059713e-05
"960",48.4499999999999,6.01141628132193e-05,2.76056169623762e-06,2.19271039633235e-06,2.27658786965086e-06,3.50759977416396e-06,3.63031460697751e-06,8.7616376571405e-06,8.95492023794076e-06,1.3133266749172e-05,1.32838141038014e-05,2.18582020666769e-05,2.16556230548788e-05
"961",48.4999999999999,5.9403243634394e-05,2.72330092132618e-06,2.16329476460076e-06,2.24585934898153e-06,3.46054620529747e-06,3.58131561350549e-06,8.64411801863506e-06,8.83406954742429e-06,1.29571298982788e-05,1.31045611997861e-05,2.15651148824752e-05,2.13634555628694e-05
"962",48.5500000000001,5.87003336855678e-05,2.68653338308837e-06,2.13426575981009e-06,2.215537600153e-06,3.41411104709577e-06,3.53296520525448e-06,8.5281424853827e-06,8.71481810372068e-06,1.27833068089877e-05,1.29276799015044e-05,2.12758760048437e-05,2.10751520954202e-05
"963",48.6000000000001,5.80053484809942e-05,2.65025270520277e-06,2.10561842587209e-06,2.18561736447384e-06,3.36828637341288e-06,3.48525499858107e-06,8.41369127789841e-06,8.59714524613762e-06,1.26117678567884e-05,1.27531395833817e-05,2.09904362080571e-05,2.07906627950014e-05
"964",48.6500000000001,5.73182043435303e-05,2.61445259136416e-06,2.07734786825402e-06,2.15609344924759e-06,3.32306435651694e-06,3.43817671502255e-06,8.30074486198692e-06,8.48103057288997e-06,1.2442483784177e-05,1.25809100032707e-05,2.07087468749873e-05,2.05099384272136e-05
"965",48.6999999999999,5.66388183980994e-05,2.57912682432925e-06,2.04944925325448e-06,2.12696072698562e-06,3.27843726593312e-06,3.39172218004313e-06,8.1892839458669e-06,8.36645393802167e-06,1.22754256963626e-05,1.24109612979025e-05,2.04307599900183e-05,2.02329303734243e-05
"966",48.75,5.596710856517e-05,2.5442692649521e-06,2.02191780727054e-06,2.09821413461145e-06,3.23439746727284e-06,3.34588332176673e-06,8.07928947726029e-06,8.25339544829398e-06,1.21105650569224e-05,1.22432639782866e-05,2.01564281318714e-05,1.995959062332e-05
"967",48.8000000000001,5.53029935542971e-05,2.50987385124805e-06,1.99474881608708e-06,2.06984867268864e-06,3.1909374210981e-06,3.30065216974708e-06,7.97074264056933e-06,8.14183546016548e-06,1.19478736835869e-05,1.2077788925248e-05,1.98857044666469e-05,1.96898717676789e-05
"968",48.8499999999999,5.46463928576742e-05,2.47593459744735e-06,1.96793762415731e-06,2.04185940464017e-06,3.14804968177212e-06,3.25602085372441e-06,7.86362485401868e-06,8.03175457673868e-06,1.17873237439725e-05,1.1914507384913e-05,1.96185427407771e-05,1.94237269910612e-05
"969",48.8999999999999,5.39972267437202e-05,2.44244559308571e-06,1.94147963391213e-06,2.0142414559982e-06,3.10572689635565e-06,3.21198160243048e-06,7.75791776691167e-06,7.92313364482537e-06,1.1628887751485e-05,1.17533909643714e-05,1.93548972742613e-05,1.91611100647833e-05
"970",48.9499999999999,5.33554162507239e-05,2.40940100208738e-06,1.91537030506306e-06,1.98699001364781e-06,3.0639618034933e-06,3.16852674238389e-06,7.65360325686084e-06,7.81595375198783e-06,1.1472538561184e-05,1.15944116273028e-05,1.90947229538345e-05,1.89019753398335e-05
"971",48.9999999999999,5.27208831805072e-05,2.3767950618575e-06,1.88960515391214e-06,1.9601003250783e-06,3.02274723231072e-06,3.12564869669748e-06,7.55066342704567e-06,7.71019622360947e-06,1.13182493656876e-05,1.14375416896451e-05,1.88379752262029e-05,1.86462777398553e-05
"972",49.05,5.20935500921227e-05,2.34462208240303e-06,1.86417975268379e-06,1.93356769765804e-06,2.98207610134713e-06,3.08333998392335e-06,7.44908060355795e-06,7.6058426200578e-06,1.11659936912082e-05,1.12827538154008e-05,1.85846100914947e-05,1.83939727543536e-05
"973",49.1,5.14733402956043e-05,2.31287644543809e-06,1.83908972884411e-06,1.90738749789656e-06,2.9419414174675e-06,3.0415932168773e-06,7.34883733269629e-06,7.50287473379654e-06,1.10157453935118e-05,1.11300210123664e-05,1.8334584096583e-05,1.81450164317755e-05
"974",49.15,5.08601778457247e-05,2.28155260352353e-06,1.81433076444668e-06,1.88155515073478e-06,2.9023362748172e-06,3.00040110150827e-06,7.24991637836621e-06,7.40127458660831e-06,1.08674786540345e-05,1.09793166280265e-05,1.80878543286702e-05,1.78993653728569e-05
"975",49.2000000000001,5.02539875358209e-05,2.25064507920198e-06,1.78989859547436e-06,1.85606613883158e-06,2.86325385377027e-06,2.95975643576184e-06,7.15230071946411e-06,7.30102442680233e-06,1.07211679759754e-05,1.08306143454246e-05,1.78443784088296e-05,1.76569767239313e-05
"976",49.2499999999999,4.96546948916347e-05,2.22014846414782e-06,1.7657890111925e-06,1.83091600186266e-06,2.82468741989579e-06,2.91965210846326e-06,7.05597354730611e-06,7.20210672647016e-06,1.05767881804556e-05,1.06838881791049e-05,1.76041144856585e-05,1.74178081703529e-05
"977",49.3,4.90622261651892e-05,2.19005741832657e-06,1.7419978535092e-06,1.80610033582713e-06,2.78663032293557e-06,2.88008109821291e-06,6.9609182630849e-06,7.1045041787716e-06,1.04343144027197e-05,1.05391124710986e-05,1.73670212289976e-05,1.71818179299916e-05
"978",49.35,4.84765083287191e-05,2.16036666915809e-06,1.71852101633809e-06,1.78161479235733e-06,2.7490759957859e-06,2.84103647228676e-06,6.86711847533645e-06,7.00819969523281e-06,1.02937220883507e-05,1.03962618869284e-05,1.71330578236754e-05,1.69489647467557e-05
"979",49.4,4.78974690686169e-05,2.13107101070595e-06,1.69535444498149e-06,1.75745507805015e-06,2.71201795351169e-06,2.80251138557112e-06,6.77455799748746e-06,6.91317640312872e-06,1.01549869896065e-05,1.0255311411737e-05,1.69021839634506e-05,1.67192078843166e-05
"980",49.4500000000001,4.7325036779425e-05,2.10216530285404e-06,1.67249413550302e-06,1.73361695378789e-06,2.67544979234395e-06,2.76449907948069e-06,6.68322084536078e-06,6.81941764282393e-06,1.00180851616923e-05,1.01162363463541e-05,1.6674359844849e-05,1.64925071197326e-05
"981",49.5,4.67591405578668e-05,2.07364447051212e-06,1.64993613412271e-06,1.71009623408297e-06,2.63936518871306e-06,2.72699288091463e-06,6.59309123476992e-06,6.72690696520711e-06,9.88299295916728e-06,9.97901230350195e-06,1.64495461612208e-05,1.62688227372964e-05
"982",49.5499999999998,4.61997101969026e-05,2.04550350282261e-06,1.62767653661271e-06,1.68688878642364e-06,2.60375789828301e-06,2.68998620121416e-06,6.50415357911619e-06,6.63562812912908e-06,9.74968703235364e-06,9.84361520400566e-06,1.6227704096803e-05,1.6048115522391e-05
"983",49.6000000000001,4.56466761798268e-05,2.01773745236021e-06,1.60571148768697e-06,1.66399053061383e-06,2.56862175497605e-06,2.65347253511082e-06,6.41639248696096e-06,6.54556509881741e-06,9.61814432370902e-06,9.71002127296875e-06,1.60087953207186e-05,1.58303467552865e-05
"984",49.65,4.50999696744215e-05,1.99034143438554e-06,1.58403718043324e-06,1.64139743815752e-06,2.53395067006489e-06,2.61744545974571e-06,6.32979275976703e-06,6.45670204146602e-06,9.4883420644516e-06,9.5782070362078e-06,1.5792781981395e-05,1.56154782053599e-05
"985",49.7,4.45595225271017e-05,1.96331062605293e-06,1.56264985570844e-06,1.6191055316053e-06,2.4997386312064e-06,2.58189863362834e-06,6.24433938949324e-06,6.36902332467555e-06,9.36025777096526e-06,9.44814931646555e-06,1.55796267006167e-05,1.54034721249519e-05
"986",49.7499999999999,4.4025267257145e-05,1.93664026566943e-06,1.54154580157415e-06,1.59711088394317e-06,2.46597970153935e-06,2.54682579566294e-06,6.16001755634908e-06,6.28251351405975e-06,9.233869241444e-06,9.31982522987008e-06,1.53692925679739e-05,1.51942912436243e-05
"987",49.7999999999998,4.34971370509168e-05,1.91032565193285e-06,1.52072135271523e-06,1.5754096179641e-06,2.4326680187553e-06,2.51222076414711e-06,6.07681262648182e-06,6.19715737078376e-06,9.10915455243516e-06,9.19321218229246e-06,1.51617431351432e-05,1.49878987622516e-05
"988",49.8499999999999,4.29750657561638e-05,1.88436214321023e-06,1.50017288988999e-06,1.55399790567284e-06,2.39979779421973e-06,2.4780774358236e-06,5.99471014978909e-06,6.11293984923288e-06,8.9860920555703e-06,9.06828786589799e-06,1.49569424104785e-05,1.47842583474265e-05
"989",49.8999999999999,4.24589878763255e-05,1.85874515679246e-06,1.47989683936117e-06,1.53287196767119e-06,2.36736331206266e-06,2.44438978490079e-06,5.91369585765493e-06,6.02984609460409e-06,8.86466037418118e-06,8.94503025558246e-06,1.47548548534103e-05,1.45833341256781e-05
"990",49.9499999999999,4.19488385648857e-05,1.83347016817549e-06,1.4598896723476e-06,1.51202807256504e-06,2.33535892830216e-06,2.41115186210797e-06,5.83375566076781e-06,5.94786144058332e-06,8.7448384000383e-06,8.82341760553536e-06,1.45554453690485e-05,1.43850906778959e-05
"991",49.9999999999999,4.14445536197577e-05,1.80853271034555e-06,1.44014790447875e-06,1.4914625363749e-06,2.3037790699726e-06,2.3783577937561e-06,5.75487564695034e-06,5.8669714070357e-06,8.62660529010676e-06,8.70342844582221e-06,1.43586793028128e-05,1.41894930337841e-05
"992",50.0500000000001,4.09460694777099e-05,1.78392837307983e-06,1.42066809526106e-06,1.47117172195902e-06,2.27261823427163e-06,2.34600178081864e-06,5.67704207903561e-06,5.78716169774555e-06,8.50994046337178e-06,8.58504157904031e-06,1.41645224351782e-05,1.39965066664354e-05
"993",50.0999999999999,4.04533232088362e-05,1.75965280224301e-06,1.40144684754081e-06,1.45115203843319e-06,2.24187098770162e-06,2.3140780980071e-06,5.60024139272933e-06,5.70841819814281e-06,8.39482359764265e-06,8.46823607695429e-06,1.39729409763843e-05,1.38060974868708e-05
"994",50.1499999999999,3.99662525110289e-05,1.73570169909914e-06,1.38248080697864e-06,1.4313999406032e-06,2.21153196522981e-06,2.28258109286668e-06,5.52446019451872e-06,5.63072697307899e-06,8.28123462642663e-06,8.35299127720483e-06,1.37839015612596e-05,1.36182318386982e-05
"995",50.2,3.94847957045318e-05,1.71207081963342e-06,1.36376666153175e-06,1.41191192840539e-06,2.18159586946058e-06,2.25150518488489e-06,5.44968525961141e-06,5.55407426463498e-06,8.1691537358475e-06,8.23928678006446e-06,1.35973712441201e-05,1.3432876492847e-05
"996",50.2499999999999,3.90088917265035e-05,1.68875597387262e-06,1.34530114093457e-06,1.39268454634615e-06,2.15205746980536e-06,2.22084486459838e-06,5.37590352986834e-06,5.47844648992427e-06,8.05856136155503e-06,8.1271024451863e-06,1.34133174936515e-05,1.32499986422905e-05
"997",50.3000000000002,3.85384801256068e-05,1.66575302522941e-06,1.32708101619812e-06,1.37371438296112e-06,2.12291160168242e-06,2.19059469273127e-06,5.30310211181093e-06,5.4038302389736e-06,7.94943818574541e-06,8.01641838846752e-06,1.32317081879759e-05,1.30695658969553e-05
"998",50.3500000000001,3.80735010566738e-05,1.64305788983698e-06,1.30910309910138e-06,1.35499807026641e-06,2.09415316570379e-06,2.16074929932061e-06,5.23126827459623e-06,5.33021227257182e-06,7.84176513413367e-06,7.90721497886545e-06,1.30525116096372e-05,1.2891546278552e-05
"999",50.4000000000001,3.76138952753548e-05,1.62066653590202e-06,1.29136424169685e-06,1.33653228322489e-06,2.06577712688493e-06,2.13130338286601e-06,5.16038944804854e-06,5.25757952017811e-06,7.73552337301034e-06,7.79947283530144e-06,1.28756964407271e-05,1.2715908215549e-05
"1000",50.4500000000002,3.71596041328432e-05,1.59857498306763e-06,1.27386133582368e-06,1.31831373922077e-06,2.03777851386646e-06,2.10225170949232e-06,5.09045322072101e-06,5.18591907786233e-06,7.63069430634306e-06,7.69317282361241e-06,1.27012317580842e-05,1.25426205382235e-05
"1001",50.4999999999999,3.67105695706245e-05,1.57677930177226e-06,1.25659131261737e-06,1.30033919753077e-06,2.01015241813042e-06,2.073589112107e-06,5.02144733794361e-06,5.11521820623205e-06,7.5272595728574e-06,7.58829605348228e-06,1.25290870284584e-05,1.23716524736788e-05
"1002",50.55,3.62667341152419e-05,1.55527561261856e-06,1.23955114202708e-06,1.28260545880369e-06,1.98289399322864e-06,2.0453104895707e-06,4.95335969990089e-06,5.04546432839206e-06,7.42520104316231e-06,7.48482387542142e-06,1.23592321037493e-05,1.22029736409394e-05
"1003",50.6000000000002,3.58280408731325e-05,1.53406008577187e-06,1.22273783235601e-06,1.26510936456417e-06,1.95599845404807e-06,2.01741080590655e-06,4.88617835980215e-06,4.9766450279992e-06,7.32450081701375e-06,7.38273787788748e-06,1.2191637216473e-05,1.20365540462768e-05
"1004",50.6500000000001,3.53944335254741e-05,1.51312894032964e-06,1.20614842977854e-06,1.24784779669262e-06,1.92946107603884e-06,1.98988508947142e-06,4.81989152195844e-06,4.90874804722315e-06,7.22514122043863e-06,7.28201988426639e-06,1.20262729749972e-05,1.18723640783055e-05
"1005",50.7000000000002,3.49658563230616e-05,1.49247844372592e-06,1.18978001788494e-06,1.23081767693409e-06,1.90327719448647e-06,1.96272843217318e-06,4.75448753996936e-06,4.84176128482082e-06,7.12710480302302e-06,7.18265195002175e-06,1.18631103590477e-05,1.17103745033543e-05
"1006",50.7499999999998,3.45422540812501e-05,1.4721049111321e-06,1.17362971722268e-06,1.21401596640397e-06,1.87744220377857e-06,1.93593598868307e-06,4.68995491489641e-06,4.77567279419821e-06,7.03037433518021e-06,7.08461635982558e-06,1.17021207151818e-05,1.15505564608058e-05
"1007",50.8000000000001,3.41235721748873e-05,1.45200470486203e-06,1.15769468484106e-06,1.19743966509736e-06,1.85195155667692e-06,1.90950297565374e-06,4.62628229344929e-06,4.71047078148638e-06,6.9349328054379e-06,6.98789562470968e-06,1.15432757522929e-05,1.13928814584699e-05
"1008",50.8499999999998,3.37097565333426e-05,1.43217423379289e-06,1.14197211384797e-06,1.18108581141139e-06,1.8268007636089e-06,1.88342467095812e-06,4.56345846622055e-06,4.64614360366847e-06,6.84076341779768e-06,6.89247247929276e-06,1.13865475372345e-05,1.12373213680796e-05
"1009",50.9000000000002,3.33007536354929e-05,1.41260995278777e-06,1.12645923296784e-06,1.16495148166899e-06,1.80198539196073e-06,1.85769641293038e-06,4.50147236592474e-06,4.58267976671201e-06,6.74784958910126e-06,6.79832987901506e-06,1.12319084904551e-05,1.1083848420799e-05
"1010",50.9500000000001,3.2896510504828e-05,1.39330836212558e-06,1.11115330610504e-06,1.14903378964871e-06,1.77750106537959e-06,1.83231359961665e-06,4.44031306565938e-06,4.52006792372493e-06,6.65617494642908e-06,6.70545099740818e-06,1.10793313816865e-05,1.09324352027878e-05
"1011",51.0000000000001,3.24969747045153e-05,1.37426600693837e-06,1.09605163191294e-06,1.13332988612058e-06,1.75334346308459e-06,1.80727168803538e-06,4.37996977718819e-06,4.45829687313536e-06,6.56572332453224e-06,6.61381922339995e-06,1.09287893256875e-05,1.07830546508236e-05
"1012",51.0499999999998,3.21020943325526e-05,1.35547947664758e-06,1.08115154336186e-06,1.1178369583812e-06,1.72950831917614e-06,1.78256619343636e-06,4.32043184921998e-06,4.39735555686798e-06,6.47647876325778e-06,6.52341815861404e-06,1.07802557779754e-05,1.06356800479136e-05
"1013",51.1000000000001,3.17118180169186e-05,1.33694540443289e-06,1.06645040733262e-06,1.10255222981561e-06,1.7059914219861e-06,1.75819268860253e-06,4.26168876578945e-06,4.33723305862583e-06,6.3884255051266e-06,6.43423161482599e-06,1.06337045308112e-05,1.04902850191624e-05
"1014",51.15,3.13260949107986e-05,1.31866046666091e-06,1.05194562417801e-06,1.08747295942613e-06,1.68278861337669e-06,1.734146803099e-06,4.20373014450981e-06,4.27791860204182e-06,6.30154799271898e-06,6.34624361122571e-06,1.04891097088649e-05,1.0346843527323e-05
"1015",51.1999999999999,3.09448746877975e-05,1.30062138237446e-06,1.037634627332e-06,1.07259644141108e-06,1.65989578811577e-06,1.71042422260178e-06,4.14654573501609e-06,4.21940154902659e-06,6.21583086634601e-06,6.25943837197116e-06,1.03464457653548e-05,1.02053298688225e-05
"1016",51.2499999999997,3.05681075372214e-05,1.2828249127501e-06,1.02351488289365e-06,1.05792000471742e-06,1.63730889321156e-06,1.68702068818464e-06,4.09012541730705e-06,4.16167139801332e-06,6.13125896156872e-06,6.17380032358903e-06,1.02056874779347e-05,1.00657186695379e-05
"1017",51.3000000000001,3.01957441593758e-05,1.26526786057435e-06,1.00958388922549e-06,1.04344101260874e-06,1.61502392727055e-06,1.66393199563072e-06,4.03445920014485e-06,4.10471778226307e-06,6.04781730680379e-06,6.08931409246517e-06,1.00668099447231e-05,9.92798488071766e-06
"1018",51.35,2.98277357609201e-05,1.24794706972174e-06,9.95839176553173e-07,1.02915686223473e-06,1.59303693985745e-06,1.64115399474632e-06,3.97953721945982e-06,4.04853046817575e-06,5.96549112093667e-06,6.00596450234316e-06,9.92978858034532e-06,9.79210377491679e-06
"1019",51.3999999999998,2.94640340502199e-05,1.2308594246544e-06,9.82278306581944e-07,1.01506498421848e-06,1.57134403088202e-06,1.61868258870315e-06,3.92534973682217e-06,3.993099353671e-06,5.88426581103509e-06,5.92373657192655e-06,9.79459911214214e-06,9.6580509420998e-06
"1020",51.4499999999999,2.91045912327611e-05,1.21400184991227e-06,9.68898872105541e-07,1.00116284223606e-06,1.54994134997374e-06,1.59651373336826e-06,3.87188713788334e-06,3.93841446653869e-06,5.80412697001672e-06,5.84261551243579e-06,9.66121757630157e-06,9.5258022856701e-06
"1021",51.5000000000001,2.87493600065968e-05,1.19737130959975e-06,9.55698496611878e-07,9.8744793259307e-07,1.52882509585138e-06,1.57464343662912e-06,3.81913993080442e-06,3.88446596277732e-06,5.72506037429757e-06,5.76258672514732e-06,9.52962031395834e-06,9.39533401846963e-06
"1022",51.5499999999999,2.83982935578154e-05,1.18096480691894e-06,9.42674833925682e-07,9.73917783839712e-07,1.50799151575164e-06,1.55306775778019e-06,3.76709874483217e-06,3.83124412508399e-06,5.64705198166133e-06,5.68363579915724e-06,9.39978396766069e-06,9.26662265914448e-06
"1023",51.6000000000001,2.80513455560435e-05,1.1647793836574e-06,9.2982556781459e-07,9.60569956348265e-07,1.48743690479936e-06,1.5317828068494e-06,3.71575432872881e-06,3.77873936119614e-06,5.5700879289096e-06,5.60574850892502e-06,9.27168547747218e-06,9.13964502815148e-06
"1024",51.6500000000001,2.7708470149997e-05,1.14881211971405e-06,9.17148411625541e-07,9.47402041922139e-07,1.46715760542617e-06,1.51078474397511e-06,3.66509754932287e-06,3.72694220235758e-06,5.4941545296933e-06,5.52891081200148e-06,9.14530207737469e-06,9.01437824406507e-06
"1025",51.7000000000002,2.73696219630442e-05,1.1330601326329e-06,9.04641107926957e-07,9.34411663411247e-07,1.44715000679836e-06,1.49006977879303e-06,3.61511939008304e-06,3.67584330180919e-06,5.41923827237858e-06,5.45310884679338e-06,9.02061129172849e-06,8.89079971994333e-06
"1026",51.7499999999998,2.70347560888259e-05,1.11752057711614e-06,8.92301428134473e-07,9.21596474310455e-07,1.4274105442185e-06,1.46963416979619e-06,3.56581094962614e-06,3.62543343321301e-06,5.3453258178138e-06,5.37832893022889e-06,8.89759093156739e-06,8.76888715953243e-06
"1027",51.8000000000002,2.6703828086872e-05,1.10219064457581e-06,8.80127172167015e-07,9.08954158389796e-07,1.40793569857551e-06,1.44947422374561e-06,3.5171634403463e-06,3.57570348920111e-06,5.27240399727823e-06,5.30455755560831e-06,8.77621909119592e-06,8.6486185537725e-06
"1028",51.8499999999997,2.63767939783119e-05,1.08706756266215e-06,8.68116168084195e-07,8.96482429305503e-07,1.3887219957649e-06,1.42958629505026e-06,3.46916818696942e-06,3.52664447984898e-06,5.20045981031849e-06,5.23178139034259e-06,8.65647414459943e-06,8.52997217712054e-06
"1029",51.9000000000003,2.60536102415322e-05,1.07214859481368e-06,8.56266271740736e-07,8.84179030228899e-07,1.36976600613623e-06,1.40996678517558e-06,3.42181662517553e-06,3.47824753121904e-06,5.12948042268677e-06,5.15998727379577e-06,8.5383347420234e-06,8.41292658404239e-06
"1030",51.9499999999999,2.57342338079675e-05,1.05743103980923e-06,8.44575366442276e-07,8.72041733476967e-07,1.35106434394278e-06,1.39061214205464e-06,3.3751003002266e-06,3.43050388391067e-06,5.0594531642872e-06,5.08916221513711e-06,8.42177980656573e-06,8.2974606055203e-06
"1031",51.9999999999999,2.54186220578217e-05,1.04291223133334e-06,8.33041362611572e-07,8.60068340153889e-07,1.33261366680779e-06,1.37151885951677e-06,3.32901086563586e-06,3.3834048916533e-06,4.99036552718415e-06,5.01929339125694e-06,8.30678853087212e-06,8.18355334566404e-06
"1032",52.0499999999998,2.51067328159056e-05,1.02858953752684e-06,8.21662197442711e-07,8.48256679780379e-07,1.31441067517158e-06,1.35268347669675e-06,3.28354008178901e-06,3.33694201985142e-06,4.92220516353858e-06,4.95036814461111e-06,8.19334037371131e-06,8.07118417820547e-06
"1033",52.1000000000003,2.47985243474523e-05,1.01446036055066e-06,8.10435834565729e-07,8.36604609933957e-07,1.29645211175529e-06,1.33410257746142e-06,3.23867981460707e-06,3.29110684417251e-06,4.85495988360651e-06,4.88237398112906e-06,8.08141505665339e-06,7.96033274309655e-06
"1034",52.1500000000002,2.44939553540033e-05,1.00052213618273e-06,7.99360263737225e-07,8.25110015916478e-07,1.2787347610662e-06,1.31577278987974e-06,3.19442203431292e-06,3.24589104924215e-06,4.78861765389303e-06,4.81529856828078e-06,7.97099256100674e-06,7.85097894336613e-06
"1035",52.2000000000001,2.41929849692852e-05,9.86772333371944e-07,7.88433500496766e-07,8.13770810386269e-07,1.26125544884828e-06,1.29769078563643e-06,3.15075881406111e-06,3.20128642719977e-06,4.72316659510109e-06,4.74912973293702e-06,7.86205312441332e-06,7.74310294163948e-06
"1036",52.2500000000002,2.3895572755155e-05,9.73208453830804e-07,7.77653585853777e-07,8.0258493302216e-07,1.24401104158156e-06,1.27985327949644e-06,3.1076823286894e-06,3.15728487637982e-06,4.65859498026287e-06,4.68385545941543e-06,7.75457723774728e-06,7.63668515696076e-06
"1037",52.2999999999997,2.36016786975625e-05,9.59828031621711e-07,7.6701858596924e-07,7.91550350182274e-07,1.22699844597316e-06,1.26225702876105e-06,3.06518485344951e-06,3.11387839997228e-06,4.59489123283976e-06,4.61946388749597e-06,7.64854564196141e-06,7.53170626156507e-06
"1038",52.3499999999999,2.3311263202531e-05,9.46628632759463e-07,7.56526591850083e-07,7.80665054576196e-07,1.2102146084686e-06,1.24489883274536e-06,3.02325876278847e-06,3.07105910473567e-06,4.53204392489818e-06,4.55594331051415e-06,7.54393932505936e-06,7.42814717777735e-06
"1039",52.4,2.30242870922041e-05,9.33607854796203e-07,7.46175719029449e-07,7.69927064922657e-07,1.19365651474057e-06,1.22777553223255e-06,2.9818965290735e-06,3.02881919965299e-06,4.47004177520072e-06,4.49328217336963e-06,7.44073951892678e-06,7.32598907477293e-06
"1040",52.45,2.27407116008854e-05,9.20763326428189e-07,7.35964107264142e-07,7.59334425625219e-07,1.17732118920511e-06,1.21088400895702e-06,2.94109072138543e-06,2.98715099465853e-06,4.40887364739991e-06,4.43146907063973e-06,7.33892769633306e-06,7.22521336550897e-06
"1041",52.4999999999999,2.24604983711307e-05,9.08092707113171e-07,7.25889920240325e-07,7.48885206456712e-07,1.16120569455101e-06,1.19422118510128e-06,2.9008340043451e-06,2.94604689939887e-06,4.34852854828133e-06,4.37049274474369e-06,7.23848556801489e-06,7.12580170373854e-06
"1042",52.5500000000003,2.21836094498649e-05,8.95593686664621e-07,7.15951345260642e-07,7.38577502224574e-07,1.1453071312395e-06,1.17778402276254e-06,2.86111913686537e-06,2.90549942191883e-06,4.28899562589524e-06,4.31034208399558e-06,7.1393950795742e-06,7.02773598084278e-06
"1043",52.5999999999999,2.1910007284543e-05,8.83263984893141e-07,7.0614659296872e-07,7.28409432475107e-07,1.12962263706374e-06,1.16156952348129e-06,2.82193897105252e-06,2.86550116750037e-06,4.23026416791197e-06,4.25100612088389e-06,7.04163840874821e-06,6.93099832303268e-06
"1044",52.6500000000001,2.16396547193057e-05,8.71101351202256e-07,6.96473897037175e-07,7.18379141160113e-07,1.11414938664985e-06,1.14557472770985e-06,2.7832864509617e-06,2.82604483735343e-06,4.17232359975859e-06,4.19247403013165e-06,6.94519796231525e-06,6.83557108819267e-06
"1045",52.7000000000002,2.1372514991215e-05,8.5910356423702e-07,6.86931513897533e-07,7.0848479634708e-07,1.09888459102513e-06,1.12979671435046e-06,2.74515461151985e-06,2.78712322747811e-06,4.1151634830064e-06,4.13473512701037e-06,6.85005637341791e-06,6.74143686313801e-06
"1046",52.7500000000002,2.11085517264802e-05,8.47268431503915e-07,6.77517722447094e-07,6.98724589905705e-07,1.08382549714921e-06,1.11423260025549e-06,2.70753657735636e-06,2.74872922743358e-06,4.05877351362029e-06,4.07777886551593e-06,6.75619649865605e-06,6.64857846064675e-06
"1047",52.8000000000001,2.0847728936733e-05,8.35593789007004e-07,6.68230823768608e-07,6.89096737207806e-07,1.06896938746585e-06,1.09887953974914e-06,2.670425561685e-06,2.71085581915973e-06,4.00314352028461e-06,4.02159483662229e-06,6.66360141530698e-06,6.55697891661867e-06
"1048",52.85,2.05900110153255e-05,8.2407750088917e-07,6.59069140853805e-07,6.79599476831446e-07,1.05431357946079e-06,1.08373472415579e-06,2.63381486520102e-06,2.67349607581524e-06,3.94826346275203e-06,3.96617276655975e-06,6.57225441858373e-06,6.46662148727385e-06
"1049",52.8999999999997,2.03353627336659e-05,8.12717459081179e-07,6.50031018333066e-07,6.70231070271502e-07,1.03985542522949e-06,1.06879538133855e-06,2.59769787500288e-06,2.63664316064099e-06,3.89412343022905e-06,3.91150251513065e-06,6.48213901895407e-06,6.37748964641219e-06
"1050",52.9499999999999,2.00837492375686e-05,8.01511582941767e-07,6.41114822197698e-07,6.60989801642825e-07,1.02559231103302e-06,1.05405877522615e-06,2.56206806348434e-06,2.60029032579427e-06,3.84071363971706e-06,3.85757407398174e-06,6.39323893938556e-06,6.28956708260224e-06
"1051",53.0000000000002,1.98351360436589e-05,7.9045781891403e-07,6.32318939535144e-07,6.51873977396862e-07,1.01152165687458e-06,1.03952220536113e-06,2.52691898727811e-06,2.56443091123587e-06,3.78802443443077e-06,3.80437756495492e-06,6.305538112719e-06,6.20283769649749e-06
"1052",53.0500000000004,1.95894890357817e-05,7.79554140192571e-07,6.23641778272534e-07,6.42881926047134e-07,9.97640916089447e-07,1.02518300646229e-06,2.4922442862329e-06,2.52905834365199e-06,3.73604628226646e-06,3.75190323848964e-06,6.21902067912478e-06,6.11728559823686e-06
"1053",53.0999999999997,1.93467744614548e-05,7.68798546364712e-07,6.15081766899455e-07,6.34011997873334e-07,9.83947574901618e-07,1.01103854795292e-06,2.45803768230728e-06,2.49416613529197e-06,3.68476977414565e-06,3.70014147190029e-06,6.13367098335164e-06,6.03289510464124e-06
"1054",53.1499999999997,1.91069589283326e-05,7.58189063093454e-07,6.06637354223857e-07,6.25262564659853e-07,9.70439152033468e-07,9.97086233544007e-07,2.42429297859598e-06,2.45974788294145e-06,3.63418562255718e-06,3.64908276785449e-06,6.04947357230553e-06,5.94965073673733e-06
"1055",53.1999999999999,1.88700094007345e-05,7.47723741783017e-07,5.98307009113895e-07,6.16632019419942e-07,9.57113198292916e-07,9.83323500794498e-07,2.39100405829988e-06,2.4257972668389e-06,3.5842846600148e-06,3.59871775276739e-06,5.9664131924878e-06,5.86753721714453e-06
"1056",53.2499999999998,1.86358931961676e-05,7.37400659243822e-07,5.90089220239226e-07,6.08118776119409e-07,9.43967296159703e-07,9.69747820670838e-07,2.35816488369383e-06,2.39230804959035e-06,3.53505783751156e-06,3.54903717519317e-06,5.88447478742766e-06,5.78653946745705e-06
"1057",53.3000000000003,1.84045779818859e-05,7.27217917379549e-07,5.8198249582973e-07,5.99721269418532e-07,9.30999059399556e-07,9.56356697135531e-07,2.32576949516404e-06,2.3592740751557e-06,3.4864962230783e-06,3.50003190432273e-06,5.80364349528811e-06,5.7066426057991e-06
"1058",53.3500000000003,1.81760317714977e-05,7.17173642873708e-07,5.73985363433708e-07,5.91437954413558e-07,9.18206132677493e-07,9.43147666735053e-07,2.29381201024331e-06,2.32668926783334e-06,3.43859100033904e-06,3.45169292847883e-06,5.72390464646624e-06,5.62783194437575e-06
"1059",53.4000000000002,1.79502229215695e-05,7.07265986853087e-07,5.66096369657543e-07,5.83267306359141e-07,9.05586191141483e-07,9.30118298157358e-07,2.26228662257216e-06,2.29454763116982e-06,3.39133346695512e-06,3.40401135349997e-06,5.64524376100847e-06,5.55009298684226e-06
"1060",53.4499999999996,1.77271201282848e-05,6.97493124607216e-07,5.58314079949831e-07,5.7520782043698e-07,8.93136940077235e-07,9.17266191863057e-07,2.23118760103766e-06,2.26284324705112e-06,3.34471503333568e-06,3.3569784013937e-06,5.56764654646883e-06,5.47341142611264e-06
"1061",53.4999999999999,1.750669242411e-05,6.87853255250845e-07,5.50637078340007e-07,5.67258011477451e-07,8.80856114490204e-07,9.04588979641635e-07,2.20050928873034e-06,2.23157027460906e-06,3.29872722107547e-06,3.31058540871555e-06,5.49109889531334e-06,5.39777314172071e-06
"1062",53.5500000000004,1.72889091745152e-05,6.7834460144808e-07,5.43063967225946e-07,5.59416413732097e-07,8.68741478765912e-07,8.92084324248762e-07,2.17024610209676e-06,2.20072294932765e-06,3.25336166168588e-06,3.26482382524472e-06,5.41558688281226e-06,5.3231641976648e-06
"1063",53.6000000000002,1.70737400746968e-05,6.6896540909654e-07,5.35593367129588e-07,5.51681580613142e-07,8.56790826279139e-07,8.79749918991022e-07,2.14039252996429e-06,2.17029558201977e-06,3.20861009513437e-06,3.2196852124671e-06,5.34109676461334e-06,5.24957083993841e-06
"1064",53.6500000000004,1.68611551463288e-05,6.59713947033597e-07,5.28223916470048e-07,5.44052084451222e-07,8.45001979031077e-07,8.67583487339686e-07,2.11094313263575e-06,2.1402825578754e-06,3.16446436848859e-06,3.17516124216468e-06,5.2676149744892e-06,5.17697949423404e-06
"1065",53.7000000000005,1.66511247343644e-05,6.50588506750684e-07,5.20954271343026e-07,5.36526516259766e-07,8.33372787296548e-07,8.55582782555085e-07,2.08189254100913e-06,2.11067833553605e-06,3.12091643459805e-06,3.13124369504355e-06,5.19512812214712e-06,5.10537676370994e-06
"1066",53.7500000000002,1.64436195038418e-05,6.41587402095823e-07,5.137831052907e-07,5.29103485489665e-07,8.21901129255999e-07,8.4374558729549e-07,2.05323545565925e-06,2.08147744613083e-06,3.07795835071879e-06,3.08792445930519e-06,5.12362299094376e-06,5.03474942666424e-06
"1067",53.8000000000004,1.6238610436721e-05,6.32708969001176e-07,5.06709109091446e-07,5.21781619804577e-07,8.10584910659227e-07,8.32069713258907e-07,2.02496664599871e-06,2.05267449239383e-06,3.03558227725669e-06,3.04519552933813e-06,5.05308653579735e-06,4.9650844344053e-06
"1068",53.8499999999999,1.60360688287657e-05,6.23951565187524e-07,4.99730990531071e-07,5.14559564837203e-07,7.99422064459502e-07,8.20553000794517e-07,1.99708094936483e-06,2.02426414770648e-06,2.99378047639995e-06,3.00304900429844e-06,4.98350588091526e-06,4.89636890894064e-06
"1069",53.9000000000004,1.58359662864155e-05,6.15313569899441e-07,4.92847474198354e-07,5.07435983970878e-07,7.88410550486594e-07,8.09193318554476e-07,1.9695732702037e-06,1.99624115523947e-06,2.95254531089715e-06,2.9614770868379e-06,4.91486831776372e-06,4.82859014090661e-06
"1070",53.9499999999998,1.5638274723736e-05,6.06793383617384e-07,4.86057301262135e-07,5.00409558102132e-07,7.77548355090274e-07,7.9798856311538e-07,1.94243857918054e-06,1.9686003270199e-06,2.91186924272465e-06,2.92047208172099e-06,4.84716130285334e-06,4.76173558731674e-06
"1071",54.0000000000002,1.54429663593325e-05,5.98389427797711e-07,4.79359229270492e-07,4.93478985426271e-07,7.66833490819135e-07,7.86936658636426e-07,1.91567191237821e-06,1.94133654308877e-06,2.87174483188627e-06,2.88002639457625e-06,4.78037245574461e-06,4.69579286952891e-06
"1072",54.0499999999995,1.52500137133557e-05,5.90100144603769e-07,4.72752031942723e-07,4.86642981215598e-07,7.56263996087919e-07,7.76035556505845e-07,1.88926837046704e-06,1.91444475062967e-06,2.83216473516971e-06,2.8401325306045e-06,4.71448955698151e-06,4.63074977114236e-06
"1073",54.1000000000002,1.50593896044695e-05,5.81923996633742e-07,4.66234498958633e-07,4.79900277594975e-07,7.45837934840521e-07,7.65283234983071e-07,1.86322311786371e-06,1.88791996308685e-06,2.79312170488693e-06,2.80078309327158e-06,4.64950054599799e-06,4.56659423586913e-06
"1074",54.1499999999996,1.48710671469107e-05,5.73859466665114e-07,4.59805435760953e-07,4.73249623331062e-07,7.35553396233998e-07,7.54677698862744e-07,1.83753138194275e-06,1.86175725933712e-06,2.75460858769293e-06,2.76197078308074e-06,4.58539351915511e-06,4.50331436553542e-06
"1075",54.2000000000005,1.46850197475014e-05,5.65905057395879e-07,4.53463663355069e-07,4.66689783618902e-07,7.25408494318269e-07,7.44216979134463e-07,1.81218845223712e-06,1.8359517828513e-06,2.71661832338847e-06,2.72368839632954e-06,4.52215672775133e-06,4.44089841805766e-06
"1076",54.2499999999997,1.45012211027679e-05,5.58059291193887e-07,4.47208018115125e-07,4.60219539875194e-07,7.15401367726025e-07,7.338991326532e-07,1.78718967966437e-06,1.81049874088189e-06,2.67914394376087e-06,2.6859288239057e-06,4.45977857609606e-06,4.37933480548181e-06
"1077",54.3000000000006,1.43196451959953e-05,5.50320709837314e-07,4.41037351582945e-07,4.53837689524255e-07,7.0553017935113e-07,7.23722241798064e-07,1.76253047572394e-06,1.78539340362203e-06,2.64217857138174e-06,2.64868505004023e-06,4.39824761951135e-06,4.31861209195315e-06
"1078",54.3499999999995,1.41402662944051e-05,5.42687874266051e-07,4.34950530275574e-07,4.47543045792988e-07,6.95793116040818e-07,7.13684414145418e-07,1.73820631172898e-06,1.76063110339979e-06,2.60571541845625e-06,2.61195015111301e-06,4.33755256241949e-06,4.25871899177147e-06
"1079",54.4000000000006,1.39630589462531e-05,5.35159364346949e-07,4.28946435503765e-07,4.41334437517277e-07,6.86188388305399e-07,7.03783782160217e-07,1.71421271808182e-06,1.73620723391746e-06,2.56974778573797e-06,2.5757172945251e-06,4.27768225653944e-06,4.19964436755477e-06
"1080",54.4500000000002,1.37879979780624e-05,5.27733778624501e-07,4.23023963178732e-07,4.3521070893637e-07,6.76714230009187e-07,6.94018502868181e-07,1.69054528350262e-06,1.7121172494435e-06,2.53426906137328e-06,2.53997973750075e-06,4.21862569896614e-06,4.14137722828863e-06
"1081",54.5000000000004,1.3615058491777e-05,5.2040973407399e-07,4.1718202362081e-07,4.29170719489292e-07,6.67368898064485e-07,6.84386757531226e-07,1.66719965426549e-06,1.68835666401248e-06,2.49927271975724e-06,2.50473082590132e-06,4.16037203026873e-06,4.0839067273947e-06
"1082",54.5500000000003,1.34442158620184e-05,5.13185865879835e-07,4.11419541388092e-07,4.23213343632051e-07,6.58150672157512e-07,6.74886751356025e-07,1.64417153351452e-06,1.6649210507068e-06,2.46475232050897e-06,2.46996399316046e-06,4.10291053278764e-06,4.02722216099677e-06
"1083",54.5999999999994,1.3275445733324e-05,5.06060827193716e-07,4.05735455088848e-07,4.17337470638155e-07,6.49057854448402e-07,6.65516713175966e-07,1.62145668051494e-06,1.64180604087274e-06,2.43070150734992e-06,2.43567275912179e-06,4.04623062876992e-06,3.9713129660281e-06
"1084",54.6499999999997,1.31087240174161e-05,4.99033288900872e-07,4.00128717200381e-07,4.11542004405876e-07,6.40088769281481e-07,6.56274895143871e-07,1.59905090992996e-06,1.619007323363e-06,2.39711400702059e-06,2.40185072891598e-06,3.99032187856863e-06,3.91616871840261e-06
"1085",54.6999999999995,1.2944026890521e-05,4.92101939403092e-07,3.945982939011e-07,4.05825863279285e-07,6.31241762916698e-07,6.47159572446663e-07,1.57695009115048e-06,1.59652064383339e-06,2.36398362827637e-06,2.36849159191807e-06,3.93517397897371e-06,3.86177913131703e-06
"1086",54.7500000000005,1.2781330790667e-05,4.85265484381504e-07,3.89143164886382e-07,4.0018797985261e-07,6.22515203235116e-07,6.38169042993448e-07,1.55515014755991e-06,1.57434180397398e-06,2.33130426078627e-06,2.3355891206075e-06,3.88077676138124e-06,3.80813405339432e-06
"1087",54.8000000000005,1.26206124150574e-05,4.78522646581748e-07,3.83762323202214e-07,3.9462730079308e-07,6.13907479472845e-07,6.29301627133065e-07,1.53364705587006e-06,1.55246666081283e-06,2.29906987413807e-06,2.30313716953589e-06,3.82712019013971e-06,3.75522346700268e-06
"1088",54.8499999999997,1.24618487174176e-05,4.71872165595989e-07,3.78454775076225e-07,3.89142786661134e-07,6.05417001950802e-07,6.20555667367439e-07,1.51243684544663e-06,1.53089112600942e-06,2.26727451682779e-06,2.27112967427943e-06,3.77419436087021e-06,3.70303748654949e-06
"1089",54.8999999999996,1.23050169053939e-05,4.65312797641768e-07,3.73219539746109e-07,3.83733411728051e-07,5.97042201800288e-07,6.11929528060814e-07,1.49151559762415e-06,1.50961116513788e-06,2.23591231523351e-06,2.23956065037624e-06,3.72198949876039e-06,3.65156635675054e-06
"1090",54.9500000000001,1.21500944379796e-05,4.58843315349075e-07,3.68055649294517e-07,3.78398163800335e-07,5.88781530698916e-07,6.03421595159767e-07,1.47087944504687e-06,1.48862279699677e-06,2.20497747262783e-06,2.20842419230297e-06,3.67049595692284e-06,3.60080045096338e-06
"1091",55.0000000000003,1.19970590229512e-05,4.52462507547097e-07,3.6296214848362e-07,3.73136044043851e-07,5.80633460606017e-07,5.95030275912808e-07,1.4505245710082e-06,1.46792209291792e-06,2.17446426818843e-06,2.17771447245002e-06,3.61970421475009e-06,3.55073026951825e-06
"1092",55.0500000000007,1.18458886143259e-05,4.46169179067724e-07,3.57938094602952e-07,3.67946066821775e-07,5.72596483519276e-07,5.86753998612018e-07,1.4304472088433e-06,1.44750517612949e-06,2.14436705608804e-06,2.14742574017731e-06,3.56960487640178e-06,3.50134643818027e-06
"1093",55.0999999999998,1.16965614098567e-05,4.39962150517496e-07,3.52982557291987e-07,3.6282725950651e-07,5.64669111190968e-07,5.7859121229317e-07,1.41064364122067e-06,1.42736822101672e-06,2.11468026443305e-06,2.117552320718e-06,3.52018866903995e-06,3.45263970636382e-06
"1094",55.1499999999997,1.15490558485243e-05,4.3384025809757e-07,3.48094618400972e-07,3.5777866233122e-07,5.56849874905365e-07,5.70540386499022e-07,1.39111019958651e-06,1.40750745253842e-06,2.08539839443126e-06,2.08808861431353e-06,3.4714464414455e-06,3.40460094572379e-06
"1095",55.1999999999995,1.14033506080882e-05,4.27802353386442e-07,3.4327337182195e-07,3.52799328210633e-07,5.49137325208478e-07,5.62600010993604e-07,1.37184326349009e-06,1.38791914552259e-06,2.05651601938099e-06,2.05902909516911e-06,3.4233691623374e-06,3.35722114845432e-06
"1096",55.2499999999995,1.12594246026267e-05,4.21847303150835e-07,3.38517923342171e-07,3.47888322585081e-07,5.41530031673597e-07,5.54768595513563e-07,1.35283925999842e-06,1.36859962405346e-06,2.02802778379432e-06,2.03036831054492e-06,3.37594791891494e-06,3.3104914258085e-06
"1097",55.3000000000001,1.11172569801151e-05,4.15973989139207e-07,3.33827390483587e-07,3.43044723250202e-07,5.34026582644577e-07,5.47044669496631e-07,1.3340946630554e-06,1.34954526080204e-06,1.99992840243682e-06,2.00210087976347e-06,3.32917391526123e-06,3.26440300648157e-06
"1098",55.3499999999999,1.09768271200301e-05,4.10181307906313e-07,3.29200902367025e-07,3.38267620212262e-07,5.26625585018598e-07,5.39426781850965e-07,1.31560599293954e-06,1.33075247645755e-06,1.97221265951522e-06,1.9742214933666e-06,3.28303847099254e-06,3.21894723523781e-06
"1099",55.3999999999993,1.08381146309566e-05,4.04468170597633e-07,3.24637599544283e-07,3.33556115510364e-07,5.19325663977603e-07,5.31913500671665e-07,1.29736981559345e-06,1.31221773902844e-06,1.94487540767278e-06,1.94672491207904e-06,3.23753301958773e-06,3.17411557122218e-06
"1100",55.4500000000001,1.07010993482318e-05,3.98833502787621e-07,3.2013663387309e-07,3.28909323083056e-07,5.12125462788318e-07,5.24503413028099e-07,1.27938274212467e-06,1.29393756331819e-06,1.91791156724144e-06,1.91960596603112e-06,3.192649107145e-06,3.12989958669446e-06
"1101",55.4999999999998,1.05657613316224e-05,3.93276244272133e-07,3.15697168355433e-07,3.2432636859714e-07,5.0502364254366e-07,5.1719512469096e-07,1.26164142816003e-06,1.27590851025229e-06,1.89131612527449e-06,1.89285955376091e-06,3.1483783907733e-06,3.08629096540355e-06
"1102",55.5500000000003,1.04320808629845e-05,3.87795348891928e-07,3.11318377000607e-07,3.19806389302117e-07,4.98018881943692e-07,5.0998725990018e-07,1.24414257329886e-06,1.25812718630613e-06,1.86508413472732e-06,1.86648064136581e-06,3.10471263723004e-06,3.04328150120557e-06
"1103",55.6,1.03000384439899e-05,3.8238978435874e-07,3.06999444690272e-07,3.15348533886748e-07,4.91109877079792e-07,5.02878461136235e-07,1.22688292057412e-06,1.24059024294116e-06,1.8392107136501e-06,1.84046426166657e-06,3.06164372157885e-06,3.0008630967021e-06
"1104",55.65,1.01696147938364e-05,3.77058532055477e-07,3.02739567022744e-07,3.10951962314274e-07,4.84295341185603e-07,4.95867388857417e-07,1.20985925583065e-06,1.2232943759571e-06,1.81369104425612e-06,1.81480551324667e-06,3.01916362564011e-06,2.95902776167524e-06
"1105",55.6999999999993,1.00407908470073e-05,3.71800586887456e-07,2.98537950198023e-07,3.06615845699731e-07,4.77574004453145e-07,4.88952721304221e-07,1.19306840726609e-06,1.20623632500973e-06,1.78852037223411e-06,1.78949955973738e-06,2.97726443684764e-06,2.9177676119231e-06
"1106",55.7500000000007,9.91354775102335e-06,3.66614957082087e-07,2.94393810861538e-07,3.02339366144748e-07,4.70944613782882e-07,4.82133154235945e-07,1.17650724480687e-06,1.18941287296143e-06,1.76369400581312e-06,1.76454162885462e-06,2.93593834669358e-06,2.8770748676907e-06
"1107",55.7999999999993,9.78786686426093e-06,3.61500664028224e-07,2.90306375979539e-07,2.98121716605061e-07,4.64405932584428e-07,4.75407400719443e-07,1.16017267961064e-06,1.17282084536038e-06,1.73920731501715e-06,1.73992701162675e-06,2.89517764948887e-06,2.83694185241202e-06
"1108",55.8499999999996,9.66372975371764e-06,3.56456742109584e-07,2.86274882709676e-07,2.9396210075313e-07,4.57956740569537e-07,4.68774190910087e-07,1.14406166354951e-06,1.15645710990048e-06,1.71505573089074e-06,1.71565106159376e-06,2.8549747410755e-06,2.79736099140548e-06
"1109",55.8999999999998,9.54111819288142e-06,3.51482238520813e-07,2.82298578257645e-07,2.8985973282645e-07,4.51595833522812e-07,4.62232271809899e-07,1.12817118863747e-06,1.14031857582505e-06,1.69123474464114e-06,1.6917091939229e-06,2.81532211739991e-06,2.75832481043311e-06
"1110",55.9499999999996,9.42001415955907e-06,3.46576213120395e-07,2.78376719763226e-07,2.85813837506247e-07,4.45322023119429e-07,4.55780407074148e-07,1.11249828657541e-06,1.12440219344994e-06,1.66773990695657e-06,1.66809688470169e-06,2.77621237337929e-06,2.71982593454889e-06
"1111",56.0000000000002,9.30039983374741e-06,3.41737738251972e-07,2.74508574160994e-07,2.81823649770114e-07,4.39134136702347e-07,4.49417376776379e-07,1.09704002819481e-06,1.10870495358423e-06,1.64456682717264e-06,1.64480967007874e-06,2.73763820151525e-06,2.68185708669891e-06
"1112",56.0500000000009,9.1822575955299e-06,3.36965898591099e-07,2.7069341806132e-07,2.77888414765638e-07,4.33031017091971e-07,4.4314197720692e-07,1.08179352298254e-06,1.09322388703338e-06,1.62171117256038e-06,1.62184314552707e-06,2.69959239070983e-06,2.64441108652133e-06
"1113",56.1,9.06557002298259e-06,3.32259790974667e-07,2.66930537617432e-07,2.74007387669719e-07,4.27011522373515e-07,4.36953020648572e-07,1.06675591854996e-06,1.07795606404619e-06,1.59916866753065e-06,1.59919296502395e-06,2.66206782494231e-06,2.60748084901004e-06
"1114",56.1500000000009,8.95031989008988e-06,3.27618524255793e-07,2.63219228412799e-07,2.70179833568899e-07,4.21074525716884e-07,4.30849335185804e-07,1.05192440018317e-06,1.06289859384435e-06,1.57693509296037e-06,1.57685484035326e-06,2.62505748214874e-06,2.57105938337822e-06
"1115",56.2000000000002,8.83649016471883e-06,3.23041219138515e-07,2.5955879533229e-07,2.66405027323034e-07,4.15218915170586e-07,4.24829764487378e-07,1.03729619032851e-06,1.04804862408641e-06,1.55500628542145e-06,1.5548245403107e-06,2.58855443293949e-06,2.53513979176331e-06
"1116",56.2500000000002,8.72406400655847e-06,3.18527008035118e-07,2.55948552451394e-07,2.62682253447636e-07,4.09443593484544e-07,4.1889316761875e-07,1.02286854815011e-06,1.03340334040531e-06,1.53337813651797e-06,1.53309789001784e-06,2.55255183949689e-06,2.49971526810961e-06
"1117",56.2999999999999,8.6130247651259e-06,3.14075034891838e-07,2.5238782290007e-07,2.59010805970125e-07,4.0374747789232e-07,4.13038418812869e-07,1.00863876898613e-06,1.01895996584312e-06,1.51204659207123e-06,1.51167077008398e-06,2.51704295421983e-06,2.46477909680249e-06
"1118",56.3499999999991,8.50335597776234e-06,3.09684455062917e-07,2.48875938765221e-07,2.55389988325963e-07,3.98129499955131e-07,4.07264407304565e-07,9.94604183959303e-07,1.00471576044278e-06,1.49100765153631e-06,1.49053911600068e-06,2.48202111875344e-06,2.43032465168213e-06
"1119",56.3999999999999,8.39504136765503e-06,3.05354435150178e-07,2.45412240965544e-07,2.51819113226355e-07,3.92588605361662e-07,4.01570037119606e-07,9.80762159477116e-07,9.90668020727932e-07,1.47025736725306e-06,1.46969891737036e-06,2.44747976274318e-06,2.39634539478661e-06
"1120",56.4499999999992,8.28806484189429e-06,3.01084152856688e-07,2.41996079137573e-07,2.48297502537563e-07,3.87123753745798e-07,3.95954226882263e-07,9.67110096776657e-07,9.76814079228392e-07,1.44979184376405e-06,1.44914621720263e-06,2.41341240270064e-06,2.36283487520539e-06
"1121",56.5000000000003,8.18241048951186e-06,2.9687279684308e-07,2.3862681152381e-07,2.44824487162416e-07,3.81733918507689e-07,3.90415909626378e-07,9.53645431477854e-07,9.63151304014334e-07,1.42960723714518e-06,1.42887711122346e-06,2.37981264088994e-06,2.32978672795374e-06
"1122",56.55,8.07806257958713e-06,2.92719566589405e-07,2.35303804865226e-07,2.41399406926377e-07,3.76418086641797e-07,3.84954032613711e-07,9.40365633154122e-07,9.4967709824833e-07,1.40969975436225e-06,1.40888774721092e-06,2.34667416425772e-06,2.29719467289038e-06
"1123",56.6000000000009,7.97500555931843e-06,2.88623672245354e-07,2.32026434284398e-07,2.38021610454024e-07,3.71175258549976e-07,3.79567557136979e-07,9.27268204865616e-07,9.36388899699698e-07,1.39006565257158e-06,1.38917432427486e-06,2.31399074326973e-06,2.26505251354395e-06
"1124",56.6499999999991,7.87322405216633e-06,2.84584334500314e-07,2.28794083184462e-07,2.34690455061886e-07,3.66004447879853e-07,3.74255458348989e-07,9.14350682755676e-07,9.23284180323161e-07,1.37070123851528e-06,1.3697330922322e-06,2.28175623090503e-06,2.23335413609495e-06
"1125",56.6999999999995,7.77270285595436e-06,2.80600784441795e-07,2.25606143138728e-07,2.31405306641686e-07,3.60904681348254e-07,3.69016725076477e-07,9.01610635609933e-07,9.10360445799802e-07,1.35160286786054e-06,1.35056035092604e-06,2.24996456155705e-06,2.20209350826645e-06
"1126",56.7500000000004,7.67342694105406e-06,2.76672263419408e-07,2.2246201378466e-07,2.28165539548164e-07,3.55874998571625e-07,3.63850359641231e-07,8.89045664432859e-07,8.97615235095986e-07,1.33276694456515e-06,1.33165244957162e-06,2.21860974997807e-06,2.17126467825828e-06
"1127",56.7999999999999,7.57538144853979e-06,2.72798022905784e-07,2.19361102715378e-07,2.24970536484381e-07,3.50914451892495e-07,3.58755377677215e-07,8.76653402014426e-07,8.85046120012383e-07,1.31418992022806e-06,1.31300578608744e-06,2.18768589019907e-06,2.14086177365719e-06
"1128",56.850000000001,7.47855168836653e-06,2.68977324377368e-07,2.16302825387013e-07,2.21819688403405e-07,3.46022106231276e-07,3.5373080797381e-07,8.64431512560069e-07,8.72650704797443e-07,1.2958682935349e-06,1.2946168065221e-06,2.15718715460746e-06,2.11087900050289e-06
"1129",56.9000000000006,7.38292313759571e-06,2.65209439175001e-07,2.13286605009829e-07,2.18712394393336e-07,3.41197038912117e-07,3.48775692292486e-07,8.52377691255819e-07,8.60426625695303e-07,1.27779860960635e-06,1.27648200438379e-06,2.12710779286298e-06,2.08131064219554e-06
"1130",56.9500000000009,7.28848143859488e-06,2.6149364837291e-07,2.10311872446037e-07,2.15648061569266e-07,3.36438339499454e-07,3.43889085194522e-07,8.40489663860148e-07,8.48371550520959e-07,1.25997745938644e-06,1.25859792001026e-06,2.09744213088031e-06,2.05215105846903e-06
"1131",57.0000000000003,7.19521239729369e-06,2.57829242656126e-07,2.07378066114311e-07,2.1262610497218e-07,3.31745109645276e-07,3.39070053879817e-07,8.28765186322577e-07,8.36483178262785e-07,1.24240147907105e-06,1.24096113997933e-06,2.06818456987836e-06,2.02339468443048e-06
"1132",57.0500000000005,7.10310198142629e-06,2.54215522197747e-07,2.04484631894114e-07,2.09645947467739e-07,3.27116462936092e-07,3.34317678025491e-07,8.17202044401559e-07,8.2475923868453e-07,1.22506734953529e-06,1.22356829651865e-06,2.03932958542774e-06,1.99503602959845e-06
"1133",57.0999999999991,7.0121363188179e-06,2.5065179652456e-07,2.0163102302069e-07,2.06707019635459e-07,3.22551524724969e-07,3.29631049609182e-07,8.05798053245018e-07,8.13197491889554e-07,1.20797179570487e-06,1.2064160668594e-06,2.01087172640502e-06,1.96706967684971e-06
"1134",57.1500000000008,6.92230169565358e-06,2.47137384405442e-07,1.98816699998215e-07,2.03808759676675e-07,3.18049431992612e-07,3.25009272762293e-07,7.94551057043472e-07,8.01795727958954e-07,1.19111158603634e-06,1.18950117269961e-06,1.98280561412812e-06,1.9394902815448e-06
"1135",57.1999999999993,6.83358455481667e-06,2.43671613725262e-07,1.96041130501327e-07,2.00950613310548e-07,3.13609333189853e-07,3.20451463604175e-07,7.83458928636698e-07,7.90551766542649e-07,1.1744835319276e-06,1.17282037959774e-06,1.95512594137567e-06,1.91229257053974e-06
"1136",57.2499999999993,6.74597149417156e-06,2.40253821361499e-07,1.93303789278765e-07,1.98132033672316e-07,3.09230388083521e-07,3.15956750079881e-07,7.72519569128826e-07,7.7946345645927e-07,1.15808448714106e-06,1.15637049637925e-06,1.92782747142745e-06,1.88547134121903e-06
"1137",57.2999999999996,6.65944926493331e-06,2.36883353077911e-07,1.9060415807062e-07,1.953524812256e-07,3.04911767624084e-07,3.11524271820343e-07,7.61730907557831e-07,7.68528675351362e-07,1.14191134730843e-06,1.14014837462522e-06,1.90090503724051e-06,1.85902146066238e-06
"1138",57.350000000001,6.57400477000702e-06,2.33559563397974e-07,1.87941725509365e-07,1.92611423658028e-07,3.00652653787333e-07,3.07153179975943e-07,7.51090900500184e-07,7.5774532927495e-07,1.12596104933814e-06,1.12415090806368e-06,1.87435354046345e-06,1.83293786465272e-06
"1139",57.3999999999995,6.4896250623718e-06,2.30281815495385e-07,1.85315987034484e-07,1.89908335790942e-07,2.96452239437829e-07,3.0284263707253e-07,7.40597531729841e-07,7.47111352344472e-07,1.1102305709044e-06,1.10837503204298e-06,1.84816795058631e-06,1.80721555681807e-06
"1140",57.4499999999996,6.40629734344358e-06,2.27049481070073e-07,1.82726444795461e-07,1.87242699477135e-07,2.92309728173734e-07,2.98591816848365e-07,7.30248811830741e-07,7.36624706330665e-07,1.09471692986636e-06,1.09281772293538e-06,1.82234330397441e-06,1.78184960765958e-06
"1141",57.5,6.32400896150322e-06,2.23861940258494e-07,1.80172607582202e-07,1.84614003526877e-07,2.88224334215509e-07,2.94399904136172e-07,7.20042777918886e-07,7.26283380369698e-07,1.07941718385174e-06,1.07747599770574e-06,1.7968747031756e-06,1.75683515384867e-06
"1142",57.5499999999994,6.2427474101037e-06,2.20718581497878e-07,1.7765399071851e-07,1.82021743595964e-07,2.84195282235526e-07,2.90266094684614e-07,7.09977493216802e-07,7.16085390522907e-07,1.06432842961901e-06,1.06234691325844e-06,1.77175731585912e-06,1.73216739716279e-06
"1143",57.6000000000008,6.16250032649706e-06,2.17618801433374e-07,1.75170115989906e-07,1.79465422109133e-07,2.8022180724261e-07,2.86189595036192e-07,7.0005104676523e-07,7.06028779475677e-07,1.04944780262536e-06,1.04742756599089e-06,1.74698637409691e-06,1.70784160375766e-06
"1144",57.65,6.08325549010257e-06,2.14562004807849e-07,1.72720511557502e-07,1.76944548169185e-07,2.76303154444273e-07,2.82169622382331e-07,6.90261553079075e-07,6.96111616180072e-07,1.03477247651108e-06,1.03271509126344e-06,1.72255717350581e-06,1.68385310330355e-06
"1145",57.6999999999987,6.00500082094965e-06,2.11547604351541e-07,1.7030471187172e-07,1.74458637465984e-07,2.72438579108707e-07,2.7820540441827e-07,6.80607151802762e-07,6.86331995496965e-07,1.02029966258306e-06,1.0182066628686e-06,1.69846507238817e-06,1.66019728812021e-06
"1146",57.7499999999991,5.92772437816575e-06,2.0857502067445e-07,1.67922257588176e-07,1.72007212187708e-07,2.68627346430226e-07,2.74296179201561e-07,6.71086007374196e-07,6.76688037847059e-07,1.00602660931114e-06,1.0038994925135e-06,1.67470549089402e-06,1.63686961233334e-06
"1147",57.8000000000004,5.85141435847677e-06,2.05643682172964e-07,1.65572695494922e-07,1.69589800943848e-07,2.64868731412886e-07,2.70441195029276e-07,6.61696308734135e-07,6.67177888908091e-07,9.91950601892639e-07,9.89790829370749e-07,1.65127391029651e-06,1.61386559114281e-06
"1148",57.849999999999,5.77605909471541e-06,2.0275302491911e-07,1.6325557842574e-07,1.67205938673873e-07,2.61162018731804e-07,2.66639710292376e-07,6.52436268979835e-07,6.57799719255648e-07,9.78068961733193e-07,9.75877959545716e-07,1.62816587212823e-06,1.59118079995436e-06
"1149",57.8999999999992,5.70164705432911e-06,1.99902492564061e-07,1.60970465184813e-07,1.64855166567653e-07,2.57506502612645e-07,2.6289099334882e-07,6.43304125064105e-07,6.48551724050245e-07,9.64379045995795e-07,9.62158205612435e-07,1.60537697743085e-06,1.56881087362325e-06
"1150",57.9500000000006,5.62816683793817e-06,1.97091536235745e-07,1.58716920466648e-07,1.62537031981019e-07,2.53901486703543e-07,2.59194322388923e-07,6.3429813747544e-07,6.39432122705256e-07,9.50878247121386e-07,9.48628926121074e-07,1.58290288595755e-06,1.54675150565159e-06
"1151",58.0000000000002,5.55560717788519e-06,1.94319614439226e-07,1.56494514778165e-07,1.60251088353606e-07,2.50346283950481e-07,2.55548985304348e-07,6.25416589926781e-07,6.30439158563831e-07,9.37563992362405e-07,9.35287515118736e-07,1.56073931539694e-06,1.52499844740735e-06
"1152",58.0499999999991,5.48395693679288e-06,1.91586192962702e-07,1.54302824365278e-07,1.57996895131332e-07,2.46840216479835e-07,2.51954279564497e-07,6.16657789062203e-07,6.21571098594042e-07,9.24433743343206e-07,9.2213140169732e-07,1.5388820406417e-06,1.50354750738747e-06
"1153",58.0999999999991,5.41320510615099e-06,1.88890744783381e-07,1.52141431139329e-07,1.55774017688777e-07,2.43382615480716e-07,2.48409512092744e-07,6.08020064163068e-07,6.12826233083638e-07,9.11484995619673e-07,9.09158049540778e-07,1.51732689305585e-06,1.48239455048002e-06
"1154",58.1500000000002,5.3433408049161e-06,1.86232749967499e-07,1.50009922598796e-07,1.53582027246721e-07,2.39972821079724e-07,2.44913999134942e-07,5.99501766835221e-07,6.04202875315758e-07,8.98715278210403e-07,8.96364956444129e-07,1.49606975969474e-06,1.46153549718027e-06
"1155",58.2000000000014,5.27435327811958e-06,1.83611695578835e-07,1.47907891757782e-07,1.51420500796708e-07,2.36610182226567e-07,2.41467066139133e-07,5.91101270723345e-07,5.95699361272255e-07,8.86122153168612e-07,8.83749653873435e-07,1.47510658259277e-06,1.44096632287354e-06
"1156",58.2500000000004,5.20623189549258e-06,1.81027075584242e-07,1.4583493707208e-07,1.49289021023131e-07,2.33294056575785e-07,2.3806804763131e-07,5.82816971215563e-07,5.87314049327293e-07,8.7370321513941e-07,8.71309706511334e-07,1.45443335802676e-06,1.42068305709449e-06
"1157",58.2999999999991,5.13896615009544e-06,1.78478390773458e-07,1.43790662376652e-07,1.47187176237102e-07,2.30023810386754e-07,2.34716287109974e-07,5.74647285193714e-07,5.79045319987298e-07,8.61456090985548e-07,8.59042711871347e-07,1.4340461358933e-06,1.40068178289857e-06
"1158",58.3499999999987,5.0725456569766e-06,1.75965148652892e-07,1.4177467680221e-07,1.4511456028886e-07,2.26798818390245e-07,2.31411136906454e-07,5.66590650700072e-07,5.70891575546458e-07,8.49378439287897e-07,8.46946299786893e-07,1.41394101887754e-06,1.38095863602911e-06
"1159",58.3999999999998,5.006960151836e-06,1.73486863365214e-07,1.39786594712459e-07,1.43070772501456e-07,2.23618463688032e-07,2.28151958079169e-07,5.58645526686636e-07,5.62851239825942e-07,8.37467949969704e-07,8.35018132024499e-07,1.39411416182803e-06,1.36150980428698e-06
"1160",58.4500000000013,4.94219948970569e-06,1.71043055611716e-07,1.37826035643542e-07,1.41055417606727e-07,2.20482137656037e-07,2.24938120311537e-07,5.50810392773224e-07,5.54922757922118e-07,8.25722343934059e-07,8.23255901910359e-07,1.37456177115355e-06,1.34233152692194e-06
"1161",58.4999999999985,4.87825364364345e-06,1.68633252540009e-07,1.35892624215626e-07,1.39068105652682e-07,2.17389239802899e-07,2.21769001764285e-07,5.43083748894249e-07,5.4710459584228e-07,8.14139372534457e-07,8.11657333790014e-07,1.35528010394212e-06,1.32342009375194e-06
"1162",58.5500000000008,4.81511270341412e-06,1.66256987686341e-07,1.33985990088302e-07,1.37108451955925e-07,2.1433917769863e-07,2.18643988999597e-07,5.35464115120547e-07,5.39395240317599e-07,8.02716817307799e-07,8.00220182750931e-07,1.33626546751676e-06,1.30477184471101e-06
"1163",58.6000000000013,4.7527668742472e-06,1.63913800874594e-07,1.32105767881183e-07,1.35176077018368e-07,2.11331366847609e-07,2.15562476848301e-07,5.27950031342162e-07,5.31793198475534e-07,7.91452489498949e-07,7.88942234136603e-07,1.3175142186444e-06,1.28638316905726e-06
"1164",58.650000000001,4.69120647553606e-06,1.61603238138244e-07,1.30251597112905e-07,1.33270606462868e-07,2.08365230591001e-07,2.12523868307231e-07,5.20540057024644e-07,5.24296997586708e-07,7.80344229695477e-07,7.77821303171104e-07,1.2990227629281e-06,1.268250504761e-06
"1165",58.7000000000001,4.63042193959254e-06,1.59324851636438e-07,1.28423122135378e-07,1.31391670964016e-07,2.05440200001587e-07,2.0952757442888e-07,5.13232770946384e-07,5.16905184792734e-07,7.69389907433987e-07,7.66855234555384e-07,1.28078755415201e-06,1.25037033784666e-06
"1166",58.7499999999993,4.57040381040198e-06,1.57078199575752e-07,1.26619992072562e-07,1.29538906183612e-07,2.02555713785837e-07,2.06573014218499e-07,5.06026770954024e-07,5.09616326852436e-07,7.58587420833533e-07,7.56041902090853e-07,1.26280509367141e-06,1.23273920177937e-06
"1167",58.7999999999997,4.51114274239183e-06,1.54862846128964e-07,1.2484186075683e-07,1.27711952703683e-07,1.99711218182098e-07,2.03659614527286e-07,4.98920673708192e-07,5.02429009878409e-07,7.47934696214532e-07,7.45379208288634e-07,1.24507192977854e-06,1.21535367682797e-06
"1168",58.8499999999991,4.45262949921765e-06,1.52678361353729e-07,1.23088386665218e-07,1.25910455959407e-07,1.96906166858638e-07,2.00786809945443e-07,4.91913114428842e-07,4.95341839073242e-07,7.37429687717078e-07,7.34865083978305e-07,1.22758465706755e-06,1.19821038942737e-06
"1169",58.9000000000012,4.39485495254574e-06,1.50524321119818e-07,1.21359232862518e-07,1.24134066179112e-07,1.94140020822608e-07,1.97954042706485e-07,4.85002746667893e-07,4.88353438493523e-07,7.27070376960179e-07,7.24497487957863e-07,1.21033991586745e-06,1.18130601160796e-06
"1170",58.9499999999991,4.33781008087881e-06,1.48400307027601e-07,1.19654066937333e-07,1.22382438317053e-07,1.91412248317751e-07,1.95160762580053e-07,4.78188242053744e-07,4.81462450785456e-07,7.16854772658837e-07,7.14274406601568e-07,1.19333439160491e-06,1.16463726035646e-06
"1171",59.0000000000005,4.2814859683445e-06,1.46305906332218e-07,1.17972560942652e-07,1.20655231990871e-07,1.88722324729349e-07,1.92406426772187e-07,4.71468290053867e-07,4.74667536938908e-07,7.06780910268217e-07,7.04193853495121e-07,1.17656481421217e-06,1.14820089702123e-06
"1172",59.0500000000012,4.22587380355654e-06,1.44240711873427e-07,1.16314391340966e-07,1.18952111423744e-07,1.86069732496434e-07,1.89690499833082e-07,4.64841597755542e-07,4.67967376059874e-07,6.96846851655022e-07,6.94253869098179e-07,1.16002795758022e-06,1.13199372676222e-06
"1173",59.1000000000006,4.17096487843898e-06,1.4220432199093e-07,1.14679238937702e-07,1.17272745374555e-07,1.834539610053e-07,1.87012453545732e-07,4.58306889599894e-07,4.61360665095835e-07,6.8705068469885e-07,6.84452520336967e-07,1.14372063889542e-06,1.11601259788693e-06
"1174",59.1500000000015,4.11675058708083e-06,1.40196340468482e-07,1.13066788837738e-07,1.156168070918e-07,1.80874506519949e-07,1.84371766852435e-07,4.51862907208178e-07,4.54846118654497e-07,6.77390523031846e-07,6.74787900335434e-07,1.12763971820629e-06,1.10025440141219e-06
"1175",59.1999999999996,4.06322242461304e-06,1.38216376446158e-07,1.11476730376328e-07,1.13983974241235e-07,1.78330872071591e-07,1.81767925739419e-07,4.45508409105787e-07,4.48422468719202e-07,6.67864505625017e-07,6.65258127993109e-07,1.11178209773512e-06,1.08471607037608e-06
"1176",59.249999999999,4.01037198606955e-06,1.36264044349851e-07,1.09908757063833e-07,1.12373928847735e-07,1.75822567370244e-07,1.79200423144131e-07,4.39242170501443e-07,4.42088464420273e-07,6.584707964573e-07,6.55861347645937e-07,1.09614472132725e-06,1.0693945792851e-06
"1177",59.3000000000014,3.95819096528756e-06,1.34338963840912e-07,1.08362566546619e-07,1.10786357253765e-07,1.73349108742175e-07,1.76668758889013e-07,4.33062983130986e-07,4.35842871871681e-07,6.49207584281417e-07,6.46595728824025e-07,1.0807245740615e-06,1.0542869437193e-06
"1178",59.3500000000009,3.90667115381329e-06,1.32440759713715e-07,1.06837860526087e-07,1.09220950034897e-07,1.70910019000386e-07,1.74172439546789e-07,4.26969654933842e-07,4.29684473838756e-07,6.40073082138957e-07,6.37459465758735e-07,1.06551868144313e-06,1.03939021952878e-06
"1179",59.4000000000011,3.85580443979604e-06,1.30569061862467e-07,1.05334344733316e-07,1.07677401972446e-07,1.6850482740405e-07,1.71710978396829e-07,4.20961009951755e-07,4.23612069630584e-07,6.31065527208594e-07,6.28450777223092e-07,1.0505241091514e-06,1.02470150257366e-06
"1180",59.4500000000005,3.8055828069262e-06,1.28723505181492e-07,1.03851728850236e-07,1.0615541197123e-07,1.66133069532414e-07,1.69283895294009e-07,4.15035888013799e-07,4.17624474776528e-07,6.22183180333965e-07,6.19567906051949e-07,1.03573796225378e-06,1.01021792794182e-06
"1181",59.5,3.75599833336142e-06,1.2690372952901e-07,1.02389726481784e-07,1.04654683029699e-07,1.63794287240264e-07,1.66890716621084e-07,4.09193144625171e-07,4.11720520908773e-07,6.13424325856998e-07,6.10809118967783e-07,1.02115738492869e-06,9.95936669665036e-07
"1182",59.5499999999991,3.70704319067571e-06,1.25109379630138e-07,1.0094805507922e-07,1.03174922159947e-07,1.61488028535253e-07,1.64530975161129e-07,4.03431650660774e-07,4.05899055447686e-07,6.04787271158622e-07,6.02172706113961e-07,1.0067795597011e-06,9.81854939958123e-07
"1183",59.6000000000017,3.65870964280969e-06,1.23340105040525e-07,9.95264359121194e-08,1.01715840357717e-07,1.59213847533109e-07,1.6220421004972e-07,3.97750292253354e-07,4.00158941483878e-07,5.96270346491127e-07,5.93656980879822e-07,9.92601707163662e-07,9.67969988933846e-07
"1184",59.6500000000011,3.61099004505188e-06,1.2159556006655e-07,9.81245940054646e-08,1.00277152536592e-07,1.56971304356992e-07,1.59909966669985e-07,3.92147970542116e-07,3.94499057519344e-07,5.87871904601354e-07,5.85260279516691e-07,9.78621085349575e-07,9.5427910397699e-07
"1185",59.7000000000006,3.56387684299625e-06,1.1987540369989e-07,9.67422580882431e-08,9.88585774740315e-08,1.54759965055279e-07,1.57647796566563e-07,3.86623601467375e-07,3.88918297255234e-07,5.79590320422907e-07,5.76980960823069e-07,9.64834989220394e-07,9.4077960923119e-07
"1186",59.7499999999997,3.51736257154347e-06,1.18179299566489e-07,9.53791605536065e-08,9.74598377692892e-08,1.52579401537828e-07,1.55417257378492e-07,3.81176115611365e-07,3.83415569426326e-07,5.71423990837564e-07,5.68817405899115e-07,9.51240750269013e-07,9.27468865198742e-07
"1187",59.7999999999991,3.47143985389529e-06,1.16506915858095e-07,9.40350374049983e-08,9.60806597869533e-08,1.50429191489806e-07,1.53217912749185e-07,3.75804457982999e-07,3.77989797578964e-07,5.63371334352645e-07,5.60768017817251e-07,9.37835735982733e-07,9.14344268203651e-07
"1188",59.8500000000007,3.42610140056321e-06,1.14857925266619e-07,9.27096282045296e-08,9.47207736028095e-08,1.48308918289107e-07,1.51049332240094e-07,3.70507587811597e-07,3.72639919858126e-07,5.55430790791838e-07,5.52831221306294e-07,9.24617349328745e-07,9.01403249876736e-07
"1189",59.8999999999989,3.38134000839579e-06,1.13232004932889e-07,9.14026760329043e-08,9.33799129615845e-08,1.46218170942243e-07,1.48911091263337e-07,3.65284478386776e-07,3.6736488884122e-07,5.47600821055222e-07,5.45005462504944e-07,9.11583028354778e-07,8.88643276753799e-07
"1190",59.9500000000003,3.33714855959057e-06,1.11628836389561e-07,9.01139274446254e-08,9.20578152298615e-08,1.44156544012697e-07,1.46802771006611e-07,3.60134116879474e-07,3.62163671352899e-07,5.39879906851008e-07,5.37289208687075e-07,8.98730245742683e-07,8.76061849827847e-07
"1191",60.0000000000006,3.29352002075435e-06,1.10048105486581e-07,8.88431324091617e-08,9.07542213346108e-08,1.42123637526808e-07,1.44723958335173e-07,3.55055504106878e-07,3.57035248223271e-07,5.32266550343171e-07,5.29680947903079e-07,8.86056508221988e-07,8.63656503964394e-07
