"speed","origin_CN","origin_SE","CN_r=-0.6","SE_r=-0.6","CN_r=-0.3","SE_r=-0.3","CN_r=0.3","SE_r=0.3","CN_r=0.6","SE_r=0.6"
"1",0.5,1.33156401821395e-09,2.45152088538638e-05,0.000919923329467061,0.000361548367801056,0.000108093489927031,0.00010660144653021,8.95915834550763e-09,1.2482608732512e-07,3.25614998590167e-15,2.11190701689613e-12
"2",0.55,2.37265445466345e-09,3.27701327218353e-05,0.00118821890832803,0.000477723819571634,0.00014228308431547,0.000139493520194024,1.43832239789381e-08,1.88623015621897e-07,7.41903496519114e-15,4.28221865773454e-12
"3",0.6,4.01314480406287e-09,4.26354368571019e-05,0.00149187068862668,0.0006137331678426,0.000182251721262858,0.000177847173250113,2.21468243165672e-08,2.74781581565957e-07,1.57522274888075e-14,8.16640138499949e-12
"4",0.65,6.49744699584594e-09,5.42253428377366e-05,0.00182934720064953,0.000770094625534726,0.000228184683832869,0.000221856569063488,3.29243692311275e-08,3.88161508308513e-07,3.1516021549245e-14,1.47903604224951e-11
"5",0.7,1.01351266910778e-08,6.76457832339246e-05,0.0021987201805244,0.000947110888302895,0.000280217550462624,0.000271675492788766,4.75028021759888e-08,5.34117608377822e-07,5.9936158801866e-14,2.5632916576231e-11
"6",0.75,1.5310171283628e-08,8.29944401424088e-05,0.0025977566530369,0.00114488644845574,0.000338440378403598,0.00032742042160335,6.67880037850287e-08,7.18492969312653e-07,1.09096804930147e-13,4.27658680840835e-11
"7",0.8,2.24904199358984e-08,0.000100360837153704,0.00302399871862657,0.00136334417329714,0.000402901707834869,0.000389173436213869,9.18106450416564e-08,9.47609942692214e-07,1.91126995961372e-13,6.90212981634737e-11
"8",0.85,3.22370740082287e-08,0.000119826472610652,0.00347483205336638,0.00160224779845745,0.000473612361116038,0.000456984971894958,1.23731490558155e-07,1.22825919771747e-06,3.23745027227057e-13,1.08188543279545e-10
"9",0.9,4.52142113827713e-08,0.000141464984836562,0.00394754422220881,0.00186121133016837,0.000550549025180422,0.000530876411214099,1.63846155215647e-07,1.56768707078604e-06,5.32233068462185e-13,1.65243145836123e-10
"10",0.95,6.21982334184155e-08,0.000165341779776125,0.00443937390627885,0.00213972071629476,0.00063365761373257,0.000610842522902434,2.13589319714509e-07,1.97358141785538e-06,8.51922248575369e-13,2.46610005319417e-10
"11",1,8.40871785272741e-08,0.000191516419791635,0.00494755209601495,0.00243714812561279,0.000722856411461684,0.000696853752657882,2.74538412541586e-07,2.45405615558903e-06,1.33127650699669e-12,3.6046281579037e-10
"12",1.05,1.11909841577405e-07,0.00022003967735926,0.00546933622784456,0.00275276672414108,0.000818039005999018,0.000788858372379104,3.4841676752671e-07,3.01763465946651e-06,2.03567159994858e-12,5.17061736845304e-10
"13",1.1,1.46834643456505e-07,0.000250955817475456,0.00600203815715307,0.00308576455073667,0.000919077015521214,0.000886784494652771,4.37096267578744e-07,3.67323217158748e-06,3.05197372515582e-12,7.291310914949e-10
"14",1.15,1.90178200143516e-07,0.000284302342426219,0.00654304677291518,0.00343525747303603,0.00102582262117827,0.000990541959392449,5.42599486394898e-07,4.43013735735281e-06,4.49403023430759e-12,1.01227871952621e-09
"15",1.2,2.43413545503784e-07,0.000320110238374054,0.00708984597427749,0.00380030122350224,0.00113811091419956,0.00110002409944807,6.67101340954525e-07,5.29799313821455e-06,6.50919278737435e-12,1.38545844041789e-09
"16",1.25,3.08177966729438e-07,0.000358404225045255,0.00764002864919073,0.00417990252905962,0.00125574718732194,0.00121510939182708,8.12930268463505e-07,6.28677691698517e-06,9.28600101673608e-12,1.8714768973092e-09
"17",1.3,3.86280415875945e-07,0.00039920300683609,0.0081913072211641,0.00457302935775081,0.00137856795949959,0.00133566300093197,9.8256894212741e-07,7.40678030258024e-06,1.30631622639617e-11,2.49754586434155e-09
"18",1.35,4.79708465288348e-07,0.000442519523945256,0.00874153756203728,0.00497862031294046,0.00150635509673164,0.00146153821994925,1.17865454071774e-06,8.66858843237187e-06,1.81399701820287e-11,3.29588090528668e-09
"19",1.4,5.90634778859931e-07,0.000488361202377345,0.00928866391620923,0.00539559321048129,0.00163889544861596,0.00159257781623785,1.40397858737006e-06,1.00830589824243e-05,2.48883119170475e-11,4.30434707306542e-09
"20",1.45,7.21423075017785e-07,0.00053673020185864,0.00983080422254005,0.0058228528774696,0.00177596808102267,0.00172861528627322,1.66148637342858e-06,1.16613009486631e-05,3.37664201547619e-11,5.56715213879379e-09
"21",1.5,8.74633561082294e-07,0.000587623660870336,0.0103662163804277,0.00625929821313745,0.00191734571858619,0.00186947602541304,1.95427598343872e-06,1.34146532754066e-05,4.53345324992959e-11,7.13558763653793e-09
"22",1.55,1.05302782220071e-06,0.000641033938141528,0.010893256531558,0.00670382855336307,0.00206279606816045,0.00201497841746632,2.28559693759832e-06,1.53546634015944e-05,6.02726264084228e-11,9.06881780712651e-09
"23",1.6,1.25957315141003e-06,0.000696948850059915,0.0114104484072716,0.00715534938046137,0.00221208303118141,0.00216493484877399,2.65884846811631e-06,1.74930657894235e-05,7.94004032072538e-11,1.14347163221862e-08
"24",1.65,1.49744631054382e-06,0.000755351903555994,0.0119164765317149,0.00761277741952855,0.00236496781243498,0.00231915265124528,3.07757744600338e-06,1.98417604948923e-05,1.03699699509586e-10,1.43107504690014e-08
"25",1.7,1.77003671466491e-06,0.000816222524099533,0.0124100499422788,0.00807504516179829,0.00252120993229075,0.00247743497854377,3.54547597483859e-06,2.24127918349256e-05,1.34339508664808e-10,1.77849122787522e-08
"26",1.75,2.08094903548476e-06,0.000879536278517947,0.012890169861951,0.00854110485433731,0.0026805501513271,0.00263958161937868,4.06637866802501e-06,2.52183272012596e-05,1.72703798592548e-10,2.1956695885977e-08
"27",1.8,2.43400522182617e-06,0.000945265092406703,0.0133557301381136,0.00900996602061069,0.00284278311516867,0.00280538975163094,4.6442596259716e-06,2.82706360670848e-05,2.20422315544282e-10,2.6938120216526e-08
"28",1.85,2.83324593760302e-06,0.00101337746195367,0.0138059223096941,0.00948057028581652,0.00300765071818955,0.00297465464083049,5.28322912952217e-06,3.15820692285429e-05,2.7940456592063e-10,3.28547959154888e-08
"29",1.9,3.28293142003578e-06,0.00108383866004387,0.0142401573160333,0.00995197954758725,0.00317491415791955,0.00314717028630008,5.98753006580062e-06,3.5165038319532e-05,3.5187717025768e-10,3.98470352462786e-08
"30",1.95,3.78754176289849e-06,0.00115661093654941,0.0146574899422926,0.0104232347143506,0.00334433677904375,0.00332273001809066,6.76153410245706e-06,3.90319956348672e-05,4.40424784860584e-10,4.80710035177839e-08
"31",2,4.35177663151009e-06,0.00123165371274215,0.015057504772667,0.0108934540439665,0.00351568463227905,0.00350112704765509,7.60973762608719e-06,4.3195414293657e-05,5.48034787295751e-10,5.76999104288006e-08
"32",2.05,4.98055441794438e-06,0.00130892376979518,0.0154400992446399,0.0113617585725845,0.00368872697531706,0.00368215497503847,8.53675746035882e-06,4.76677687717719e-05,6.78145922044778e-10,6.89252395583049e-08
"33",2.1,5.6790108465455e-06,0.00138837543136359,0.0158042596952589,0.0118273546994626,0.00386323672002962,0.00386560825520413,9.54732637911959e-06,5.24615158294828e-05,8.34701102066942e-10,8.19580140769272e-08
"34",2.15,6.4524970413067e-06,0.00146996074025602,0.0161499981786025,0.0122893667512118,0.00403899082986013,0.00405128262596692,1.06462884294793e-05,5.75890758577263e-05,1.02220456080816e-09,9.70300966096175e-08
"35",2.2,7.30657706800352e-06,0.00155362962922653,0.0164760367621892,0.0127469454814898,0.00421577067106659,0.00423897549986285,1.18385940795634e-05,6.30628146639935e-05,1.24578354733092e-09,1.14395521042253e-07
"36",2.25,8.24702496517669e-06,0.00163933008593215,0.0167843247212099,0.0131998222878634,0.00439336232124166,0.00442848632215351,1.31292952053207e-05,6.88950257165334e-05,1.51125475472236e-09,1.34331853936133e-07
"37",2.3,9.27982127913891e-06,0.00172700831211442,0.0170737971888548,0.0136467848914485,0.0045715568383093,0.0046196168970387,1.45235399304437e-05,7.50979128633934e-05,1.82519566876861e-09,1.57141583094097e-07
"38",2.35,1.04111491191418e-05,0.00181660887707493,0.0173444516476932,0.0140871106453614,0.00475015049298639,0.00481217168403335,1.60265673331234e-05,8.16835735407933e-05,2.19502102006893e-09,1.83153530710656e-07
"39",2.4,1.16473897496874e-05,0.00190807156674411,0.0175963429323888,0.0145207260892638,0.00492890839191674,0.00500595806635466,1.76437020330117e-05,8.86639824834198e-05,2.62906451830833e-09,2.12724288436095e-07
"40",2.45,1.29951177377119e-05,0.00200134462376752,0.0178295785680874,0.0149472665547613,0.00510771127033772,0.00520078659306125,1.93803486714139e-05,9.60509759474405e-05,3.13666604232322e-09,2.46239671591165e-07
"41",2.5,1.44610956730106e-05,0.00209636538508433,0.0180443142985612,0.0153648106312361,0.0052863352543126,0.00539647119658828,2.12419862973705e-05,0.000103856236455363,3.72826445389117e-09,2.84116189684754e-07
"42",2.55,1.60522684808181e-05,0.0021930733139303,0.018240852008223,0.0157742306415424,0.00546459915136653,0.00559282938722948,2.32341626719221e-05,0.00011209127807029,4.41549619686617e-09,3.26802530311836e-07
"43",2.6,1.77757573459158e-05,0.00229140692593197,0.0184192266721437,0.0161746185441055,0.00564232768753366,0.00578968242603116,2.53624885024817e-05,0.000120767432205643,5.21129983637996e-09,3.7478105344309e-07
"44",2.65,1.96388532680086e-05,0.00239130391026376,0.0185798159777016,0.0165664673866103,0.00581935157313444,0.0059868554774792,2.76326316188663e-05,0.000129895833975064,6.13002668535475e-09,4.28569293060798e-07
"45",2.7,2.16490102684027e-05,0.00249270124578877,0.0187229277919077,0.0169466367227418,0.00599550754805244,0.00618417774328479,3.0050311102163e-05,0.000139487409085879,7.18755765753824e-09,4.88721463047811e-07
"46",2.75,2.38138382682359e-05,0.00259553531229801,0.0188488988099334,0.0173175229667502,0.00617063840823001,0.00638148257849904,3.26212913772334e-05,0.000149552861278351,8.40142647770384e-09,5.55829964197729e-07
"47",2.8,2.61410956586535e-05,0.00269974199696471,0.0189580912705471,0.0176778873156636,0.00634459301498558,0.00657860759111976,3.53513762792798e-05,0.000160102660311754,9.79094937056908e-09,6.30526889184369e-07
"48",2.85,2.86386815834054e-05,0.00280525679613146,0.0190510912564025,0.0180274404023391,0.00651722628864685,0.00677539472628678,3.8246403104525e-05,0.000171147030497306,1.13773613404048e-08,7.1348552230751e-07
"49",2.9,3.13146279543585e-05,0.00291201491254895,0.019127898765622,0.0183659241954271,0.00668839918789215,0.0069716903361015,4.13122366546829e-05,0.000182695939776972,1.31839591432533e-08,8.0542183081921e-07
"50",2.95,3.41770912203769e-05,0.00301995134818544,0.0191891373764419,0.0186931109847753,0.00685797867609725,0.00716734523604803,4.45547632845267e-05,0.000194759089346253,1.52362510431722e-08,9.07095944630748e-07
"51",3,3.72343439099342e-05,0.00312900099272602,0.0192352424418257,0.0190088023406364,0.00702583767589554,0.0073622147489379,4.79798849614914e-05,0.000207345903818208,1.7562113432999e-08,1.01931362120416e-06
"52",3.05,4.04947659676762e-05,0.0032390987078805,0.0192666612038768,0.0193128280531061,0.00719185501307633,0.00755615873724847,5.15935133458831e-05,0.000220465521925174,2.01919543888083e-08,1.14292769244428e-06
"53",3.1,4.39668359049688e-05,0.00335017940761828,0.0192838505780616,0.0196050450576243,0.00735591535086779,0.00774904162467674,5.54015638999055e-05,0.000234126787753909,2.31588842155495e-08,1.27883949042669e-06
"54",3.15,4.76591217842337e-05,0.00346217813444766,0.0192872750943301,0.0198853363518246,0.00751790911557821,0.00794073240768262,5.94099500333573e-05,0.000248338242509195,2.64988930293203e-08,1.42800024882449e-06
"55",3.2,5.15802720566083e-05,0.00357503013185594,0.0192774049884883,0.0201536099085128,0.00767767486775286,0.00813110465775232,6.36245772934977e-05,0.000263108116800293,3.02510354093839e-08,1.59141247693064e-06
"56",3.25,5.57390062721593e-05,0.0036886709130257,0.0192547144371293,0.0204097975890757,0.00783523092273461,0.00832003651507158,6.80513376062378e-05,0.00027844432344412,3.4457622140418e-08,1.77013130321474e-06
"57",3.3,6.01441056815473e-05,0.00380303632594095,0.0192200593362114,0.0206538540611891,0.00799042544075198,0.00850741067425814,7.26961035754586e-05,0.000294354450778379,3.91644190525849e-08,1.96526578540032e-06
"58",3.35,6.48044037476696e-05,0.00391806261499556,0.019173152823108,0.0208857557242801,0.00814317101122831,0.00869311436276587,7.75647228469367e-05,0.000310845756477487,4.44208529539147e-08,2.17798018410423e-06
"59",3.4,6.972877658542e-05,0.00403368647921465,0.0191148560833246,0.0211054996458303,0.00829338551486796,0.00887703931253841,8.26630125430122e-05,0.000327925161863612,5.02802246361729e-08,2.40949519713961e-06
"60",3.45,7.49261333472843e-05,0.00414984512719785,0.0190456440822775,0.0213131025112504,0.00844099201435753,0.00905908172545625,8.79967537738156e-05,0.000345599246704774,5.67999289219111e-08,2.6610891516508e-06
"61",3.5,8.04054065720531e-05,0.00426647632889151,0.018965632582921,0.0215085995897411,0.00858591864155294,0.00923914223308991,9.35716862305525e-05,0.000363874244491553,6.40416817067876e-08,2.9340991513207e-06
"62",3.55,8.61755425134798e-05,0.00438351846429509,0.0188760084580905,0.0216920437182562,0.0087280984816875,0.00941712585124154,9.93935028660264e-05,0.000382756038183633,7.20717539375165e-08,3.22992217596812e-06
"63",3.6,9.22454914652307e-05,0.00450091056920494,0.0187768722882458,0.0218635043054091,0.0088674694550959,0.00959294192973022,0.000105467844667279,0.000402250156417089,8.0961212452002e-08,3.55001613093526e-06
"64",3.65,9.86241980979924e-05,0.00461859237809653,0.0186686812891084,0.0220230663569154,0.00900397419691093,0.00976650409784751,0.000111800295524926,0.000422361770163058,9.07861675943735e-08,3.89590084375225e-06
"65",3.7,0.000105320591824099,0.00473650436424447,0.0185518861174026,0.0221708295239316,0.00913755993515554,0.00993773020588744,0.000118396377203473,0.000443095689828193,1.01628027503747e-07,4.26915900565662e-06
"66",3.75,0.00011234357720452,0.0048545877771772,0.0184269301906974,0.0223069071754372,0.0092681783676191,0.0101065422631271,0.000125261544416617,0.000464456362787084,1.13573758961708e-07,4.67143705564172e-06
"67",3.8,0.000119702024412556,0.00497278467756123,0.0182941057579152,0.022431425495617,0.00939570224928918,0.010272866372616,0.000132401180011244,0.000486447871336628,1.26716154669639e-07,5.10444600480576e-06
"68",3.85,0.000127404759768014,0.00509103796960783,0.0181541303829502,0.0225445226070164,0.00952026183733793,0.010436632663106,0.000139820590263586,0.000509073931062184,1.41154106813317e-07,5.56996219887694e-06
"69",3.9,0.000135460556355163,0.00520929143109267,0.0180072753741224,0.0226463477200884,0.0096417348021389,0.0105977618201495,0.000147525000290712,0.000532337889605217,1.56992886758483e-07,6.06982801689465e-06
"70",3.95,0.00014387812473717,0.005327489741077,0.0178539498485217,0.0227370603095969,0.00976008947272762,0.0107562193003915,0.000155519549580286,0.000556242725821991,1.74344430707585e-07,6.60595250413556e-06
"71",4,0.000152666103779229,0.00544557850541664,0.017694553341314,0.0228168293182093,0.00987529802579493,0.0109119327800867,0.000163809287641276,0.000580791049322801,1.9332763113447e-07,7.18031193748408e-06
"72",4.05,0.00016183305159202,0.00556350428014296,0.0175294755167308,0.0228858323874911,0.00998733636184857,0.0110648477629607,0.000172399169778027,0.000605985100381153,2.14068633800591e-07,7.79495032155982e-06
"73",4.1,0.000171387436606601,0.00568121459279796,0.0173590959293578,0.022944255116402,0.0100961839821251,0.0112149134055907,0.000181294052989927,0.000631826750202252,2.36701140143275e-07,8.4519798140296e-06
"74",4.15,0.000181337628791323,0.00579865796180345,0.0171837838320072,0.0229922903472947,0.0102018238664439,0.0113620824381389,0.000190498691998616,0.00065831750154011,2.61366714813774e-07,9.15358107864862e-06
"75",4.2,0.000191691891020763,0.00591578391394197,0.017003898026649,0.0230301374793299,0.0103042423521793,0.0115063110840541,0.000200017735404482,0.000685458489652574,2.88215098130281e-07,9.90200356469253e-06
"76",4.25,0.000202458370606214,0.00603254300002557,0.0168197867550655,0.0230580018091382,0.0104034290145069,0.0116475589789417,0.000209855721973996,0.000713250483583578,3.17404523198823e-07,1.0699565711563e-05
"77",4.3,0.000213645090996651,0.00614888680882577,0.0166318953959851,0.0230760938984893,0.0104992617359568,0.0117857890887867,0.000220017077059196,0.000741693887761918,3.49102037442895e-07,1.15486550774668e-05
"78",4.35,0.000225259943658648,0.00626476797933679,0.0164403320624724,0.0230846289686644,0.0105919726057136,0.0119209676277027,0.000230506109150445,0.000770788743905889,3.83483828271099e-07,1.24517283911929e-05
"79",4.4,0.000237310680143159,0.00638014021144136,0.016245524126461,0.0230838263211721,0.0106814385998036,0.0120530639753699,0.000241327006563399,0.00080053473322316,4.20735552600629e-07,1.3411311526128e-05
"80",4.45,0.00024980490434655,0.00649494704541116,0.0160477771850712,0.0230739087843976,0.0107676610715716,0.0121820415189566,0.000252483834260927,0.000830931178895313,4.61052669943511e-07,1.44299993957775e-05
"81",4.5,0.000262750064972819,0.00660916678177488,0.015847386219634,0.0230551021857311,0.0108506440373054,0.0123078945087299,0.000263980530810534,0.000861977048836518,5.04640778751845e-07,1.55104557701749e-05
"82",4.55,0.000276153448203379,0.006722745133686,0.0156446356643864,0.0230276348486845,0.0109303940666475,0.0124305916052098,0.000275820905477695,0.000893670958715941,5.51715955708106e-07,1.66554130126873e-05
"83",4.6,0.000290022170580344,0.00683564012156438,0.0154397994962688,0.0229917371144721,0.0110069201750069,0.0125501140231857,0.000288008635455294,0.000926011175233494,6.02505097636694e-07,1.78676717368415e-05
"84",4.65,0.00030436317210873,0.00694781085838901,0.0152331413437655,0.0229476408875035,0.0110802337180322,0.0126664457304575,0.000300547263229246,0.000958995619638701,6.57246265703578e-07,1.91501003829165e-05
"85",4.7,0.000319183209582563,0.00705921755213567,0.0150249146128589,0.0228955792042134,0.011150348288196,0.0127795733662119,0.00031344019408021,0.000992606382033115,7.16189031561892e-07,2.05056347141657e-05
"86",4.75,0.000334488850139375,0.00716982150705138,0.0148153626282924,0.0228357858246332,0.0112172796135341,0.0128894861599379,0.000326690693721121,0.00102687105410448,7.79594825092794e-07,2.19372772326488e-05
"87",4.8,0.00035028646504716,0.00727958512382087,0.0146047187884574,0.0227684948460957,0.0112810454585755,0.0129961758509711,0.000340301886070185,0.00106177166818032,8.47737283382966e-07,2.34480965147703e-05
"88",4.85,0.000366582223727397,0.0073884718986777,0.0143932067323325,0.022693940338449,0.0113416655274907,0.013099636608745,0.000354276751158798,0.0010973048033619,9.20902600572424e-07,2.50412264667345e-05
"89",4.9,0.000383382088017318,0.0074964464215118,0.0141810405170078,0.0226123560001486,0.0113991613694817,0.0131998546520125,0.000368618123173733,0.00113346671419856,9.99389878199375e-07,2.67198655002389e-05
"90",4.95,0.000400691806674204,0.00760347437302282,0.013968424804432,0.0225239748345913,0.0114535562864286,0.013296850533638,0.000383328688632825,0.00117025333545609,1.08351147566214e-06,2.84872756288413e-05
"91",5,0.000418516910124067,0.00770952252096786,0.0137555550561163,0.022429028846046,0.011504875242805,0.0133906137681831,0.000398410984693251,0.0012076602870597,1.17359336041222e-06,3.03467814855409e-05
"92",5.05,0.000436862705456655,0.00781455871554972,0.0135426177346161,0.0223277487545424,0.0115531447778663,0.0134811474642245,0.000413867397591393,0.00124568287920226,1.26997545748693e-06,3.23017692622212e-05
"93",5.1,0.000455734271668417,0.00791855188399113,0.0133297905107042,0.0222203637290717,0.0115983929201134,0.013568456774739,0.000429700161213169,0.00128431611760882,1.373011997985e-06,3.43556855717102e-05
"94",5.15,0.000475136455154572,0.00802147202433809,0.0131173876264125,0.022107101138461,0.0116406491040274,0.0136525488229531,0.000445911355793604,0.00132355470894844,1.48307186608411e-06,3.65120362333066e-05
"95",5.2,0.000495073865451196,0.0081232901985349,0.0129052747324842,0.0219881863192856,0.0116799440890694,0.0137334326292993,0.000462502906744329,0.00136339306638453,1.6005389441953e-06,3.8774384982731e-05
"96",5.25,0.00051555087122777,0.00822397852481105,0.0126937544596199,0.0218638423601878,0.0117163098809328,0.0138111190395169,0.000479476583607595,0.00140382531525511,1.72581245584567e-06,4.11463521075474e-05
"97",5.3,0.0005365715965304,0.00832351016941963,0.0124829714622072,0.0217342899019807,0.0117497796550365,0.0138856116315618,0.000496833999135288,0.00144484529887457,1.85930730587813e-06,4.36316130091996e-05
"98",5.35,0.000558139917275526,0.0084218593377649,0.0122730626912052,0.0215997669358467,0.0117803876822396,0.0139569448366851,0.000514576608491396,0.00148644658444864,2.00145441755428e-06,4.62338966928973e-05
"99",5.4,0.000580259457993643,0.0085190012649558,0.0120641576168497,0.0214604479692135,0.0118081692567596,0.0140251233969264,0.000532705708576236,0.00152862246909441,2.15270106614505e-06,4.89569841866732e-05
"100",5.45,0.000602933588822292,0.00861491220582062,0.0118563784514596,0.0213165659876145,0.0118331606262712,0.0140901647637483,0.000551222437470725,0.00157136598595758,2.31351120859216e-06,5.18047068910176e-05
"101",5.5,0.000626165422747218,0.00870956942441676,0.0116498403717874,0.0211683301353826,0.011855398924161,0.0141520878726542,0.000570127773998895,0.00161466991041903,2.48436580882287e-06,5.47809448605795e-05
"102",5.55,0.000649957813090392,0.00880295118306869,0.0114446517404095,0.0210159463251078,0.0118749221039124,0.0142109130787115,0.000589422537406787,0.00165852676638329,2.66576315830038e-06,5.7889625019503e-05
"103",5.6,0.000674313351243271,0.00889503673096534,0.0112409143256976,0.0208596171198832,0.0118917688755917,0.0142666620933732,0.000609107387155785,0.00170292883264138,2.85821919139251e-06,6.11347193120381e-05
"104",5.65,0.000699234364643455,0.00898580629234776,0.0110387235199559,0.0206995416272515,0.0119059786444066,0.0143193562429899,0.000629182822828439,0.00174786814930082,3.0622677951421e-06,6.45202427901448e-05
"105",5.7,0.000724722914992625,0.00907524105431613,0.01083816855535,0.0205359154043169,0.0119175914513038,0.0143690269984002,0.000649649184144715,0.00179333652427582,3.27846111302437e-06,6.80502516398718e-05
"106",5.75,0.000750780796713442,0.00916332315428445,0.0106393327172932,0.0203689303735007,0.0119266479155761,0.0144156941494889,0.000670506651086614,0.00183932553983063,3.50736984227792e-06,7.17288411483602e-05
"107",5.8,0.000777409535642848,0.00925003566711002,0.0104422935549879,0.0201987747484326,0.0119331891794422,0.0144593842272443,0.000691755244129016,0.00188582655916953,3.74958352439901e-06,7.55601436133825e-05
"108",5.85,0.000804610387959023,0.00933536259192401,0.0102471230888583,0.0200256329694848,0.0119372568545675,0.0145001248229989,0.000713394824574619,0.0019328307330668,4.00571082839151e-06,7.95483261973884e-05
"109",5.9,0.000832384339339017,0.00941928883868794,0.0100538880146352,0.0198496856484679,0.0119388929704877,0.0145379445331738,0.000735425094990727,0.00198032900653035,4.27637982636849e-06,8.36975887280832e-05
"110",5.95,0.00086073210434394,0.00950180021450046,0.0098626499038889,0.0196711095220224,0.0119381399249011,0.0145728729053459,0.000757845599745699,0.00202831212549294,4.56223826110556e-06,8.80121614476156e-05
"111",6,0.000889654126028356,0.00958288340967753,0.00967366167012695,0.0194900774132569,0.0119350404357925,0.0146049658524933,0.000780655725642763,0.0020767706435248,4.86395380515029e-06,9.24963027124997e-05
"112",6.05,0.000919150575770425,0.00966252598362821,0.00948657602522951,0.0193067582011923,0.0119296374953502,0.0146342108703125,0.000803854702648924,0.0021256949285621,5.18221431109749e-06,9.71542966464466e-05
"113",6.1,0.000949221353319114,0.0097407163505475,0.00930164345858001,0.0191213167975912,0.01192197432564,0.0146606582352378,0.000827441604716651,0.00217507516964534,5.51772805264523e-06,0.000101990450748316
"114",6.15,0.000979866087054719,0.00981744376494659,0.00911890696963718,0.0189339300679713,0.0119120943359979,0.0146843407859354,0.000851415350695997,0.00222490138366236,5.87122395605261e-06,0.000107009093457435
"115",6.2,0.00101108413445874,0.00989269830704041,0.00893840537752828,0.0187447225068476,0.0118999498990381,0.0147052920623423,0.000875774705334816,0.0022751634220907,6.2434518216267e-06,0.000112214571678582
"116",6.25,0.00104287458278907,0.0099664708680109,0.00876017349729675,0.0185538635746131,0.0118857635059472,0.0147235462595237,0.000900518280364723,0.00232585097773401,6.63518253487305e-06,0.000117611248268942
"117",6.3,0.00107523624995631,0.0100387348837085,0.00858424231179428,0.0183615022154962,0.0118694913460563,0.0147391381827951,0.000925644535670376,0.00237695359144768,7.0472082669511e-06,0.000123203499489381
"118",6.35,0.00110816768559696,0.0101095195685498,0.00841063913917617,0.0181677833875445,0.0118511771841298,0.0147521032040956,0.000951151780539756,0.00242846065884887,7.48034266408396e-06,0.00012899571242242
"119",6.4,0.00114166717233901,0.0101787996666479,0.00823938779597242,0.0179728480756507,0.0118308647835417,0.0147624772195997,0.000977038174993005,0.00248036143700626,7.93542102558004e-06,0.000134992282359291
"120",6.45,0.00117573272725565,0.0102465691636536,0.00807050875572047,0.017776833309387,0.0118085978731822,0.0147702966085525,0.00100330173118744,0.00253264505110511,8.41330047013231e-06,0.000141197610158488
"121",6.5,0.00121036210350223,0.0103128227812466,0.00790401930315696,0.0175798721853293,0.011784420115816,0.0147755981933124,0.00102994031489638,0.00258530050108325,8.91486009007036e-06,0.000147616099578246
"122",6.55,0.00124555279213219,0.0103775559620073,0.00773993368397666,0.0173820938935725,0.0117583750778544,0.0147782666708063,0.00105695164705929,0.0026383166682339,9.44100109324917e-06,0.000154252154585378
"123",6.6,0.00128130202408701,0.0104407648542747,0.00757826325017646,0.0171836237481429,0.0117305062005052,0.0147786034345805,0.00108433330540101,0.00269168232177134,9.99264693226864e-06,0.000161110176642923
"124",6.65,0.00131760677235545,0.0105024462970043,0.00741901660101171,0.0169845832210309,0.0117008567722618,0.0147765674349201,0.00111208272611751,0.0027453861253555,1.05707434207278e-05,0.000168194561979058
"125",6.7,0.00135446375429738,0.0105625978046385,0.00726219971959927,0.0167850899795768,0.0116694699026969,0.0147721648439257,0.0011401972056259,0.00279939362545659,1.11762588362277e-05,0.000175509698839726
"126",6.75,0.00139186943412728,0.0106212175520006,0.0071078161052097,0.0165852579269543,0.0116363884975227,0.0147654705636595,0.00116867390237628,0.00285373878791831,1.18101840098477e-05,0.000183059964727443
"127",6.8,0.00142982002555245,0.010678304359225,0.00695586690129727,0.0163851972455066,0.0116016552348834,0.0147564514578668,0.00119750983872304,0.00290838751733961,1.24735324018315e-05,0.000190849723628733
"128",6.85,0.00146831149456109,0.0107338576767327,0.00680635101932195,0.0161850144427031,0.0115653125428435,0.014745181811045,0.0012267019028534,0.0029633281195805,1.31673401632295e-05,0.000198883323232642
"129",6.9,0.00150733956235526,0.010787877570264,0.0066592652584233,0.0159848123994916,0.0115274025780381,0.0147317006897933,0.00125624685077059,0.00301854882683336,1.38926661832557e-05,0.000207165092142769
"130",6.95,0.00154689970842378,0.0108403647059766,0.00651460442101011,0.0157846904208351,0.0114879672054504,0.0147160472957226,0.00128614130832966,0.00307403780382904,1.46505921221307e-05,0.00021569933708524
"131",7,0.00158698717375004,0.0108913203356194,0.00637236142433436,0.0155847442882298,0.0114470479792826,0.0146982609366407,0.00131638177332332,0.00312978315397918,1.54422224291912e-05,0.000224490340115049
"132",7.05,0.00162759696414973,0.01094074628179,0.00623252740812077,0.0153850663140096,0.0114046861248868,0.014678380998749,0.00134696461761579,0.00318577292545199,1.62686843460625e-05,0.000233542355823153
"133",7.1,0.0016687238537336,0.0109886449232843,0.00609509183832696,0.0151857653753921,0.0113609225217244,0.0146564469198313,0.00137788608932223,0.0032419951171791,1.71311278946996e-05,0.00024285960854671
"134",7.15,0.00171036238849011,0.0110350191805461,0.00596004260711135,0.0149868863448694,0.0113157976873191,0.0146324981634142,0.0014091423150315,0.00329843768479082,1.80307258501168e-05,0.000252446289584817
"135",7.2,0.00175250688998312,0.011079872501224,0.00582736612908844,0.0147885321845798,0.0112693517621761,0.0146065741938814,0.00144072930207014,0.0033550885464777,1.89686736976389e-05,0.000262306554422077
"136",7.25,0.0017951514591596,0.0111232088458418,0.00569704743395255,0.0145907819020865,0.0112216244956318,0.0145787144525193,0.0014726429408053,0.00341193558877612,1.99461895745183e-05,0.00027244451996232
"137",7.3,0.00183828998026241,0.0111650326735902,0.00556907025555281,0.0143937113280188,0.0111726552326075,0.0145489583344787,0.00150487900698445,0.00346896667227585,2.09645141957777e-05,0.000282864261774745
"138",7.35,0.00188191612484331,0.0112053489282452,0.0054434171175034,0.0141973931775476,0.0111224829012356,0.0145173451666278,0.00153743316410971,0.00352616963724771,2.20249107641483e-05,0.000293569811354743
"139",7.4,0.0019260233558712,0.0112441630242176,0.00532006941541349,0.0140018971125408,0.0110711460013283,0.0144840043981286,0.00157030096584477,0.00358353230918943,2.31286648639918e-05,0.000304565153401623
"140",7.45,0.00197060493193079,0.0112814808327423,0.00519900749582239,0.0138072898042714,0.0110186825936623,0.0144487961310966,0.00160347785845215,0.00364104250428803,2.42770843391001e-05,0.000315854223115422
"141",7.5,0.00201565391150696,0.0113173086682083,0.00508021073192522,0.0136136349965594,0.0109651302900496,0.0144118481176941,0.00163695918325889,0.00369868803479719,2.54714991542903e-05,0.000327440903514962
"142",7.55,0.00206116315734983,0.0113516532746374,0.00496365759617512,0.013420993569234,0.0109105262441683,0.0143731992083321,0.00167074017914859,0.00375645671432802,2.67132612407158e-05,0.000339329022779249
"143",7.6,0.00210712534091602,0.0113845218123138,0.00484932572984718,0.0132294236018095,0.0108549071431256,0.0143328880871506,0.00170481598507769,0.00381433636305193,2.80037443248359e-05,0.000351522351614313
"144",7.65,0.00215353294688131,0.0114158990685374,0.0047371920096497,0.0130389804372759,0.010798309199728,0.0142909532548292,0.00173918164261421,0.00387231481281429,2.93443437409963e-05,0.000364024600647499
"145",7.7,0.00220037827772002,0.0114458391485435,0.00462723261146737,0.0128497167459092,0.0107407681454313,0.0142474330121582,0.00177383209849684,0.00393037991215771,3.07364762275866e-05,0.000376839417851223
"146",7.75,0.00224765345834665,0.01147432700729,0.00451942307132057,0.0126616825890134,0.0106823192239482,0.01420236544435,0.00180876220721255,0.00398851953125387,3.21815797067561e-05,0.000389970385998124
"147",7.8,0.00229535044081514,0.0115013713393505,0.00441373834362431,0.0124749254825119,0.0106229971854857,0.0141557884060737,0.00184396673359085,0.00404672156674296,3.36811130476824e-05,0.000403421020149528
"148",7.85,0.00234346100907133,0.0115269811911203,0.0043101528568292,0.0122894904603104,0.010562836281592,0.0141077395071934,0.00187944035541283,0.00410497394647972,3.52365558133998e-05,0.000417194765179073
"149",7.9,0.00239197678375428,0.0115511659484305,0.00420864056652606,0.0121054201373595,0.0105018702605864,0.0140582560991931,0.00191517766603312,0.00416326463418549,3.68494079912097e-05,0.000431294993333317
"150",7.95,0.00244088922704194,0.0115739353243353,0.00410917500609451,0.0119227547723496,0.0104401323635525,0.0140073752622695,0.00195117317701317,0.00422158163400533,3.85211897067097e-05,0.000445725001831066
"151",8,0.0024901896475371,0.0115952993470754,0.00401172933497495,0.0117415323299751,0.0103776553208708,0.0139551337930762,0.00198742132076383,0.00427991299496976,4.02534409214863e-05,0.000460488010503163
"152",8.05,0.00253986920518921,0.0116152683482195,0.00391627638464164,0.0115617885427101,0.0103144713492694,0.0139015681931,0.00202391645319585,0.00433824681536056,4.20477211145394e-05,0.000475587159474385
"153",8.1,0.0025899189162482,0.0116338529509845,0.00382278870235381,0.011383556972042,0.0102506121493728,0.0138467146576546,0.00206065285637632,0.00439657124698012,4.39056089475079e-05,0.000491025506889046
"154",8.15,0.00264032965824589,0.0116510640587372,0.00373123859275979,0.0112068930520243,0.0101861089037281,0.0137905036445707,0.00209762474118962,0.00445487449932391,4.58287019137909e-05,0.000506806026681887
"155",8.2,0.00269109217500134,0.0116669128436773,0.00364159815742817,0.0110317773598271,0.0101209922752875,0.0137331809353439,0.0021348262500012,0.00451314484365602,4.78186159716634e-05,0.000522931606395743
"156",8.25,0.00274219708164603,0.0116814107357044,0.00355383933237817,0.010858262175012,0.0100552924063303,0.0136746769831134,0.00217225145932267,0.00457137061698722,4.98769851615031e-05,0.000539405045047434
"157",8.3,0.00279363486966501,0.0116945694114688,0.00346793392368013,0.0106863729740433,0.00998903891780347,0.013615026659217,0.00220989438247652,0.00462954022595563,5.20054612072553e-05,0.000556229051043285
"158",8.35,0.0028453959119505,0.0117064007836063,0.00338385364119528,0.0105161333588387,0.00992226090906348,0.0135542644824454,0.00224774897225922,0.00468764215060974,5.42057131022782e-05,0.00057340624014561
"159",8.4,0.00289747046786392,0.0117169169901595,0.00330157013052248,0.0103475651138318,0.00985498695800194,0.0134924246113851,0.00228580912360108,0.00474566494809402,5.64794266797225e-05,0.000590939133491454
"160",8.45,0.00294984868830305,0.0117261303841834,0.00322105500321817,0.0101806882622192,0.0097872451215374,0.013429540837264,0.00232406867622139,0.00480359725623676,5.8828304167608e-05,0.000608830155664809
"161",8.5,0.00300252062077062,0.011734053523538,0.00314227986535375,0.0100155211213658,0.00971906293645677,0.0133655923812088,0.00236252141727765,0.00486142779704069,6.125406372878e-05,0.000627081632823489
"162",8.55,0.00305547621444098,0.0117406991608659,0.00306521634447352,0.00985208035734597,0.00965046742059028,0.0133007205894197,0.00240116108400738,0.00491914538007626,6.37584389859314e-05,0.000645695790881776
"163",8.6,0.00310870532522148,0.0117460551140196,0.00298983611501432,0.00969038103859869,0.00958148507430417,0.0132349040174128,0.00243998136636122,0.0049767389057779,6.63431785318949e-05,0.000664674753749895
"164",8.65,0.00316219772080524,0.0117501859134466,0.00291611092224646,0.00953043668867901,0.00951214188229583,0.0131681749245162,0.00247897590962618,0.00503419736864357,6.90100454254215e-05,0.000684020541631353
"165",8.7,0.00321594308571222,0.0117530785341577,0.00284401260479422,0.00937225933809032,0.0094424633156768,0.0131005651739539,0.00251813831703745,0.00509150986033792,7.17608166726616e-05,0.000703735069379013
"166",8.75,0.00326993102631541,0.0117547464111256,0.00277351311579212,0.00921585957518302,0.00937247433432907,0.0130321062283995,0.00255746215237809,0.00514866557269941,7.45972826945965e-05,0.000723820144910893
"167",8.8,0.00332415107584915,0.0117552031267849,0.0027045845427319,0.00906124659610851,0.00930219938952103,0.0129628291459332,0.00259694094256486,0.00520565380065194,7.75212467806591e-05,0.00074427746768645
"168",8.85,0.00337859269939663,0.0117544624021191,0.00263719912605357,0.00890842825381892,0.00923166242676944,0.0128927645763868,0.00263656818021949,0.00526246394502137,8.05345245288045e-05,0.000765108627244148
"169",8.9,0.00343324529885374,0.0117525380879306,0.00257132927653212,0.00875741110610458,0.00916088688893456,0.0128219427580662,0.00267633732622404,0.00531908551525751,8.36389432722997e-05,0.000786315101801052
"170",8.95,0.00348809821786653,0.0117494441562918,0.0025069475915102,0.0086082004626638,0.00908989571953582,0.0127503935148368,0.00271624181225939,0.00537550813206221,8.6836341493508e-05,0.000807898256915066
"171",9,0.00354314074673949,0.0117451946921777,0.00244402687002526,0.00846080043120024,0.00901871136627572,0.0126781462535605,0.00275627504332574,0.0054317215299241,9.01285682249601e-05,0.000829859344210477
"172",9.05,0.00359836212731222,0.0117398038852782,0.00238254012687845,0.00831521396254524,0.00894735578476028,0.0126052299618712,0.00279643040024428,0.00548771555956068,9.35174824380076e-05,0.000852199500167316
"173",9.1,0.00365375155780182,0.0117332860219883,0.00232246060569087,0.0081714428948043,0.0088758504424048,0.0125316732062777,0.00283670124213885,0.0055434801902685,9.70049524193658e-05,0.000874919744975054
"174",9.15,0.00370929819760867,0.0117256554775768,0.00226376179099145,0.00802948799652725,0.00880421632251349,0.0124575041305824,0.00287708090889678,0.00559900551218212,0.000100592855135864,0.000898020981451077
"175",9.2,0.00376499117208319,0.0117169267085299,0.00220641741937905,0.00788934900890397,0.0087324739285228,0.0123827504546038,0.0029175627236081,0.00565428173844263,0.000104283075587725,0.000921503994024302
"176",9.25,0.0038208195772514,0.0117071142450706,0.00215040148980055,0.00775102468698816,0.00866064328839787,0.0123074394731914,0.00295813999498198,0.00570929920727663,0.000108077506150713,0.000945369447784307
"177",9.3,0.00387677248449701,0.0116962326838502,0.00209568827298446,0.0076145405335785,0.00858874395917233,0.0122315980555244,0.00299880601973993,0.00576404838398634,0.000111978045907486,0.000969617887596227
"178",9.35,0.00393283894519797,0.0116842966808126,0.00204225232006906,0.00747983707680203,0.00851679503162178,0.0121552526446801,0.00303955408498457,0.00581851986285196,0.000115986599968502,0.000994249737281653
"179",9.4,0.00398900799531546,0.0116713209442278,0.00199006847046228,0.00734693906556291,0.00844481513506176,0.0120784292574647,0.00308037747054359,0.00587270436894692,0.000120105078782846,0.00101926529886571
"180",9.45,0.00404526865993348,0.0116573202278946,0.0019391118589693,0.0072158417022448,0.00837282244226132,0.0120011534844947,0.00312126945128778,0.00592659275986724,0.00012433539743932,0.00104466475189042
"181",9.5,0.00410160995774695,0.0116423093245097,0.00188935792222279,0.00708653939483252,0.00830083467446358,0.0119234504905201,0.00316222329942279,0.00598014979425276,0.000128679474958198,0.0010704481527945
"182",9.55,0.00415802090549681,0.0116263030592025,0.00184078240444921,0.00695902579241702,0.00822886910650502,0.0118453450149782,0.00320323228675363,0.00603341877355225,0.000133139233573992,0.00109661543435943
"183",9.6,0.00421449052235019,0.0116093162832325,0.00179336136260354,0.00683329381977451,0.00815694257202548,0.0117668613727708,0.00324428968692153,0.00608636502293603,0.00013771659800964,0.00112316640522206
"184",9.65,0.00427100783422421,0.0115913638678487,0.00174707117090376,0.00670933571102947,0.00808507146876127,0.0116880234552537,0.00328538877761228,0.00613897994577185,0.000142413494742481,0.00115010074945338
"185",9.7,0.00432756187805174,0.0115724606983088,0.00170188852479478,0.00658714304241164,0.00801327176391407,0.0116088547314312,0.00332652284273574,0.0061912550853397,0.00014723185126243,0.00117741802620349
"186",9.75,0.00438414170598767,0.0115526216680562,0.00165779044437114,0.00646670676411814,0.00794155899958823,0.0115293782493448,0.00336768517457574,0.00624318212606575,0.000152173595322753,0.00120511766941262
"187",9.8,0.00444073638955432,0.0115318616730525,0.00161475427728592,0.00634801723129192,0.00786994829829004,0.011449616637651,0.00340886907590997,0.00629475289467748,0.000157240654183831,0.0012331989875879
"188",9.85,0.00449733502372472,0.0115101956062646,0.00157275770117295,0.00623106423412848,0.00779845436848211,0.0113695921073759,0.00345006786209931,0.00634595936128102,0.000162434953850343,0.00126166116364563
"189",9.9,0.00455392673094232,0.0114876383523034,0.00153177872560783,0.00611583702712298,0.00772709151018669,0.011289326453842,0.0034912748631462,0.0063967936403619,0.000167758418302268,0.00129050325481882
"190",9.95,0.00461050066507616,0.0114642047822126,0.00149179569363268,0.00600232435747058,0.00765587362063185,0.0112088410587577,0.00353248342572142,0.00644724799171026,0.000173212968720134,0.00131972419262958
"191",10,0.00466704601531029,0.011439909748406,0.00145278728286825,0.00589051449263275,0.00758481419993469,0.0111281568924621,0.00357368691515911,0.00649731482127176,0.000178800522704916,0.00134932278292593
"192",10.05,0.00472355200996635,0.0114147680797498,0.0014147325062364,0.00578039524708278,0.00751392635681607,0.011047294516318,0.00361487871741954,0.0065469866819253,0.000184522993493053,0.00137929770598279
"193",10.1,0.00478000792025849,0.0113887945767898,0.00137761071231472,0.00567195400824441,0.00744322281434151,0.0109662740852461,0.00365605224101911,0.00659625627418868,0.000190382289166941,0.00140964751666641
"194",10.15,0.00483640306397955,0.0113620040071203,0.00134140158534448,0.00556517776163668,0.00737271591568304,0.0108851153503928,0.00369720091892754,0.00664511644685346,0.000196380311861403,0.00144037064466188
"195",10.2,0.00489272680911776,0.0113344111008923,0.00130608514491191,0.00546005311523929,0.00730241762989724,0.0108038376619254,0.00373831821043167,0.00669356019755022,0.000202518956966526,0.00147146539476326
"196",10.25,0.00494896857740317,0.0113060305464598,0.00127164174532244,0.00535656632309264,0.00723233955771476,0.010722459971948,0.00377939760296575,0.00674158067324523,0.000208800112327308,0.00150292994722548
"197",10.3,0.00500511784778311,0.0112768667123031,0.00123805207468616,0.00525470330814645,0.00716249293733675,0.0106410008375314,0.00382043261390787,0.00678917117067006,0.000215225657440561,0.00153476235817764
"198",10.35,0.00506116415982594,0.0112469538755642,0.0012052971537325,0.00515444968437151,0.00709288865023401,0.0105594784238515,0.00386141679234232,0.00683632513668498,0.000221797462649489,0.0015669605600969
"199",10.4,0.0051170971170526,0.011216297174831,0.00117335833437104,0.0050557907781488,0.00702353722694471,0.010477910507429,0.00390234372078767,0.00688303616857767,0.000228517388336402,0.00159952236234234
"200",10.45,0.00517290639019547,0.0111849110904643,0.00114221729801482,0.00495871164895066,0.00695444885286691,0.0103963144794664,0.00394320701689035,0.00692929801429826,0.000235387284113983,0.00163244545174802
"201",10.5,0.00522858172038384,0.0111528100412469,0.00111185605368157,0.00486319710932815,0.00688563337404185,0.0103147073492741,0.00398400033508354,0.00697510457263199,0.000242408988015554,0.00166572739327446
"202",10.55,0.00528411292225586,0.0111200083808127,0.00108225693588807,0.00476923174421937,0.00681710030292484,0.0102331057477833,0.00402471736821136,0.00702044989331078,0.000249584325684795,0.00169936563071793
"203",10.6,0.00533948988699641,0.0110865203941982,0.00105340260235158,0.00467682970047115,0.00674885882414016,0.0101515259311368,0.00406535184911798,0.00706532817706471,0.000256915109565319,0.00173335748747636
"204",10.65,0.00539470258530068,0.0110523602945156,0.00102527603151216,0.00458591456399815,0.00668091780021669,0.0100699837843559,0.00410589755220174,0.00710973377561502,0.000264403138090583,0.00176770016737148
"205",10.7,0.00544974107026314,0.011017542219744,0.000997860519888813,0.00449650121066731,0.00661328577730142,0.00998849482507627,0.00414634829493422,0.00715366119160946,0.000272050194874539,0.00180239075552597
"206",10.75,0.00550459548019182,0.0109820802296377,0.000971139679281858,0.00440857349378758,0.00654597099084785,0.00990707420734832,0.00418669793934396,0.00719710507850143,0.000279858047903473,0.0018374262192948
"207",10.8,0.00555925604134758,0.0109459883027494,0.000945097433833418,0.00432211512595099,0.00647911314707553,0.00982573672549823,0.004226940393465,0.00724006024037412,0.000287828448729473,0.00187280340924998
"208",10.85,0.00561371307060843,0.0109092803335652,0.000919718016957277,0.00423710969456809,0.00641245523978349,0.00974449681804422,0.00426706961275017,0.00728252163171084,0.000295963131665938,0.00190851906021756
"209",10.9,0.00566795697805874,0.010871970129751,0.000894985968148892,0.00415354067682449,0.006346137462106,0.00966336857166418,0.004307079601449,0.00732448435711274,0.000304263812985579,0.00194456979236605
"210",10.95,0.00572197826950338,0.0108340714095064,0.000870886129685812,0.00407139145407259,0.00628016686352148,0.00958236572521009,0.00434696441395044,0.00736594367096515,0.000312732190121324,0.00198095211234519
"211",11,0.00577576754890684,0.0107955977990261,0.000847403643228266,0.00399064532567239,0.00621455021077466,0.0095015016737655,0.00438671815609019,0.00740689497705381,0.000321369940870563,0.00201766241447411
"212",11.05,0.00582931552075744,0.0107565628300643,0.000824523946329214,0.00391128552229492,0.00614929399336146,0.00942078947274184,0.00442633498642297,0.00744733382813213,0.00033017872260314,0.00205469698197773
"213",11.1,0.00588261299235659,0.0107169799376025,0.000802232768862679,0.00383329521870207,0.00608440442897229,0.00934024184200986,0.00446580911745946,0.00748725592544066,0.000339160171473532,0.00209205198827056
"214",11.15,0.00593565087603356,0.0106768624576171,0.000780516129378785,0.00375665754601617,0.00601988746889196,0.00925987117006251,0.00450513481686827,0.00752665711818004,0.000348315901637599,0.00212972349828655
"215",11.2,0.00598842019128571,0.0106362236249457,0.000759360331393453,0.00368135560349255,0.00595574880335459,0.00917968951820571,0.00454430640864282,0.00756553340293862,0.000357647504474354,0.00216770746985412
"216",11.25,0.00604091206684454,0.0105950765712487,0.000738751959620337,0.00360737246980827,0.0058919938668517,0.00909970862477358,0.00458331827423339,0.00760388092307585,0.000367156547813121,0.00220599975511514
"217",11.3,0.0060931177426679,0.0105534343230669,0.000718677876152175,0.00353469121387976,0.00582862784339202,0.00901993990936478,0.00462216485364435,0.00764169596806268,0.000376844575166517,0.00224459610198684
"218",11.35,0.00614502857185856,0.0105113097999698,0.000699125216598373,0.0034632949052224,0.00576565567171181,0.00894039447709682,0.00466084064649672,0.00767897497278013,0.000386713104969624,0.00228349215566539
"219",11.4,0.00619663602250958,0.0104687158127955,0.000680081386185254,0.00339316662386433,0.00570308205043402,0.00886108312287529,0.00469934021305635,0.00771571451677722,0.00039676362982578,0.00232268346017011
"220",11.45,0.00624793167947689,0.010425665061979,0.000661534055825096,0.00332428946982697,0.00564091144317539,0.00878201633567506,0.0047376581752276,0.00775191132348928,0.000406997615759346,0.0023621654599271
"221",11.5,0.00629890724607946,0.0103821701359661,0.000643471158159716,0.00325664657218454,0.00557914808360019,0.00870320430283045,0.00477578921751295,0.00778756225941804,0.000417416501475845,0.00240193350139113
"222",11.55,0.00634955454572754,0.0103382435097138,0.000625880883584053,0.00319022109771427,0.00551779598041949,0.00862465691433192,0.00481372808793865,0.00782266433327432,0.000428021697629858,0.00244198283470468
"223",11.6,0.00639986552347947,0.0102938975432723,0.000608751676254944,0.00312499625914944,0.00545685892233533,0.00854638376712641,0.00485146959894657,0.00785721469508467,0.000438814586101028,0.00248230861539272
"224",11.65,0.00644983224752759,0.0102491444804482,0.000592072230089871,0.00306095532304648,0.00539634048292841,0.00846839416941891,0.00488900862825241,0.00789121063526303,0.000449796519278563,0.00252290590609242
"225",11.7,0.00649944691061374,0.0102039964475475,0.00057583148476035,0.00299808161727781,0.00533624402548896,0.00839069714497278,0.00492634011967072,0.00792464958364843,0.000460968819354581,0.00256376967831615
"226",11.75,0.00654870183137505,0.0101584654521956,0.000560018621684217,0.00293635853816136,0.00527657270778981,0.00831330143740661,0.00496345908390665,0.00795752910850992,0.000472332777626651,0.00260489481424693
"227",11.8,0.00659758945562048,0.0101125633822328,0.000544623060020886,0.00287576955723778,0.00521732948680102,0.00823621551448521,0.00500036059931493,0.00798984691551974,0.00048388965380989,0.00264627610856492
"228",11.85,0.00664610235753888,0.0100663020046843,0.000529634452673389,0.00281629822770623,0.00515851712334561,0.00815944757240275,0.00503703981262625,0.0080216008466959,0.000495640675358943,0.00268790827030373
"229",11.9,0.00669423324083905,0.0100196929648016,0.00051504268230078,0.00275792819052905,0.0051001381866957,0.00808300554005588,0.00507349193964118,0.00805278887931505,0.000507587036800189,0.00272978592473552
"230",11.95,0.00674197493982272,0.00997274778517491,0.00050083785734425,0.00270064318021587,0.00504219505910877,0.00800689708330498,0.00510971226589211,0.00808340912479693,0.000519729899074491,0.00277190361528336
"231",12,0.00678932042039092,0.00992547786491378,0.000487010308070087,0.00264442703029703,0.00498468994030348,0.00793112960922153,0.00514569614727341,0.00811345982756121,0.000532070388890823,0.00281425580545999
"232",12.05,0.00683626278098457,0.00987789447889523,0.000473550582632425,0.00258926367849656,0.00492762485187483,0.00785571027031994,0.00518143901064,0.00814293936385789,0.000544609598091076,0.00285683688083143
"233",12.1,0.00688279525346004,0.00983000877707691,0.000460449443158514,0.002535137171614,0.00487100164164836,0.00778064596877202,0.00521693635437476,0.0081718462405722,0.000557348583026347,0.00289964115100448
"234",12.15,0.0069289112039004,0.00978183178387422,0.000447697861859057,0.0024820316701249,0.00481482198797311,0.00770594336060252,0.00525218374892507,0.00820017909400503,0.000570288363945021,0.00294266285163668
"235",12.2,0.0069746041333632,0.00973337439759946,0.000435287017165983,0.00242993145250906,0.00475908740395316,0.00763160885986409,0.00528717683730871,0.00822793668862986,0.000583429924392923,0.0029858961464677
"236",12.25,0.00701986767856544,0.00968464738996153,0.000423208289899877,0.00237882091931573,0.00470379924161769,0.00755764864279035,0.00532191133558958,0.00825511791582721,0.000596774210625832,0.00302933512937079
"237",12.3,0.00706469561250675,0.00963566140562474,0.000411453259469084,0.00232868459697453,0.00464895869602945,0.00748406865192542,0.00535638303332335,0.00828172179259741,0.000610322131034621,0.00307297382642319
"238",12.35,0.00710908184503142,0.00958642696182481,0.000400013700102379,0.00227950714136076,0.00459456680933157,0.00741087460022874,0.0053905877939737,0.00830774746025293,0.000624074555583303,0.00311680619799423
"239",12.4,0.00715302042333019,0.00953695444804106,0.00038888157711694,0.00223127334112366,0.00454062447473269,0.00733807197515391,0.00542452155529914,0.00833319418309088,0.000638032315260227,0.00316082614084998
"240",12.45,0.00719650553238275,0.00948725412572281,0.000378049043223223,0.00218396812078575,0.00448713244043055,0.00726566604270006,0.00545818032971102,0.00835806134704685,0.000652196201542692,0.00320502749027317
"241",12.5,0.00723953149534165,0.00943733612806876,0.000367508434868195,0.00213757654362139,0.00443409131347409,0.0071936618514351,0.00549156020460291,0.00838234845833077,0.000666566965875194,0.00324940402219724
"242",12.55,0.0072820927738586,0.00938721045985796,0.000357252268618275,0.00209208381432241,0.00438150156356408,0.00712206423648922,0.00552465734265188,0.00840605514204601,0.000681145319161569,0.00329394945535342
"243",12.6,0.00732418396835404,0.00933688699733067,0.000347273237583168,0.00204747528145843,0.0043293635267926,0.00705087782351803,0.00555746798209186,0.00842918114079217,0.000695931931271245,0.00333865745342947
"244",12.65,0.00736579981823092,0.00928637548811793,0.000337564207881735,0.00200373643973944,0.00427767740932147,0.00698010703263409,0.00558998843695961,0.00845172631325285,0.000710927430559806,0.00338352162723917
"245",12.7,0.00740693520203349,0.00923568555121844,0.000328118215150845,0.0019608529320878,0.00422644329099975,0.00690975608230613,0.00562221509731348,0.00847369063276889,0.0007261324034041,0.00342853553690111
"246",12.75,0.00744758513755212,0.00918482667702122,0.000318928461098137,0.00191881055152692,0.00417566112892089,0.00683982899322492,0.00565414442942562,0.00849507418589822,0.000741547393752068,0.00347369269402591
"247",12.8,0.00748774478187507,0.00913380822737286,0.000309988310099443,0.00187759524289332,0.00412533076091932,0.0067703295921351,0.0056857729759477,0.00851587717096291,0.000757172902687514,0.00351898656391062
"248",12.85,0.00752740943138807,0.00908263943568801,0.000301291285841601,0.00183719310437903,0.00407545190900731,0.00670126151563214,0.00571709735605078,0.00853609989658436,0.000773009388009956,0.00356441056773908
"249",12.9,0.00756657452172279,0.00903132940710179,0.00029283106801125,0.00179759038891074,0.00402602418275202,0.00663262821392384,0.00574811426553955,0.00855574278020739,0.000789057263829772,0.00360995808478729
"250",12.95,0.00760523562765493,0.0089798871186628,0.000284601489030124,0.00175877350537205,0.0039770470825933,0.0065644329545555,0.00577882047694149,0.00857480634661404,0.000805316900178786,0.00365562245463266
"251",13,0.00764338846295314,0.00892832141956562,0.000276596530837313,0.00172072901967518,0.00392852000310263,0.00649667882609836,0.00580921283957107,0.00859329122642776,0.000821788622636437,0.00370139697936588
"252",13.05,0.00768102888017954,0.00887664103142139,0.000268810321718838,0.001683443655688,0.00388044223618348,0.00642936874180065,0.00583928827956979,0.00861119815460886,0.000838472711971719,0.0037472749258046
"253",13.1,0.00771813344742545,0.00882485454856535,0.000261237133184858,0.00164690429602234,0.00383281297421364,0.0063625054432007,0.00586904379992205,0.00862852796894185,0.000855369403800979,0.00379324952770766
"254",13.15,0.00775473729035777,0.00877297043840023,0.000253871376894734,0.00161109798268924,0.00378563131312987,0.00629609150370165,0.00589847648044749,0.00864528160851553,0.000872478888261737,0.00383931398798886
"255",13.2,0.00779081710564,0.00872099704177413,0.000246707601630117,0.00157601191762666,0.00373889625545538,0.00623012933210734,0.00592746335781701,0.00866146011219637,0.000889801309702648,0.00388546148092932
"256",13.25,0.00782636929803396,0.00866894257339193,0.00023974049031619,0.00154163346310512,0.0036926067132706,0.00616462117611895,0.00595624155471537,0.008677064617096,0.000907336766389678,0.0039316851543873
"257",13.3,0.00786139040940581,0.00861681512225902,0.000232964857091093,0.00150795014201635,0.00364676151112778,0.006099569125792,0.00598468862463815,0.00869209635703353,0.000925085310228669,0.00397797813200457
"258",13.35,0.00789587711825667,0.00856462265215618,0.000226375644423562,0.00147494963805011,0.00360135938890977,0.00603497511695346,0.00601280195428323,0.00870655666099321,0.000943046946504296,0.00402433351540822
"259",13.4,0.00792982623921185,0.00851237300214476,0.00021996792027872,0.00144261979576405,0.00355639900463374,0.0059708409345785,0.00604057900680255,0.00872044695157821,0.000961221633635596,0.0040707179812914
"260",13.45,0.00796323472246941,0.00846007388710075,0.000213736875331922,0.00141094862055144,0.00351187893720017,0.00590716821612691,0.00606801732166137,0.00873376874346112,0.000979609282948061,0.00411717672459403
"261",13.5,0.00799609965320896,0.00840773289827709,0.000207677820230556,0.00137992427851132,0.00346779768908774,0.00584395845483863,0.00609511451447681,0.0087465236418319,0.000998209758462409,0.00416367705593875
"262",13.55,0.00802841825096193,0.00835535750389282,0.000201786182903568,0.0013495350962256,0.00342415368899474,0.00578121300298836,0.00612186827683602,0.00875871334084364,0.00101702287670011,0.00421021201068766
"263",13.6,0.00806018786894405,0.00830295504974843,0.00019605750591855,0.00131976956044741,0.00338094529442736,0.00571893307509922,0.00614827637609437,0.00877033962205706,0.00103604840650564,0.00425677461309873
"264",13.65,0.00809140599335106,0.00825053275986609,0.000190487443886119,0.00129061631770498,0.00333817079423572,0.00565711975111491,0.00617433665515417,0.00878140435288409,0.0010552860688856,0.00430335787848086
"265",13.7,0.00812207024261865,0.00819809773715405,0.000185071760911295,0.00126206417382508,0.00329582841109797,0.00559577397953074,0.00620004703222419,0.00879190948503117,0.00107473553686466,0.00434995481533814
"266",13.75,0.00815217836664751,0.00814565696409419,0.000179806328091597,0.00123410209337992,0.00325391630395322,0.00553489658048306,0.00622540550056056,0.00880185705294295,0.00109439643535838,0.00439655842750209
"267",13.8,0.00818172824599454,0.00809321730345176,0.000174687121061488,0.00120671919906147,0.00321243257038379,0.00547448824879727,0.00625041012818916,0.00881124917224672,0.00111426834106295,0.00444316171625144
"268",13.85,0.00821071789103104,0.00804076398525131,0.000169710217582818,0.00117990477098673,0.00317137524894747,0.0054145495569943,0.00627505905761035,0.00882008803819834,0.00113435078236181,0.00448975768241833
"269",13.9,0.00823914544106892,0.00798834660700531,0.000164871795180871,0.00115364824593769,0.00313074232146039,0.00535508095825543,0.00629935050548601,0.00882837592412996,0.00115464323924913,0.00453633932848025
"270",13.95,0.00826700916345589,0.00793595022218798,0.000160168128825598,0.00112793921653927,0.00309053171523097,0.00529608278934569,0.00632328276230945,0.00883611517990029,0.00117514514327029,0.00458289966063693
"271",14,0.00829430745264033,0.0078835812221593,0.000155595588657608,0.00110276743037872,0.00305074130524584,0.00523755527349571,0.0063468541920588,0.00884330823034767,0.00119585587747911,0.00462943169087141
"272",14.05,0.00832103882920717,0.0078312458824138,0.000151150637758462,0.00107812278906968,0.00301136891630809,0.00517949852324207,0.00637006323183389,0.00884995757374657,0.00121677477641202,0.00467592843899458
"273",14.1,0.00834720193888526,0.00777895036340537,0.000146829829964802,0.00105399534726397,0.00297241232512866,0.00512191254322635,0.00639290839147733,0.00885606578026802,0.001237901126079,0.0047223829346723
"274",14.15,0.00837279555152746,0.00772670071138828,0.00014262980772582,0.00103037531161413,0.00293386926237142,0.00506479723295284,0.00641538825318005,0.00886163549044428,0.00125923416397129,0.00476878821943463
"275",14.2,0.00839781856006422,0.0076745028592739,0.000138547300003581,0.00100725303968976,0.0028957374146525,0.00500815238950512,0.0064375014710717,0.00886666941363833,0.00128077307908587,0.00481513734866636
"276",14.25,0.00842226997943154,0.00762236262750197,0.000134579120215673,0.000984619038850198,0.0028580144264947,0.00495197771022153,0.00645924677079639,0.00887117032651855,0.00130251701196658,0.00486142339357807
"277",14.3,0.00844614894547423,0.00757028572492612,0.000130722164219674,0.000962463965076559,0.00282069790223744,0.00489627279532981,0.00648062294907398,0.0088751410715391,0.00132446505476183,0.00490763944315729
"278",14.35,0.00846945471382538,0.00751827774971248,0.000126973408338878,0.000940778621765494,0.00278378540790293,0.00484103715054097,0.00650162887324749,0.00887858455542618,0.00134661625129888,0.0049537786060989
"279",14.4,0.00849218665876285,0.0074663441902511,0.000123329907428768,0.000919553958487338,0.00274727447301926,0.00478627018960262,0.00652226348081698,0.00888150374767092,0.00136896959717457,0.00499983401271435
"280",14.45,0.00851434427204371,0.00741449042607908,0.000119788792983648,0.000898781069710997,0.00271116259240089,0.00473197123681193,0.00654252577896017,0.00888390167902896,0.0013915240398624,0.00504579881681904
"281",14.5,0.00853592716171738,0.00736272172881508,0.000116347271282908,0.000878451193497974,0.00267544722788742,0.00467813952948839,0.00656241484404028,0.00888578144002731,0.00141427847883588,0.00509166619759707
"282",14.55,0.0085569350509185,0.00731104326310438,0.000113002621576332,0.000858555710167738,0.00264012581004101,0.00462477422040672,0.00658192982110147,0.00888714617947871,0.00143723176570813,0.00513742936144329
"283",14.6,0.00857736777664017,0.00725946008757383,0.000109752194307887,0.000839086140936623,0.00260519573980323,0.00457187438019001,0.00660106992335221,0.00888799910300393,0.00146038270438743,0.00518308154378155
"284",14.65,0.00859722528848851,0.0072079771557962,0.000106593409377428,0.000820034146532349,0.00257065439011201,0.00451943899966338,0.00661983443163698,0.00888834347156242,0.00148373005124885,0.00522861601085912
"285",14.7,0.00861650764741937,0.00715659931726313,0.000103523754439725,0.00080139152578616,0.00253649910747911,0.00446746699216851,0.00663822269389665,0.00888818259999133,0.00150727251532161,0.0052740260615164
"286",14.75,0.00863521502445786,0.00710533131836635,0.000100540783240242,0.000783150214204528,0.00250272721352898,0.00441595719583915,0.00665623412461789,0.0088875198555537,0.00153100875849222,0.00531930502893171
"287",14.8,0.00865334769940177,0.0070541778033862,9.76421139870885e-05,0.000765302282522239,0.00246933600649955,0.00436492746529827,0.00667386820427208,0.00888635865649566,0.00155493739572319,0.00536444628234056
"288",14.85,0.00867090605950928,0.00700314331548738,9.48254277585451e-05,0.000747839935238691,0.00243632276270537,0.00431433806281698,0.00669112447874389,0.00888470247061325,0.0015790569952871,0.00540944322872898
"289",14.9,0.00868789059817217,0.00695223229772094,9.20884669456057e-05,0.000730755509139087,0.00240368473796415,0.00426420695938833,0.00670800255875007,0.00888255481382899,0.00160336607901607,0.00545428931450052
"290",14.95,0.008704301913575,0.00690144909403219,8.94290337289253e-05,0.000714041471802152,0.00237141916898681,0.00421453271429615,0.0067245021192487,0.00887991924877859,0.00162786312256629,0.00549897802711651
"291",15,0.00872014070734107,0.00685079795027402,8.68449885896135e-05,0.000697690420095985,0.00233952327473202,0.00416531382241931,0.00674062289883924,0.00887679938340793,0.00165254655569753,0.00554348263392249
"292",15.05,0.00873540778316609,0.006800283015225,8.43342488532768e-05,0.000681695078663515,0.00230799425772571,0.0041165487162797,0.00675636469915384,0.00887319886958072,0.00167741476256754,0.00558783679819829
"293",15.1,0.00875010404543998,0.00674990834161189,8.18947872667455e-05,0.000666048298399051,0.00227682930534611,0.00406823576805346,0.00677172738424007,0.00886912140169692,0.00170246608204099,0.00563201430775063
"294",15.15,0.00876423049785795,0.00669967788713597,7.9524630606895e-05,0.000650743054917267,0.00224602559107495,0.00402037329154577,0.00678671087993556,0.0088645707153223,0.001727698808013,0.00567600883010443
"295",15.2,0.00877778824202106,0.00664959551550289,7.72218583209983e-05,0.000635772447015987,0.00221558027571548,0.00397295954412937,0.00680131517323487,0.00885955058582938,0.00175311118974681,0.00571981408163083
"296",15.25,0.0087907784760275,0.00659966499745529,7.49846011980317e-05,0.000621129695134002,0.00218549050857774,0.00392599272864733,0.00681554031164879,0.00885406482704975,0.00177870143222577,0.00576342382901949
"297",15.3,0.00880320249305484,0.00654989001180809,7.28110400703747e-05,0.000606808139805181,0.00215575342863183,0.00387947099528044,0.00682938640255659,0.00884811728993827,0.001804467696519,0.00580683189072181
"298",15.35,0.00881506167993429,0.00650027414648578,7.06994045453339e-05,0.000592801240109984,0.0021263661656297,0.00383339244337935,0.00684285361255131,0.00884171186124913,0.00183040810016101,0.00585003213836486
"299",15.4,0.00882635751571731,0.00645082089956139,6.8647971765937e-05,0.000579102572125511,0.00209732584119593,0.00378775512326209,0.0068559421667787,0.00883485246222411,0.00185652071754464,0.00589301849813575
"300",15.45,0.00883709157023553,0.00640153368029666,6.66550652004423e-05,0.000565705827375152,0.00206862956988822,0.00374255703797713,0.00686865234826988,0.00882754304729304,0.00188280358032749,0.00593578495213615
"301",15.5,0.00884726550265449,0.0063524158101832,6.47190534600139e-05,0.000552604811278825,0.00204027446022812,0.00369779614503252,0.00688098449726807,0.00881978760278697,0.00190925467785132,0.00597832553970693
"302",15.55,0.00885688106002177,0.00630347052398398,6.28383491440208e-05,0.000539793441604775,0.00201225761570243,0.00365347035809129,0.00689293901054983,0.00881159014566371,0.00193587195757447,0.00602063435872249
"303",15.6,0.00886594007581029,0.00625470097077495,6.10114077124187e-05,0.000527265746923844,0.00198457613573597,0.00360957754863365,0.00690451634074098,0.00880295472224641,0.00196265332551682,0.00606270556685478
"304",15.65,0.00887444446845732,0.00620611021498654,5.92367263846855e-05,0.000515015865067091,0.00195722711663622,0.00356611554758627,0.00691571699562757,0.00879388540697501,0.00198959664671739,0.00610453338280688
"305",15.7,0.0088823962398998,0.00615770123744434,5.75128430647806e-05,0.000503038041587569,0.0019302076525103,0.00352308214691908,0.00692654153746211,0.00878438630117076,0.002016699745704,0.00614611208751586
"306",15.75,0.00888979747410655,0.00610947693640903,5.58383352916106e-05,0.000491326628227086,0.00190351483615498,0.00348047510120991,0.00693699058226552,0.00877446153181406,0.00204396040697503,0.00618743602532482
"307",15.8,0.00889665033560808,0.00606144012861488,5.42118192144819e-05,0.000479876081388632,0.00187714575992,0.0034382921291774,0.00694706479912484,0.00876411525033556,0.00207137637549297,0.00622849960512417
"308",15.85,0.00890295706802434,0.00601359355030682,5.26319485930394e-05,0.000468680960615259,0.00185109751654553,0.00339653091518254,0.00695676490948723,0.00875335163142083,0.00209894535718944,0.00626929730146183
"309",15.9,0.00890871999259115,0.00596593985827542,5.10974138211807e-05,0.000457735927076008,0.00182536719997401,0.00335518911069929,0.00696609168645031,0.00874217487182855,0.00212666501948154,0.00630982365562242
"310",15.95,0.00891394150668588,0.00591848163088987,4.96069409744588e-05,0.000447035742059575,0.00179995190613702,0.00331426433575449,0.00697504595404938,0.00873058918922237,0.0021545329917993,0.00635007327667537
"311",16,0.00891862408235279,0.00587122136912834,4.81592908804799e-05,0.000436575265476278,0.00177484873371768,0.00327375418033773,0.0069836285865415,0.00871859882101666,0.00218254686612388,0.00639004084249179
"312",16.05,0.00892277026482854,0.00582416149760562,4.67532582118152e-05,0.000426349454368915,0.00175005478488902,0.00323365620578126,0.00699184050768688,0.00870620802323601,0.00221070419753639,0.00642972110073029
"313",16.1,0.00892638267106862,0.00577730436559774,4.53876706009555e-05,0.000416353361433032,0.00172556716602888,0.00319396794611062,0.00699968269002782,0.00869342106938871,0.00223900250477699,0.00646910886979138
"314",16.15,0.00892946398827493,0.00573065224806333,4.40613877768342e-05,0.000406582133547107,0.0017013829884117,0.0031546869093661,0.00700715615416536,0.00868024224935434,0.00226743927081403,0.0065081990397409
"315",16.2,0.00893201697242508,0.00568420734666133,4.27733007224651e-05,0.000397031010313125,0.00167749936887788,0.00311581057889569,0.00701426196803407,0.00866667586828533,0.00229601194342313,0.00654698657320213
"316",16.25,0.00893404444680408,0.00563797179076502,4.15223308532351e-05,0.000387695322607985,0.001653913430481,0.00307733641461968,0.00702100124617503,0.0086527610186726,0.00232471793577561,0.00658546650621664
"317",16.3,0.00893554930053858,0.00559194763847203,4.0307429215408e-05,0.000378570491146154,0.00163062230311335,0.00303926185426741,0.00702737514900728,0.0086384322751366,0.0023535546270364,0.00662363394907428
"318",16.35,0.00893653448713437,0.00554613687761002,3.91275757043996e-05,0.000369652025053953,0.00160762312411049,0.00300158431458662,0.00703338488209825,0.00862372896365593,0.00238251936297087,0.00666148408711178
"319",16.4,0.00893700302301743,0.00550054142673803,3.79817783023898e-05,0.000360935520455843,0.00158491303883494,0.0029643011925256,0.00703903169543294,0.00860865543981584,0.00241160945656047,0.00669901218148053
"320",16.45,0.00893695798607905,0.00545516313614302,3.68690723348473e-05,0.000352416659073048,0.00156248920123968,0.00292740986638873,0.00704431688268245,0.00859321606919624,0.00244082218862687,0.00673621356988341
"321",16.5,0.00893640251422549,0.00541000378883168,3.57885197455484e-05,0.000344091206834819,0.00154034877441183,0.00289090769696563,0.00704924178047198,0.00857741522635886,0.00247015480846432,0.00677308366728065
"322",16.55,0.00893533980393239,0.00536506510151707,3.47392083896773e-05,0.000335955012502643,0.00151848893109698,0.00285479202863442,0.00705380776764845,0.00856125729384891,0.00249960453448004,0.00680961796656512
"323",16.6,0.00893377310880466,0.00532034872560008,3.37202513446049e-05,0.000328004006307652,0.00149690685420444,0.00281906019043942,0.00705801626454803,0.00854474666121114,0.00252916855484223,0.00684581203920684
"324",16.65,0.00893170573814185,0.00527585624814546,3.27307862379484e-05,0.000320234198601489,0.00147559973729412,0.00278370949714365,0.00706186873226381,0.00852788772402024,0.00255884402813558,0.0068816615358671
"325",16.7,0.00892914105550978,0.00523158919285224,3.17699745925198e-05,0.000312641678520849,0.00145456478504514,0.00274873725025658,0.00706536667191375,0.00851068488292581,0.00258862808402393,0.00691716218698212
"326",16.75,0.00892608247731849,0.00518754902101835,3.08370011877828e-05,0.000305222612665908,0.00143379921370679,0.00271414073903739,0.00706851162390918,0.00849314254271163,0.00261851782391979,0.00695229473082267
"327",16.8,0.00892253347140706,0.00514373713249945,2.99310734374391e-05,0.000297973243792819,0.0014133002515322,0.0026799172414743,0.00707130516722396,0.00847532907227309,0.00264851032166054,0.00698708493497712
"328",16.85,0.0089184975556356,0.00510015486666157,2.90514207827759e-05,0.000290889889520461,0.00139306513919499,0.00264606402524014,0.00707374891866469,0.00845712040649886,0.00267860262419092,0.00702151396603306
"329",16.9,0.00891397829648462,0.00505680350332761,2.81972941014117e-05,0.000283968941051567,0.00137309113018951,0.00261257834862461,0.00707584453214191,0.00843858546630883,0.00270879175225161,0.00705557787876733
"330",16.95,0.00890897930766243,0.00501368426371745,2.73679651310843e-05,0.000277206861908393,0.00135337549121481,0.0025794574614437,0.00707759369794265,0.00841972866400467,0.00273907470107367,0.00708927281020108
"331",17,0.00890350424872053,0.00497079831138167,2.65627259081322e-05,0.000270600186683031,0.00133391550254294,0.00254669860592646,0.00707899814200448,0.00840055441153559,0.00276944844107844,0.00712259498000487
"332",17.05,0.00889755682367751,0.00492814675312856,2.57808882203263e-05,0.000264145519802474,0.00131470845837176,0.0025142990175796,0.00708005962519121,0.00838106711964412,0.00279990991858273,0.00715554069087451
"333",17.1,0.00889114077965179,0.00488573063994451,2.50217830737179e-05,0.000257839534308527,0.00129575166716277,0.00248225592603027,0.00708077994257043,0.00836127119702621,0.00283045605650896,0.00718810632887811
"334",17.15,0.00888425990550331,0.00484355096790753,2.42847601731702e-05,0.000251678970652634,0.00127704245196425,0.00245056655584727,0.00708116092269311,0.00834117104950558,0.00286108375510011,0.00722028836377451
"335",17.2,0.00887691803048461,0.00480160867909382,2.3569187416255e-05,0.000245660635505681,0.00125857815071999,0.0024192281273413,0.00708120442687529,0.0083207710792224,0.00289178989263898,0.00725208334930316
"336",17.25,0.00886911902290155,0.00475990466247734,2.28744504001943e-05,0.000239781400582838,0.00124035611656418,0.00238823785734422,0.00708091234848225,0.00830007568383618,0.0029225713261717,0.00728348792344594
"337",17.3,0.00886086678878388,0.00471843975482221,2.2199951941539e-05,0.000234038201483455,0.00122237371810253,0.00235759295996806,0.00708028661221507,0.00827908925574274,0.00295342489223512,0.00731449880866103
"338",17.35,0.00885216527056591,0.00467721474156792,2.15451116082807e-05,0.000228428036546064,0.00120462833968012,0.00232729064734387,0.00707932917339994,0.00825781618130546,0.00298434740758784,0.00734511281208907
"339",17.4,0.00884301844577765,0.00463623035770727,2.09093652640978e-05,0.000222947965718474,0.00118711738163633,0.00229732813034083,0.00707804201728025,0.00823626084010053,0.00301533566994455,0.00737532682573202
"340",17.45,0.00883343032574641,0.0045954872886568,2.02921646244461e-05,0.000217595109442985,0.00116983826054699,0.002267702619266,0.00707642715831164,0.00821442760417614,0.00304638645871354,0.00740513782660482
"341",17.5,0.00882340495430946,0.00455498617111986,1.96929768242071e-05,0.000212366647556704,0.00115278840945429,0.00223841132454496,0.0070744866394602,0.00819232083732581,0.00307749653573692,0.00743454287686029
"342",17.55,0.00881294640653748,0.00451472759394218,1.91112839966154e-05,0.000207259818206946,0.00113596527808465,0.00220945145738382,0.00707222253150387,0.00816994489437545,0.00310866264603351,0.00746353912388742
"343",17.6,0.00880205878746951,0.00447471209895972,1.85465828631914e-05,0.000202271916781704,0.00111936633305479,0.0021808202304127,0.00706963693233731,0.00814730412048434,0.00313988151854394,0.00749212380038346
"344",17.65,0.00879074623085923,0.00443494018183896,1.79983843344102e-05,0.00019740029485514,0.00110298905806646,0.00215251485831124,0.00706673196628023,0.00812440285045989,0.00317114986687785,0.0075202942244001
"345",17.7,0.00877901289793294,0.00439541229290947,1.74662131208477e-05,0.000192642359148072,0.00108683095409003,0.00212453255841638,0.00706350978338941,0.00810124540808601,0.00320246439006275,0.00754804779936394
"346",17.75,0.0087668629761594,0.00435612883798864,1.69496073545432e-05,0.000187995570503389,0.00107088953953717,0.00209687055131263,0.00705997255877442,0.00807783610546514,0.00323382177329445,0.0075753820140717
"347",17.8,0.00875430067803164,0.00431709017919869,1.64481182203307e-05,0.000183457442876356,0.00105516235042308,0.0020695260614053,0.0070561224919174,0.0080541792423739,0.00326521868868881,0.00760229444266045
"348",17.85,0.00874133023986099,0.0042782966357758,1.59613095968927e-05,0.000179025542339731,0.00103964694051836,0.00204249631747696,0.00705196180599671,0.00803027910563203,0.00329665179603426,0.00762878274455309
"349",17.9,0.00872795592058349,0.00423974848487126,1.54887577072947e-05,0.00017469748610362,0.0010243408814909,0.00201577855322733,0.00704749274721484,0.00800613996848489,0.00332811774354533,0.0076548446643796
"350",17.95,0.00871418200057867,0.00420144596234481,1.50300507787672e-05,0.000170470941550016,0.00100924176303808,0.00198937000779712,0.00704271758413044,0.00798176608999911,0.0033596131686164,0.00768047803187421
"351",18,0.00870001278050112,0.00416338926354993,1.45847887115054e-05,0.000166343625281906,0.000994347193009405,0.00196326792627586,0.00703763860699483,0.00795716171447156,0.00339113469857589,0.00770568076174895
"352",18.05,0.00868545152218058,0.00412557854411117,1.41525827562602e-05,0.000162313302186886,0.000979654797520053,0.00193746956019431,0.00703225812709291,0.00793228229876366,0.00342267895144024,0.00773045085354383
"353",18.1,0.00867050448322909,0.00408801392069347,1.3733055200503e-05,0.000158377784515173,0.000965162221055333,0.00191197216800146,0.00702657847608866,0.00790723025523267,0.00345424253666781,0.00775478639145416
"354",18.15,0.00865517515761422,0.0040506954717634,1.33258390629486e-05,0.000154534930971921,0.000950867126566523,0.00188677301552666,0.00702060200537526,0.00788196035597827,0.0034858220559121,0.0077786855441351
"355",18.2,0.00863946791568265,0.00401362323834239,1.29305777962254e-05,0.00015078264582374,0.000936767195558203,0.00186186937642699,0.00701433108543006,0.0078564767804694,0.00351741410377433,0.00780214656448413
"356",18.25,0.00862338714240721,0.00397679722475187,1.25469249974899e-05,0.000147118878019305,0.000922860128167354,0.00183725853262026,0.00700776810517427,0.00783078369064487,0.00354901526855496,0.00782516778940147
"357",18.3,0.00860693723629678,0.00394021739935031,1.21745441267827e-05,0.000143541620323945,0.000909143643234485,0.00181293777470387,0.00700091547133771,0.00780488523039963,0.003580622133004,0.00784774763952905
"358",18.35,0.00859012260831971,0.00390388369526219,1.18131082329322e-05,0.000140048908468096,0.000895615478366969,0.00178890440235984,0.00699377560782852,0.0077787855250835,0.0036122312750699,0.00786988461896829
"359",18.4,0.00857294768084066,0.00386779601109888,1.14622996868127e-05,0.000136638820309503,0.000882273389994848,0.00176515572474627,0.00698635095510797,0.00775248868101231,0.0036438392686466,0.00789157731497704
"360",18.45,0.00855541688657116,0.00383195421167138,1.11218099217715e-05,0.000133309475009045,0.000869115153419315,0.00174168906087549,0.00697864396957051,0.00772599878499143,0.00367544268431885,0.00791282439764623
"361",18.5,0.00853753466753376,0.00379635812869498,1.07913391810412e-05,0.000130059032220051,0.000856138562854085,0.00171850173997921,0.00697065712292898,0.00769931990385144,0.00370703809010519,0.00793362461955624
"362",18.55,0.00851930547403993,0.00376100756148587,1.04705962719594e-05,0.000126885691290992,0.000843341431459876,0.00169559110186088,0.00696239290160528,0.00767245608399596,0.00373862205219869,0.00795397681541379
"363",18.6,0.00850073376368181,0.0037259022776496,1.01592983268219e-05,0.000123787690481411,0.000830721591372199,0.00167295449723556,0.00695385380612633,0.0076454113509615,0.003770191135705,0.00797386927118636
"364",18.65,0.0084818240003378,0.00369104201376144,9.85717057019766e-06,0.000120763306190955,0.000818276893722649,0.00165058928805756,0.00694504235052556,0.00761818970898908,0.00380174190537763,0.00799332208984431
"365",18.7,0.00846258065319198,0.00365642647603875,9.56394609254168e-06,0.000117810852201376,0.000806005208653929,0.00162849284783604,0.0069359610617499,0.00759079514060781,0.00383327092635019,0.00801232387424953
"366",18.75,0.00844300819576762,0.00362205534100521,9.27936562994135e-06,0.000114928678931368,0.000793904425328757,0.00160666256193893,0.00692661247907241,0.00756323160622996,0.00386477476486536,0.00803087378361246
"367",18.8,0.00842311110497455,0.00358792825614706,9.00317734983978e-06,0.000112115172704097,0.000781972451932883,0.00158509582788531,0.00691699915351052,0.00753550304375768,0.00389624998900049,0.00804897105717235
"368",18.85,0.00840289386017057,0.00355404484056131,8.73513664258001e-06,0.000109368755027275,0.000770207215672381,0.00156379005562658,0.00690712364724995,0.0075076133682011,0.0039276931693894,0.008066615013724
"369",18.9,0.00838236094223695,0.00352040468559586,8.47500591862011e-06,0.000106687881885659,0.000758606662765402,0.00154274266781659,0.00689698853307447,0.00747956647130779,0.00395910087994047,0.00808380505112748
"370",18.95,0.00836151683266798,0.00348700735548179,8.22255441127144e-06,0.000104071043045799,0.000747168758428565,0.00152195110007098,0.00688659639380142,0.00745136622120337,0.00399046969855061,0.00810054064580126
"371",19,0.00834036601267446,0.00345385238795753,7.97755798481668e-06,0.00010151676137292,0.000735891486858165,0.00150141280121604,0.00687594982172307,0.00742301646204324,0.00402179620781497,0.00811682135219901
"372",19.05,0.00831891296230151,0.0034209392948852,7.73979894786701e-06,9.90235921597777e-05,0.000724772851206369,0.0014811252335272,0.00686505141805391,0.00739452101367521,0.00405307699573216,0.00813264680227061
"373",19.1,0.00829716215956026,0.00338826756285899,7.50906587182174e-06,9.65901224673394e-05,0.000713810873552554,0.00146108587295749,0.00685390379238386,0.00736588367131308,0.00408430865640497,0.00814801670490777
"374",19.15,0.00827511807957371,0.00335583665380572,7.28515341429674e-06,9.4214970477153e-05,0.000703003594869959,0.00144129220935602,0.00684250956213752,0.00733710820522078,0.00411548779073618,0.00816293084537445
"375",19.2,0.00825278519373671,0.00332364600557746,7.06786214739166e-06,9.18967848552485e-05,0.000692349074987817,0.00142174174667702,0.0068308713520393,0.00730819836040725,0.00414661100711931,0.00817738908472259
"376",19.25,0.00823016796888989,0.00329169503253644,6.85699839066841e-06,8.96342441274265e-05,0.000681845392549101,0.00140243200317923,0.00681899179358479,0.00727913998232564,0.00417767492212438,0.00819139135919366
"377",19.3,0.00820727086650779,0.00325998312613208,6.65237404871715e-06,8.74260560657842e-05,0.000671490644964061,0.00138336051161624,0.00680687352451807,0.00724997283900453,0.00420867616117812,0.0082049376796062
"378",19.35,0.00818409834190091,0.00322850965547038,6.45380645318908e-06,8.52709570863359e-05,0.000661282948359687,0.00136452481941773,0.00679451918831519,0.00722068239810309,0.00423961135923876,0.00821802813072977
"379",19.4,0.00816065484343183,0.00319727396787552,6.26111820917749e-06,8.3167711657569e-05,0.000651220437525236,0.00134593352720294,0.00678193143367378,0.0071912723007236,0.00427047716146515,0.00823066287064584
"380",19.45,0.00813694481174533,0.00316627538944383,6.07413704583268e-06,8.11151117197981e-05,0.000641301265853982,0.00132756196307945,0.00676911291400882,0.00716174616134237,0.00430127022387993,0.0082428421300959
"381",19.5,0.00811297267901237,0.00313551322559014,5.89269567109801e-06,7.91119761151587e-05,0.000631523605281318,0.00130941893281987,0.00675606628695465,0.00713210756756552,0.0043319872140268,0.00825456621181707
"382",19.55,0.00808874286818809,0.00310498676158653,5.71663163045832e-06,7.71571500281022e-05,0.000621885646219341,0.00129150204416799,0.00674279421387307,0.00710236007989457,0.00436262481162151,0.00826583548986583
"383",19.6,0.00806425979228369,0.00307469526309354,5.54578716959337e-06,7.52495044362344e-05,0.000612385597488064,0.0012738089203223,0.00672929935936784,0.00707250723150163,0.00439317970919666,0.00827665040893005
"384",19.65,0.00803952785365199,0.00304463797668388,5.38000910083287e-06,7.33879355713577e-05,0.00060302168624337,0.00125633720006747,0.00671558439080522,0.00704256777814714,0.00442364861273985,0.00828701148362971
"385",19.7,0.00801455144328698,0.00301481413035871,5.21914867331149e-06,7.1571364390565e-05,0.000593792157901847,0.00123908453789814,0.00670165197784098,0.00701258474676374,0.00445402824232539,0.00829691929780685
"386",19.75,0.00798933494013695,0.0029852229340565,5.06306144672507e-06,6.97987360572426e-05,0.000584695276062619,0.00122204860413534,0.0066875047919535,0.00698243424842362,0.00448431533273917,0.0083063745038049
"387",19.8,0.00796388271043138,0.00295586358015451,4.91160716859157e-06,6.8069019431831e-05,0.00057572932242629,0.00120522708503555,0.00667314550598324,0.00695219224655672,0.00451450663409659,0.00831537782173789
"388",19.85,0.00793819910702142,0.00292673524396299,4.76464965492322e-06,6.6381206572206e-05,0.000566892596711129,0.00118861768289277,0.00665857679367849,0.0069218621349295,0.00454459891245356,0.00832393003874997
"389",19.9,0.00791228846873392,0.00289783708421212,4.6220566742179e-06,6.47343122435266e-05,0.000558183416566602,0.00117221811613359,0.00664380132924741,0.00689144727882202,0.00457458895041028,0.00833203200826536
"390",19.95,0.00788615511973898,0.00286916824353174,4.48369983468089e-06,6.31273734374137e-05,0.000549600117484361,0.00115602611940556,0.00662882178691633,0.00686095101486683,0.00460447354770771,0.00833968464922939
"391",20,0.00785980336893089,0.00284072784892387,4.34945447459e-06,6.15594489003127e-05,0.000541141052706806,0.00114003944365896,0.00661364084049442,0.00683037665089658,0.00463424952181672,0.0083468889453408
"392",20.05,0.00783323750932247,0.0028125150122282,4.21919955571912e-06,6.00296186708976e-05,0.000532804593133316,0.00112425585622222,0.00659826116294459,0.00679972746579988,0.00466391370851963,0.00835364594427572
"393",20.1,0.00780646181745267,0.00278452883058052,4.09281755973829e-06,5.85369836263808e-05,0.000524589127224266,0.00110867314087101,0.00658268542596071,0.00676900670938577,0.00469346296248411,0.00835995675690364
"394",20.15,0.0077794805528074,0.00275676838686406,3.97019438750899e-06,5.70806650375811e-05,0.000516493060902913,0.00109328909789131,0.00656691629955118,0.00673821760225622,0.00472289415782938,0.00836582255649584
"395",20.2,0.00775229795725337,0.00272923275015397,3.85121926119714e-06,5.56598041326174e-05,0.000508514817455267,0.00107810154413651,0.00655095645162872,0.00670736333568692,0.00475220418868455,0.0083712445779265
"396",20.25,0.00772491825448516,0.00270192097615493,3.7357846291269e-06,5.42735616690871e-05,0.000500652837428027,0.00106310831307874,0.00653480854760645,0.00667644707151592,0.00478138996973887,0.00837622411686688
"397",20.3,0.00769734564948514,0.00267483210763183,3.62378607330119e-06,5.29211175145938e-05,0.000492905578524687,0.00104830725485463,0.0065184752500003,0.00664547194204018,0.00481044843678413,0.00838076252897293
"398",20.35,0.00766958432799621,0.00264796517483374,3.51512221951639e-06,5.16016702354881e-05,0.000485271515499897,0.00103369623630552,0.00650195921803764,0.00661444104991992,0.00483937654724866,0.00838486122906669
"399",20.4,0.00764163845600746,0.00262131919591115,3.40969465000072e-06,5.03144366936888e-05,0.000477749140052167,0.00101927314101236,0.00648526310727216,0.00658335746809049,0.00486817128072327,0.0083885216903118
"400",20.45,0.00761351217925246,0.00259489317732652,3.3074078185075e-06,4.9058651651449e-05,0.000470336960715004,0.00100503586932548,0.00646838956920509,0.00655222423968184,0.00489682963947875,0.00839174544338336
"401",20.5,0.00758520962272008,0.00256868611425827,3.20816896779633e-06,4.78335673839383e-05,0.00046303350274656,0.000990982338389228,0.00645138895193801,0.00652104437794528,0.00492534864897496,0.00839453407563263
"402",20.55,0.00755673489017794,0.00254269699099814,3.11188804943709e-06,4.66384532995076e-05,0.000455837308017876,0.000977110482161792,0.00643416746382228,0.00648982086618754,0.00495372535836142,0.00839688210642884
"403",20.6,0.00752809206370813,0.00251692478134217,3.01847764587327e-06,4.54725955675115e-05,0.000448746934899807,0.000963418251430179,0.00641677647369808,0.006458556657712,0.0049819568409693,0.0083988053971197
"404",20.65,0.00749928520325537,0.00249136844897513,2.9278528946826e-06,4.43352967535556e-05,0.000441760958148691,0.000949903613820583,0.00639921861331621,0.0064272546757668,0.00501004019479476,0.00840029866031414
"405",20.7,0.00747031834618727,0.00246602694784869,2.83993141497494e-06,4.32258754620465e-05,0.000434877968790852,0.000936564553804255,0.00638149650857304,0.00639591781350005,0.00503797254297358,0.0084013637016301
"406",20.75,0.00744119550686676,0.00244089922255319,2.75463323586893e-06,4.21436659859174e-05,0.000428096574006005,0.000923399072698988,0.00636361277916877,0.00636454893392162,0.00506575103424693,0.00840200237911807
"407",20.8,0.00741192067623642,0.00241598420868317,2.67188072698981e-06,4.10880179634053e-05,0.000421415397009617,0.000910405188666324,0.00634557003827177,0.0063331508698717,0.00509337284341835,0.00840221660240119
"408",20.85,0.00738249782141484,0.00239128083319681,2.59159853093354e-06,4.0058296041761e-05,0.000414833076934338,0.00089758093670468,0.00632737089218902,0.00630172642399592,0.00512083517180181,0.00840200833181222
"409",20.9,0.00735293088530463,0.00236678801476906,2.51371349764241e-06,3.90538795477651e-05,0.000408348268710513,0.000884924368638411,0.00630901794004264,0.00627027836872678,0.00514813524766066,0.00840137957752785
"410",20.95,0.00732322378621216,0.00234250466413884,2.43815462063989e-06,3.80741621649367e-05,0.000401959642945879,0.000872433553103013,0.00629051377345242,0.00623880944627148,0.0051752703266378,0.00840033239870065
"411",21,0.00729338041747884,0.00231842968445021,2.36485297507336e-06,3.71185516173135e-05,0.000395665885804505,0.000860106575526546,0.00627186097622442,0.00620731527134942,0.00520213021580672,0.00839886890258875
"412",21.05,0.00726340464712393,0.00229456197158749,2.29374165751459e-06,3.61864693596871e-05,0.000389465698885015,0.000847941538107382,0.00625306212404551,0.00617581408707177,0.00522892593548705,0.00839699124368384
"413",21.1,0.00723330031749848,0.00227090041450462,2.22475572746962e-06,3.52773502741808e-05,0.000383357799098183,0.000835936559788416,0.00623411978418386,0.00614430007528302,0.00525554858873128,0.00839470162283755
"414",21.15,0.00720307124495075,0.00224744389554862,2.15783215055059e-06,3.43906423730523e-05,0.000377340918543943,0.000824089776227834,0.00621503651519541,0.0061127758571724,0.00528199554494419,0.00839200228638656
"415",21.2,0.00717272121950252,0.00222419129077732,2.09290974326352e-06,3.35258065076141e-05,0.000371413804387865,0.000812399339766541,0.00619581486663618,0.00608124402373529,0.00530826420292503,0.00838889552527668
"416",21.25,0.00714225400453649,0.00220114147027128,2.02992911936708e-06,3.26823160831559e-05,0.000365575218737162,0.000800863419392352,0.00617645737878047,0.00604970713579661,0.00533435199124253,0.00838538367418637
"417",21.3,0.00711167333649454,0.00217829329844028,1.96883263775912e-06,3.18596567797653e-05,0.000359823938516287,0.000789480200701093,0.0061569665823449,0.00601816772403952,0.00536025636860048,0.00838146911064968
"418",21.35,0.0070809829245867,0.00215564563432397,1.90956435184795e-06,3.10573262789339e-05,0.000354158755342144,0.000778247885854615,0.0061373449982182,0.00598662828903956,0.00538597482419409,0.00837715425417895
"419",21.4,0.00705018645051076,0.00213319733188719,1.85206996036756e-06,3.02748339958468e-05,0.000348578475399005,0.000767164693535948,0.0061175951371968,0.00595509130130423,0.00541150487805699,0.00837244156538783
"420",21.45,0.00701928756818244,0.00211094724030975,1.7962967595963e-06,2.95117008172482e-05,0.000343081919313138,0.000756228858901569,0.00609771949972618,0.00592355920131751,0.00543684408139884,0.00836733354511437
"421",21.5,0.00698828990347589,0.00208889420427082,1.74219359693995e-06,2.87674588447809e-05,0.000337667922027224,0.000745438633530964,0.0060777205756478,0.00589203439958967,0.00546199001693359,0.00836183273354482
"422",21.55,0.00695719705397444,0.00206703706422796,1.68971082584117e-06,2.8041651143698e-05,0.000332335332674595,0.000734792285373537,0.00605760084395176,0.00586051927671195,0.00548694029919836,0.00835594170933835
"423",21.6,0.00692601258873155,0.00204537465669095,1.63880026197825e-06,2.73338314968464e-05,0.000327083014453337,0.000724288098692965,0.00603736277253512,0.00582901618341614,0.0055116925748629,0.00834966308875267
"424",21.65,0.00689474004804175,0.00202390581449029,1.58941514071714e-06,2.66435641638227e-05,0.000321909844500313,0.000713924374009096,0.0060170088179656,0.00579752744063891,0.00553624452302964,0.0083429995247711
"425",21.7,0.00686338294322147,0.00200262936704065,1.54151007578163e-06,2.5970423645205e-05,0.000316814713765128,0.000703699428037454,0.0059965414252511,0.00576605533959077,0.0055605938555244,0.00833595370623111
"426",21.75,0.00683194475639966,0.00198154414059913,1.49504101910769e-06,2.53139944517639e-05,0.000311796526884086,0.00069361159362646,0.00597596302761441,0.00573460346030658,0.00558473831717762,0.00832852835695471
"427",21.8,0.006800428940318,0.0019606489585186,1.44996522184867e-06,2.46738708785586e-05,0.000306854202054186,0.000683659219692451,0.00595527604627362,0.00570317202453419,0.00560867568609624,0.00832072623488084
"428",21.85,0.00676883891814074,0.00193994264149592,1.40624119649913e-06,2.40496567838251e-05,0.000301986670907181,0.000673840671152554,0.00593448289022781,0.00567176392356137,0.00563240377392618,0.00831255013119995
"429",21.9,0.00673717808327383,0.00191942400781539,1.36382868010587e-06,2.34409653725647e-05,0.000297192878383741,0.000664154328855516,0.00591358595604812,0.00564038133042556,0.00565592042610542,0.00830400286949104
"430",21.95,0.00670544979919333,0.00189909187358724,1.32268859853562e-06,2.28474189847417e-05,0.000292471782607755,0.000654598589510573,0.00589258762767415,0.00560902638885014,0.00567922352210772,0.00829508730486139
"431",22,0.00667365739928311,0.0018789450529814,1.28278303176968e-06,2.22686488880037e-05,0.00028782235476081,0.000645171865614406,0.0058714902762157,0.00557770121333931,0.00570231097567698,0.00828580632308915
"432",22.05,0.00664180418668132,0.00185898235845644,1.24407518019657e-06,2.17042950748342e-05,0.000283243578956873,0.000635872585376289,0.00585029625975969,0.00554640788927679,0.00572518073505231,0.00827616283976895
"433",22.1,0.00660989343413599,0.00183920260098398,1.20652933187455e-06,2.11540060640542e-05,0.000278734452117208,0.00062669919264148,0.00582900792318221,0.00551514847302845,0.00574783078318365,0.00826615979946091
"434",22.15,0.00657792838386927,0.00181960459026831,1.17011083073679e-06,2.06174387065855e-05,0.000274293983845569,0.000617650146812938,0.00580762759796591,0.00548392499204877,0.00577025913793831,0.00825580017484295
"435",22.2,0.00654591224745032,0.0018001871349616,1.13478604571242e-06,2.00942579953946e-05,0.000269921196303678,0.000608723922771428,0.00578615760202227,0.0054527394449908,0.005792463852298,0.00824508696586687
"436",22.25,0.00651384820567674,0.00178094904287452,1.10052234073773e-06,1.95841368795344e-05,0.000265615124087043,0.000599919010794095,0.0057646002395191,0.00542159380181987,0.00581444301454684,0.00823402319891834
"437",22.3,0.00648173940846444,0.00176188912118246,1.06728804563224e-06,1.90867560822017e-05,0.000261374814101116,0.000591233916471547,0.00574295780071294,0.00539049000393069,0.00583619474845,0.00822261192598069
"438",22.35,0.00644958897474564,0.00174300617662734,1.03505242781528e-06,1.8601803922734e-05,0.000257199325437838,0.000582667160623542,0.00572123256178646,0.00535942996426788,0.0058577172134233,0.00821085622380314
"439",22.4,0.00641739999237514,0.00172429901571513,1.00378566483923e-06,1.81289761424655e-05,0.000253087729252582,0.000574217279213319,0.00569942678469081,0.00532841556744977,0.00587900860469352,0.0081987591930733
"440",22.45,0.00638517551804457,0.00170576644490905,9.73458817716314e-07,1.76679757343653e-05,0.000249039108641533,0.000565882823260655,0.00567754271699281,0.00529744866989547,0.0059000671534498,0.00818632395759425
"441",22.5,0.00635291857720445,0.0016874072708186,9.4404380501636e-07,1.72185127763849e-05,0.000245052558519513,0.000557662358753683,0.00565558259172689,0.00526653109995501,0.00592089112698578,0.00817355366346627
"442",22.55,0.00632063216399412,0.00166922030038443,9.15513377713792e-07,1.67803042684379e-05,0.000241127185498279,0.000549554466559554,0.00563354862725195,0.00523566465804255,0.00594147882883295,0.00816045147827358
"443",22.6,0.00628831924117929,0.0016512043410591,8.87841094762468e-07,1.63530739729409e-05,0.000237262107765328,0.000541557742333985,0.00561144302711283,0.00520485111677255,0.00596182859888481,0.00814701281569867
"444",22.65,0.006255982740097,0.00163335820098375,8.61001299377715e-07,1.59365522588437e-05,0.000233456454963207,0.000533670796429761,0.00558926797990649,0.00517409588826211,0.00598193881351226,0.00813325635558718
"445",22.7,0.00622362556060808,0.00161568068916094,8.34969096005478e-07,1.55304759490777e-05,0.000229709368069365,0.000525892253804233,0.00556702565915284,0.00514339363769007,0.00600180788567008,0.00811917762784028
"446",22.75,0.00619125057105692,0.00159817061562333,8.09720327958943e-07,1.51345881713543e-05,0.00022601999927656,0.000518220753925868,0.00554471822317005,0.00511274943861444,0.00602143426499459,0.00810477987795558
"447",22.8,0.00615886060823817,0.00158082679159866,7.85231555703753e-07,1.47486382122442e-05,0.000222387511873844,0.000510654950679914,0.00552234781495458,0.0050821649538502,0.00604081643789255,0.00809006636892625
"448",22.85,0.00612645847737075,0.00156364802967087,7.6148003577322e-07,1.43723813744727e-05,0.00021881108012813,0.000503193512273225,0.00549991656206545,0.00505164181913516,0.00605995292762133,0.00807504038046036
"449",22.9,0.0060940469520785,0.00154663314393737,7.38443700295618e-07,1.40055788373625e-05,0.000215289889166379,0.000495835121138279,0.00547742657651314,0.00502118164328211,0.0060788422943605,0.00805970520820559
"450",22.95,0.00606162877437777,0.0015297809501627,7.1610113711608e-07,1.36479975203632e-05,0.000211823134858401,0.000488578473836466,0.00545487995465275,0.00499078600833328,0.00609748313527477,0.0080440641629804
"451",23,0.00602920665467158,0.00151309026592844,6.94431570496132e-07,1.3299409949601e-05,0.000208410023700303,0.000481422280960675,0.0054322787770815,0.00496045646971724,0.00611587408456845,0.00802812057001084
"452",23.05,0.0059967832717504,0.00149655991077961,6.73414842374331e-07,1.29595941273883e-05,0.00020504977269859,0.000474365267037226,0.00540962510854062,0.00493019455640784,0.00613401381353143,0.00801187776817406
"453",23.1,0.00596436127279928,0.0014801887063674,6.53031394171961e-07,1.26283334046316e-05,0.000201741609254925,0.000467406170427194,0.00538692099782124,0.00490000177108544,0.00615183216176836,0.00799533910924801
"454",23.15,0.00593194327341125,0.00146397547658848,6.33262249128232e-07,1.23054163560779e-05,0.000198484771051586,0.000460543743227177,0.00536416847767474,0.00486987959030018,0.00616946498843615,0.00797850795716753
"455",23.2,0.00589953185760703,0.0014479190477208,6.14088995149772e-07,1.19906366583408e-05,0.000195278505937604,0.000453776751169538,0.00534136956472697,0.00483982946463722,0.00618684283111102,0.00796138768728715
"456",23.25,0.00586712957786064,0.00143201824855607,5.95493768159703e-07,1.16837929706488e-05,0.000192122071815613,0.000447103973522166,0.00531852625939672,0.00480985281888394,0.0062039645097941,0.00794398168565061
"457",23.3,0.00583473895513103,0.00141627191052876,5.77459235931941e-07,1.13846888182578e-05,0.000189014736529413,0.000440524202987798,0.00529564054581812,0.00477995105219897,0.006220828881678,0.00792629334826702
"458",23.35,0.0058023624788996,0.00140067886784195,5.59968582396885e-07,1.10931324784744e-05,0.000185955777752264,0.000434036245602943,0.00527271439176708,0.00475012553828302,0.00623743484114352,0.00790832608039401
"459",23.4,0.00577000260721331,0.00138523795758977,5.43005492404842e-07,1.08089368692336e-05,0.000182944482875918,0.000427638920636443,0.00524974974859158,0.00472037762555145,0.0062537813197484,0.00789008329582797
"460",23.45,0.00573766176673345,0.00136994801987681,5.2655413693414e-07,1.05319194401778e-05,0.000179980148900395,0.000421331060487701,0.0052267485511459,0.00469070863730843,0.0062698672862081,0.00787156841620102
"461",23.5,0.00570534235278992,0.00135480789793423,5.10599158731113e-07,1.02619020661849e-05,0.000177062082324521,0.000415111510584633,0.00520371271772866,0.00466111987192276,0.00628569174636888,0.00785278487028556
"462",23.55,0.00567304672944076,0.00133981643823282,4.95125658369497e-07,9.99871094329364e-06,0.000174189599037225,0.000408979129281352,0.00518064415002456,0.00463161260300507,0.00630125374317312,0.00783373609330569
"463",23.6,0.00564077722953711,0.00132497249059307,4.80119180717245e-07,9.74217648697495e-06,0.000171362024209614,0.000402932787755638,0.00515754473304995,0.00460218807958667,0.00631655235661698,0.00781442552625622
"464",23.65,0.0056085361547932,0.00131027490829212,4.65565701798975e-07,9.49213323270107e-06,0.000168578692187823,0.000396971369906224,0.005134416335102,0.00457284752629955,0.0063315867037005,0.0077948566152288
"465",23.7,0.00557632577586136,0.00129572254816781,4.51451616042654e-07,9.24841973876217e-06,0.000165838946386659,0.000391093772249917,0.00511126080771153,0.00454359214355787,0.00634635593837036,0.00777503281074576
"466",23.75,0.00554414833241204,0.00128131427071984,4.37763723899475e-07,9.01087849128387e-06,0.000163142139184037,0.000385298903818606,0.00508807998559933,0.00451442310774069,0.00636085925145503,0.00775495756710135
"467",23.8,0.00551200603321854,0.00126704894020798,4.24489219826113e-07,8.77935581139775e-06,0.000160487631816206,0.000379585686056164,0.00506487568663614,0.00448534532225527,0.00637509587059284,0.00773463434171051
"468",23.85,0.00547990105624657,0.00125292542474758,4.11615680618961e-07,8.55370176452006e-06,0.0001578747942738,0.000373953052715298,0.00504164971180592,0.00445635253606165,0.00638906506015269,0.00771406659446541
"469",23.9,0.00544783554874828,0.00123894259640217,3.9913105409013e-07,8.33377007169248e-06,0.000155303005198683,0.00036839994975436,0.00501840384517272,0.00442744948270243,0.00640276612114772,0.00769325778709958
"470",23.95,0.00541581162736087,0.00122509933127345,3.87023648075344e-07,8.11941802294113e-06,0.00015277165178161,0.000362925335234139,0.00499513985385076,0.00439863724425999,0.00641619839114194,0.00767221138255998
"471",24,0.00538383137820957,0.0012113945095885,3.75282119764195e-07,7.91050639261085e-06,0.000150280129660725,0.000357528179214695,0.00497185948797798,0.00436991687971191,0.00642936124414991,0.00765093084438658
"472",24.05,0.00535189685701485,0.0011978270157844,3.63895465343322e-07,7.70689935663132e-06,0.000147827842820858,0.000352207463652212,0.00494856448069268,0.00434128942511989,0.00644225409052958,0.00762941963610007
"473",24.1,0.0053200100892039,0.00118439573859026,3.52853009943587e-07,7.50846441167456e-06,0.000145414203493669,0.000346962182295941,0.00492525654811358,0.00431275589381962,0.00645487637686836,0.00760768122059733
"474",24.15,0.00528817307002615,0.00117109957110666,3.42144397882336e-07,7.31507229616191e-06,0.000143038632058611,0.000341791340585237,0.00490193738932288,0.00428431727661136,0.00646722758586257,0.00758571905955492
"475",24.2,0.00525638776467264,0.00115793741088259,3.31759583192256e-07,7.12659691308081e-06,0.000140700556944731,0.000336693955546701,0.00487860868635252,0.00425597454195123,0.0064793072361903,0.00756353661284045
"476",24.25,0.00522465610839954,0.00114490815998994,3.21688820428505e-07,6.94291525457245e-06,0.000138399414533304,0.000331669055691479,0.00485527210417351,0.00422772863614328,0.00649111488237783,0.00754113733793192
"477",24.3,0.00519298000665513,0.00113201072509551,3.11922655746042e-07,6.76390732825116e-06,0.000136134649061307,0.000326715680912718,0.00483192929068828,0.00419958048353212,0.00650265011465964,0.00751852468934539
"478",24.35,0.00516136133521073,0.00111924401753074,3.0245191823932e-07,6.58945608521866e-06,0.000133905712525729,0.000321832882383213,0.00480858187672599,0.00417153098669613,0.00651391255883216,0.00749570211807036
"479",24.4,0.00512980194029499,0.00110660695335897,2.93267711536726e-07,6.41944734973535e-06,0.000131712064588724,0.000317019722453258,0.00478523147604074,0.00414358102664124,0.00652490187610137,0.00747267307101339
"480",24.45,0.00509830363873182,0.00109409845344044,2.8436140564235e-07,6.25376975051286e-06,0.000129553172483607,0.000312275274548724,0.00476187968531278,0.00411573146299514,0.00653561776292437,0.00744944099044996
"481",24.5,0.00506686821808163,0.00108171744349512,2.75724629017934e-07,6.09231465359266e-06,0.00012742851092169,0.000307603387728492,0.0047385280841523,0.00408798313420197,0.00654605995084474,0.00742600931348428
"482",24.55,0.00503549743678584,0.00106946285416312,2.67349260897976e-07,5.93497609677521e-06,0.00012533756199996,0.000302993547417417,0.00471517823510635,0.00406033685771734,0.00655622820632243,0.00740238147151736
"483",24.6,0.00500419302431468,0.00105733362106312,2.59227423831238e-07,5.78165072556644e-06,0.000123279815109607,0.000298449706154645,0.00469183168366814,0.00403279343020372,0.00656612233055739,0.0073785608897232
"484",24.65,0.004972956681318,0.00104532868484851,2.51351476442042e-07,5.63223773060732e-06,0.000121254766845387,0.000293970980634388,0.00466848995828929,0.00400535362772613,0.00657574215930798,0.00735455098653319
"485",24.7,0.00494179007977916,0.00103344699126148,2.4371400640498e-07,5.48663878655457e-06,0.000119261920915836,0.000289556498121191,0.00464515457039455,0.00397801820594804,0.00658508756270342,0.00733035517312862
"486",24.75,0.00491069486317179,0.00102168749118505,2.36307823626805e-07,5.34475799238012e-06,0.000117300788054321,0.000285205396349759,0.00462182701439924,0.00395078790032751,0.00659415844505107,0.00730597685294165
"487",24.8,0.00487967264661945,0.00101004914069301,2.29125953629453e-07,5.20650181305764e-06,0.00011537088593093,0.000280916823425137,0.00459850876772914,0.00392366342631342,0.00660295474463816,0.00728141942116402
"488",24.85,0.00484872501705799,0.000998530901097923,2.22161631128377e-07,5.07177902260637e-06,0.000113471739065217,0.000276689937723268,0.00457520129084292,0.00389664547954191,0.00661147643352824,0.00725668626426439
"489",24.9,0.00481785353340055,0.000987131738997166,2.15408293800437e-07,4.94050064846102e-06,0.000111602878739771,0.000272523907791921,0.00455190602725705,0.00386973473603289,0.0066197235173526,0.00723178075951381
"490",24.95,0.00478705972670523,0.000975850626316976,2.08859576235844e-07,4.81257991713883e-06,0.000109763842914626,0.000268417912252015,0.00452862440357303,0.00384293185238639,0.0066276960350965,0.007206706274519
"491",25,0.00475634510034514,0.000964686540354699,2.02509304068796e-07,4.6879322011751e-06,0.000107954176142518,0.00026437113969936,0.00450535782950709,0.0038162374659792,0.0066353940588805,0.00718146616676434
"492",25.05,0.00472571113018088,0.000953638463819133,1.96351488281559e-07,4.56647496729852e-06,0.000106173429484964,0.000260382788606822,0.00448210769792217,0.00378965219516126,0.00664281769373683,0.00715606378316176
"493",25.1,0.00469515926473543,0.000942705384869055,1.90380319676925e-07,4.44812772581862e-06,0.000104421160429177,0.000256452067226909,0.0044588753848621,0.00376317663945197,0.00664996707738121,0.0071305024596088
"494",25.15,0.00466469092537117,0.000931886297149994,1.84590163514162e-07,4.33281198119871e-06,0.000102696932805817,0.000252578193494824,0.00443566224958813,0.00373681137973656,0.00665684237997977,0.00710478552055496
"495",25.2,0.00463430750646909,0.000921180199829212,1.78975554303614e-07,4.2204511837871e-06,0.00010100031670756,0.000248760394931964,0.00441246963461756,0.00371055697846201,0.00666344380391164,0.00707891627857606
"496",25.25,0.00460401037561013,0.000910586097629007,1.73531190755364e-07,4.11097068268117e-06,9.93308884085003e-05,0.000244997908549894,0.00438929886576453,0.00368441694070955,0.00666977158352684,0.00705289803395682
"497",25.3,0.00457380087375847,0.000900103000858308,1.6825193087741e-07,4.00429767969846e-06,9.76882302843696e-05,0.000241289980754807,0.00436615125218294,0.00365838591986695,0.00667582598490018,0.00702673407428146
"498",25.35,0.00454368031544676,0.000889729925442634,1.63132787219004e-07,3.90036118443026e-06,9.60719307335789e-05,0.000237635867252466,0.00434302808641137,0.00363246733568603,0.0066816073055805,0.00700042767403253
"499",25.4,0.00451364998896318,0.000879465892952414,1.5816892225487e-07,3.79909197035274e-06,9.44815840990729e-05,0.000234034832953656,0.00431993064442004,0.00360666167881624,0.00668711587433612,0.00697398209419759
"500",25.45,0.00448371115654033,0.00086930993062975,1.53355643906206e-07,3.70042253197243e-06,9.29167905910013e-05,0.000230486151880144,0.00429686018565978,0.00358096942244569,0.00669235205089612,0.00694740058188417
"501",25.5,0.00445386505454576,0.000859261071413594,1.48688401194426e-07,3.60428704298224e-06,9.13771562101958e-05,0.00022698910707116,0.00427381795311281,0.00355539102249559,0.00669731622568758,0.00692068636994252
"502",25.55,0.00442411289367412,0.000849318353963422,1.44162780023773e-07,3.51062131540514e-06,8.98622926724546e-05,0.000223542990490404,0.00425080517334556,0.00352992691781422,0.00670200881956923,0.00689384267659653
"503",25.6,0.00439445585914095,0.000839480822681406,1.39774499089005e-07,3.41936275970353e-06,8.83718173336298e-05,0.000220147102933595,0.00422786949912521,0.00350457753037053,0.00670643028356113,0.00686687270508245
"504",25.65,0.00436489511087783,0.000829747527733123,1.35519405904489e-07,3.33045034583182e-06,8.69053531155114e-05,0.000216800753936558,0.00420491992150622,0.00347934326544722,0.00671058109857092,0.00683977964329565
"505",25.7,0.00433543178372903,0.000820117525066818,1.31393472951131e-07,3.24382456521123e-06,8.54625284325053e-05,0.000213503261683869,0.00418200337215665,0.00345422451183341,0.00671446177511645,0.00681256666344516
"506",25.75,0.00430606698764949,0.000810589876431297,1.27392793937695e-07,3.15942739360581e-06,8.40429771191052e-05,0.000210253952918058,0.0041591210125246,0.00342922164201678,0.00671802851181573,0.00678523692171619
"507",25.8,0.00427680180790404,0.000801163649392396,1.23513580173117e-07,3.07720225487868e-06,8.26463383581452e-05,0.000207052162849376,0.00413627398793379,0.00340433501237511,0.00672137028597498,0.00675779355794029
"508",25.85,0.00424763730526784,0.000791837917348142,1.19752157046595e-07,2.99709398560912e-06,8.12722566098391e-05,0.000203897235066134,0.0041134634276468,0.00337956496336732,0.00672444362932473,0.00673023969527338
"509",25.9,0.00421857451622804,0.000782611759542578,1.16104960612235e-07,2.91904880055021e-06,7.99203815415943e-05,0.000200788521445624,0.00409069044492983,0.00335491181972389,0.00672724916802148,0.0067025784398817
"510",25.95,0.00418961445318637,0.000773484261078296,1.12568534275212e-07,2.84301425890822e-06,7.85903679585981e-05,0.000197725382065619,0.004067956137119,0.00333037589063665,0.00672978755639577,0.00667481288063499
"511",26,0.00416075810466289,0.000764454512927709,1.09139525576453e-07,2.76893923142475e-06,7.72818757351768e-05,0.000194707185116469,0.00404526158568832,0.00330595746994793,0.00673205947665586,0.00664694608880777
"512",26.05,0.0041320064355006,0.000755521611943085,1.05814683072909e-07,2.69677386824313e-06,7.59945697469115e-05,0.000191733306813781,0.004022607856319,0.00328165683633904,0.00673406563858857,0.00661898111778798
"513",26.1,0.00410336038707098,0.000746684660865373,1.02590853310655e-07,2.62646956754137e-06,7.47281198035199e-05,0.000188803131311708,0.00399999599897026,0.00325747425351809,0.00673580677925729,0.00659092100279324
"514",26.15,0.00407482087748035,0.000737942768331847,9.94649778880235e-08,2.55797894491381e-06,7.34822005824879e-05,0.000185916050616839,0.00397742704795159,0.00323340997040703,0.00673728366269749,0.00656276876059469
"515",26.2,0.00404638880177699,0.000729295048882575,9.64340906061564e-08,2.49125580348412e-06,7.22564915634515e-05,0.00018307146450269,0.00395490202199632,0.00320946422132799,0.00673849707960964,0.0065345273892481
"516",26.25,0.00401806503215902,0.000720740622965783,9.34953147043866e-08,2.42625510473319e-06,7.10506769633241e-05,0.000180268780424819,0.00393242192433658,0.00318563722618886,0.00673944784704983,0.00650619986783259
"517",26.3,0.00398985041818285,0.000712278616942074,9.06458601779352e-08,2.36293294002503e-06,6.98644456721604e-05,0.000177507413436536,0.00390998774277951,0.00316192919066803,0.0067401368081178,0.00647778915619654
"518",26.35,0.0039617457869723,0.000703908163087615,8.78830211755161e-08,2.30124650281489e-06,6.86974911897593e-05,0.00017478678610526,0.00388760044978485,0.00313834030639845,0.00674056483164305,0.00644929819471109
"519",26.4,0.00393375194342825,0.000695628399596207,8.52041734744648e-08,2.24115406152345e-06,6.75495115629902e-05,0.000172106328429466,0.00386526100254357,0.00311487075115073,0.0067407328118686,0.00642072990403044
"520",26.45,0.00390586967043873,0.000687438470580359,8.26067720311181e-08,2.18261493306195e-06,6.6420209323846e-05,0.000169465477756277,0.00384297034305788,0.00309152068901543,0.00674064166813277,0.00639208718485969
"521",26.5,0.00387809972908952,0.000679337526071358,8.00883486042224e-08,2.12558945699324e-06,6.53092914282168e-05,0.000166863678699681,0.00382072939822233,0.00306829027058465,0.00674029234454906,0.00636337291772991
"522",26.55,0.00385044285887504,0.000671324722018296,7.76465094491924e-08,2.07003897031349e-06,6.4216469195371e-05,0.000164300383059359,0.00379853907990597,0.00304517963313238,0.00673968580968408,0.0063345899627798
"523",26.6,0.0038228997779097,0.000663399220286208,7.52789330811567e-08,2.01592578284088e-06,6.31414582481513e-05,0.000161775049740172,0.00377640028503575,0.00302218890079436,0.00673882305623383,0.00630574115954496
"524",26.65,0.00379547118313935,0.000655560188653205,7.29833681047227e-08,1.96321315319642e-06,6.20839784538672e-05,0.000159287144672251,0.00375431389568084,0.00299931818474674,0.00673770510069826,0.00627682932675368
"525",26.7,0.00376815775055313,0.000647806800806726,7.07576311085128e-08,1.91186526536372e-06,6.10437538658886e-05,0.000156836140731745,0.00373228077913808,0.00297656758338395,0.00673633298305424,0.00624785726212997
"526",26.75,0.00374096013539543,0.000640138236338867,6.85996046225423e-08,1.86184720581374e-06,6.00205126659294e-05,0.000154421517662193,0.00371030178801834,0.00295393718249553,0.00673470776642705,0.00621882774220314
"527",26.8,0.00371387897237792,0.00063255368074085,6.65072351365786e-08,1.81312494118171e-06,5.90139871070171e-05,0.000152042761996529,0.00368837776033389,0.00293142705544205,0.00673283053676053,0.00618974352212443
"528",26.85,0.00368691487589181,0.000625052325396628,6.44785311776808e-08,1.76566529648297e-06,5.80239134571431e-05,0.000149699366979738,0.00366650951958672,0.00290903726333004,0.00673070240248585,0.00616060733549013
"529",26.9,0.00366006844022001,0.000617633367575659,6.25115614451642e-08,1.71943593385554e-06,5.7050031943589e-05,0.000147390832492134,0.00364469787485765,0.00288676785518592,0.00672832449418912,0.00613142189417157
"530",26.95,0.00363334023974938,0.000610296010424872,6.0604453001289e-08,1.67440533181666e-06,5.60920866979225e-05,0.000145116664973295,0.00362294362089652,0.00286461886812894,0.00672569796427785,0.00610218988815162
"531",27,0.00360673082918286,0.000603039462959821,5.87553895160144e-08,1.63054276502155e-06,5.5149825701654e-05,0.000142876377346618,0.00360124753821296,0.00284259032754307,0.00672282398664639,0.00607291398536759
"532",27.05,0.00358024074375159,0.000595862940055085,5.69626095642279e-08,1.58781828451243e-06,5.42230007325561e-05,0.000140669488944526,0.00357961039316812,0.00282068224724782,0.00671970375634038,0.00604359683156084
"533",27.1,0.00355387049942677,0.000588765662433906,5.52244049738831e-08,1.54620269844654e-06,5.3311367311632e-05,0.000138495525434315,0.00355803293806717,0.00279889829106405,0.00671633848922032,0.00601424105013264
"534",27.15,0.00352762059313151,0.000581746856657096,5.35391192235396e-08,1.50566755329153e-06,5.24146846507341e-05,0.000136354018744632,0.00353651591125254,0.00277723116318519,0.00671272942162446,0.00598484924200641
"535",27.2,0.00350149150295234,0.000574805755111223,5.1905145887835e-08,1.46618511547749e-06,5.15327156008202e-05,0.000134244506992599,0.00351506003719777,0.00275568446894838,0.00670887781003088,0.00595542398549617
"536",27.25,0.00347548368835045,0.000567941595996092,5.0320927129472e-08,1.42772835349483e-06,5.06652266008477e-05,0.000132166534411569,0.00349366602660222,0.00273425817760296,0.00670478493071897,0.00592596783618124
"537",27.3,0.00344959759037277,0.000561153623311576,4.87849522363374e-08,1.39027092042743e-06,4.98119876272987e-05,0.000130119651279529,0.00347233457648631,0.00271295224767235,0.00670045207943042,0.00589648332678714
"538",27.35,0.00342383363186256,0.000554441086843765,4.72957562024079e-08,1.35378713691081e-06,4.89727721443274e-05,0.000128103413848132,0.00345106637028746,0.00269176662711827,0.00669588057102971,0.00586697296707243
"539",27.4,0.00339819221766972,0.000547803242150457,4.58519183511434e-08,1.31825197450524e-06,4.81473570545252e-05,0.000126117384272366,0.00342986207795662,0.00267070125350419,0.00669107173916431,0.00583743924372158
"540",27.45,0.00337267373486069,0.000541239350546076,4.44520610001146e-08,1.28364103947412e-06,4.73355226503031e-05,0.000124161130540864,0.00340872235605535,0.00264975605415741,0.00668602693592441,0.00580788462024384
"541",27.5,0.00334727855292787,0.000534748679085917,4.30948481656196e-08,1.24993055695785e-06,4.65370525658761e-05,0.000122234226406838,0.00338764784785345,0.00262893094633006,0.00668074753150263,0.00577831153687784
"542",27.55,0.00332200702399859,0.000528330500549852,4.17789843061194e-08,1.2170973555339e-06,4.5751733729852e-05,0.000120336251319657,0.00336667045433038,0.0026082258373591,0.00667528805514595,0.00574872241050217
"543",27.6,0.00329685948304355,0.000521984093425435,4.05032131033268e-08,1.18511885215398e-06,4.49793563184162e-05,0.000118466790357044,0.0033457284825496,0.00258764062482496,0.0066695438346913,0.00571911963455142
"544",27.65,0.00327183624808475,0.000515708741890453,3.92663162798306e-08,1.15397303744927e-06,4.42197137091051e-05,0.000116625434157911,0.00332485357245208,0.00256717519670917,0.00666356922627015,0.00568950557893804
"545",27.7,0.00324693762040282,0.000509503735794942,3.80671124521687e-08,1.123638461395e-06,4.34726024351655e-05,0.00011481177885582,0.00330404631513026,0.00254682943155077,0.00665736566904669,0.00565988258997976
"546",27.75,0.00322216388474371,0.000503368370642678,3.69044560182942e-08,1.09409421932582e-06,4.27378221404921e-05,0.000113025426013065,0.00328330728888071,0.00252660319860156,0.00665093461858532,0.00563025299033255
"547",27.8,0.00319751530952482,0.000497301947572138,3.57772360784077e-08,1.06531993829362e-06,4.20151755351374e-05,0.000111265982555384,0.00326263705930457,0.00250649635798017,0.00664427754651062,0.00560061907892877
"548",27.85,0.00317299214704042,0.000491303773336992,3.46843753881686e-08,1.03729576375964e-06,4.13044683513913e-05,0.000109533060707291,0.00324203617940831,0.00248650876082493,0.0066373959401675,0.00557098313092104
"549",27.9,0.00314859463366633,0.000485373160286099,3.36248293433113e-08,1.01000234661293e-06,4.06055093004203e-05,0.000107826277928023,0.00322150518970487,0.0024666402494456,0.00663029130228193,0.00554134739763112
"550",27.95,0.00312432299006393,0.000479509426343033,3.25975849947369e-08,9.83420830507225e-07,3.99181100294635e-05,0.000106145256848111,0.00320104461831503,0.00244689065747382,0.00662296515062179,0.00551171410650411
"551",28,0.00310017742138345,0.000473711894985185,3.16016600931736e-08,9.57532839508915e-07,3.92420850795817e-05,0.000104489625206561,0.00318065498106931,0.00242725981001245,0.00661541901765863,0.00548208546106784
"552",28.05,0.0030761696600912,0.000467979895222391,3.0636102162514e-08,9.32320466048323e-07,3.85772518439478e-05,0.000102859015788656,0.00316033678160982,0.00240774752378366,0.00660765445022966,0.00545246364089726
"553",28.1,0.0030522767505628,0.000462312761575156,2.9699987600985e-08,9.07766259167274e-07,3.79234305266786e-05,0.000101253066364349,0.00314009051149265,0.00238835360727579,0.00659967300920063,0.00542285080158381
"554",28.15,0.00302851044006006,0.000456709834052482,2.87924208093151e-08,8.8385321305585e-07,3.72804441022024e-05,9.9671419627293e-05,0.00311991665029036,0.00236907786088905,0.00659147626912926,0.00539324907470981
"555",28.2,0.00300487087371318,0.000451170458129273,2.79125333450913e-08,8.60564755871202e-07,3.66481182751514e-05,9.81137231344444e-05,0.00309981566569472,0.00234992007707995,0.00658306581792956,0.00536366056782766
"556",28.25,0.00298135818214507,0.000445693984723378,2.7059483102528e-08,8.37884738831893e-07,3.60262814407799e-05,9.65796292462912e-05,0.00307978801361959,0.00233088004050454,0.00657444325653692,0.00533408736444375
"557",28.3,0.00295797248166956,0.000440279770172252,2.62324535168864e-08,8.1579742558099e-07,3.54147646458988e-05,9.50687950676695e-05,0.00305983413830405,0.00231195752816041,0.00656561019857415,0.00530453152400726
"558",28.35,0.00293471387448865,0.000434927176209268,2.54306527928096e-08,7.94287481811521e-07,3.48134015503225e-05,9.3580882389179e-05,0.00303995447241563,0.00229315230952748,0.00655656827001845,0.00527499508190338
"559",28.4,0.00291158244888882,0.000429635569939682,2.46533131558579e-08,7.73339965147963e-07,3.42220283888221e-05,9.21155576291911e-05,0.00302014943715364,0.00227446414670757,0.00654731910886942,0.00524548004945127
"560",28.45,0.00288857827943638,0.000424404323816275,2.38996901265528e-08,7.52940315277635e-07,3.36404839335813e-05,9.06724917764506e-05,0.00300041944235274,0.00225589279456269,0.00653786436481812,0.0052159884139065
"561",28.5,0.00286570142717178,0.000419232815614647,2.31690618162528e-08,7.3307434432583e-07,3.30686094571444e-05,8.92513603332555e-05,0.00298076488658637,0.0022374380008521,0.00652820569891735,0.00518652213846769
"562",28.55,0.00284295193980297,0.00041412042840824,2.24607282442145e-08,7.1372822746907e-07,3.25062486958595e-05,8.78518432592325e-05,0.00296118615727048,0.00221909950636828,0.00651834478325305,0.00515708316228785
"563",28.6,0.0028203298518977,0.000409066550543046,2.17740106752015e-08,6.94888493780501e-07,3.19532478138044e-05,8.64736249156851e-05,0.00294168363076725,0.00220087704507139,0.00650828330061703,0.00512767340048981
"564",28.65,0.00279783518507479,0.000404070575612021,2.11082509770251e-08,6.76542017301877e-07,3.14094553671911e-05,8.51163940105192e-05,0.0029222576724887,0.00218277034422275,0.0064980229441809,0.00509829474418574
"565",28.7,0.00277546794819427,0.000399131902429241,2.04628109974253e-08,6.58676008336765e-07,3.08747222692476e-05,8.37798435437466e-05,0.00290290863700045,0.00216477912451694,0.00648768815905352,0.00506894906050105
"566",28.75,0.00275322813754655,0.0003942499350038,1.98370719597106e-08,6.4127800495952e-07,3.03489017555681e-05,8.24636707535586e-05,0.00288363686812556,0.00214690310021277,0.0064770353497104,0.00503963819260224
"567",28.8,0.00273111573704033,0.000389424082513422,1.92304338765926e-08,6.24335864734747e-07,2.98318493499255e-05,8.11675770629602e-05,0.00286444269904808,0.00212914197926282,0.00646618879736304,0.00501036395972864
"568",28.85,0.00270913071838959,0.00038465375927788,1.86423149816779e-08,6.07837756642373e-07,2.93234228305467e-05,7.98912680269789e-05,0.00284532645241684,0.00211149546344199,0.00645515023343144,0.00498112815722841
"569",28.9,0.00268727304129924,0.000379938384732144,1.80721511780799e-08,5.91772153203071e-07,2.88234821968378e-05,7.86344532804232e-05,0.00282628844044899,0.0020939632484746,0.00644392139810791,0.0049519325565979
"570",28.95,0.00266554265364977,0.000375277383399325,1.75193955036438e-08,5.76127822799373e-07,2.83318896365599e-05,7.73968464862039e-05,0.00280732896503357,0.0020765450241604,0.00643250404004005,0.00492277890552519
"571",29,0.00264393949168068,0.000370670184863409,1.69835176122866e-08,5.60893822187642e-07,2.78485094934493e-05,7.6178165284206e-05,0.00278844831783496,0.00205924047449922,0.00642089991601544,0.00489366892793721
"572",29.05,0.0026224634801727,0.000366116223741789,1.64640032709656e-08,5.46059489196285e-07,2.73732082352748e-05,7.49781312407124e-05,0.00276964678039623,0.00204204927781453,0.00640911079064792,0.00486460432405047
"573",29.1,0.00260111453262889,0.000361614939657593,1.59603538718102e-08,5.31614435605625e-07,2.69058544223289e-05,7.37964697983675e-05,0.00275092462424235,0.00202497110687561,0.00639713843606571,0.00483558677042543
"574",29.15,0.0025798925514545,0.000357165777211844,1.54720859589616e-08,5.17548540205091e-07,2.64463186763485e-05,7.26329102266884e-05,0.0027322821109833,0.00200800562901856,0.00638498463160137,0.00480661792002429
"575",29.2,0.00255879742813556,0.00035276818595545,1.49987307696806e-08,5.03851942023398e-07,2.59944736498584e-05,7.14871855731135e-05,0.002713719492417,0.00199115250626615,0.00637265116348345,0.0047776994022723
"576",29.25,0.00253782904341634,0.000348421620361006,1.45398337892918e-08,4.90515033727393e-07,2.55501939959337e-05,7.0359032614581e-05,0.00269523701063208,0.00197441139544629,0.00636013982453023,0.00474883282312238
"577",29.3,0.00251698726747551,0.000344125539794469,1.40949543195545e-08,4.77528455185619e-07,2.51133563383768e-05,6.92481918096439e-05,0.00267683489811049,0.00195778194830938,0.00634745241384525,0.0047200197651231
"578",29.35,0.00249627196010104,0.000339879408486668,1.36636650600524e-08,4.64883087192431e-07,2.46838392423022e-05,6.81544072511075e-05,0.00265851337782986,0.0019412638116444,0.00633459073651489,0.0046912617874898
"579",29.4,0.00247568297086386,0.000335682695504681,1.32455517022159e-08,4.5257004534885e-07,2.4261523185127e-05,6.70774266191915e-05,0.00264027266336572,0.00192485662739381,0.00632155660330784,0.00466256042617896
"580",29.45,0.00245522013929028,0.000331534874723082,1.28402125355939e-08,4.40580674096236e-07,2.38462905279597e-05,6.60170011352109e-05,0.0026221129589935,0.00190856003276718,0.0063083518303769,0.00463391719396566
"581",29.5,0.002434883295033,0.00032743542479507,1.24472580660101e-08,4.28906540899126e-07,2.34380254873848e-05,6.49728855157727e-05,0.00260403445979019,0.00189237366035361,0.00629497823896249,0.00460533358052397
"582",29.55,0.00241467225804105,0.000323383829123468,1.20663106452457e-08,4.17539430573492e-07,2.30366141076363e-05,6.39448379274806e-05,0.00258603735173585,0.00187629713823295,0.00628143765509855,0.00457681105251041
"583",29.6,0.00239458683872817,0.000319379575831646,1.16970041119036e-08,4.06471339756995e-07,2.26419442331587e-05,6.29326199421544e-05,0.00256812181181488,0.00186033009008588,0.00626760722814822,0.00454835105365037
"584",29.65,0.00237462683814011,0.000315422157734304,1.13389834431144e-08,3.95694471517553e-07,2.22539054815453e-05,6.19359964925419e-05,0.00255028800811689,0.00184447213530261,0.00625373812470318,0.00451995500482709
"585",29.7,0.00235479204812047,0.00031151107230821,1.09919044167654e-08,3.85201230097074e-07,2.18723892168575e-05,6.09547358285418e-05,0.00253253609993747,0.00182872288909059,0.0062397075410638,0.00449162430417382
"586",29.75,0.00233508225147527,0.000307645821662807,1.06554332839289e-08,3.749842157868e-07,2.14972885233113e-05,5.99886094739125e-05,0.00251486623787842,0.00181308196258077,0.00622551731956006,0.00446336032716822
"587",29.8,0.0023154972221362,0.000303825912510786,1.0329246451188e-08,3.65036219931226e-07,2.11284981793338e-05,5.90373921834793e-05,0.00249727856394792,0.00179754896293297,0.00621116930587659,0.00443516442672982
"588",29.85,0.00229603672532253,0.00030005085613856,1.00130301725614e-08,3.55350220057302e-07,2.07659146319822e-05,5.81008619008252e-05,0.00247977321166023,0.00178212349343977,0.00619666534877202,0.00440703793331982
"589",29.9,0.00227670051770164,0.000296320168376681,9.70648025073666e-09,3.45919375125881e-07,2.04094359717193e-05,5.71787997164655e-05,0.00246235030613507,0.00176680515362937,0.00618200729980053,0.00437898215504342
"590",29.95,0.00225748834754825,0.00029263336957021,9.40930174733493e-09,3.3673702090245e-07,2.00589619075453e-05,5.62709898265045e-05,0.00244500996419671,0.00175159353936724,0.00616719701303589,0.00435099837775469
"591",30,0.0022383999549023,0.000288989984549032,9.12120870193351e-09,3.27796665444127e-07,1.97143937424778e-05,5.53772194917654e-05,0.00242775229447267,0.00173648824295658,0.00615223634479793,0.00432308786516377
"592",30.05,0.00221943507172542,0.000285389542598116,8.84192385958278e-09,3.1909198470011e-07,1.93756343493775e-05,5.44972789973922e-05,0.00241059601652491,0.00172148885323757,0.00613712715338134,0.00429525185894641
"593",30.1,0.00220059342205611,0.000281831577427761,8.57117840656325e-09,3.10616818222784e-07,1.90425881471149e-05,5.36309616129207e-05,0.00239350403772344,0.00170659495568559,0.00612187129878713,0.00426749157885583
"594",30.15,0.00218187472216348,0.000278315627143789,8.3087117141333e-09,3.02365164986721e-07,1.87151610770742e-05,5.27780635528114e-05,0.00237649500753113,0.00169180613250806,0.00610647064245632,0.00423980822283669
"595",30.2,0.00216327868069971,0.000274841234217719,8.054271090027e-09,2.94331179312918e-07,1.83932605799882e-05,5.19383839374406e-05,0.00235956900277426,0.00167712196274028,0.00609092704700635,0.00421220296714122
"596",30.25,0.00214480499885106,0.000271407945456932,7.80761153747135e-09,2.8650916689575e-07,1.80767955731044e-05,5.11117247545525e-05,0.00234272609257035,0.0016625420223401,0.00607524237596996,0.0041846769664476
"597",30.3,0.00212645337048753,0.000268015311974808,7.56849552149224e-09,2.78893580929964e-07,1.77656764276732e-05,5.02978908211575e-05,0.00232596633842456,0.00164806588428136,0.00605941849353654,0.00415723135398018
"598",30.35,0.00210822348231117,0.000264662889160851,7.33669274229243e-09,2.7147901833532e-07,1.74598149467563e-05,4.94966897458779e-05,0.00230928979432554,0.00163369311864626,0.00604345726429628,0.00412986724163165
"599",30.4,0.00209011501400297,0.000261350236650848,7.11197991548963e-09,2.64260216076533e-07,1.7159124343354e-05,4.87079318917455e-05,0.00229269650684114,0.00161942329271663,0.00602736055298664,0.00410258572008753
"600",30.45,0.00207212763836843,0.000258076918296963,6.89414055900309e-09,2.57232047575948e-07,1.68635192188406e-05,4.79314303394247e-05,0.00227618651521331,0.00160525597106388,0.00601113022424161,0.00407538785895172
"601",30.5,0.00205426102148165,0.000254842502137909,6.68296478639444e-09,2.50389519216898e-07,1.65729155417117e-05,4.7167000850885e-05,0.00225975985145291,0.00159119071563807,0.00599476814234367,0.00404827470687482
"602",30.55,0.00203651482282813,0.000251646560369092,6.47824910646431e-09,2.43727766935326e-07,1.62872306266347e-05,4.64144618334987e-05,0.00224341654043383,0.0015772270858557,0.00597827617097818,0.00402124729168341
"603",30.6,0.00201888869544616,0.000248488669312772,6.27979622891613e-09,2.37242052897513e-07,1.60063831137981e-05,4.56736343045637e-05,0.00222715659998674,0.00156336463868639,0.0059616561729907,0.00399430662051142
"604",30.65,0.0020013822860668,0.000245368409388267,6.08741487590714e-09,2.30927762261852e-07,1.57302929485599e-05,4.49443418562573e-05,0.00221098004099238,0.00154960292873857,0.00594491001014675,0.00396745367993307
"605",30.7,0.00198399523525247,0.00024228536508217,5.90091959930586e-09,2.24780400022487e-07,1.54588813613877e-05,4.42264106210039e-05,0.00219488686747433,0.00153594150834393,0.00592803954289455,0.00394068943609729
"606",30.75,0.00196672717753422,0.000239239124918589,5.72013060348537e-09,2.1879558793282e-07,1.51920708480868e-05,4.35196692372599e-05,0.00217887707669134,0.00152237992764079,0.00591104663013015,0.00391401483486379
"607",30.8,0.00194957774154756,0.00023622928142945,5.54487357348616e-09,2.12969061506933e-07,1.49297851503161e-05,4.28239488157138e-05,0.00216295065922914,0.00150891773465654,0.00589393312896564,0.00388743080194054
"608",30.85,0.00193254655016689,0.000233255431124811,5.37497950838487e-09,2.07296667096934e-07,1.46719492363836e-05,4.21390829058905e-05,0.00214710759909182,0.00149555447538876,0.00587670089449981,0.0038609382430227
"609",30.9,0.00191563322063863,0.000230317174463237,5.21028455971234e-09,2.01774359044338e-07,1.441848928232e-05,4.14649074631601e-05,0.00213134787379258,0.00148228969388544,0.00585935177959182,0.00383453804393285
"610",30.95,0.00189883736471286,0.000227414115822215,5.05062987477005e-09,1.96398196903709e-07,1.41693326532275e-05,4.08012608161499e-05,0.00211567145444412,0.00146912293232408,0.00584188763463736,0.0038082310707627
"611",31,0.00188215858877368,0.000224545863468631,4.8958614446949e-09,1.91164342736673e-07,1.39244078848994e-05,4.01479836345502e-05,0.00210007830584841,0.00145605373108966,0.00582431030734793,0.00378201817001587
"612",31.05,0.00186559649396812,0.000221712029529288,4.74582995713011e-09,1.86069058474594e-07,1.36836446657051e-05,3.95049188973117e-05,0.00208456838658595,0.00144308162885161,0.00580662164253249,0.00375590016875197
"613",31.1,0.00184915067633371,0.000218912229961507,4.6003906533641e-09,1.81108703348227e-07,1.34469738187421e-05,3.88719118612372e-05,0.00206914164910464,0.00143020616263983,0.00578882348188239,0.003729877874732
"614",31.15,0.00183282072692471,0.000216146084523766,4.45940318979988e-09,1.76279731382594e-07,1.32143272842449e-05,3.82488100299516e-05,0.00205379803980791,0.00141742686791948,0.00577091766375869,0.00370395207656466
"615",31.2,0.00181660623193684,0.000213413216746417,4.32273150362631e-09,1.71578688955523e-07,1.29856381022522e-05,3.76354631232544e-05,0.00203853749914242,0.00140474327866474,0.00575290602298248,0.0036781235438537
"616",31.25,0.00180050677283082,0.000210713253902482,4.19024368256417e-09,1.67002212418265e-07,1.27608403955284e-05,3.7031723046854e-05,0.00202335996168531,0.00139215492743181,0.0057347903906281,0.00365239302734658
"617",31.3,0.00178452192645438,0.000208045826978518,4.06181183856285e-09,1.62547025776579e-07,1.2539869352734e-05,3.64374438624714e-05,0.00200826535623073,0.00137966134543057,0.00571657259381895,0.00362676125908383
"618",31.35,0.00176865126516305,0.000205410570645547,3.9373119853285e-09,1.5820993843081e-07,1.23226612118422e-05,3.58524817583132e-05,0.0019932536058759,0.00136726206259535,0.00569825445552636,0.00360122895254955
"619",31.4,0.00175289435693948,0.000202807123230078,3.81662391956867e-09,1.53987842973482e-07,1.21091532438003e-05,3.52766950199122e-05,0.00197832462810667,0.00135495660765471,0.00567983779437116,0.00357579680282243
"620",31.45,0.00173725076551143,0.000200235126685222,3.69963110584104e-09,1.49877713042984e-07,1.18992837364312e-05,3.47099440013325e-05,0.00196347833488247,0.00134274450820023,0.00566132442442822,0.00355046548672826
"621",31.5,0.00172172005046851,0.000197694226561868,3.58622056489554e-09,1.45876601231878e-07,1.16929919785706e-05,3.41520910967271e-05,0.00194871463272063,0.00133062529075424,0.00564271615503353,0.00352523566299251
"622",31.55,0.0017063017673774,0.000195184071979977,3.47628276540705e-09,1.41981637048551e-07,1.14902182444396e-05,3.36030007122579e-05,0.00193403342278029,0.00131859848083663,0.00562401479059467,0.00350010797239419
"623",31.6,0.00169099546789585,0.000192704315599943,3.3697115189933e-09,1.38190024930781e-07,1.12909037782466e-05,3.30625392383594e-05,0.00191943460094559,0.00130666360303058,0.00560522213040346,0.00347508303792012
"624",31.65,0.00167580069988534,0.000190254613594068,3.26640387842105e-09,1.34499042309999e-07,1.10949907790181e-05,3.25305750223568e-05,0.0019049180579084,0.00129482018104749,0.00558628082113297,0.0034505122219497
"625",31.7,0.00166071700752232,0.000187834625618129,3.16626003890252e-09,1.30906037724919e-07,1.0902422385653e-05,3.20069783414244e-05,0.00189048367925039,0.00128306773779075,0.00556731102719327,0.0034256899328508
"626",31.75,0.00164574393140823,0.000185444014783041,3.06918324238891e-09,1.27408428983299e-07,1.07131426621986e-05,3.14916213758842e-05,0.00187613134552459,0.00127140579541875,0.00554825530679111,0.00340097214500381
"627",31.8,0.00163088100867809,0.000183082447626617,2.97507968477063e-09,1.24003701370647e-07,1.0527096583345e-05,3.09843781828417e-05,0.00186186093233626,0.00125983387540668,0.00552911543694008,0.00337635941227461
"628",31.85,0.00161612777310788,0.000180749594085462,2.88385842589654e-09,1.20689405904694e-07,1.03442300201355e-05,3.04851246701572e-05,0.00184767231042334,0.00124835149860769,0.00550989318864534,0.00335152028609172
"629",31.9,0.0016014837552205,0.00017844512746694,2.79543130232605e-09,1.17463157634455e-07,1.01644897258892e-05,2.99937385707448e-05,0.00183356534573617,0.0012369581853129,0.00549059032673371,0.00332712399433921
"630",31.95,0.00158694848239051,0.000176168724421267,2.70971284273164e-09,1.14322633982757e-07,9.98782332233264e-06,2.95100994171959e-05,0.00181953989951668,0.00122565345531055,0.00547120860968654,0.00330283433453684
"631",32,0.00157252147894749,0.000173920064913726,2.62662018587237e-09,1.11265573131189e-07,9.81417928593954e-06,2.90340885167301e-05,0.00180559582837697,0.00121443682794427,0.00545174978947546,0.0032786517929635
"632",32.05,0.0015582022662782,0.000171698832196968,2.54607300105904e-09,1.08289772446333e-07,9.64350693447314e-06,2.85655889264603e-05,0.00179173298437728,0.00120330782217034,0.00543221561140101,0.00325457683952044
"633",32.1,0.00154399036292734,0.000169504712783461,2.4679934110371e-09,1.05393086946294e-07,9.47575641373058e-06,2.81044854289774e-05,0.00177795121510343,0.00119226595661412,0.00541260781393397,0.00323060992789057
"634",32.15,0.00152988528469711,0.000167337396418037,2.39230591721301e-09,1.02573427806485e-07,9.31087868448555e-06,2.76506645082455e-05,0.00176425036374359,0.00118131074962559,0.00539292812855971,0.00320675149569789
"635",32.2,0.00151588654474546,0.000165196576050567,2.31893732715354e-09,9.98287609036801e-08,9.14882550962626e-06,2.72040143258069e-05,0.00175063026916447,0.00117044171933398,0.00537317827962511,0.00318300196466732
"636",32.25,0.00150199365368304,0.000163081947808749,2.24781668428871e-09,9.71571053973644e-08,8.98954944148625e-06,2.67644246972911e-05,0.00173709076598692,0.00115965838370146,0.00535335998418859,0.00315936174078457
"637",32.3,0.00148820611966896,0.000160993210971034,2.17887519975243e-09,9.45565323474624e-08,8.83300380936595e-06,2.6331787069228e-05,0.00172363168466087,0.00114896026057604,0.00533347495187257,0.00313583121445629
"638",32.35,0.0014745234485052,0.000158930067939675,2.11204618629544e-09,9.20251633675077e-08,8.67914270724215e-06,2.59059944961611e-05,0.00171025285153982,0.00113834686774362,0.00531352488471916,0.00311241076067036
"639",32.4,0.00146094514372986,0.000156892224213877,2.04726499420726e-09,8.95611693123319e-08,8.5279209816607e-06,2.54869416180504e-05,0.00169695408895445,0.00112781772297901,0.00529351147704823,0.00308910073915609
"640",32.45,0.0014474707067091,0.000154879388363128,1.98446894918804e-09,8.71627689994795e-08,8.37929421981473e-06,2.50745246379765e-05,0.001683735215286,0.00111737234409637,0.00527343641531873,0.00306590149454487
"641",32.5,0.00143409963672782,0.000152891272000599,1.92359729210865e-09,8.48282279633877e-08,8.2332187377992e-06,2.46686413001252e-05,0.00167059604503859,0.00110701024899853,0.00525330137799212,0.00304281335653036
"642",32.55,0.00142083143107923,0.000150927589756729,1.86459112060429e-09,8.25558572416047e-08,8.08965156904594e-06,2.42691908680645e-05,0.00165753638891134,0.0010967309557257,0.00523310803539927,0.00301983664002918
"643",32.6,0.00140766558515306,0.000148988059252908,1.80739333244424e-09,8.03440121921594e-08,7.94855045293178e-06,2.38760741033004e-05,0.00164455605386966,0.00108653398250316,0.00521285804960973,0.00299697164534112
"644",32.65,0.00139460159252262,0.000147072401075304,1.75194857062455e-09,7.81910913413312e-08,7.80987382355937e-06,2.34891932441129e-05,0.00163165484321592,0.0010764188477883,0.00519255307430367,0.00297421865830964
"645",32.7,0.00138163894503066,0.000145180338748839,1.69820317013163e-09,7.60955352610461e-08,7.67358079870869e-06,2.31084519846697e-05,0.00161883255665961,0.00106638507031671,0.00517219475464691,0.00295174119294496
"646",32.75,0.00136877713287401,0.000143311598711289,1.64610510632594e-09,7.40558254751462e-08,7.53963116895626e-06,2.27337554544135e-05,0.00160608899038691,0.0010564321691476,0.00515178472716835,0.00292921083546255
"647",32.8,0.00135601564468698,0.000141465910287508,1.59560394489557e-09,7.20704833937643e-08,7.40798538695763e-06,2.23650101977141e-05,0.0015934239371294,0.0010465596637082,0.00513132461964019,0.00290679324976084
"648",32.85,0.00134335396762371,0.000139643005663835,1.54665079333447e-09,7.01380692751767e-08,7.27860455689628e-06,2.20021241537961e-05,0.00158083718623254,0.00103676707383772,0.00511081605096104,0.00288448866567927
"649",32.9,0.00133079158743917,0.000137842619862585,1.49919825389614e-09,6.82571812143259e-08,7.15145042408932e-06,2.16450066369219e-05,0.00156832852372313,0.0010270539198301,0.0050902606310413,0.00286229729940085
"650",32.95,0.00131832798856911,0.000136064490716734,1.45320037798071e-09,6.64264541574397e-08,7.02648536475506e-06,2.12935683168433e-05,0.00155589773237659,0.00101741972247637,0.00506965996069182,0.0028400671230011
"651",33,0.00130596265420881,0.000134308358844706,1.40861262190966e-09,6.46445589419988e-08,6.90367237593375e-06,2.0947721199504e-05,0.00154354459178316,0.00100786400310602,0.00504901563151455,0.00281810501246909
"652",33.05,0.00129369506639067,0.000132573967625329,1.36539180404785e-09,6.29102013614745e-08,6.78297506556447e-06,2.06073786080033e-05,0.00153126887841391,0.000998386283627654,0.00502832922579641,0.00279625669511266
"653",33.1,0.00128152470606067,0.000130861063172922,1.32349606323060e-09,6.12221212541549e-08,6.66435764271203e-06,2.02724551638065e-05,0.00151907036568587,0.000988986086568929,0.00500760231640542,0.00277452233385999
"654",33.15,0.00126945105315364,0.000129169394312526,1.28288481845705e-09,5.95790916154837e-08,6.54778490794436e-06,1.99428667682078e-05,0.00150694882402661,0.0009796629351157,0.00498683646668964,0.00275290207877683
"655",33.2,0.00125747358666752,0.000127498712555296,1.24351872981115e-09,5.79799177332973e-08,6.43322224385726e-06,1.96185305840386e-05,0.00149490402093834,0.0009704163531505,0.00496603323037865,0.00273139606722448
"656",33.25,0.00124559178473634,0.000125848772074019,1.20535966057264e-09,5.64234363453713e-08,6.32063560574382e-06,1.92993650176178e-05,0.00148293572106116,0.000961245865290201,0.00494519415148762,0.00271000442401712
"657",33.3,0.00123380512470219,0.000124219329678789,1.1683706404823e-09,5.49085148187199e-08,6.20999151240749e-06,1.89852897009438e-05,0.00147104368623593,0.000952150996923012,0.00492432076422398,0.00268872718422459
"658",33.35,0.00122211308318612,0.00012261014479284,1.13251583012642e-09,5.34340503500952e-08,6.10125703711652e-06,1.86762254741241e-05,0.00145922767556639,0.000943131274244769,0.00490341459289663,0.00266756460230216
"659",33.4,0.00121051513615777,0.000121020979428499,1.09776048640597e-09,5.19989691871231e-08,5.99439979869661e-06,1.83720943680378e-05,0.00144748744548072,0.000934186224294426,0.00488247715182768,0.00264651668945751
"660",33.45,0.00119901075900412,0.000119451598163319,1.06407092905818e-09,5.06022258695852e-08,5.88938795276161e-06,1.80728195872328e-05,0.00143582274979248,0.000925315374988992,0.00486150994526673,0.00262558360055593
"661",33.5,0.00118759942659704,0.000117901768116347,1.03141450819826e-09,4.92428024903045e-08,5.78619018307918e-06,1.77783254930514e-05,0.00142423333976102,0.000916518255157678,0.0048405144673078,0.00260476524310705
"662",33.55,0.00117628061335979,0.000116371258924534,9.99759572849936e-10,4.79197079751374e-08,5.68477569306877e-06,1.74885375869799e-05,0.00141271896415113,0.000907794394575344,0.0048194649307369,0.00258406174816278
"663",33.6,0.00116505379333243,0.000114859842719314,9.69075440435493e-10,4.66319773816055e-08,5.58511419743216e-06,1.72033824942263e-05,0.00140127936929222,0.000899143323995358,0.00479841742783231,0.00256347315707937
"664",33.65,0.00115391844023628,0.000113367294103314,9.393323671953e-10,4.53786712156574e-08,5.48717591391205e-06,1.69227879475149e-05,0.00138991429913688,0.00089056457518168,0.00477734607584518,0.00254299635145915
"665",33.7,0.0011428740275372,0.000111893390127236,9.10501519509434e-10,4.41588747661336e-08,5.39093155517933e-06,1.66466827711031e-05,0.00137862349531876,0.000882057680940379,0.00475625232745872,0.00252271779106438
"666",33.75,0.00113192002850794,0.000110437910266865,8.82554946093051e-10,4.29716974564439e-08,5.29635232084456e-06,1.63749968650102e-05,0.00136740669720994,0.000873622175150403,0.00473513762482124,0.0025024730225828
"667",33.8,0.00112105591628936,0.00010900063640026,8.55465551039978e-10,4.18162722130588e-08,5.20340988959494e-06,1.61076611894641e-05,0.00135626364197768,0.000865257592793803,0.00471400339947777,0.00248234320810975
"668",33.85,0.00111028116395077,0.000107581352785064,8.29207067687691e-10,4.06917548503416e-08,5.11207641145166e-06,1.58446077495537e-05,0.00134519406464055,0.000856963469985217,0.00469285107230387,0.00246232833410421
"669",33.9,0.00109959524454911,0.000106179846035989,8.03754033279419e-10,3.9597323471335e-08,5.02232450014818e-06,1.55857695800927e-05,0.00133419769812395,0.000848739344000769,0.00467168205344184,0.00244242837648003
"670",33.95,0.00108899763118724,0.00010479590510245,7.79081764399012e-10,3.85321778840847e-08,4.93412722562738e-06,1.53310807306886e-05,0.00132327427331513,0.000840584753306379,0.00465049774223948,0.00242264330075576
"671",34,0.00107848779707116,0.000103429321246338,7.55166333154607e-10,3.74955390330863e-08,4.84745810665409e-06,1.50804762510126e-05,0.0013124235191175,0.000832499237585321,0.00462929952719079,0.00240297306220363
"672",34.05,0.00106806521556632,0.000102079888019963,7.31984544089041e-10,3.64866484454968e-08,4.76229110354405e-06,1.48338921762728e-05,0.00130164516250445,0.000824482337765346,0.00460808878587942,0.00238334419399905
"673",34.1,0.00105772936025286,0.000100747401244145,7.09513911794368e-10,3.5504767691709e-08,4.67860061100556e-06,1.45912655128848e-05,0.00129093892857254,0.000816533596045093,0.00458686688492418,0.00236390442799209
"674",34.15,0.00104747970498002,9.94316589864431e-05,6.87732639209082e-10,3.45491778599239e-08,4.59636145109218e-06,1.43525342243358e-05,0.00128030454059406,0.000808652555919869,0.00456563517992665,0.00234457930485498
"675",34.2,0.00103731572391942,9.81324615395597e-05,6.66619596577649e-10,3.36191790443744e-08,4.51554886626655e-06,1.41176372172452e-05,0.00126974172006914,0.00080083876220694,0.00454439501542146,0.00232536874003951
"676",34.25,0.00102723689161757,9.68496113998866e-05,6.46154301051827e-10,3.27140898468382e-08,4.43613851257187e-06,1.38865143276143e-05,0.00125925964483062,0.000793091761070193,0.00452314772482848,0.00230627263946678
"677",34.3,0.00101724268304727,9.55829132461947e-05,6.26316896914229e-10,3.1833246891095e-08,4.35810645290989e-06,1.36591063072638e-05,0.00124883910550367,0.000785411100044134,0.00450189463040729,0.0022872908996695
"678",34.35,0.00100733257365825,9.43321739185053e-05,6.07088136405746e-10,3.09760043500214e-08,4.28142915042543e-06,1.3435354810461e-05,0.00123848928766603,0.00077779632805754,0.00448063704321396,0.0022684234079336
"679",34.4,0.000997506039426706,9.30972023970688e-05,5.88449361137343e-10,3.01417334849491e-08,4.2060834619922e-06,1.32152023807243e-05,0.00122820990624142,0.000770246995456221,0.00445937626305974,0.00224967423460339
"680",34.45,0.000987762556904107,9.18778097815517e-05,5.70382484069951e-10,2.93298221970403e-08,4.13204663180372e-06,1.29985924378185e-05,0.00121800067463293,0.000762762654025595,0.00443811357847228,0.00223103496674364
"681",34.5,0.000978101603264946,9.06738092703217e-05,5.52869972043525e-10,2.8539674590295e-08,4.05929628506173e-06,1.27854692649195e-05,0.00120786130477144,0.000755342857012362,0.00441685026665851,0.00221250515818301
"682",34.55,0.00096852265635369,8.94850161399268e-05,5.35894828839963e-10,2.7770710545958e-08,3.98781042176622e-06,1.25757779959642e-05,0.00119779150716373,0.00074798715914592,0.00439558759347013,0.00219409335149146
"683",34.6,0.000959025194730802,8.83112477247006e-05,5.19440578762638e-10,2.70223653079847e-08,3.91756741060141e-06,1.23694646031701e-05,0.0011877909909399,0.000740695116659038,0.00437432681337073,0.00217579509544696
"684",34.65,0.000949608697717891,8.71523233965356e-05,5.03491250717395e-10,2.62940890793112e-08,3.84854598291884e-06,1.21664758847304e-05,0.00117785946390028,0.00073346628730815,0.00435306916940525,0.00215765185723431
"685",34.7,0.000940272645442007,8.60080645447966e-05,4.88031362779403e-10,2.55853466286292e-08,3.78072522681458e-06,1.1966759452678e-05,0.00116799663256175,0.000726300230393006,0.00433181589317145,0.0021395798523203
"686",34.75,0.000931016518879055,8.48782945563953e-05,4.73045907231302e-10,2.48956169074133e-08,3.71408458130027e-06,1.17702637209187e-05,0.00115820220220354,0.000719196506775918,0.00431056820479329,0.00212162088336454
"687",34.8,0.000921839799896384,8.37628387960068e-05,4.58520336058056e-10,2.42243926769196e-08,3.64860383056553e-06,1.15769378934301e-05,0.00114847587691242,0.000712154678900362,0.00428932731289635,0.00210377476130786
"688",34.85,0.000912741971294504,8.26615245864443e-05,4.44440546884803e-10,2.35711801449122e-08,3.58426309833124e-06,1.13867319526245e-05,0.00113881735962742,0.000705174310809213,0.00426809441458535,0.00208604128926095
"689",34.9,0.000903722516847991,8.15741811891831e-05,4.30792869344144e-10,2.29354986118608e-08,3.52104284229209e-06,1.11995966478748e-05,0.00112922635218392,0.000698254968162409,0.00424687069542336,0.00206842026263876
"690",34.95,0.000894780921345566,8.05006397850349e-05,4.175640518597e-10,2.23168801263642e-08,3.4589238486468e-06,1.10154834841995e-05,0.00111970255535731,0.000691396218254139,0.00422565732941335,0.00205091146929399
"691",35,0.000885916670629339,7.94407334549668e-05,4.04741248833317e-10,2.17148691495619e-08,3.39788722671471e-06,1.08343447111053e-05,0.00111024566890595,0.000684597630029528,0.00420445547898118,0.00203351468964956
"692",35.05,0.000877129251633279,7.83942971610782e-05,3.92312008223652e-10,2.11290222283047e-08,3.33791440363786e-06,1.06561333115863e-05,0.00110085539161374,0.000677858774100878,0.00418326629496081,0.00201622969683029
"693",35.1,0.000868418152420845,7.73611677277247e-05,3.80264259504207e-10,2.05589076768585e-08,3.27898711916708e-06,1.04808029912774e-05,0.00109153142133205,0.000671179222763445,0.00416209091658129,0.00199905625679356
"694",35.15,0.000859782862221864,7.63411838227797e-05,3.68586301989028e-10,2.0004105266909e-08,3.22108742052998e-06,1.03083081677574e-05,0.00108227345502118,0.000664558550010646,0.00414093047145544,0.00198199412845883
"695",35.2,0.000851222871468597,7.53341859390706e-05,3.57266793515391e-10,1.94642059256795e-08,3.16419765738189e-06,1.01386039600062e-05,0.00107308118879131,0.00065799633154901,0.00411978607557074,0.00196500474977937
"696",35.25,0.000842737671831065,7.43400163759334e-05,3.46294739471886e-10,1.89388114419173e-08,3.1083004768353e-06,9.97164617800569e-06,0.00106395431794282,0.000651492144812449,0.00409865883328152,0.00194816471308931
"697",35.3,0.000834326756251574,7.33585192209285e-05,3.35659482161889e-10,1.84275341795708e-08,3.05337881856905e-06,9.80739131248864e-06,0.00105489253700616,0.000645045568976213,0.0040775498373032,0.00193143520142246
"698",35.35,0.000825989618978524,7.23895403317148e-05,3.25350690492161e-10,1.79299967989568e-08,2.99941591001598e-06,9.64579652483352e-06,0.00104589553978126,0.000638656184970439,0.00405646016870852,0.00191481594358037
"699",35.4,0.000817725755599432,7.14329273180472e-05,3.15358349976274e-10,1.74458319852051e-08,2.94639526162572e-06,9.48681963709825e-06,0.00103696301937629,0.000632323575493127,0.00403539089692489,0.00189830666135979
"700",35.45,0.000809534663073241,7.04885295239383e-05,3.05672753043729e-10,1.69746821838149e-08,2.89430066220409e-06,9.3304191221971e-06,0.001028094668246,0.000626047325022813,0.00401434307973403,0.00188191555446233
"701",35.5,0.000801415839761904,6.95561980099546e-05,2.96284489645112e-10,1.65161993431224e-08,2.84311617432612e-06,9.17655409421466e-06,0.00101929017822949,0.000619827019830726,0.00399330559467218,0.0018656168757549
"702",35.55,0.000793368785461225,6.86357855356714e-05,2.87184438144529e-10,1.60700446635148e-08,2.79282612982295e-06,9.02518429885877e-06,0.00101054924058757,0.000613662247992647,0.00397230386706366,0.00184943578047069
"703",35.6,0.000785393001430996,6.77271465422579e-05,2.78363756490253e-10,1.56358883532003e-08,2.74341512533995e-06,8.87627010404627e-06,0.0010018715460395,0.000607552599400224,0.00395132669828614,0.00183339105138605
"704",35.65,0.000777487990424443,6.68301371352091e-05,2.6981387365531e-10,1.52134093903739e-08,2.69486801796608e-06,8.7297724906225e-06,0.000993256784799279,0.000601497665771937,0.00393037509956133,0.00181742760324471
"705",35.7,0.000769653256716953,6.5944615067235e-05,2.61526481339818e-10,1.48022952916172e-08,2.6471699209337e-06,8.58565304321464e-06,0.000984704646611471,0.000595497040663736,0.0039094500704871,0.00180157238663246
"706",35.75,0.000761888306134135,6.50704397212711e-05,2.53493525926807e-10,1.44022418863561e-08,2.60030619938609e-06,8.44387394121137e-06,0.00097621482078646,0.000589550319479122,0.00388855259904648,0.00178582508575082
"707",35.8,0.000754192646079171,6.42074720936543e-05,2.45707200684163e-10,1.40129530972364e-08,2.55426246621397e-06,8.30439794987442e-06,0.000967786996235339,0.000583657099479041,0.00386793530753115,0.00177018537936
"708",35.85,0.000746565785559541,6.33555747774173e-05,2.38159938204799e-10,1.36341407262466e-08,2.50902457795745e-06,8.16718841157283e-06,0.000959420861504138,0.000577816979791197,0.00384709257253099,0.00175465294089432
"709",35.9,0.00073900723521304,6.25146119457425e-05,2.30844403078109e-10,1.32655242464543e-08,2.46457863077454e-06,8.03220923714496e-06,0.000951116104807705,0.000572029561419129,0.00382628027702452,0.00173922743857709
"710",35.95,0.000731516507333162,6.16844493355488e-05,2.23753484785482e-10,1.29068305992005e-08,2.42091095647421e-06,7.89942489738242e-06,0.000942872414063064,0.000566294447250866,0.00380549936295443,0.00172390853553417
"711",36,0.000724093115893838,6.08649542312211e-05,2.16880290813057e-10,1.25577939966143e-08,2.37800811861297e-06,7.76880041463594e-06,0.000934689476922329,0.000560611242067227,0.00378475076071804,0.00170869588990664
"712",36.05,0.000716736576573523,6.00559954484712e-05,2.10218139975047e-10,1.22181557293051e-08,2.3358569086539e-06,7.64030135453993e-06,0.000926566980805017,0.000554979552549715,0.00376403538918508,0.00169358915496223
"713",36.1,0.000709446406778667,5.92574433183503e-05,2.03760555941364e-10,1.18876639791063e-08,2.2944443421881e-06,7.51389381785733e-06,0.000918504612930069,0.000549398987288126,0.00374335415571751,0.00167858797920598
"714",36.15,0.000702222125666551,5.84691696713945e-05,1.97501260963157e-10,1.15660736367327e-08,2.25375765521663e-06,7.38954443244056e-06,0.000910502060347342,0.000543869156787813,0.00372270795619049,0.00166369200648973
"715",36.2,0.000695063254167508,5.7691047821893e-05,1.91434169790136e-10,1.12531461242181e-08,2.21378430049149e-06,7.26722034530514e-06,0.000902559009968458,0.000538389673476451,0.00370209767501427,0.00164890087612036
"716",36.25,0.000687969315006551,5.69229525523276e-05,1.85553383774239e-10,1.09486492220304e-08,2.17451194391748e-06,7.1468892148226e-06,0.000894675148597598,0.00053296015171075,0.00368152418515855,0.00163421422296752
"717",36.3,0.000680939832724379,5.61647600979049e-05,1.79853185153324e-10,1.0652356900711e-08,2.13592846100961e-06,7.02851920301864e-06,0.000886850162961346,0.000527580207782496,0.00366098834817674,0.00161963167756964
"718",36.35,0.000673974333697819,5.54163481312581e-05,1.7432803150999e-10,1.03640491569504e-08,2.09802193340965e-06,6.91207896798723e-06,0.000879083739738464,0.000522249459924534,0.0036404910142327,0.00160506456825617
"719",36.4,0.000667072346159654,5.46775957472751e-05,1.68972550399866e-10,1.0083511853969e-08,2.06078064545825e-06,6.79753765641271e-06,0.000871375565589112,0.000516967528316347,0.00362003302212834,0.00159063249008249
"720",36.45,0.000660233400217896,5.39483834480407e-05,1.63781534144088e-10,9.81053656608562e-09,2.02419308082157e-06,6.68486489619633e-06,0.000863725327183438,0.000511734035089176,0.00359961519933209,0.0015764998823204
"721",36.5,0.000653457027874488,5.32285931279478e-05,1.58749934781376e-10,9.54492042738728e-09,1.98824791917419e-06,6.57403078919471e-06,0.000856132711230063,0.0005065486043311,0.00357923836200947,0.00156233012165981
"722",36.55,0.000646742763043435,5.25181080589049e-05,1.53872859174303e-10,9.28646598436418e-09,1.95293403293382e-06,6.4650059040574e-06,0.000848597404503796,0.000501410862091523,0.003558903315054,0.00154826256020389
"723",36.6,0.00064009014156839,5.18168128757021e-05,1.49145564265499e-10,9.03498105243181e-09,1.91824048405018e-06,6.35776126917197e-06,0.000841119093873132,0.000496320436385566,0.00353841328368838,0.0015342968046684
"724",36.65,0.000633498701239692,5.11245935614927e-05,1.44563452478917e-10,8.79027857622248e-09,1.8841565208452e-06,6.25226836570885e-06,0.000833697466327229,0.000491276957198043,0.00351828566242739,0.0015204324581532
"725",36.7,0.000626967981810872,5.04413374334182e-05,1.40122067261913e-10,8.55217649355810e-09,1.85067157490491e-06,6.14849912076853e-06,0.000826332209002515,0.000486280056487229,0.00349808265171383,0.00150666912024033
"726",36.75,0.000620497525014605,4.9766933128344e-05,1.35817088763644e-10,8.32049760299763e-09,1.81777525802092e-06,6.04642590062543e-06,0.000819023009208739,0.000481329368188223,0.0034779245405791,0.00149300638709072
"727",36.8,0.000614086874578175,4.91012705887447e-05,1.3164432964585e-10,8.09506943487874e-09,1.78545735918246e-06,5.94602150407251e-06,0.000811769554454759,0.000476424528216153,0.0034578120779032,0.00147944385154029
"728",36.85,0.000607735576238388,4.84442410487091e-05,1.27599731021824e-10,7.87572412575334e-09,1.75370784161689e-06,5.84725915586149e-06,0.000804571532473888,0.000471565174469052,0.00343774600150715,0.00146598110319481
"729",36.9,0.000601443177755998,4.7795737020065e-05,1.2367935851962e-10,7.66229829612824e-09,1.72251683987787e-06,5.75011250023698e-06,0.000797428631248681,0.000466750946830403,0.0034177270381919,0.00145261772852357
"730",36.95,0.000595209228929626,4.71556522786404e-05,1.19879398465835e-10,7.45463293143029e-09,1.69187465698137e-06,5.65455559456611e-06,0.000790340539035456,0.00046198148717147,0.0033977559037788,0.00143935331095216
"731",37,0.000589033281609175,4.65238818506521e-05,1.16196154186224e-10,7.25257326610935e-09,1.66177176158827e-06,5.56056290306108e-06,0.000783306944388398,0.000457256439353407,0.00337783330315102,0.00142618743095438
"732",37.05,0.000582914889708765,4.59003219992149e-05,1.12626042419538e-10,7.05596867079501e-09,1.63219878523268e-06,5.46810929059245e-06,0.000776327536183251,0.00045257544922903,0.00335795993029593,0.00141311966614286
"733",37.1,0.0005768536092192,4.5284870210964e-05,1.09165589841082e-10,6.86467254242528e-09,1.60314651959479e-06,5.37717001659098e-06,0.000769402003640426,0.000447938164644283,0.00333813646834797,0.00140014959135851
"734",37.15,0.000570848998219928,4.46774251828289e-05,1.05811429692875e-10,6.67854219728134e-09,1.57460591381952e-06,5.28772072904242e-06,0.000762530036348078,0.000443344235439633,0.00331836358963352,0.00138727677875951
"735",37.2,0.00056490061689057,4.40778868089097e-05,1.02560298516869e-10,6.49743876683787e-09,1.54656807187788e-06,5.19973745856714e-06,0.000755711324284527,0.000438793313451097,0.00329864195571598,0.00137450079790881
"736",37.25,0.000559008027521962,4.34861561674707e-05,9.94090329881642e-11,6.3212270963601e-09,1.51902424997119e-06,5.11319661258548e-06,0.000748945557840244,0.000434285052510945,0.0032789722174416,0.00136182121586055
"737",37.3,0.000553170794526765,4.29021355080743e-05,9.63545668453079e-11,6.14977564618253e-09,1.49196585397855e-06,5.02807496957124e-06,0.000742232427839688,0.000429819108448342,0.00325935501498693,0.00134923759724582
"738",37.35,0.000547388484449607,4.23257282388204e-05,9.33939279145025e-11,5.9829563955893e-09,1.46538443694529e-06,4.94434967338717e-06,0.000735571625562541,0.000425395139089631,0.00323979097790652,0.00133674950435709
"739",37.4,0.000541660665976803,4.175683891372e-05,9.05242352250198e-11,5.82064474923629e-09,1.43927169661311e-06,4.86199822770537e-06,0.000728962842764782,0.000421012804258477,0.00322028072518207,0.00132435649723196
"740",37.45,0.000535986909945641,4.1195373220163e-05,8.77426962128402e-11,5.66271944603821e-09,1.41361947298957e-06,4.78099849050627e-06,0.00072240577169907,0.000416671765775631,0.00320082486527157,0.00131205813373533
"741",37.5,0.000530366789353214,4.06412379665329e-05,8.50466040100595e-11,5.50906247046958e-09,1.3884197459585e-06,4.70132866866209e-06,0.000715900105135087,0.00041237168745865,0.00318142399616019,0.00129985574660931
"742",37.55,0.000524799879364881,4.00943410699217e-05,8.24333348172474e-11,5.35955896620509e-09,1.36366463292887e-06,4.62296731259772e-06,0.000709445536379333,0.000408112235121302,0.00316207870541145,0.00128774506872873
"743",37.6,0.000519285757322272,3.95545915439673e-05,7.99003453563048e-11,5.21409715204351e-09,1.33934638652244e-06,4.54589331103076e-06,0.000703041759294601,0.000403893076572769,0.00314278957021934,0.00127572772951315
"744",37.65,0.000513824002750903,3.90218994868022e-05,7.7445170401326e-11,5.07256824005266e-09,1.31545739229902e-06,4.47008588578841e-06,0.000696688468319061,0.000399713881616632,0.00312355715746107,0.00126380327470074
"745",37.7,0.000508414197367382,3.84961760691196e-05,7.50654203851030e-11,4.93486635587927e-09,1.29199016651917e-06,4.39552458670099e-06,0.000690385358484986,0.00039557432204965,0.00310438202375056,0.00125197124894013
"746",37.75,0.000503055925086244,3.79773335223629e-05,7.2758779078994e-11,4.80088846116836e-09,1.26893735394412e-06,4.32218928657197e-06,0.000684132125437264,0.000391474071660411,0.00308523061835643,0.00124023119573382
"747",37.8,0.000497748772026361,3.7465285127008e-05,7.05230013437708e-11,4.67053427802934e-09,1.24629172567072e-06,4.2500601762194e-06,0.000677928465451282,0.000387412806227625,0.0030661725934139,0.00122858265741001
"748",37.85,0.000492492326517008,3.69599452009787e-05,6.8355910949464e-11,4.54370621550546e-09,1.22404617700302e-06,4.17911775959333e-06,0.000671774075450737,0.000383390203518387,0.00304717345693776,0.00121702517511639
"749",37.9,0.000487286179103519,3.64612290881641e-05,6.62553984619583e-11,4.42030929798663e-09,1.20219372535824e-06,4.109342848964e-06,0.000665668653024952,0.000379405943286146,0.00302823372496475,0.00120555828882955
"750",37.95,0.000482129922552589,3.59690531470543e-05,6.42194191943686e-11,4.30025109551859e-09,1.18072750820767e-06,4.04071656018224e-06,0.000659611896445975,0.000375459707268575,0.00300935390354743,0.00119418153737666
"751",38,0.000477023151857234,3.54833347394666e-05,6.22459912211005e-11,4.18344165595191e-09,1.15964078105043e-06,3.9732203080072e-06,0.000653603504685069,0.000371551179185082,0.00299053448881127,0.00118289445846562
"752",38.05,0.000471965464241336,3.50039922194088e-05,6.03331934528791e-11,4.06979343889449e-09,1.13892691542188e-06,3.90683580150717e-06,0.000647643177429219,0.00036768004473436,0.00297177596701344,0.00117169658872272
"753",38.1,0.000466956459163909,3.45309449220361e-05,5.84791637706971e-11,3.95922125140932e-09,1.11857939693412e-06,3.84154503952639e-06,0.000641730615097122,0.000363845991591641,0.00295307881460164,0.00116058746373508
"754",38.15,0.000461995738322946,3.40641131527154e-05,5.66820972169463e-11,3.8516421854156e-09,1.09859182334885e-06,3.77733030621917e-06,0.000635865518854854,0.000360048709405783,0.00293444349827355,0.00114956661809698
"755",38.2,0.000457082905658996,3.36034181761977e-05,5.4940244241981e-11,3.74697555674833e-09,1.07895790268195e-06,3.7141741666503e-06,0.000630047590631198,0.000356287889796168,0.00291587047503669,0.00113863358545917
"756",38.25,0.000452217567358334,3.31487822059028e-05,5.32519090044444e-11,3.64514284583447e-09,1.05967145133963e-06,3.65205946246179e-06,0.000624276533132763,0.000352563226349513,0.00289736019226932,0.00112778789858043
"757",38.3,0.000447399331855876,3.27001283933037e-05,5.16154477236569e-11,3.54606763993984e-09,1.04072639228513e-06,3.59096930760311e-06,0.000618552049858673,0.000348874414616441,0.00287891308778139,0.00111702908938059
"758",38.35,0.000442627809837705,3.22573808174181e-05,5.0029267082515e-11,3.44967557694782e-09,1.02211675323575e-06,3.53088708412541e-06,0.000612873845115013,0.000345221152107948,0.00286052958987628,0.00110635668899478
"759",38.4,0.000437902614243336,3.18204644744044e-05,4.84918226793339e-11,3.35589429062866e-09,1.00383666488968e-06,3.47179643803827e-06,0.00060724162402894,0.000341603138291672,0.00284221011741294,0.00109577022782834
"760",38.45,0.00043322336026761,3.13893052672523e-05,4.70016175271218e-11,3.26465335735875e-09,9.85880359181878e-07,3.41368127522732e-06,0.000601655092562392,0.000338020074587971,0.00282395507986824,0.00108526923561207
"761",38.5,0.000428589665362349,3.09638299955978e-05,4.5557200598923e-11,3.17588424425783e-09,9.68242167569634e-07,3.3565257574354e-06,0.000596113957525773,0.000334471664366025,0.00280576487740056,0.00107485324145821
"762",38.55,0.000424001149237649,3.05439663456096e-05,4.41571654176457e-11,3.08952025869553e-09,9.50916519345246e-07,3.30031429829982e-06,0.000590617926590949,0.000330957612939538,0.00278763990091275,0.00106452177391572
"763",38.6,0.000419457433862907,3.01296428800035e-05,4.28001486892158e-11,3.00549649914405e-09,9.33897939977833e-07,3.24503155945249e-06,0.000585166708304299,0.000327477627562515,0.00276958053211648,0.00105427436102613
"764",38.65,0.000414958143467557,2.97207890281434e-05,4.14848289775804e-11,2.92374980733211e-09,9.17181049482014e-07,3.19066244667639e-06,0.000579760012099302,0.00032403141742481,0.00275158714359659,0.00104411053037882
"765",38.7,0.00041050290454152,2.9317335076238e-05,4.02099254203193e-11,2.84421872166858e-09,9.00760560813468e-07,3.1371921061192e-06,0.000574397548308768,0.000320618693647479,0.00273366009887549,0.0010340298091659
"766",38.75,0.000406091345835361,2.89192121576504e-05,3.8974196483683e-11,2.7668434319057e-09,8.84631278291747e-07,3.08460592056547e-06,0.000569079028177,0.000317239169278131,0.00271579975247876,0.001024031724237
"767",38.8,0.000401723098360186,2.8526352243292e-05,3.77764387557517e-11,2.69156573500365e-09,8.68788096048666e-07,3.03288950576286e-06,0.000563804163871477,0.000313892559286041,0.00269800645000044,0.00101411580215327
"768",38.85,0.000397397795387259,2.81386881321178e-05,3.66154857766113e-11,2.61832899216836e-09,8.53225996502634e-07,2.98202870680406e-06,0.000558572668494317,0.000310578580557168,0.0026802805281688,0.0010042781575642
"769",38.9,0.000393115072447374,2.77561534417217e-05,3.54902069044092e-11,2.54707808703162e-09,8.37940048858503e-07,2.93200959456346e-06,0.000553384256093507,0.00030729695188907,0.00266262231491274,0.000994525211900442
"770",38.95,0.000388874567329922,2.73786825990254e-05,3.43995062161709e-11,2.47775938494189e-09,8.22925407632259e-07,2.88281846218715e-06,0.000548238641673869,0.000304047393985699,0.00264501780784319,0.000984853004586313
"771",39,0.000384675920081766,2.70062108310496e-05,3.3342321442287e-11,2.41032069333509e-09,8.08177311199752e-07,2.83444182163397e-06,0.000543139233934311,0.000300829629451955,0.00262749639792893,0.000975261061734204
"772",39.05,0.000380518773005806,2.66386741558098e-05,3.23176229337582e-11,2.34471122316431e-09,7.93691080370773e-07,2.78686640027263e-06,0.000538078350698337,0.000297643382788398,0.00261004362837885,0.000965748909416823
"773",39.1,0.000376402770659347,2.62760093732647e-05,3.13244126609974e-11,2.28088155134781e-09,7.79462116985277e-07,2.74007913752469e-06,0.000533059416269823,0.000294488380385491,0.00259265979255815,0.000956316073718351
"774",39.15,0.00037232755985218,2.59181540563933e-05,3.03617232434342e-11,2.21878358422216e-09,7.65485902534413e-07,2.69406718156289e-06,0.000528082149585705,0.000291364350518047,0.00257534517536853,0.000946962080785755
"775",39.2,0.000368292789644485,2.55650465423382e-05,2.94286170088089e-11,2.158370521963e-09,7.51757996803503e-07,2.64881788605588e-06,0.000523146270590234,0.000288271023339347,0.00255810005331542,0.000937686456878571
"776",39.25,0.000364298111344431,2.52166259236632e-05,2.85241850813788e-11,2.09959682395641e-09,7.38274036538585e-07,2.60431880696505e-06,0.000518251500244536,0.000285208130875361,0.00254092469457692,0.000928488728418482
"777",39.3,0.000360343178505619,2.48728320396683e-05,2.76475464980011e-11,2.04241817508604e-09,7.25029734133888e-07,2.56055769938553e-06,0.00051339756053542,0.000282175407018578,0.0025238193590711,0.000919368422037258
"778",39.35,0.000356427646924258,2.45336054678297e-05,2.67978473514206e-11,1.98679145292369e-09,7.12020876342609e-07,2.51752251443942e-06,0.000508584174484452,0.000279172587522035,0.00250678429852536,0.000910325064624727
"779",39.4,0.000352551174636142,2.41988875153078e-05,2.59742599597771e-11,1.93267469578957e-09,6.99243323008402e-07,2.47520139621333e-06,0.000503811066156505,0.000276199409993094,0.00248981975654502,0.000901358183375514
"780",39.45,0.000348713421913405,2.38686202105443e-05,2.51759820615921e-11,1.88002707166331e-09,6.86693005818096e-07,2.43358267874241e-06,0.000499077960668058,0.000273255613887106,0.00247292596868198,0.000892467305834914
"781",39.5,0.000344914051261068,2.35427462949541e-05,2.44022360354621e-11,1.82880884792388e-09,6.74365927075529e-07,2.39265488304095e-06,0.000494384584195381,0.000270340940501078,0.00245610316250408,0.000883651959944257
"782",39.55,0.000341152727413402,2.32212092146966e-05,2.36522681436758e-11,1.77898136189451e-09,6.62258158495654e-07,2.35240671417704e-06,0.000489730663982387,0.000267455132967158,0.00243935155766422,0.000874911674085191
"783",39.6,0.000337429117330056,2.29039531125366e-05,2.29253477990366e-11,1.7305069921728e-09,6.50365840018901e-07,2.31282705839212e-06,0.00048511592834829,0.000264597936246091,0.00242267136596976,0.000866245977123448
"784",39.65,0.000333742890192011,2.25909228197857e-05,2.22207668541688e-11,1.68334913072391e-09,6.38685178645249e-07,2.27390498026355e-06,0.000480540106694978,0.000261769097120542,0.00240606279145188,0.000857654398451551
"785",39.7,0.000330093717397344,2.22820638483382e-05,2.15378389126486e-11,1.63747215571914e-09,6.27212447288182e-07,2.23562971991154e-06,0.00047600292951431,0.000258968364188421,0.00238952603043557,0.000849136468031146
"786",39.75,0.000326481272556793,2.19773223827764e-05,2.08758986612356e-11,1.59284140509625e-09,6.15943983647309e-07,2.19799069024684e-06,0.000471504128394971,0.00025619548785602,0.00237306127160892,0.000840691716434155
"787",39.8,0.000322905231489145,2.16766452725704e-05,2.0234301222616e-11,1.54942315082629e-09,6.04876189100322e-07,2.16097747426146e-06,0.000467043436029296,0.000253450220331151,0.00235666869609327,0.000832319674883488
"788",39.85,0.000319365272216451,2.13799800243539e-05,1.96124215279907e-11,1.50718457386574e-09,5.94005527613263e-07,2.12457982236002e-06,0.000462620586219758,0.000250732315616174,0.00234034847751294,0.000824019875292839
"789",39.9,0.000315861074959044,2.10872747942799e-05,1.90096537089098e-11,1.46609373977635e-09,5.83328524669065e-07,2.08878764973151e-06,0.000458235313885247,0.000248041529500941,0.00232410078206503,0.000815791850305755
"790",39.95,0.000312392322130408,2.07984783804636e-05,1.84254105077796e-11,1.42611957499628e-09,5.72841766214263e-07,2.05359103376168e-06,0.000453887355067211,0.000245377619555704,0.0023079257685897,0.000807635133334064
"791",40,0.000308958698331869,2.05135402155009e-05,1.78591227064473e-11,1.38723184374348e-09,5.62541897623246e-07,2.01898021148459e-06,0.000449576446935532,0.000242740345123937,0.00229182358864002,0.00079954925859554
"792",40.05,0.000305559890347127,2.02324103590688e-05,1.73102385723239e-11,1.34940112553579e-09,5.52425622679986e-07,1.984945577073e-06,0.000445302327794232,0.00024012946731511,0.00227579438655232,0.000791533761150874
"793",40.1,0.000302195587136624,1.99550394905946e-05,1.67782233214831e-11,1.31259879330961e-09,5.42489702576531e-07,1.95147767936614e-06,0.00044106473708683,0.000237544748997301,0.00225983829951574,0.000783588176939684
"794",40.15,0.000298865479831745,1.96813789020195e-05,1.62625585982676e-11,1.27679699212487e-09,5.32730954928928e-07,1.91856721943709e-06,0.000436863415401742,0.000234985954789914,0.0022439554576429,0.000775712042816273
"795",40.2,0.000295569261728897,1.94113804906273e-05,1.57627419708398e-11,1.24196861843677e-09,5.23146252809232e-07,1.88620504819577e-06,0.000432698104477298,0.000232452851056203,0.00222814029465962,0.000767904896584367
"796",40.25,0.000292306628283401,1.91449967519485e-05,1.52782864422108e-11,1.20808729992092e-09,5.137325237938e-07,1.8543821640286e-06,0.000428568547206556,0.000229945205895744,0.00221240451309575,0.000760166277031073
"797",40.3,0.000289077277103267,1.88821807727537e-05,1.48087199762996e-11,1.17512737583897e-09,5.04486749028051e-07,1.82308971047573e-06,0.000424474487642119,0.000227462789136979,0.0021967423252501,0.000752495723960639
"798",40.35,0.00028588090794282,1.86228862241049e-05,1.43535850385053e-11,1.14306387792643e-09,4.95405962306366e-07,1.79231897394181e-06,0.000420415671000494,0.000225005372329524,0.00218115383361372,0.000744892778226952
"799",40.4,0.000282717222696177,1.83670673544885e-05,1.39124381503917e-11,1.11187251179206e-09,4.86487249167757e-07,1.76206138144267e-06,0.000416391843666383,0.000222572728736516,0.00216563913395108,0.00073735698176561
"800",40.45,0.000279585925390599,1.81146789830327e-05,1.34848494580567e-11,1.08152963881543e-09,4.77727746007131e-07,1.73230849838775e-06,0.000412402753196956,0.000220164633326998,0.00215019831537052,0.000729887877625637
"801",40.5,0.000276486722179716,1.78656764927752e-05,1.30704023137106e-11,1.05201225852556e-09,4.69124639200754e-07,1.70305202639389e-06,0.000408448148325568,0.000217780862768038,0.00213483146039335,0.000722485009999885
"802",40.55,0.000273419321336601,1.7620015824022e-05,1.26686928701263e-11,1.02329799145272e-09,4.60675164247098e-07,1.67428380113477e-06,0.000404527778965609,0.000215421195416989,0.00211953864502404,0.0007151479242553
"803",40.6,0.000270383433246754,1.73776534677758e-05,1.22793296875344e-11,9.95365062438418e-10,4.52376604922108e-07,1.64599579022309e-06,0.000400641396214124,0.000213085411313664,0.00210431993882012,0.000707876166962539
"804",40.65,0.000267378770400938,1.71385464592214e-05,1.19019333525606e-11,9.68192284389962e-10,4.44226292448277e-07,1.61818009112381e-06,0.000396788752355046,0.000210773292172362,0.00208917540496116,0.000700669285924463
"805",40.7,0.000264405047387899,1.69026523713037e-05,1.15361361088943e-11,9.41759042471949e-10,4.36221604678453e-07,1.59082892910172e-06,0.000392969600862606,0.000208484621374032,0.00207410510031906,0.000693526830204699
"806",40.75,0.00026146198088698,1.66699293083551e-05,1.11815814992614e-11,9.16045278718308e-10,4.28359965292788e-07,1.56393465519851e-06,0.000389183696404245,0.000206219183958235,0.0020591090755269,0.000686448350154985
"807",40.8,0.000258549289660624,1.6440335899802e-05,1.08379240184029e-11,8.91031477057028e-10,4.20638843009563e-07,1.53748974424184e-06,0.000385430794843507,0.000203976766615124,0.00204418737504828,0.000679433397442137
"808",40.85,0.000255666694546755,1.62138312939379e-05,1.0504828776703e-11,8.66698648735377e-10,4.13055750809314e-07,1.51148679288504e-06,0.000381710653242762,0.000201757157677415,0.00202934003724649,0.000672481525074413
"809",40.9,0.000252813918451064,1.59903751517686e-05,1.01819711741478e-11,8.43028318135568e-10,4.05608245172219e-07,1.48591851767739e-06,0.000378023029865811,0.000199560147112326,0.00201456709445378,0.00066559228742735
"810",40.95,0.000249990686339195,1.57699276409133e-05,9.86903658427713e-12,8.20002508968777e-10,3.9829392532799e-07,1.46077775316287e-06,0.000374367684180151,0.000197385526513395,0.00199986857303971,0.000658765240268719
"811",41,0.000247196725228809,1.55524494295927e-05,9.56572004786665e-12,7.97603730840899e-10,3.91110432519159e-07,1.43605745001046e-06,0.000370744376859416,0.000195233089092447,0.0019852444934807,0.000651999940783419
"812",41.05,0.000244431764181587,1.53379016806497e-05,9.27172597596814e-12,7.75814966174533e-10,3.84055449275747e-07,1.4117506731697e-06,0.000367152869785129,0.00019310262967124,0.00197069487042733,0.000645295947596875
"813",41.1,0.000241695534295109,1.51262460456759e-05,8.98676786212042e-12,7.5461965748517e-10,3.77126698703512e-07,1.38785060005902e-06,0.000363592926048937,0.000190993944673424,0.00195621971277394,0.000638652820799018
"814",41.15,0.00023898776869465,1.49174446591673e-05,8.71056800334902e-12,7.34001694994688e-10,3.70321943783145e-07,1.36435051877832e-06,0.000360064309954132,0.000188906832116184,0.00194181902372589,0.00063207012196662
"815",41.2,0.000236308202524892,1.47114601327698e-05,8.4428572297644e-12,7.13945404579057e-10,3.63638986682147e-07,1.34124382635188e-06,0.00035656678701744,0.000186841091602061,0.00192749280086821,0.000625547414185904
"816",41.25,0.000233656572941546,1.45082555495747e-05,8.18337464244461e-12,6.94435536037627e-10,3.57075668077959e-07,1.318524026997e-06,0.00035310012397044,0.000184796524310653,0.00191324103623325,0.000619084262074119
"817",41.3,0.000231032619102894,1.43077944584739e-05,7.93186735936117e-12,6.75457251676361e-10,3.50629866492458e-07,1.29618473041899e-06,0.000349664088760782,0.000182772932990235,0.00189906371636787,0.00061268023180047
"818",41.35,0.000228436082161254,1.41100408685937e-05,7.68809026912745e-12,6.56996115198655e-10,3.44299497638296e-07,1.27421965013451e-06,0.000346258450553541,0.000180770121949535,0.00188496082240151,0.00060633489110706
"819",41.4,0.000225866705254348,1.39149592437726e-05,7.45180579228482e-12,6.39038080892167e-10,3.38082513775755e-07,1.25262260181882e-06,0.000342882979732127,0.000178787897049308,0.00187093233011286,0.000600047809328689
"820",41.45,0.000223324233496624,1.37225144971091e-05,7.2227836499293e-12,6.21569483106299e-10,3.31976903080815e-07,1.23138750167957e-06,0.00033953744789922,0.00017682606569399,0.00185697820999695,0.000593818557412428
"821",41.5,0.000220808413970484,1.35326719855705e-05,7.00080063944381e-12,6.04577026011902e-10,3.25980689023972e-07,1.21050836485603e-06,0.000336221627877556,0.000174884436823322,0.00184309636112512,0.000587646707936666
"822",41.55,0.000218318995717443,1.33453975046599e-05,6.78564041711367e-12,5.88047773635343e-10,3.20091929759577e-07,1.18997930384278e-06,0.000332935293710576,0.000172962820903955,0.00182929097453094,0.000581531835129602
"823",41.6,0.000215855729729241,1.31606572831401e-05,6.57709328741535e-12,5.71969140159677e-10,3.14308717525465e-07,1.16979452693773e-06,0.000329678220662881,0.000171061029921022,0.00181555984050262,0.000575473514887118
"824",41.65,0.000213418368938861,1.29784179778218e-05,6.37495599878114e-12,5.56328880486399e-10,3.08629178052995e-07,1.14994833671483e-06,0.000326450185220672,0.000169178877369736,0.00180190290905916,0.000569471324790376
"825",41.7,0.000211006668211499,1.27986466683981e-05,6.17903154562176e-12,5.41115081049361e-10,3.03051469986721e-07,1.13043512851912e-06,0.00032325096509183,0.000167316178246863,0.00178832012526672,0.00056352484412246
"826",41.75,0.000208620384335487,1.26213108523573e-05,5.98912897645261e-12,5.26316150876978e-10,2.97573784314637e-07,1.11124938898755e-06,0.000320080339206264,0.000165472749042402,0.00177481142930513,0.000557633653885254
"827",41.8,0.000206259276013119,1.24463784399332e-05,5.80506320788933e-12,5.11920812892553e-10,2.9219434380748e-07,1.09238569459063e-06,0.000316938087715768,0.000163648407731042,0.00176137675653248,0.000551797336815158
"828",41.85,0.000203923103851473,1.22738177491169e-05,5.62665484436179e-12,4.97918095448535e-10,2.86911402467756e-07,1.07383871019731e-06,0.000313823991993857,0.000161842973763679,0.00174801603754995,0.000546015477398515
"829",41.9,0.000201611630353133,1.21035975007371e-05,5.453730003378e-12,4.84297324089087e-10,2.81723244988556e-07,1.05560318766362e-06,0.000310737834635711,0.000160056268059044,0.00173472919826725,0.000540287661886954
"830",41.95,0.000199324619906889,1.19356868135725e-05,5.28612014612903e-12,4.71048113531814e-10,2.76628186220862e-07,1.03767396444067e-06,0.00030767939945757,0.000158288112995081,0.00172151615996599,0.000534613478311493
"831",42,0.000197061838778368,1.17700551995423e-05,5.12366191332125e-12,4.58160359866758e-10,2.71624570650668e-07,1.02004596220705e-06,0.000304648471496455,0.00015653833240058,0.00170837683936466,0.000528992516496986
"832",42.05,0.000194823055100646,1.16066725589334e-05,4.96619696603193e-12,4.45624232963425e-10,2.66710771884482e-07,1.00271418552047e-06,0.000301644837009429,0.0001548067515466,0.00169531114868174,0.000523424368075469
"833",42.1,0.000192608038864776,1.14455091756921e-05,4.81357183146385e-12,4.33430169082619e-10,2.61885192143946e-07,9.856737204917e-07,0.000298668283472985,0.000153093197138023,0.00168231899569961,0.000517908626499472
"834",42.15,0.000190416561910313,1.12865357127698e-05,4.66563775343677e-12,4.21568863686768e-10,2.57146261769083e-07,9.68919733479293e-07,0.000295718599582288,0.000151397497305098,0.00166940028382802,0.00051244488705488
"835",42.2,0.000188248397915768,1.11297232075073e-05,4.52225054745856e-12,4.10031264442353e-10,2.52492438729637e-07,9.52447469803144e-07,0.000292795575250092,0.000149719481594849,0.00165655491216621,0.000507032746872867
"836",42.25,0.00018610332238904,1.09750430670886e-05,4.3832704602637e-12,3.98808564411716e-10,2.47922208145279e-07,9.3625225248011e-07,0.000289899001605862,0.000148058980962665,0.00164378277556616,0.00050167180494205
"837",42.3,0.000183981112657807,1.08224670640332e-05,4.24856203365315e-12,3.87892195426757e-10,2.43434081813593e-07,9.20329480977833e-07,0.000287028670994526,0.000146415827763735,0.00163108376469428,0.000496361662119668
"838",42.35,0.00018188154785988,1.06719673317557e-05,4.11799397253198e-12,3.77273821642016e-10,2.39026597746664e-07,9.0467462998997e-07,0.000284184376975475,0.000144789855744696,0.00161845776609441,0.000491101921143007
"839",42.4,0.000179804408933528,1.0523516360147e-05,3.99143901697376e-12,3.66945333258906e-10,2.34698319714686e-07,8.89283248227381e-07,0.000281365914320865,0.000143180900034933,0.00160590466224775,0.000485892186639306
"840",42.45,0.00017774947860777,1.03770869912408e-05,3.86877381824583e-12,3.56898840421212e-10,2.30447836798454e-07,8.74150957232018e-07,0.000278573079014524,0.000141588797138283,0.00159342433163561,0.000480732065136545
"841",42.5,0.000175716541392633,1.02326524149058e-05,3.74987881862206e-12,3.47126667273055e-10,2.26273762948802e-07,8.59273450206917e-07,0.0002758056682503,0.000140013384924495,0.00158101664879982,0.00047562116507297
"842",42.55,0.000173705383569396,1.00901861645923e-05,3.63463813489175e-12,3.3762134617702e-10,2.22174736553745e-07,8.44646490865035e-07,0.000273063480430414,0.000138454502620734,0.00156868148440316,0.000470559096806409
"843",42.6,0.000171715793180799,9.94966211313426e-06,3.52293944545258e-12,3.28375612088271e-10,2.18149420013227e-07,8.30265912296882e-07,0.00027034631516385,0.00013691199080318,0.00155641870529007,0.000465545472623444
"844",42.65,0.000169747560021221,9.81105446858306e-06,3.4146738808589e-12,3.1938239707894e-10,2.14196499320705e-07,8.16127615854265e-07,0.000267653973264345,0.000135385691388457,0.00154422817454563,0.000460579906747606
"845",42.7,0.000167800475626854,9.6743377701188e-06,3.30973591775547e-12,3.10634825011754e-10,2.10314683652737e-07,8.02227570054549e-07,0.000264986256748873,0.000133875447625392,0.0015321097515568,0.000455662015348258
"846",42.75,0.000165874333265839,9.53948688396493e-06,3.20802327603581e-12,3.02126206354214e-10,2.06502704964391e-07,7.88561809497756e-07,0.000262342968835177,0.00013238110408631,0.00152006329206941,0.000450791416547553
"847",42.8,0.000163968927928403,9.40647699939918e-06,3.10943681919752e-12,2.93850033135454e-10,2.02759317592973e-07,7.7512643380566e-07,0.000259723913940201,0.000130902506658882,0.00150808864824922,0.000445967730428777
"848",42.85,0.000162084056316956,9.27528362476599e-06,3.01388045772528e-12,2.8579997403608e-10,1.99083297867323e-07,7.61917606573081e-07,0.000257128897677555,0.000129439502537501,0.00149618566873871,0.00044119057904274
"849",42.9,0.000160219516836191,9.14588258356292e-06,2.92126105546289e-12,2.77969869611915e-10,1.95473443724595e-07,7.48931554338522e-07,0.000254557726855457,0.000127991940214966,0.00148435429247304,0.000436459586414843
"850",42.95,0.000158375109583163,9.01825001056729e-06,2.83148833885794e-12,2.70353727646052e-10,1.91928574333487e-07,7.36164565570504e-07,0.000252010209474496,0.00012655966947415,0.00147259420053184,0.000431774378551569
"851",43,0.000156550636337345,8.89236234799589e-06,2.74447480898635e-12,2.62945718625349e-10,1.88447529723618e-07,7.236129896687e-07,0.000249486154725088,0.000125142541379524,0.00146090270844956,0.000427134583446242
"852",43.05,0.000154745900550704,8.7681963417194e-06,2.66013565628702e-12,2.55740171339385e-10,1.85029170421569e-07,7.11273235981847e-07,0.000246985372985065,0.000123740408268837,0.00144928489202602,0.00042253983108481
"853",43.1,0.000152960707337736,8.64572903751845e-06,2.57838867791464e-12,2.48731568597819e-10,1.81672377093104e-07,6.99141772840927e-07,0.000244507675817131,0.000122353123744772,0.00143773793229317,0.000417989753451212
"854",43.15,0.0001511948634655,8.52493777738332e-06,2.4991541976317e-12,2.41914543063141e-10,1.78376050191575e-07,6.87215126607604e-07,0.000242052875966268,0.000120980542666627,0.00142626165795973,0.000413483984532425
"855",43.2,0.000149448177343663,8.40580019585724e-06,2.42235498816205e-12,2.35283873195726e-10,1.75139109612372e-07,6.75489880737765e-07,0.000239620787357077,0.000119622521142021,0.00141485589461109,0.000409022160323193
"856",43.25,0.000147720459014518,8.28829421641238e-06,2.34791619592402e-12,2.28834479307622e-10,1.71960494353073e-07,6.63962674858871e-07,0.000237211225090845,0.000118278916518506,0.00140352046476395,0.000404603918830109
"857",43.3,0.00014601152014302,8.17239804788841e-06,2.27576526808895e-12,2.22561419723815e-10,1.68839162179985e-07,6.52630203863894e-07,0.00023482400544297,0.000116949587375432,0.00139225518792268,0.000400228900076114
"858",43.35,0.000144321174006793,8.05809018094876e-06,2.20583188186574e-12,2.16459887045646e-10,1.65774089299793e-07,6.41489217017235e-07,0.000232458945859824,0.000115634393515559,0.0013810598806329,0.000395896746103803
"859",43.4,0.00014264923548616,7.94534938459686e-06,2.1380478759701e-12,2.10525204515998e-10,1.62764270037366e-07,6.30536517076615e-07,0.000230115864955941,0.000114333195956903,0.00136993435653657,0.000391607100979132
"860",43.45,0.000140995521054161,7.83415470272265e-06,2.07234718419275e-12,2.04752822481897e-10,1.59808716518844e-07,6.19768959427842e-07,0.000227794582510923,0.000113045856924483,0.00135887842642557,0.000387359610794423
"861",43.5,0.000139359848766579,7.72448545068992e-06,2.0086657710093e-12,1.99138314952539e-10,1.56906458360188e-07,6.09183451233305e-07,0.000225494919466296,0.000111772239842097,0.00134789189829508,0.000383153923671128
"862",43.55,0.000137742038251972,7.61632121197052e-06,1.94694156917288e-12,1.9367737625051e-10,1.54056542361302e-07,5.98776950594651e-07,0.000223216697922445,0.000110512209324199,0.00133697457739714,0.000378989689762494
"863",43.6,0.000136141910701687,7.50964183481493e-06,1.88711441922203e-12,1.88365817753133e-10,1.51258032205336e-07,5.8854646572839e-07,0.000220959741135436,0.00010926563116776,0.00132612626629362,0.000374866561255924
"864",43.65,0.000134559288859904,7.40442742894831e-06,1.82912601084021e-12,1.83199564721085e-10,1.48510008162835e-07,5.78489054153307e-07,0.000218723873513482,0.000108032372344008,0.00131534676490731,0.000370784192374452
"865",43.7,0.000132993997013688,7.30065836233027e-06,1.772919826031e-12,1.78174653213786e-10,1.45811566801635e-07,5.68601821893115e-07,0.00021650892061389,0.000106812300990457,0.00130463587057529,0.000366742239378947
"866",43.75,0.000131445860983019,7.1983152579315e-06,1.71844108402761e-12,1.73287227086983e-10,1.43161820701231e-07,5.58881922689748e-07,0.000214314709139495,0.000105605286402743,0.00129399337809963,0.00036274036056922
"867",43.8,0.000129914708110867,7.09737899056091e-06,1.6656366879022e-12,1.68533535071966e-10,1.4055989817239e-07,5.4932655723033e-07,0.000212141066935316,0.000104411199026609,0.00128341907979905,0.000358778216285358
"868",43.8500000000001,0.000128400367253252,6.99783068372033e-06,1.61445517281053e-12,1.63909927933152e-10,1.3800494298137e-07,5.3993297238549e-07,0.000209987822984943,0.000103229910449807,0.00127291276555912,0.000354855468908394
"869",43.9,0.000126902668769333,6.89965170650312e-06,1.56484665583066e-12,1.59412855702708e-10,1.35496114079066e-07,5.30698460460419e-07,0.000207854807407018,0.000102061293394118,0.00126247422288282,0.000350971782861014
"870",43.95,0.00012542144451148,6.8028236705283e-06,1.51676278734265e-12,1.55038864989792e-10,1.33032585334835e-07,5.21620358457746e-07,0.000205741851451659,0.000100905221707364,0.00125210323694062,0.000347126824607952
"871",44,0.000123956527815401,6.70732842691242e-06,1.47015670390271e-12,1.50784596362491e-10,1.30613545274932e-07,5.12696047352236e-07,0.000203648787496843,9.9761570355486e-05,0.00124179959062015,0.000343320262656211
"872",44.05,0.000122507753490248,6.6131480632639e-06,1.42498298255942e-12,1.46646781799871e-10,1.28238196825163e-07,5.03922951375813e-07,0.000201575449044475,9.86302154144722e-05,0.00123156306457432,0.000339551767554492
"873",44.1,0.000121074957808754,6.52026490073581e-06,1.38119759658477e-12,1.42622242213863e-10,1.25905757058549e-07,4.95298537316086e-07,0.000199521670716894,9.75110340626015e-05,0.00122139343727129,0.000335821011893325
"874",44.15,0.000119657978497383,6.42866149109297e-06,1.33875787255572e-12,1.3870788503716e-10,1.23615456946852e-07,4.86820313824111e-07,0.000197487288252887,9.64039045724638e-05,0.00121129048504177,0.000332127670304109
"875",44.2,0.000118256654726498,6.3383206138285e-06,1.29762244876167e-12,1.3490070187691e-10,1.21366541116762e-07,4.78485830734542e-07,0.000195472138503994,9.53087063031786e-05,0.00120125398212781,0.000328471419458538
"876",44.25,0.000116870827100542,6.24922527330076e-06,1.25775123488365e-12,1.31197766231218e-10,1.1915826760997e-07,4.70292678395347e-07,0.000193476059430441,9.42253196924836e-05,0.00119128370072927,0.000324851938067225
"877",44.3,0.000115500337648248,6.1613586959135e-06,1.21910537291702e-12,1.27596231267737e-10,1.16989907647619e-07,4.62238487009039e-07,0.000191501242026256,9.31536262489607e-05,0.00118137941105122,0.000321268906878482
"878",44.35,0.000114145029812861,6.07470432733079e-06,1.1816471992955e-12,1.2409332766233e-10,1.14860745398878e-07,4.54320925984533e-07,0.000189542810154508,9.20935085443063e-05,0.00117154088135093,0.00031772200867694
"879",44.4,0.000112804748442374,5.98924582972017e-06,1.14534020817704e-12,1.20686361495945e-10,1.12770077753394e-07,4.46537703298888e-07,0.000187602969480526,9.10448502055733e-05,0.0011617678779839,0.000314210928281741
"880",44.4500000000001,0.000111479339779807,5.90496707903061e-06,1.11014901585881e-12,1.17372712208418e-10,1.10717214097747e-07,4.3888656486941e-07,0.000185681562360223,9.00075359074639e-05,0.00115206016544974,0.000310735352544608
"881",44.5,0.00011016865145349,5.82185216229401e-06,1.07603932628231e-12,1.14149830607242e-10,1.08701476095565e-07,4.31365293934969e-07,0.000183778432238011,8.89814513645483e-05,0.00114241750643662,0.000307294970347351
"882",44.55,0.000108872532467367,5.73988537498042e-06,1.04297789760739e-12,1.11015236931013e-10,1.06722197471973e-07,4.23971710449157e-07,0.000181893423642964,8.79664833237735e-05,0.00113283966186779,0.000303889472600035
"883",44.6,0.000107590833191342,5.65905121836212e-06,1.01093250980415e-12,1.07966518964354e-10,1.04778723801229e-07,4.16703670481065e-07,0.000180026382184424,8.69625195567258e-05,0.00112332639094497,0.000300518552238032
"884",44.6500000000001,0.000106323405351629,5.57933439692643e-06,9.79871933247996e-13,1.05001330204477e-10,1.02870412298476e-07,4.09559065627209e-07,0.000178177154547977,8.59694488521418e-05,0.00111387745119354,0.000297181904219589
"885",44.6999999999999,0.000105070102021152,5.5007198157977e-06,9.49765898271168e-13,1.02117388076514e-10,1.00996631614573e-07,4.02535822430882e-07,0.000176345588490886,8.49871610081695e-05,0.00110449259850453,0.00029387922552228
"886",44.75,0.000103830777609932,5.42319257822254e-06,9.20585065662737e-13,9.93124721983278e-11,9.9156761635268e-08,3.95631901813714e-07,0.000174531532838248,8.40155468250752e-05,0.00109517158718022,0.000290610215140655
"887",44.8,0.000102605287855555,5.34673798304919e-06,8.92300998061361e-13,9.65844226909317e-11,9.73501932830043e-08,3.88845298513092e-07,0.000172734837478265,8.30544980975303e-05,0.00108591416997487,0.000287374574082165
"888",44.85,0.000101393489813615,5.27134152226771e-06,8.64886132239015e-13,9.39311385357438e-11,9.55763283229002e-08,3.82174040531321e-07,0.000170955353358228,8.21039076073069e-05,0.00107672009813887,0.000284172005364216
"889",44.9,0.000100195241848214,5.19698887855919e-06,8.38313752228655e-13,9.13505759755431e-11,9.38345791716044e-08,3.75616188591774e-07,0.000169192932479959,8.116366911576e-05,0.00106758912145989,0.000281002214010171
"890",44.9500000000001,9.90104036224926e-05,5.1236659228824e-06,8.12557963281042e-13,8.88407469589941e-11,9.21243687096789e-08,3.69169835604469e-07,0.000167447427895445,8.02336773564323e-05,0.00105852098830463,0.000277864907045523
"891",45,9.78388360891781e-05,5.05135871209214e-06,7.87593666622739e-13,8.63997176273549e-11,9.04451300972937e-08,3.62833106140443e-07,0.000165718693702468,7.93138280277315e-05,0.00104951544566054,0.000274759793494007
"892",45.05,9.66804014811613e-05,4.98005348658049e-06,7.63396534988011e-13,8.40256068419521e-11,8.87963065930033e-08,3.56604155914042e-07,0.000164006585040115,7.84040177855686e-05,0.00104057223917628,0.000271686584373308
"893",45.1000000000001,9.55349633021169e-05,4.90973666794526e-06,7.3994298890231e-13,8.17165847514774e-11,8.71773513756427e-08,3.50481171273408e-07,0.00016231095808419,7.75041442360112e-05,0.00103169111320175,0.000268644992690548
"894",45.15,9.44023863171517e-05,4.8403948567e-06,7.17210173699308e-13,7.94708713985227e-11,8.55877273696378e-08,3.44462368700318e-07,0.000160631670042966,7.66141059281413e-05,0.00102287181082935,0.000265634733438199
"895",45.2000000000001,9.32825365434723e-05,4.77201482999227e-06,6.95175937237765e-13,7.7286735363203e-11,8.40269070729097e-08,3.38545994316354e-07,0.000158968579152409,7.57338023467064e-05,0.00101411407393242,0.000262655523589
"896",45.25,9.21752812411041e-05,4.70458353935706e-06,6.73818808305995e-13,7.51624924437726e-11,8.24943723879504e-08,3.32730323397677e-07,0.000157321544671586,7.48631339048904e-05,0.00100541764320414,0.000259707082091052
"897",45.3,9.10804889036236e-05,4.63808810851165e-06,6.53117975694545e-13,7.30965043734189e-11,8.09896144561687e-08,3.27013659898809e-07,0.000155690426878384,7.40020019373157e-05,0.000996782258197916,0.000256789129863392
"898",45.35,8.99980292489443e-05,4.57251583115625e-06,6.3305326790543e-13,7.10871775711488e-11,7.95121334946444e-08,3.21394335982276e-07,0.000154075087064715,7.31503086927976e-05,0.000988207657364731,0.000253901389790508
"899",45.4,8.89277732101283e-05,4.50785416880561e-06,6.13605133486576e-13,6.91329619266652e-11,7.80614386358294e-08,3.15870711556182e-07,0.000152475387531777,7.23079573272006e-05,0.000979693578090515,0.000251043586716886
"900",45.4500000000001,8.78695929262168e-05,4.4440907486574e-06,5.94754621973886e-13,6.72323496184812e-11,7.66370477702804e-08,3.10441173820118e-07,0.000150891191585591,7.14748518964551e-05,0.000971239756734591,0.000248215447441904
"901",45.5,8.68233617331334e-05,4.38121336148305e-06,5.7648336541795e-13,6.53838739639459e-11,7.52384873920526e-08,3.05104136818084e-07,0.000149322363532399,7.06508973495766e-05,0.00096284592866721,0.000245416700714438
"902",45.55,8.57889541545781e-05,4.31920995953244e-06,5.58773560475192e-13,6.35861083000895e-11,7.38652924465341e-08,2.99858040997597e-07,0.00014776876867378,6.98359995215535e-05,0.000954511828305144,0.00024264707722679
"903",45.6,8.47662458929893e-05,4.25806865447536e-06,5.4160795105284e-13,6.18376648951388e-11,7.25170061811837e-08,2.94701352776871e-07,0.000146230273302014,6.90300651264312e-05,0.000946237189148399,0.000239906309609023
"904",45.65,8.37551138205376e-05,4.19777771537131e-06,5.24969811488178e-13,6.01371938896206e-11,7.11931799989467e-08,2.89632564119234e-07,0.000144706744695514,6.82330017504646e-05,0.000938021743816934,0.000237194132423298
"905",45.7,8.27554359701407e-05,4.1383255666487e-06,5.0884293024062e-13,5.84833822657397e-11,6.98933733138958e-08,2.84650192113115e-07,0.000143198051113871,6.74447178451099e-05,0.000929865224084956,0.000234510282157405
"906",45.75,8.17670915265311e-05,4.07970078612711e-06,4.932115940901e-13,5.68749528452145e-11,6.86171534097918e-08,2.79752778560347e-07,0.000141704061793325,6.66651227202973e-05,0.000921767360917293,0.000231854497219015
"907",45.8,8.07899608173573e-05,4.02189210304855e-06,4.78060572817073e-13,5.53106633138639e-11,6.73640953007896e-08,2.74938889569843e-07,0.000140224646941868,6.58941265375327e-05,0.000913727884503301,0.000229226517929116
"908",45.85,7.98239253043258e-05,3.96488839614123e-06,4.63375104355749e-13,5.37893052728821e-11,6.61337815947606e-08,2.70207115158536e-07,0.000138759677734521,6.51316403031536e-05,0.000905746524291553,0.000226626086515736
"909",45.9,7.88688675743698e-05,3.90867869170085e-06,4.49140880402037e-13,5.23097033156733e-11,6.49258023588706e-08,2.65556068858236e-07,0.000137309026308461,6.43775758615402e-05,0.000897823009023308,0.000224052947107263
"910",45.95,7.7924671330872e-05,3.85325216170584e-06,4.35344032466641e-13,5.08707141300088e-11,6.37397549877367e-08,2.60984387329724e-07,0.000135872565758405,6.3631845888496e-05,0.000889957066766995,0.000221506845726148
"911",46,7.69912213849203e-05,3.79859812194199e-06,4.21971118353342e-13,4.9471225624175e-11,6.25752440735911e-08,2.56490729981923e-07,0.000134450170131611,6.28943638844915e-05,0.000882148424950396,0.000218987530281872
"912",46.05,7.60684036465989e-05,3.74470603016089e-06,4.0900910905569e-13,4.81101560771132e-11,6.14318812789531e-08,2.52073778598132e-07,0.000133041714423175,6.21650441680804e-05,0.000874396810394054,0.000216494750564312
"913",46.1,7.51561051163257e-05,3.69156548425581e-06,3.96445376055163e-13,4.67864533114837e-11,6.03092852114152e-08,2.47732236967864e-07,0.000131647074571171,6.14438018692886e-05,0.000866701949343438,0.000214028258236761
"914",46.15,7.42542138762309e-05,3.63916622045879e-06,3.84267679009593e-13,4.54990938891441e-11,5.92070813006006e-08,2.43464830524556e-07,0.000130266127451752,6.0730552923025e-05,0.000859063567500652,0.000211587806828814
"915",46.2,7.33626190815629e-05,3.58749811156766e-06,3.72464153821759e-13,4.42470823286481e-11,5.81249016774322e-08,2.39270305989751e-07,0.000128898750874446,6.00252140626304e-05,0.00085148139005682,0.000209173151729513
"916",46.25,7.24812109521584e-05,3.53655116518158e-06,3.61023301071775e-13,4.3029450343661e-11,5.70623850552433e-08,2.35147431021982e-07,0.0001275448235771,5.93277028132839e-05,0.000843955141722199,0.000206784050179785
"917",46.3,7.16098807639279e-05,3.48631552197247e-06,3.49933974808283e-13,4.18452561023922e-11,5.60191766132655e-08,2.3109499387247e-07,0.000126204225221195,5.8637937485644e-05,0.000836484546757973,0.000204420261265447
"918",46.3500000000001,7.07485208404028e-05,3.43678145396923e-06,3.39185371682238e-13,4.06935835069229e-11,5.49949278819784e-08,2.27111803045718e-07,0.00012487683638692,5.79558371694061e-05,0.00082906932900641,0.000202081545909757
"919",46.4000000000001,6.98970245443149e-05,3.38793936286103e-06,3.28767020414357e-13,3.95735414920573e-11,5.39892966304284e-08,2.2319668696543e-07,0.000123562538568185,5.72813217268664e-05,0.000821709211920343,0.000199767666865731
"920",46.4499999999999,6.90552862692173e-05,3.3397797783298e-06,3.18668771588119e-13,3.8484263343405e-11,5.30019467556941e-08,2.1934849364652e-07,0.000122261214167865,5.66143117866442e-05,0.000814403918593494,0.000197478388708835
"921",46.5,6.82232014311429e-05,3.29229335640167e-06,3.08880787756113e-13,3.74249060339347e-11,5.20325481742526e-08,2.15566090372282e-07,0.00012097274649298,5.59547287374134e-05,0.000807153171790226,0.000195213477829469
"922",46.5500000000001,6.74006664603256e-05,3.24547087780893e-06,2.99393533848529e-13,3.63946495783318e-11,5.10807767150532e-08,2.11848363376037e-07,0.000119697019749616,5.53024947215346e-05,0.000799956693973372,0.000192972702424943
"923",46.5999999999999,6.65875787929455e-05,3.19930324638117e-06,2.90197767878362e-13,3.53926964050924e-11,5.01463140146464e-08,2.08194217528634e-07,0.000118433919038078,5.46575326288523e-05,0.000792814207333066,0.000190755832491777
"924",46.65,6.57838368629058e-05,3.15378148745704e-06,2.81284531932459e-13,3.44182707456858e-11,4.92288474141713e-08,2.04602576031088e-07,0.000117183330348064,5.40197660905337e-05,0.000785725433815388,0.000188562639817998
"925",46.7,6.49893400936939e-05,3.10889674631682e-06,2.72645143439687e-13,3.34706180403337e-11,4.83280698581673e-08,2.01072380112287e-07,0.00011594514055387,5.33891194729683e-05,0.000778690095150708,0.000186392897975394
"926",46.75,6.42039888902399e-05,3.06464028661713e-06,2.6427118670423e-13,3.2549004359571e-11,4.74436797948219e-08,1.97602588730259e-07,0.000114719237409113,5.27655178714531e-05,0.000771707912879059,0.000184246382310885
"927",46.8,6.34276846308474e-05,3.02100348887289e-06,2.56154504704514e-13,3.16527158421105e-11,4.65753810785239e-08,1.94192178280471e-07,0.00011350550954223,5.21488871043151e-05,0.00076477860837947,0.00018212286993918
"928",46.85,6.26603296591565e-05,2.97797784893726e-06,2.48287191140219e-13,3.07810581475441e-11,4.57228828737117e-08,1.90840142307227e-07,0.000112303846451389,5.15391537067709e-05,0.000757901902895666,0.000180022139734346
"929",46.9,6.19018272761554e-05,2.93555497650407e-06,2.40661582724552e-13,2.99333559240005e-11,4.48858995604861e-08,1.87545491220053e-07,0.000111114138499511,5.09362449248798e-05,0.000751077517561986,0.000177943972321508
"930",46.95,6.11520817322304e-05,2.89372659364099e-06,2.3327025171559e-13,2.91089522905108e-11,4.40641506421158e-08,1.84307252015623e-07,0.00010993627690962,5.03400887096987e-05,0.000744305173430824,0.000175888150069076
"931",47.0000000000001,6.04109982192597e-05,2.85248453331638e-06,2.26105998672903e-13,2.83072083329623e-11,4.3257360653691e-08,1.81124468002316e-07,0.000108770153759513,4.97506137111326e-05,0.000737584591495864,0.000173854457079724
"932",47.0499999999999,5.96784828627672e-05,2.81182073798106e-06,2.19161845443243e-13,2.752750261447e-11,4.24652590730987e-08,1.77996198532071e-07,0.000107615661977472,4.91677492723401e-05,0.000730915492720826,0.000171842679183096
"933",47.0999999999999,5.89544427140864e-05,2.77172725812373e-06,2.12431028354204e-13,2.67692306982042e-11,4.16875802326985e-08,1.74921518733214e-07,0.000106472695336705,4.85914254235462e-05,0.000724297598060667,0.000169852603926316
"934",47.1500000000001,5.82387857426088e-05,2.73219625088283e-06,2.05906991623792e-13,2.60318046839401e-11,4.09240632333086e-08,1.71899519250603e-07,0.000105341148450912,4.80215728764463e-05,0.000717730628488774,0.000167884020566327
"935",47.1999999999999,5.75314208280546e-05,2.69321997865442e-06,1.99583380968885e-13,2.53146527567945e-11,4.01744518592849e-08,1.68929305988352e-07,0.000104220916769227,4.74581230183358e-05,0.000711214305020305,0.000165936720061144
"936",47.25,5.68322577527752e-05,2.65479080771993e-06,1.93454037410703e-13,2.46172187482933e-11,3.94384944951467e-08,1.66009999856954e-07,0.000103111896571244,4.69010079063189e-05,0.000704748348735552,0.000164010495061181
"937",47.2999999999999,5.61412071941409e-05,2.61690120690215e-06,1.8751299127244e-13,2.39389617095754e-11,3.87159440438825e-08,1.63140736525357e-07,0.000102013984962366,4.63501602617113e-05,0.000698332480804863,0.000162105139901077
"938",47.35,5.54581807169214e-05,2.57954374621677e-06,1.81754456358078e-13,2.32793554958239e-11,3.80065578462859e-08,1.6032066617548e-07,0.000100927079868539,4.58055134641698e-05,0.000691966422509624,0.000160220450590449
"939",47.3999999999999,5.47830907657658e-05,2.54271109557218e-06,1.7617282431505e-13,2.2637888362565e-11,3.7310097602313e-08,1.57548953263103e-07,9.98510800319113e-05,4.52670015463214e-05,0.000685649895268218,0.000158356224806148
"940",47.4499999999999,5.41158506576746e-05,2.50639602344466e-06,1.70762659163907e-13,2.20140625722263e-11,3.66263292930447e-08,1.54824776279566e-07,9.87858850052933e-05,4.47345591878267e-05,0.000679382620654675,0.000156512261882433
"941",47.5000000000001,5.34563745745556e-05,2.47059139561574e-06,1.65518692003079e-13,2.14073940121983e-11,3.59550231048907e-08,1.52147327520795e-07,9.77313951479754e-05,4.42081217101491e-05,0.00067316432042484,0.000154688362803422
"942",47.55,5.28045775558139e-05,2.43529017388479e-06,1.60435815870342e-13,2.08174118225878e-11,3.52959533543604e-08,1.4951581285705e-07,9.66875116203387e-05,4.36876250707678e-05,0.000666994716535155,0.000152884330193442
"943",47.6,5.21603754909692e-05,2.40048541482166e-06,1.55509080765805e-13,2.02436580345134e-11,3.46488984146108e-08,1.46929451508214e-07,9.56541363791936e-05,4.31730058577732e-05,0.000660873531165279,0.000151099968308549
"944",47.6500000000001,5.15236851123439e-05,2.36617026853275e-06,1.50733688827521e-13,1.96856872182017e-11,3.4013640643245e-08,1.44387475822596e-07,9.46311721730526e-05,4.2664201284472e-05,0.000654800486740008,0.000149335083027948
"945",47.7,5.08944239877861e-05,2.33233797743052e-06,1.46104989653739e-13,1.91430661404688e-11,3.33899663111622e-08,1.41889131058442e-07,9.36185225370519e-05,4.21611491838459e-05,0.000648775305948731,0.000147589481844707
"946",47.7499999999999,5.02725105134258e-05,2.29898187503063e-06,1.41618475770665e-13,1.86153734317239e-11,3.27776655328879e-08,1.39433675169927e-07,9.26160917882458e-05,4.16637880032299e-05,0.000642797711766711,0.000145862973857126
"947",47.8,4.96578639064933e-05,2.26609538475854e-06,1.37269778238754e-13,1.81021992619468e-11,3.21765321980259e-08,1.37020378596221e-07,9.16237850207376e-05,4.11720567989408e-05,0.000636867427475046,0.000144155369759752
"948",47.8499999999999,4.90504041981848e-05,2.23367201877743e-06,1.33054662394905e-13,1.76031450255863e-11,3.15863639040372e-08,1.34648524054466e-07,9.0641508101011e-05,4.06858952310383e-05,0.000630984176681432,0.000142466481834714
"949",47.8999999999999,4.84500522265447e-05,2.20170537681337e-06,1.28969023723291e-13,1.71178230347706e-11,3.10069618898874e-08,1.32317406334863e-07,8.96691676627381e-05,4.02052435578569e-05,0.000625147683337481,0.000140796123942117
"950",47.9500000000001,4.78567296294298e-05,2.17018914502208e-06,1.25008883856574e-13,1.66458562212826e-11,3.0438130971349e-08,1.30026332101067e-07,8.87066711024125e-05,3.97300426309775e-05,0.0006193576717605,0.000139144111511826
"951",47.9999999999999,4.72703588375008e-05,2.13911709485066e-06,1.21170386697556e-13,1.61868778463558e-11,2.98796794770975e-08,1.27774619692437e-07,8.77539265744001e-05,3.9260233889947e-05,0.000613613866651565,0.000137510261534202
"952",48.0500000000001,4.66908630672394e-05,2.10848308191466e-06,1.17449794660218e-13,1.57405312183931e-11,2.93314191859537e-08,1.25561598929595e-07,8.6810842986034e-05,3.87957593570426e-05,0.000607915993113334,0.00013589439255089
"953",48.1,4.6118166314062e-05,2.07828104489225e-06,1.13843485026708e-13,1.53064694184218e-11,2.87931652652891e-08,1.23386610923392e-07,8.58773299928038e-05,3.83365616321203e-05,0.000602263776668163,0.000134296324645735
"954",48.1500000000001,4.55521933454188e-05,2.04850500444761e-06,1.1034794641811e-13,1.48843550332446e-11,2.82647362107894e-08,1.21249007888092e-07,8.49532979940307e-05,3.78825838877303e-05,0.00059665694327873,0.000132715879436486
"955",48.2,4.49928696939861e-05,2.01914906213524e-06,1.06959775369824e-13,1.44738598953921e-11,2.77459537867003e-08,1.1914815295527e-07,8.40386581275396e-05,3.74337698637683e-05,0.000591095219362263,0.000131152880064774
"956",48.2500000000001,4.44401216508675e-05,1.99020739934744e-06,1.03675673015704e-13,1.40746648305815e-11,2.72366429676519e-08,1.17083419992862e-07,8.31333222652495e-05,3.69900638626109e-05,0.000585578331809938,0.000129607151187607
"957",48.3000000000001,4.38938762588715e-05,1.9616742762647e-06,1.00492441872884e-13,1.36864594119072e-11,2.6736631881325e-08,1.15054193426439e-07,8.22372030084565e-05,3.65514107441286e-05,0.000580106008004034,0.00012807851896833
"958",48.35,4.33540613058053e-05,1.933544030815e-06,9.74069827249614e-14,1.33089417206712e-11,2.62457517520556e-08,1.130598680631e-07,8.13502136829894e-05,3.61177559206629e-05,0.000574677975834006,0.000126566811067321
"959",48.4000000000001,4.28206053178321e-05,1.9058110776481e-06,9.44162916012234e-14,1.29418181137593e-11,2.57638368454682e-08,1.1109984891838e-07,8.04722683344302e-05,3.56890453520691e-05,0.000569293963712482,0.000125071856632785
"960",48.4499999999999,4.22934375528734e-05,1.87846990713266e-06,9.15174568497875e-14,1.25848029974884e-11,2.52907244142592e-08,1.09173551046698e-07,7.96032817236571e-05,3.52652255409447e-05,0.000563953700592972,0.000123593486292066
"961",48.4999999999999,4.17724879940349e-05,1.85151508435407e-06,8.8707656299429e-14,1.22376186074595e-11,2.48262546447325e-08,1.07280399373737e-07,7.87431693220307e-05,3.48462435277081e-05,0.000558656915984952,0.000122131532142315
"962",48.5500000000001,4.12576873431071e-05,1.82494124812925e-06,8.59841545091012e-14,1.18999947944681e-11,2.43702706043516e-08,1.05419828531878e-07,7.78918473067085e-05,3.44320468857746e-05,0.000553403339969393,0.00012068582774137
"963",48.6000000000001,4.07489670140923e-05,1.798743110036e-06,8.33443001022358e-14,1.15716688162788e-11,2.39226181902585e-08,1.03591282698473e-07,7.70492325560533e-05,3.40225837168031e-05,0.000548192703214542,0.000119256208098759
"964",48.6500000000001,4.02462591267733e-05,1.77291545344719e-06,8.078552318223e-14,1.12523851349847e-11,2.34831460785738e-08,1.01794215436265e-07,7.62152426448094e-05,3.36178026458561e-05,0.000543024736989809,0.000117842509666282
"965",48.6999999999999,3.97494965003384e-05,1.74745313259149e-06,7.83053328288134e-14,1.09418952200694e-11,2.30517056748389e-08,1.0002808953741e-07,7.53897958397464e-05,3.32176528168204e-05,0.000537899173182287,0.000116444570329376
"966",48.75,3.92586126470374e-05,1.72235107161084e-06,7.59013146698556e-14,1.06399573566515e-11,2.26281510650753e-08,9.82923768690129e-08,7.45728110948306e-05,3.28220838876205e-05,0.000532815744309924,0.00011506222939765
"967",48.8000000000001,3.87735417659008e-05,1.69760426364235e-06,7.35711285290498e-14,1.03463364591116e-11,2.22123389679237e-08,9.65865582220638e-08,7.3764208046816e-05,3.2431046025665e-05,0.000527774183536943,0.000113695327596105
"968",48.8499999999999,3.82942187364857e-05,1.67320776989693e-06,7.13125061444734e-14,1.00608038896245e-11,2.18041286873772e-08,9.49101231618242e-08,7.29639070103513e-05,3.20444899030878e-05,0.000522774224685908,0.000112343707055524
"969",48.8999999999999,3.78205791126648e-05,1.64915671876826e-06,6.9123248959043e-14,9.78313728186213e-12,2.14033820666654e-08,9.32625698819566e-08,7.21718289737206e-05,3.1662366692317e-05,0.000517815602253349,0.000111007211303904
"970",48.9499999999999,3.73525591164759e-05,1.62544630494031e-06,6.70012259776776e-14,9.51312036935423e-12,2.10099634427404e-08,9.16434050601744e-08,7.13878955941706e-05,3.1284628061479e-05,0.000512898051422489,0.000109685685257185
"971",48.9999999999999,3.68900956320024e-05,1.60207178850531e-06,6.49443716902847e-14,9.25054281852449e-12,2.06237396015557e-08,9.0052143716204e-08,7.06120291932269e-05,3.09112261698146e-05,0.000508021308075492,0.00010837897520992
"972",49.05,3.64331261992967e-05,1.57902849410607e-06,6.29506840597404e-14,8.99520006642954e-12,2.02445797343532e-08,8.84883090729754e-08,6.98441527524505e-05,3.05421136633419e-05,0.000503185108808161,0.000107086928826692
"973",49.1,3.59815890083589e-05,1.55631181007068e-06,6.10182225701048e-14,8.74689316271897e-12,1.98723553944209e-08,8.69514324188456e-08,6.90841899086022e-05,3.01772436702538e-05,0.000498389190940525,0.000105809395132508
"974",49.15,3.55354228931397e-05,1.5339171875756e-06,5.91451063363266e-14,8.50542861609946e-12,1.95069404549001e-08,8.54410529732516e-08,6.83320649493903e-05,2.9816569796625e-05,0.00049363329253075,0.000104546224504151
"975",49.2000000000001,3.50945673256077e-05,1.51184013980891e-06,5.73295122711608e-14,8.27061824487513e-12,1.91482110671714e-08,8.39567177538793e-08,6.75877028088889e-05,2.94600461219869e-05,0.000488917152386626,0.000103297268660975
"976",49.2499999999999,3.46589624098466e-05,1.49007624114795e-06,5.55696733087406e-14,8.04227903160641e-12,1.8796045620036e-08,8.24979814462618e-08,6.68510290630913e-05,2.91076271949892e-05,0.000484240510077554,0.0001020623806559
"977",49.3,3.42285488761945e-05,1.46862112634715e-06,5.38638766827314e-14,7.82023298173324e-12,1.84503246996186e-08,8.10644062755036e-08,6.61219699254666e-05,2.87592680290915e-05,0.000479603105946182,0.000100841414866418
"978",49.35,3.38032680754388e-05,1.44747048973205e-06,5.22104622570886e-14,7.60430698601572e-12,1.8110931049913e-08,7.96555618798474e-08,6.5400452242393e-05,2.84149240982204e-05,0.000475004681118927,9.96342269853495e-05
"979",49.4,3.33830619730402e-05,1.42662008441544e-06,5.06078209090481e-14,7.39433268685037e-12,1.77777495342179e-08,7.82710251871046e-08,6.46864034890051e-05,2.80745513326463e-05,0.000470444977518768,9.84406740123086e-05
"980",49.4500000000001,3.29678731434059e-05,1.40606572150772e-06,4.90543929605908e-14,7.19014634807603e-12,1.74506670970039e-08,7.69103802920756e-08,6.39797517645213e-05,2.77381061146397e-05,0.000465923737874364,9.72606142442656e-05
"981",49.5,3.25576447642073e-05,1.38580326935127e-06,4.75486666591946e-14,6.99158872847508e-12,1.71295727266796e-08,7.55732183369135e-08,6.32804257880532e-05,2.74055452743817e-05,0.00046144070573195,9.60939072669202e-05
"982",49.5499999999998,3.21523206107325e-05,1.36582865275892e-06,4.60891767048362e-14,6.79850495867055e-12,1.68143574189266e-08,7.42591373930803e-08,6.25883548942498e-05,2.70768260858166e-05,0.000456995625465753,9.49404139457725e-05
"983",49.6000000000001,3.17518450502836e-05,1.34613785225063e-06,4.46745028214535e-14,6.61074442127652e-12,1.65049141405058e-08,7.29677423444979e-08,6.19034690285437e-05,2.67519062623409e-05,0.000452588242285576,9.37999964165283e-05
"984",49.65,3.13561630366329e-05,1.32672690333173e-06,4.33032683746027e-14,6.42816063462503e-12,1.62011377942048e-08,7.16986447747079e-08,6.12256987435231e-05,2.64307439530536e-05,0.000448218302251229,9.26725180773743e-05
"985",49.7,3.0965220104486e-05,1.30759189574168e-06,4.19741390288305e-14,6.25061113930061e-12,1.59029251838006e-08,7.04514628533604e-08,6.05549751939723e-05,2.61132977383909e-05,0.000443885552278069,9.15578435790123e-05
"986",49.7499999999999,3.05789623640241e-05,1.28872897274238e-06,4.06858214484406e-14,6.07795738805681e-12,1.56101749801125e-08,6.92258212265291e-08,5.98912301329664e-05,2.57995266262933e-05,0.000439589740148986,9.04558388164568e-05
"987",49.7999999999998,3.01973364954578e-05,1.27013433039469e-06,3.94370620367417e-14,5.91006463854594e-12,1.53227876873334e-08,6.80213509074767e-08,5.9234395907256e-05,2.54893900480504e-05,0.000435330614521443,8.93663709196308e-05
"988",49.8499999999999,2.98202897436446e-05,1.25180421686646e-06,3.82266457155565e-14,5.74680184918219e-12,1.50406656103026e-08,6.68376891706687e-08,5.85844054534476e-05,2.51828478545512e-05,0.000431107924939362,8.8289308245279e-05
"989",49.8999999999999,2.94477699127358e-05,1.23373493172687e-06,3.70533947407211e-14,5.58804157764521e-12,1.47637128220114e-08,6.56744794460696e-08,5.79411922933994e-05,2.48798603121825e-05,0.000426921421839565,8.7224520367578e-05
"990",49.9499999999999,2.90797253608676e-05,1.2159228252623e-06,3.59161675548392e-14,5.43365988227098e-12,1.44918351318797e-08,6.45313712160016e-08,5.73046905300833e-05,2.45803880989726e-05,0.000422770856560881,8.61718780695018e-05
"991",49.9999999999999,2.8716104994891e-05,1.19836429779818e-06,3.48138576751078e-14,5.28353622611155e-12,1.4224940054553e-08,6.34080199135178e-08,5.66748348433521e-05,2.42843923007104e-05,0.000418655981352363,8.51312533340336e-05
"992",50.0500000000001,2.83568582651447e-05,1.18105579903439e-06,3.37453926156286e-14,5.13755338365798e-12,1.39629367793268e-08,6.23040868227701e-08,5.60515604859085e-05,2.39918344071819e-05,0.000414576549382401,8.41025193357023e-05
"993",50.0999999999999,2.80019351602769e-05,1.16399382738068e-06,3.27097328423065e-14,4.99559735003981e-12,1.37057361399862e-08,6.12192389804772e-08,5.54348032789727e-05,2.37026763082885e-05,0.000410532314745622,8.30855504316186e-05
"994",50.1499999999999,2.76512862020824e-05,1.1471749293057e-06,3.17058707601933e-14,4.85755725274997e-12,1.34532505852579e-08,6.01531490793439e-08,5.48244996081605e-05,2.34168802902813e-05,0.000406523032470754,8.20802221528408e-05
"995",50.2,2.73048624404121e-05,1.13059569869566e-06,3.07328297320248e-14,4.72332526579261e-12,1.32053941498077e-08,5.91054953731605e-08,5.42205864194138e-05,2.31344090320481e-05,0.000402548458528574,8.10864111958464e-05
"996",50.2499999999999,2.6962615448104e-05,1.11425277621484e-06,2.97896631265512e-14,4.59279652612627e-12,1.29620824256574e-08,5.80759615830655e-08,5.36230012147191e-05,2.28552256013158e-05,0.000398608349838079,8.01039954136299e-05
"997",50.3000000000002,2.66244973159475e-05,1.09814284868555e-06,2.88754533967618e-14,4.46586905248093e-12,1.27232325342766e-08,5.70642368060641e-08,5.30316820482524e-05,2.25792934510784e-05,0.000394702464275162,7.91328538075108e-05
"998",50.3500000000001,2.62904606477156e-05,1.08226264846389e-06,2.79893111857465e-14,4.34244366629833e-12,1.24887630989917e-08,5.60700154242988e-08,5.24465675220939e-05,2.23065764158394e-05,0.000390830560678124,7.81728665182261e-05
"999",50.4000000000001,2.59604585552008e-05,1.06660895283099e-06,2.71303744604622e-14,4.22242391489294e-12,1.2258594217996e-08,5.50929970162861e-08,5.18675967822338e-05,2.20370387080172e-05,0.000386992398854771,7.72239148174983e-05
"1000",50.4500000000002,2.56344446533172e-05,1.05117858339383e-06,2.62978076722072e-14,4.10571599672628e-12,1.20326474378632e-08,5.41328862697297e-08,5.12947095146552e-05,2.17706449144015e-05,0.000383187739589727,7.62858810997379e-05
"1001",50.4999999999999,2.53123730552359e-05,1.03596840548573e-06,2.54908009424636e-14,3.99222868866377e-12,1.18108457274176e-08,5.31893928952757e-08,5.07278459411417e-05,2.15073599925036e-05,0.000379416344649558,7.5358648873277e-05
"1002",50.55,2.49941983675441e-05,1.0209753275764e-06,2.47085692738731e-14,3.88187327523668e-12,1.15931134520944e-08,5.22622315418143e-08,5.0166946815164e-05,2.12471492669649e-05,0.000375677976788131,7.44421027517422e-05
"1003",50.6000000000002,2.46798756854694e-05,1.00619630070504e-06,2.39503517862618e-14,3.77456347995147e-12,1.13793763489816e-08,5.13511217141352e-08,4.96119534183619e-05,2.09899784262607e-05,0.000371972399755608,7.3536128446403e-05
"1004",50.6500000000001,2.43693605881246e-05,9.91628317895612e-07,2.32154109748361e-14,3.67021539829358e-12,1.11695615019417e-08,5.04557876903966e-08,4.90628075561048e-05,2.07358135189946e-05,0.000368299378300974,7.26406127570042e-05
"1005",50.7000000000002,2.40626091337865e-05,9.77268413599058e-07,2.25030319921811e-14,3.56874743270584e-12,1.09635973174567e-08,4.95759584421562e-08,4.85194515537917e-05,2.04846209505576e-05,0.000364658678179212,7.17554435638147e-05
"1006",50.7499999999998,2.37595778552363e-05,9.63113663135165e-07,2.18125219519345e-14,3.47008022929046e-12,1.07614135007949e-08,4.87113675552634e-08,4.79818282528897e-05,2.02363674796855e-05,0.000361050066156362,7.08805098192426e-05
"1007",50.8000000000001,2.34602237551052e-05,9.49161182139867e-07,2.11432092537823e-14,3.37413661623134e-12,1.0562941032577e-08,4.78617531519555e-08,4.74498810069184e-05,1.99910202150066e-05,0.000357473310013961,7.00157015393704e-05
"1008",50.8499999999998,2.31645043013011e-05,9.35408126025824e-07,2.04944429294935e-14,3.28084154394371e-12,1.0368112145847e-08,4.70268578146203e-08,4.69235536776833e-05,1.97485466117308e-05,0.000353928178554823,6.91609097958957e-05
"1009",50.9000000000002,2.28723774224187e-05,9.21851689446415e-07,1.98655920088808e-14,3.19012202683662e-12,1.01768603035016e-08,4.6206428510604e-08,4.64027906313962e-05,1.95089144682964e-05,0.000350414441607725,6.83160267078845e-05
"1010",50.9500000000001,2.25838015032457e-05,9.0848910576712e-07,1.92560449052657e-14,3.10190708667206e-12,9.98912017612732e-09,4.54002165182954e-08,4.58875367348268e-05,1.92720919230573e-05,0.000346931870032035,6.74809454335798e-05
"1011",51.0000000000001,2.2298735380254e-05,8.95317646544186e-07,1.86652088198518e-14,3.01612769747743e-12,9.80482762023989e-09,4.46079773544633e-08,4.53777373514861e-05,1.90380474509992e-05,0.000343480235722234,6.6655560162271e-05
"1012",51.0499999999998,2.20171383371656e-05,8.82334621004813e-07,1.80925091641721e-14,2.9327167319321e-12,9.62391965683844e-09,4.38294707024855e-08,4.48733383376301e-05,1.88067498603928e-05,0.0003400593116109,6.58397661058643e-05
"1013",51.1000000000001,2.1738970100529e-05,8.69537375552002e-07,1.75373890010735e-14,2.85160890933636e-12,9.4463344505916e-09,4.30644603428446e-08,4.43742860389741e-05,1.8578168289792e-05,0.000336668871676223,6.50334594916085e-05
"1014",51.15,2.14641908353615e-05,8.56923293243779e-07,1.69993085014821e-14,2.77274074480059e-12,9.27201128894989e-09,4.23127140828595e-08,4.38805272861738e-05,1.83522722044823e-05,0.000333308690940863,6.4236603767748e-05
"1015",51.1999999999999,2.11927611407946e-05,8.44489793316385e-07,1.64777444194752e-14,2.69605050006105e-12,9.10089056214672e-09,4.15740036898087e-08,4.33920093917837e-05,1.81290313936277e-05,0.000329978545480493,6.3448964914921e-05
"1016",51.2499999999997,2.09246420457795e-05,8.32234330687591e-07,1.59721895823593e-14,2.62147813547759e-12,8.93291374319528e-09,4.08481048236076e-08,4.29086801462087e-05,1.79084159669689e-05,0.000326678212425266,6.2670508190951e-05
"1017",51.3000000000001,2.06597950048179e-05,8.20154395474985e-07,1.54821523967866e-14,2.54896526339973e-12,8.76802336835995e-09,4.01347969711137e-08,4.24304878140055e-05,1.76903963517047e-05,0.000323407469963315,6.19011338019037e-05
"1018",51.35,2.0398181893742e-05,8.08247512517489e-07,1.50071563699324e-14,2.47845510279194e-12,8.60616301793646e-09,3.94338633813467e-08,4.19573811300873e-05,1.74749432893417e-05,0.000320166097343316,6.11407429285727e-05
"1019",51.3999999999998,2.01397650055074e-05,7.96511240913714e-07,1.45467396458047e-14,2.40989243516401e-12,8.44727729751817e-09,3.87450910024094e-08,4.14893092963636e-05,1.72620278327637e-05,0.000316953874879741,6.03892377190919e-05
"1020",51.4499999999999,1.98845070460387e-05,7.84943173555821e-07,1.41004545553795e-14,2.34322356164531e-12,8.29131181945433e-09,3.80682704188382e-08,4.10262219779835e-05,1.70516213431334e-05,0.000313770583955088,5.96465212809391e-05
"1021",51.5000000000001,1.96323711301119e-05,7.73540936662846e-07,1.36678671803205e-14,2.27839626119862e-12,8.13821318455129e-09,3.74031957896137e-08,4.05680692993269e-05,1.68436954866996e-05,0.000310616007020108,5.8912497672537e-05
"1022",51.5499999999999,1.93833207772622e-05,7.62302189347978e-07,1.32485569311667e-14,2.21535975013725e-12,7.98792896447568e-09,3.67496647888294e-08,4.01148018411409e-05,1.66382222321394e-05,0.000307489927601599,5.81870718966944e-05
"1023",51.6000000000001,1.91373199077269e-05,7.5122462315639e-07,1.2842116137149e-14,2.15406464255163e-12,7.84040768400028e-09,3.61074785453016e-08,3.96663706362726e-05,1.64351738472809e-05,0.000304392130300272,5.74701498917936e-05
"1024",51.6500000000001,1.88943328384356e-05,7.40305961631248e-07,1.24481496494563e-14,2.09446291194609e-12,7.69559880386543e-09,3.54764415844774e-08,3.92227271663198e-05,1.62345228962572e-05,0.000301322400794636,5.67616385244819e-05
"1025",51.7000000000002,1.86543242790174e-05,7.29543959886741e-07,1.20662744567229e-14,2.03650785393214e-12,7.55345270396255e-09,3.48563617713836e-08,3.87838233583558e-05,1.60362422367118e-05,0.000298280525845131,5.60614455824503e-05
"1026",51.7499999999998,1.84172593278614e-05,7.18936404168879e-07,1.16961193116992e-14,1.98015404984768e-12,7.41392066658375e-09,3.42470502534999e-08,3.83496115809435e-05,1.58403050166969e-05,0.000295266293293063,5.53694797661131e-05
"1027",51.8000000000002,1.81831034681842e-05,7.08481111444418e-07,1.1337324370186e-14,1.92535733149339e-12,7.27695486026572e-09,3.36483214058727e-08,3.79200446410883e-05,1.5646684672012e-05,0.000292279492065737,5.46856506817832e-05
"1028",51.8499999999997,1.79518225641748e-05,6.98175928975626e-07,1.09895408403812e-14,1.87207474673148e-12,7.14250832366601e-09,3.30599927760226e-08,3.74950757804015e-05,1.54553549232038e-05,0.000289319912175891,5.40098688335967e-05
"1029",51.9000000000003,1.77233828571128e-05,6.88018733911578e-07,1.06524306433854e-14,1.82026452608566e-12,7.01053494987205e-09,3.24818850303993e-08,3.70746586717387e-05,1.52662897727925e-05,0.000286387344724099,5.33420456161842e-05
"1030",51.9499999999999,1.74977509615915e-05,6.78007432882543e-07,1.03256660840606e-14,1.76988605024444e-12,6.880989470961e-09,3.19138219016008e-08,3.66587474157608e-05,1.50794635024824e-05,0.000283481581900372,5.26820933072767e-05
"1031",51.9999999999999,1.72748938617009e-05,6.68139961605087e-07,1.00089295321731e-14,1.72089981848154e-12,6.75382744290543e-09,3.13556301367773e-08,3.62472965377394e-05,1.48948506704936e-05,0.000280602416987226,5.20299250606383e-05
"1032",52.0499999999998,1.70547789073052e-05,6.58414284478776e-07,9.70191311289682e-15,1.67326741787441e-12,6.62900523057396e-09,3.08071394461284e-08,3.5840260983814e-05,1.4712426108666e-05,0.000277749644358617,5.13854548981879e-05
"1033",52.1000000000003,1.68373738103126e-05,6.48828394193564e-07,9.40431840701419e-15,1.62695149339498e-12,6.50647999307159e-09,3.02681824525686e-08,3.54375961174919e-05,1.4532164919686e-05,0.000274923059480308,5.07485977025103e-05
"1034",52.1500000000002,1.66226466410064e-05,6.39380311361209e-07,9.11585616090576e-15,1.58191571891054e-12,6.3862096695824e-09,2.97385946432922e-08,3.50392577169625e-05,1.43540424746922e-05,0.00027212245891568,5.0119269210625e-05
"1035",52.2000000000001,1.64105658243791e-05,6.30068084119152e-07,8.83624600444972e-15,1.53812476882362e-12,6.26815296505299e-09,2.92182143203286e-08,3.46452019710638e-05,1.41780344102925e-05,0.000269347640321834,4.94973860056854e-05
"1036",52.2500000000002,1.62011001365241e-05,6.20889787762223e-07,8.56521617829045e-15,1.49554429059865e-12,6.15226933642086e-09,2.87068825531936e-08,3.42553854762237e-05,1.40041166260337e-05,0.000266598402452252,4.88828655102031e-05
"1037",52.2999999999997,1.59942187010501e-05,6.1184352437157e-07,8.30250326925436e-15,1.45414087800559e-12,6.03851897899284e-09,2.82044431319061e-08,3.38697652330978e-05,1.38322652817478e-05,0.000263874545157078,4.82756259787768e-05
"1038",52.3499999999999,1.57898909855176e-05,6.02927422456092e-07,8.047851954114e-15,1.41388204513177e-12,5.92686281316295e-09,2.77107425212117e-08,3.34882986435505e-05,1.36624567950656e-05,0.000261175869385558,4.76755864914251e-05
"1039",52.4,1.55880867979312e-05,5.94139636583498e-07,7.80101475079133e-15,1.37473620103801e-12,5.81726247117922e-09,2.72256298147354e-08,3.3110943507009e-05,1.34946678386667e-05,0.000258502177183803,4.70826669458998e-05
"1040",52.45,1.5388776283237e-05,5.85478347027621e-07,7.56175177753887e-15,1.33667262516216e-12,5.70968028429109e-09,2.67489566905346e-08,3.27376580173255e-05,1.33288753377673e-05,0.000255853271695845,4.64967880508136e-05
"1041",52.4999999999999,1.51919299198654e-05,5.76941759424341e-07,7.3298305196209e-15,1.29966144341365e-12,5.6040792701756e-09,2.62805773676098e-08,3.23684007598273e-05,1.31650564677086e-05,0.000253228957165839,4.59178713191031e-05
"1042",52.5500000000003,1.49975185163019e-05,5.68528104413347e-07,7.10502560265498e-15,1.26367360484263e-12,5.50042312035763e-09,2.58203485621182e-08,3.20031307075789e-05,1.30031886512053e-05,0.000250629038934356,4.53458390602117e-05
"1043",52.5999999999999,1.48055132076961e-05,5.60235637313111e-07,6.88711857368732e-15,1.22868085907202e-12,5.39867618820788e-09,2.53681294458803e-08,3.16418072188987e-05,1.28432495561672e-05,0.000248053323443385,4.47806143743107e-05
"1044",52.6500000000001,1.46158854524782e-05,5.52062637766564e-07,6.67589768809884e-15,1.1946557342053e-12,5.29880347674219e-09,2.49237816037452e-08,3.12843900334292e-05,1.26852170928916e-05,0.000245501618230756,4.42221211442164e-05
"1045",52.7000000000002,1.44286070290387e-05,5.44007409423686e-07,6.47115770390951e-15,1.16157151547686e-12,5.20077062703612e-09,2.44871689934286e-08,3.09308392696396e-05,1.25290694119033e-05,0.000242973731934554,4.36702840295817e-05
"1046",52.7500000000002,1.42436500324115e-05,5.36068279606157e-07,6.27269968182241e-15,1.12940222439508e-12,5.10454390657578e-09,2.40581579048177e-08,3.05811154213708e-05,1.23747849013848e-05,0.000240469474290436,4.31250284596005e-05
"1047",52.8000000000001,1.40609868710001e-05,5.2824359898428e-07,6.0803307916193e-15,1.09812259849088e-12,5.01009019791428e-09,2.3636616920385e-08,3.02351793547483e-05,1.22223421847815e-05,0.000237988656131337,4.25862806262806e-05
"1048",52.85,1.38805902633278e-05,5.20531741258655e-07,5.89386412451451e-15,1.06770807162382e-12,4.91737698753718e-09,2.32224168762922e-08,2.98929923051313e-05,1.20717201184366e-05,0.00023553108938718,4.20539674778214e-05
"1049",52.8999999999997,1.37024332348237e-05,5.12931102848395e-07,5.71311851132869e-15,1.03813475483749e-12,4.82637235495608e-09,2.28154308242682e-08,2.95545158741883e-05,1.19228977892931e-05,0.00023309658708528,4.15280167121578e-05
"1050",52.9499999999999,1.35264891146272e-05,5.05440102574624e-07,5.53791834603719e-15,1.00937941770589e-12,4.73704496189139e-09,2.24155339936543e-08,2.92197120265915e-05,1.17758545124421e-05,0.000230684963347744,4.10083567699348e-05
"1051",53.0000000000002,1.33527315324392e-05,4.9805718135618e-07,5.36809341493437e-15,9.81419470223379e-13,4.64936404174642e-09,2.20226037545148e-08,2.88885430870932e-05,1.16305698288512e-05,0.000228296033391392,4.04949168281117e-05
"1052",53.0500000000004,1.3181134415384e-05,4.90780801913735e-07,5.20347873114062e-15,9.54232945207514e-13,4.56329938932144e-09,2.16365195815976e-08,2.85609717378158e-05,1.14870235031978e-05,0.000225929613528984,3.99876267938641e-05
"1053",53.0999999999997,1.30116719849113e-05,4.83609448457859e-07,5.04391437374102e-15,9.27798481110183e-13,4.47882135047603e-09,2.12571630178395e-08,2.8236961014658e-05,1.13451955213294e-05,0.000223585521163827,3.94864172971761e-05
"1054",53.1499999999997,1.28443187537135e-05,4.76541626406165e-07,4.88924533243259e-15,9.02095305394046e-13,4.39590081227294e-09,2.08844176398069e-08,2.79164743048502e-05,1.12050660882376e-05,0.000221263574792463,3.89912196851905e-05
"1055",53.1999999999999,1.26790495226962e-05,4.69575862090026e-07,4.7393213566209e-15,8.77103218312108e-13,4.31450919313053e-09,2.05181690229642e-08,2.75994753438839e-05,1.10666156257708e-05,0.000218963594002591,3.85019660156104e-05
"1056",53.2499999999998,1.25158393779523e-05,4.62710702462135e-07,4.5939968090936e-15,8.52802577122503e-13,4.2346184331177e-09,2.01583047073669e-08,2.72859282123205e-05,1.09298247703058e-05,0.000216685399469883,3.80185890499168e-05
"1057",53.3000000000003,1.23546636877711e-05,4.55944714819932e-07,4.45313052444753e-15,8.29174280779806e-13,4.15620098456325e-09,1.98047141645615e-08,2.69757973331643e-05,1.07946743706791e-05,0.000214428812958674,3.75410222475103e-05
"1058",53.3500000000003,1.21954980996867e-05,4.49276486529832e-07,4.316585671796e-15,8.0619975503533e-13,4.07922980279951e-09,1.94572887648863e-08,2.66690474691256e-05,1.06611454860794e-05,0.000212193657321622,3.70691997596331e-05
"1059",53.4000000000002,1.20383185375338e-05,4.4270462473726e-07,4.18422962133239e-15,7.8386093788572e-13,4.00367833686694e-09,1.91159217443934e-08,2.63656437190776e-05,1.05292193836021e-05,0.000209979756493281,3.66030564221029e-05
"1060",53.4499999999996,1.18831011985481e-05,4.36227756115004e-07,4.05593381569377e-15,7.62140265539141e-13,3.92952052078284e-09,1.87805081741191e-08,2.60655515161227e-05,1.03988775365155e-05,0.000207786935495183,3.6142527750538e-05
"1061",53.4999999999999,1.17298225504799e-05,4.29844526574847e-07,3.93157364447056e-15,7.41020658630961e-13,3.85673076450687e-09,1.84509449277904e-08,2.57687366238219e-05,1.02701016217394e-05,0.000205615020427281,3.56875499327483e-05
"1062",53.5500000000004,1.15784593287532e-05,4.23553601021195e-07,3.81102832332909e-15,7.20485508946208e-13,3.78528394550608e-09,1.81271306520514e-08,2.5475165134215e-05,1.01428735181128e-05,0.00020346383847227,3.52380598238855e-05
"1063",53.6000000000002,1.1428988533634e-05,4.17353663079269e-07,3.69418077628216e-15,7.0051866641096e-13,3.71515540014355e-09,1.78089657357042e-08,2.51848034645213e-05,1.00171753040996e-05,0.000201333217890048,3.47939949396194e-05
"1064",53.6500000000004,1.12813874274254e-05,4.1124341483901e-07,3.58091752181639e-15,6.81104426481698e-13,3.6463209153604e-09,1.74963522800938e-08,2.489761835442e-05,9.89298925575838e-06,0.000199222988016176,3.43552934501698e-05
"1065",53.7000000000005,1.11356335317053e-05,4.05221576605346e-07,3.47112856256875e-15,6.62227517889977e-13,3.57875672054046e-09,1.71891940701407e-08,2.46135768634929e-05,9.7702978447904e-06,0.000197132979261347,3.39218941746401e-05
"1066",53.7500000000002,1.09917046245742e-05,3.99286886641715e-07,3.36470727820726e-15,6.43873090692065e-13,3.5124394794079e-09,1.68873965453457e-08,2.43326463682043e-05,9.64908373640132e-06,0.000195063023107227,3.34937365746102e-05
"1067",53.8000000000004,1.08495787379321e-05,3.9343810093113e-07,3.26155032185775e-15,6.26026704690904e-13,3.44734628222897e-09,1.6590866772002e-08,2.40547945595719e-05,9.52932978746992e-06,0.000193012952107161,3.30707607488471e-05
"1068",53.8499999999999,1.07092341547926e-05,3.87673992923019e-07,3.16155751940177e-15,6.08674318122559e-13,3.38345463796005e-09,1.62995134149905e-08,2.37799894400259e-05,9.4110190443773e-06,0.000190982599880722,3.26529074267371e-05
"1069",53.9000000000004,1.0570649406599e-05,3.81993353301297e-07,3.06463177218257e-15,5.91802276708072e-13,3.32074246673532e-09,1.60132467109547e-08,2.35081993211352e-05,9.29413474122191e-06,0.000188971801114417,3.22401179631165e-05
"1070",53.9499999999998,1.04338032706003e-05,3.76394989738211e-07,2.97067896240045e-15,5.75397302954133e-13,3.25918809229847e-09,1.57319784410527e-08,2.32393928205277e-05,9.17866029769538e-06,0.000186980391556242,3.18323343318179e-05
"1071",54.0000000000002,1.02986747672087e-05,3.70877726667532e-07,2.87960786168833e-15,5.59446485795533e-13,3.19877023474752e-09,1.54556219049763e-08,2.29735388595935e-05,9.0645793173074e-06,0.000185008208015829,3.14294991204731e-05
"1072",54.0499999999995,1.01652431574285e-05,3.65440405052798e-07,2.79133004235827e-15,5.43937270498438e-13,3.13946800332239e-09,1.51840918950063e-08,2.27106066608248e-05,8.95187558546366e-06,0.000183055088361707,3.10315555247521e-05
"1073",54.1000000000002,1.00334879402649e-05,3.60081882154401e-07,2.70575979130749e-15,5.28857448829324e-13,3.08126088927629e-09,1.49173046702922e-08,2.24505657449659e-05,8.84053306747256e-06,0.000181120871516941,3.06384473423278e-05
"1074",54.1499999999996,9.90338885020295e-06,3.54801031308479e-07,2.62281402671137e-15,5.14195149519167e-13,3.0241287589706e-09,1.46551779320011e-08,2.21933859286031e-05,8.73053590674999e-06,0.000179205397457843,3.025011896754e-05
"1075",54.2000000000005,9.77492585466111e-06,3.495967417046e-07,2.5424122172067e-15,4.99938828977722e-13,2.96805184704863e-09,1.43976307986766e-08,2.19390373215682e-05,8.62186842295494e-06,0.000177308507211097,2.98665153857542e-05
"1076",54.2499999999997,9.64807915152413e-06,3.44467918169656e-07,2.46447630360687e-15,4.86077262271858e-13,2.91301074976716e-09,1.41445837821723e-08,2.16874903245188e-05,8.51451511020964e-06,0.00017543004285202,2.94875821680407e-05
"1077",54.3000000000006,9.52282916663861e-06,3.39413480946839e-07,2.38893062290272e-15,4.72599534330807e-13,2.85898641836433e-09,1.38959587636057e-08,2.14387156261516e-05,8.40846063517244e-06,0.000173569847499873,2.91132654652847e-05
"1078",54.3499999999995,9.3991565513995e-06,3.34432365482654e-07,2.31570183467828e-15,4.59495031407403e-13,2.80596015260227e-09,1.3651678969971e-08,2.11926842006826e-05,8.30368983523489e-06,0.00017172776531497,2.87435120027143e-05
"1079",54.4000000000006,9.2770421802881e-06,3.29523522223821e-07,2.24471884988745e-15,4.46753432792236e-13,2.75391359450057e-09,1.34116689514878e-08,2.09493673056914e-05,8.20018771688358e-06,0.000169903641498351,2.8378269075013e-05
"1080",54.4500000000002,9.15646714850958e-06,3.24685916405507e-07,2.17591276164972e-15,4.34364702725526e-13,2.70282872206119e-09,1.31758545587749e-08,2.07087364794213e-05,8.09793945383753e-06,0.000168097322287147,2.80174845406024e-05
"1081",54.5000000000004,9.0374127695818e-06,3.19918527842044e-07,2.109216778172e-15,4.22319082531289e-13,2.65268784310399e-09,1.29441629203933e-08,2.04707635380729e-05,7.99693038519453e-06,0.000166308654949752,2.76611068159211e-05
"1082",54.5500000000003,8.91986057300143e-06,3.15220350734867e-07,2.04456615793282e-15,4.10607083004337e-13,2.60347358936512e-09,1.27165224214702e-08,2.02354205738386e-05,7.89714601390051e-06,0.000164537487786329,2.73090848708809e-05
"1083",54.5999999999994,8.80379230190347e-06,3.10590393468093e-07,1.98189814664621e-15,3.99219476968597e-13,2.55516891054428e-09,1.24928626819561e-08,2.00026799522056e-05,7.79857200491624e-06,0.000162783670123661,2.69613682231609e-05
"1084",54.6499999999997,8.68918991074767e-06,3.06027678410244e-07,1.92115191621277e-15,3.88147292049204e-13,2.50775706849605e-09,1.22731145354168e-08,1.97725143094428e-05,7.70119418347293e-06,0.000161047052311202,2.6617906932861e-05
"1085",54.6999999999995,8.57603556304608e-06,3.0153124172759e-07,1.86226850566419e-15,3.77381803665042e-13,2.46122163161873e-09,1.20572100086137e-08,1.95448965505611e-05,7.60499853353587e-06,0.000159327485720499,2.62786515978346e-05
"1086",54.7500000000005,8.4643116290811e-06,2.97100133185161e-07,1.80519076372476e-15,3.66914528178139e-13,2.41554646919065e-09,1.18450823007155e-08,1.93197998465348e-05,7.5099711959643e-06,0.000157624822738869,2.59435533479436e-05
"1087",54.8000000000005,8.35400068368137e-06,2.92733415963063e-07,1.74986329330403e-15,3.56737216262001e-13,2.37071574593956e-09,1.16366657634682e-08,1.90971976321836e-05,7.41609846696013e-06,0.000155938916767888,2.56125638403237e-05
"1088",54.8499999999997,8.24508550398567e-06,2.88430166471479e-07,1.69623239764292e-15,3.46841846443059e-13,2.32671391667075e-09,1.14318958815175e-08,1.88770636038783e-05,7.32336679644905e-06,0.000154269622220365,2.52856352543725e-05
"1089",54.8999999999996,8.13754906724773e-06,2.84189474164391e-07,1.64424602806695e-15,3.37220618811166e-13,2.28352572095357e-09,1.12307092528841e-08,1.86593717170691e-05,7.23176278639696e-06,0.000152616794515806,2.49627202865111e-05
"1090",54.9500000000001,8.03137454866569e-06,2.8001044135935e-07,1.59385373338952e-15,3.27865948911494e-13,2.24113617794033e-09,1.1033043569939e-08,1.84440961840113e-05,7.14127318921696e-06,0.000150980290077198,2.46437721452506e-05
"1091",55.0000000000003,7.92654531922414e-06,2.75892183057774e-07,1.54500661084628e-15,3.18770461800234e-13,2.19953058125981e-09,1.08388376006099e-08,1.82312114714122e-05,7.05188490615172e-06,0.000149359966326998,2.43287445461442e-05
"1092",55.0500000000007,7.82304494355562e-06,2.71833826776781e-07,1.49765725864292e-15,3.09926986283799e-13,2.1586944940944e-09,1.0648031170335e-08,1.80206922985629e-05,6.96358498586833e-06,0.000147755681686691,2.40175917074651e-05
"1093",55.0999999999998,7.72085717783431e-06,2.67834512361346e-07,1.45175972970359e-15,3.01328549268604e-13,2.11861374412569e-09,1.04605651432894e-08,1.78125136343484e-05,6.8763606225892e-06,0.000146167295567589,2.37102683442696e-05
"1094",55.1499999999997,7.61996596767227e-06,2.63893391828157e-07,1.40726948717915e-15,2.92968370329813e-13,2.07927441886436e-09,1.02763814052996e-08,1.76066506957936e-05,6.79019915487655e-06,0.000144594668373189,2.34067296647041e-05
"1095",55.1999999999995,7.52035544606193e-06,2.60009629186122e-07,1.3641433610281e-15,2.84839856374552e-13,2.0406628608093e-09,1.00954228458531e-08,1.7403078945294e-05,6.70508806387263e-06,0.000143037661491338,2.3106931364409e-05
"1096",55.2499999999995,7.4220099313156e-06,2.56182400275714e-07,1.32233950611795e-15,2.76936596487134e-13,2.00276566285822e-09,9.91763334118068e-09,1.72017740887236e-05,6.6210149719155e-06,0.000141496137292915,2.28108296222228e-05
"1097",55.3000000000001,7.32491392503749e-06,2.52410892597791e-07,1.28181736147315e-15,2.69252356889718e-13,1.96556966367554e-09,9.7429577370345e-09,1.70027120728904e-05,6.53796764088976e-06,0.00013996995912537,2.25183810949456e-05
"1098",55.3499999999999,7.22905211011759e-06,2.4869430516304e-07,1.24253761097216e-15,2.61781076079151e-13,1.92906194332452e-09,9.57134183260653e-09,1.68058690839747e-05,6.45593397099606e-06,0.000138458991313633,2.22295429135297e-05
"1099",55.3999999999993,7.1344093487332e-06,2.45031848316293e-07,1.20446214496171e-15,2.54516860042636e-13,1.89322981871125e-09,9.40273236346258e-09,1.66112215445457e-05,6.37490199893275e-06,0.000136963099149939,2.19442726772476e-05
"1100",55.4500000000001,7.04097068038066e-06,2.41422743596021e-07,1.16755402339578e-15,2.47453977670987e-13,1.85806083943286e-09,9.23707698628026e-09,1.6418746112334e-05,6.29485989682081e-06,0.00013548214889701,2.1662528450406e-05
"1101",55.4999999999998,6.94872131993436e-06,2.37866223565068e-07,1.1317774397866e-15,2.40586856237119e-13,1.82354278340087e-09,9.07432426243237e-09,1.62284196773891e-05,6.21579597045955e-06,0.000134016007778634,2.13842687567236e-05
"1102",55.5500000000003,6.85764665569961e-06,2.34361531661939e-07,1.09709768645273e-15,2.33910077035343e-13,1.78966365272223e-09,8.91442364268981e-09,1.60402193602252e-05,6.13769865800411e-06,0.000132564543977707,2.11094525751637e-05
"1103",55.6,6.76773224751523e-06,2.30907922054327e-07,1.06348112083307e-15,2.2741837114058e-13,1.75641166965638e-09,8.7573254521911e-09,1.58541225099979e-05,6.06055652866126e-06,0.000131127626634362,2.08380393358401e-05
"1104",55.65,6.67896382485004e-06,2.27504659476701e-07,1.03089513266103e-15,2.21106615250721e-13,1.72377527247304e-09,8.60298087485187e-09,1.56701067017288e-05,5.98435828099789e-06,0.000129705125836585,2.05699889145151e-05
"1105",55.6999999999993,6.59132728493777e-06,2.24151019101114e-07,9.99308112446729e-16,2.14969827701475e-13,1.69174311168305e-09,8.45134193944751e-09,1.54881497352243e-05,5.90909274195902e-06,0.000128296912623782,2.03052616296138e-05
"1106",55.7500000000007,6.50480869091178e-06,2.20846286375659e-07,9.68689420599819e-16,2.09003164527632e-13,1.66030404601035e-09,8.30236150438549e-09,1.53082296321571e-05,5.83474886513174e-06,0.000126902858975988,2.00438182365582e-05
"1107",55.7999999999993,6.41939426998927e-06,2.17589756888841e-07,9.39009357727207e-16,2.03201915676729e-13,1.62944713866431e-09,8.15599324381091e-09,1.51303246344578e-05,5.76131572955819e-06,0.000125522837813041,1.97856199240209e-05
"1108",55.8499999999996,6.33507041162441e-06,2.14380736230718e-07,9.1023913579209e-16,1.97561501317264e-13,1.59916165363037e-09,8.0121916337163e-09,1.49544132024407e-05,5.68878253844604e-06,0.000124156722991588,1.9530626263343e-05
"1109",55.8999999999998,6.25182366573646e-06,2.11218539843557e-07,8.82350850048552e-16,1.92077468226988e-13,1.56943705191133e-09,7.87091193773354e-09,1.47804740122704e-05,5.61713861761283e-06,0.000122804389296805,1.92788033869511e-05
"1110",55.9499999999996,6.16964074091497e-06,2.08102492896502e-07,8.55317452034318e-16,1.86745486319222e-13,1.54026298804414e-09,7.73211019415142e-09,1.46084859546495e-05,5.54637341444191e-06,0.000121465712443463,1.90301117134786e-05
"1111",56.0000000000002,6.08850850265826e-06,2.0503193014068e-07,8.29112723204188e-16,1.81561345227817e-13,1.51162930647954e-09,7.59574320220265e-09,1.44384281323502e-05,5.47647649636731e-06,0.000120140569067861,1.87845141214659e-05
"1112",56.0500000000009,6.00841397163369e-06,2.02006195781035e-07,8.0371124950239e-16,1.76520951011658e-13,1.48352603816579e-09,7.46176850924213e-09,1.42702798585768e-05,5.40743754970803e-06,0.000118828836726085,1.85419739015891e-05
"1113",56.1,5.92934432194873e-06,1.99024643337667e-07,7.79088396611688e-16,1.71620322929384e-13,1.45594339708049e-09,7.33014439760054e-09,1.41040206546619e-05,5.33924637823523e-06,0.000117530393886936,1.83024547519878e-05
"1114",56.1500000000009,5.85128687943284e-06,1.96086635523871e-07,7.55220286086305e-16,1.66855590327553e-13,1.42887177696253e-09,7.20082987231597e-09,1.39396302486053e-05,5.27189290209164e-06,0.000116245119931278,1.80659207748168e-05
"1115",56.2000000000002,5.77422911996359e-06,1.9319154411187e-07,7.32083772101587e-16,1.62222989591492e-13,1.40230174797406e-09,7.07378464845741e-09,1.37770885728452e-05,5.20536715640209e-06,0.000114972895145284,1.78323364717139e-05
"1116",56.2500000000002,5.69815866777309e-06,1.90338749813402e-07,7.09656419022981e-16,1.57718861201219e-13,1.37622405354274e-09,6.9489691392361e-09,1.36163757627767e-05,5.13965929019699e-06,0.000113713600719353,1.76016667403406e-05
"1117",56.2999999999999,5.62306329380398e-06,1.87527642140792e-07,6.87916479497055e-16,1.53339646835053e-13,1.35062960706806e-09,6.82634444339422e-09,1.34574721540912e-05,5.07475956485915e-06,0.000112467118737686,1.73738768692578e-05
"1118",56.3499999999991,5.54893091406273e-06,1.84757619299115e-07,6.66842873444213e-16,1.49081886599051e-13,1.32550948895394e-09,6.70587233408404e-09,1.33003582817813e-05,5.01065835325906e-06,0.000111233332180768,1.7148932535197e-05
"1119",56.3999999999999,5.47574958799457e-06,1.82028088057024e-07,6.46415167517788e-16,1.44942216296913e-13,1.30085494348709e-09,6.58751524693998e-09,1.31450148778703e-05,4.94734613837291e-06,0.000110012124917706,1.69267997985082e-05
"1120",56.4499999999992,5.40350751688629e-06,1.79338463626979e-07,6.26613555254239e-16,1.40917364787259e-13,1.2766573758418e-09,6.47123626868775e-09,1.29914228695853e-05,4.88481351209019e-06,0.000108803381701944,1.6707445099275e-05
"1121",56.5000000000003,5.3321930422602e-06,1.76688169547625e-07,6.07418837836438e-16,1.37004151414502e-13,1.25290834914382e-09,6.35699912596959e-09,1.28395633775771e-05,4.82305117404493e-06,0.000107606988167184,1.64908352534884e-05
"1122",56.55,5.2617946443183e-06,1.74076637570115e-07,5.88812405463836e-16,1.33199483513878e-13,1.22959958160813e-09,6.24476817445959e-09,1.26894177142878e-05,4.76204993051382e-06,0.000106422830824359,1.62769374494547e-05
"1123",56.6000000000009,5.19230094036642e-06,1.7150330753757e-07,5.70776219234423e-16,1.29500353972966e-13,1.20672294365364e-09,6.13450838780291e-09,1.25409673818489e-05,4.7018006931279e-06,0.000105250797054777,1.60657192435511e-05
"1124",56.6499999999991,5.12370068329114e-06,1.68967627277483e-07,5.53292793663366e-16,1.25903838876875e-13,1.18427045517098e-09,6.026185347228e-09,1.23941940706435e-05,4.64229447786208e-06,0.000104090775108369,1.58571485569231e-05
"1125",56.6999999999995,5.05598276001157e-06,1.66469052487243e-07,5.36345179679009e-16,1.22407095206215e-13,1.16223428276552e-09,5.91976523097772e-09,1.22490796574016e-05,4.58352240383868e-06,0.000102942654098145,1.56511936715483e-05
"1126",56.7500000000004,4.9891361899921e-06,1.64007046623597e-07,5.19916948158031e-16,1.19007358602042e-13,1.14060673707155e-09,5.81521480402218e-09,1.21056062034458e-05,4.52547569219872e-06,0.000101806323995679,1.54478232265158e-05
"1127",56.7999999999999,4.9231501237382e-06,1.61581080790637e-07,5.03992173946836e-16,1.15701941188407e-13,1.11938027008938e-09,5.71250140782115e-09,1.19637559527748e-05,4.46814566491356e-06,0.000100681675625226,1.5247006214086e-05
"1128",56.850000000001,4.85801384131163e-06,1.59190633640666e-07,4.88555420447802e-16,1.12488229470393e-13,1.09854747266994e-09,5.61159295074074e-09,1.18235113308274e-05,4.41152374387686e-06,9.95686006630759e-05,1.50487119767405e-05
"1129",56.9000000000006,4.79371675088167e-06,1.56835191262815e-07,4.73591724588849e-16,1.09363682271476e-13,1.07810107192585e-09,5.51245789805702e-09,1.16848549424603e-05,4.35560144968359e-06,9.84669916305788e-05,1.48529102031113e-05
"1130",56.9500000000009,4.73024838726227e-06,1.5451424707736e-07,4.59086582283156e-16,1.06325828733679e-13,1.05803392872657e-09,5.41506526230811e-09,1.15477695701847e-05,4.30037040052046e-06,9.73767418890885e-05,1.46595709243067e-05
"1131",57.0000000000003,4.66759841049077e-06,1.52227301735714e-07,4.45025934361722e-16,1.03372266378426e-13,1.03833903527553e-09,5.31938459398841e-09,1.14122381726665e-05,4.24582231116716e-06,9.62977456368853e-05,1.44686645106099e-05
"1132",57.0500000000005,4.60575660440098e-06,1.49973863020721e-07,4.31396152929866e-16,1.00500659219271e-13,1.01900951272169e-09,5.22538597235481e-09,1.12782438831769e-05,4.19194899198301e-06,9.52298979055925e-05,1.42801616681245e-05
"1133",57.0999999999991,4.54471287522949e-06,1.47753445740086e-07,4.18184028093252e-16,9.77087359162695e-14,1.00003860874413e-09,5.13303999604742e-09,1.11457700075668e-05,4.13874234770696e-06,9.4173094552677e-05,1.40940334347593e-05
"1134",57.1500000000008,4.48445725021353e-06,1.45565571634413e-07,4.05376755170711e-16,9.49942879979813e-14,9.81419695293095e-10,5.04231777441803e-09,1.10148000230375e-05,4.08619437658412e-06,9.31272322601973e-05,1.39102511773462e-05
"1135",57.1999999999993,4.4249798762389e-06,1.43409769276581e-07,3.92961922239817e-16,9.23551681199112e-14,9.63146266287265e-10,4.95319091859302e-09,1.08853175763327e-05,4.0342971692635e-06,9.20922085288036e-05,1.37287865879583e-05
"1136",57.2499999999993,4.36627101845419e-06,1.41285573973213e-07,3.80927498070285e-16,8.97892883721122e-14,9.45211935359277e-10,4.86563153272009e-09,1.07573064819845e-05,3.98304290772326e-06,9.1067921672061e-05,1.3549611680309e-05
"1137",57.2999999999996,4.30832105894633e-06,1.39192527677119e-07,3.69261820482056e-16,8.72946186450598e-14,9.27610433723424e-10,4.77961220576045e-09,1.06307507211522e-05,3.9324238644392e-06,9.00542708154124e-05,1.33726987870083e-05
"1138",57.350000000001,4.25112049539938e-06,1.37130178887526e-07,3.57953584984715e-16,8.48691850243975e-14,9.1033560796898e-10,4.69510600286836e-09,1.05056344396657e-05,3.88243240123802e-06,8.9051155888649e-05,1.31980205556969e-05
"1139",57.3999999999995,4.19465993978646e-06,1.3509808256129e-07,3.46991833819753e-16,8.25110682415302e-14,8.93381417974523e-10,4.6120864573135e-09,1.03819419466606e-05,3.83306096839414e-06,8.80584776230353e-05,1.30255499460382e-05
"1140",57.4499999999996,4.13893011705065e-06,1.3309580001548e-07,3.36365945286e-16,8.02184021555226e-14,8.76741934778106e-10,4.5305275621386e-09,1.02596577126283e-05,3.78430210349633e-06,8.70761375435993e-05,1.285526022589e-05
"1141",57.5,4.08392186383294e-06,1.31122898851557e-07,3.26065623500401e-16,7.79893723001223e-14,8.60411338654614e-10,4.45040376278533e-09,1.01387663687176e-05,3.73614843081956e-06,8.6104037971396e-05,1.26871249692482e-05
"1142",57.5499999999994,4.02962612718926e-06,1.29178952851384e-07,3.16080888318445e-16,7.58222144374927e-14,8.44383916985397e-10,4.37168994865647e-09,1.00192527042564e-05,3.68859265999094e-06,8.5142082011349e-05,1.25211180517095e-05
"1143",57.6000000000008,3.97603396332391e-06,1.27263541900145e-07,3.06402065698267e-16,7.37152131808673e-14,8.28654062378171e-10,4.29436144585897e-09,9.90110166585354e-06,3.64162758529077e-06,8.41901735526909e-05,1.23572136481486e-05
"1144",57.65,3.9231365363537e-06,1.25376251898866e-07,2.97019778299772e-16,7.16667006421079e-14,8.13216270725819e-10,4.21839400960405e-09,9.78429835580613e-06,3.59524608468121e-06,8.32482172637269e-05,1.21953862294436e-05
"1145",57.6999999999987,3.87092511705812e-06,1.23516674677176e-07,2.87924936368452e-16,6.96750551157098e-14,7.98065139293125e-10,4.14376381670017e-09,9.66882803045997e-06,3.5494411188211e-06,8.23161185861009e-05,1.20356105591468e-05
"1146",57.7499999999991,3.8193910816628e-06,1.21684407908115e-07,2.79108728903882e-16,6.77386998001637e-14,7.8319536484543e-10,4.07044745820896e-09,9.55467609863278e-06,3.50420573011045e-06,8.13937837294732e-05,1.18778616902498e-05
"1147",57.8000000000004,3.76852591063409e-06,1.19879055032037e-07,2.7056261513716e-16,6.58561015629426e-14,7.6860174187557e-10,3.99842193254334e-09,9.44182812054513e-06,3.45953304194115e-06,8.04811196701975e-05,1.17221149626721e-05
"1148",57.849999999999,3.71832118748215e-06,1.18100225170113e-07,2.62278316214696e-16,6.40257697274525e-14,7.54279160770225e-10,3.92766463822567e-09,9.33026980604812e-06,3.41541625767205e-06,7.95780341442118e-05,1.15683459997754e-05
"1149",57.8999999999992,3.66876859756645e-06,1.16347533046948e-07,2.54247807175117e-16,6.22462549017981e-14,7.40222606073705e-10,3.85815336708607e-09,9.219987013358e-06,3.37184865981116e-06,7.86844356439386e-05,1.14165307055992e-05
"1150",57.9500000000006,3.6198599269378e-06,1.14620598909875e-07,2.4646330915186e-16,6.05161478353433e-14,7.26427154748103e-10,3.78986629740234e-09,9.11096574752863e-06,3.3288236090965e-06,7.78002334129638e-05,1.12666452617452e-05
"1151",58.0000000000002,3.57158706117737e-06,1.12919048450264e-07,2.38917281819603e-16,5.88340783078272e-14,7.12887974472448e-10,3.72278198719367e-09,9.00319215899024e-06,3.28633454360919e-06,7.69253374411491e-05,1.11186661243549e-05
"1152",58.0499999999991,3.52394198424412e-06,1.1124251272859e-07,2.31602416084389e-16,5.71987140517932e-14,6.99600321994167e-10,3.6568793677345e-09,8.8966525422712e-06,3.24437497796219e-06,7.60596584611403e-05,1.09725700213619e-05
"1153",58.0999999999991,3.47691677734451e-06,1.0959062809972e-07,2.24511626993919e-16,5.5608759703864e-14,6.86559541503831e-10,3.59213773714629e-09,8.79133333468022e-06,3.20293850247731e-06,7.52031079444585e-05,1.08283339496928e-05
"1154",58.1500000000002,3.4305036178133e-06,1.07963036134892e-07,2.17638046846959e-16,5.4062955780823e-14,6.73761063005377e-10,3.5285367539293e-09,8.68722111472145e-06,3.16201878226188e-06,7.43555980953351e-05,1.0685935172114e-05
"1155",58.2000000000014,3.38469477800283e-06,1.0635938354922e-07,2.10975018533552e-16,5.2560077688295e-14,6.61200400751179e-10,3.46605643077957e-09,8.58430260080712e-06,3.1216095564063e-06,7.35170418468596e-05,1.05453512144986e-05
"1156",58.2500000000004,3.33948262418604e-06,1.04779322127641e-07,2.04516089068963e-16,5.10989347544017e-14,6.48873151685661e-10,3.4046771284123e-09,8.48256464981594e-06,3.08170463712545e-06,7.26873528557908e-05,1.04065598628916e-05
"1157",58.2999999999991,3.29485961546528e-06,1.0322250865988e-07,1.98255003358296e-16,4.96783692974105e-14,6.3677499397941e-10,3.34437954980068e-09,8.38199425618085e-06,3.04229790911107e-06,7.18664455015902e-05,1.02695391613101e-05
"1158",58.3499999999987,3.25081830270323e-06,1.01688604859787e-07,1.92185698085513e-16,4.8297255703962e-14,6.24901685461364e-10,3.28514473387232e-09,8.28257854991661e-06,3.00338332847299e-06,7.1054234876723e-05,1.01342674081044e-05
"1159",58.3999999999998,3.20735132745959e-06,1.00177277300723e-07,1.86302295850842e-16,4.69544995465328e-14,6.13249062196016e-10,3.2269540498937e-09,8.18430479562765e-06,2.96495492206866e-06,7.02506367848591e-05,1.00007231536677e-05
"1160",58.4500000000013,3.16445142094148e-06,9.86881973528849e-08,1.80599099490418e-16,4.56490367258711e-14,6.01813037093805e-10,3.16978919198778e-09,8.08716039159887e-06,2.92700678686801e-06,6.94555677396837e-05,9.86888519827286e-06
"1161",58.4999999999985,3.12211140296533e-06,9.72210410997754e-08,1.75070586487268e-16,4.43798326181207e-14,5.90589598380087e-10,3.11363217291213e-09,7.99113286747269e-06,2.88953308877029e-06,6.86689449520479e-05,9.73873258798671e-06
"1162",58.5500000000008,3.08032418091292e-06,9.57754892882218e-08,1.69711403677605e-16,4.31458812738506e-14,5.79574808340727e-10,3.05846531918664e-09,7.89620988406526e-06,2.85252806226009e-06,6.78906863345422e-05,9.61024461351127e-06
"1163",58.6000000000013,3.03908274874054e-06,9.43512272522609e-08,1.64516362017576e-16,4.19462046158343e-14,5.68764801884882e-10,3.00427126527647e-09,7.80237923142663e-06,2.81598600938156e-06,6.71207104916088e-05,9.48340080664755e-06
"1164",58.650000000001,2.99838018595196e-06,9.29479448512621e-08,1.59480431560472e-16,4.0779851670429e-14,5.58155785234984e-10,2.95103294837954e-09,7.70962882778314e-06,2.77990129906063e-06,6.63589367167974e-05,9.358180937965e-06
"1165",58.7000000000001,2.95820965661043e-06,9.15653364047282e-08,1.54598736572554e-16,3.96458978166215e-14,5.4774403460875e-10,2.89873360314403e-09,7.61794671821291e-06,2.74426836632675e-06,6.5605284987743e-05,9.23456501411734e-06
"1166",58.7499999999993,2.91856440835343e-06,9.02031006307898e-08,1.4986655080867e-16,3.85434440581189e-14,5.3752589494629e-10,2.84735675658196e-09,7.5273210735176e-06,2.70908171161492e-06,6.48596759626874e-05,9.11253327544312e-06
"1167",58.7999999999997,2.87943777141875e-06,8.8860940583131e-08,1.45279292924161e-16,3.74716163135443e-14,5.27497778642147e-10,2.79688622297833e-09,7.43774018894403e-06,2.6743359000126e-06,6.41220309756767e-05,8.99206619336291e-06
"1168",58.8499999999991,2.84082315768441e-06,8.75385635881033e-08,1.40832522025492e-16,3.6429564725744e-14,5.17656164295518e-10,2.74730609886229e-09,7.34919248286993e-06,2.64002556049639e-06,6.33922720313817e-05,8.873144467741e-06
"1169",58.9000000000012,2.8027140597087e-06,8.62356811872596e-08,1.36521933372686e-16,3.54164629937682e-14,5.07997595517098e-10,2.69860075823504e-09,7.26166649580526e-06,2.60614538529467e-06,6.2670321802446e-05,8.75574902468629e-06
"1170",58.9499999999991,2.76510404980095e-06,8.49520090748262e-08,1.3234335419392e-16,3.44315077186866e-14,4.98518679714126e-10,2.65075484765998e-09,7.17515088901007e-06,2.57269012910507e-06,6.19561036235911e-05,8.63986101383938e-06
"1171",59.0000000000005,2.72798677906998e-06,8.36872670388463e-08,1.28292739638131e-16,3.34739177697278e-14,4.8921608691854e-10,2.60375328154257e-09,7.08963444331097e-06,2.53965460839245e-06,6.1249541487279e-05,8.52546180594848e-06
"1172",59.0500000000012,2.69135597652278e-06,8.24411789059806e-08,1.24366168860705e-16,3.25429336700425e-14,4.80086548657337e-10,2.55758123759634e-09,7.00510605812136e-06,2.5070337007688e-06,6.05505600409893e-05,8.41253299070863e-06
"1173",59.1000000000006,2.65520544814106e-06,8.12134724777668e-08,1.20559841199895e-16,3.16378169924829e-14,4.71126856775331e-10,2.51222415204177e-09,6.92155474983871e-06,2.47482234413594e-06,5.98590845792592e-05,8.30105637380147e-06
"1174",59.1500000000015,2.61952907598e-06,8.0003879484465e-08,1.16870072522687e-16,3.07578497844613e-14,4.62333862401487e-10,2.46766771550531e-09,6.83896965139048e-06,2.44301553627507e-06,5.9175041045165e-05,8.19101397545565e-06
"1175",59.1999999999996,2.58432081728385e-06,7.88121355199116e-08,1.13293291621835e-16,2.99023339942167e-14,4.53704474790839e-10,2.4238978682635e-09,6.75734001044804e-06,2.41160833392552e-06,5.84983560206939e-05,8.08238802725519e-06
"1176",59.249999999999,2.5495747035933e-06,7.76379799869985e-08,1.09826036754143e-16,2.90705909202156e-14,4.45235660258784e-10,2.38090079592892e-09,6.67665518831578e-06,2.3805958521275e-06,5.7828956722635e-05,7.97516096985143e-06
"1177",59.3000000000014,2.51528483988066e-06,7.64811560554589e-08,1.06464952318168e-16,2.82619606837804e-14,4.36924441217673e-10,2.33866292563131e-09,6.59690465962749e-06,2.34997326387814e-06,5.7166771005097e-05,7.86931545175673e-06
"1178",59.3500000000009,2.48144540369079e-06,7.53414105885484e-08,1.03206785541218e-16,2.74758016940308e-14,4.28767895002957e-10,2.29717092110591e-09,6.51807800986156e-06,2.31973579895228e-06,5.65117273438578e-05,7.76483432525208e-06
"1179",59.4000000000011,2.44805064427643e-06,7.42184941115617e-08,1.00048383386396e-16,2.67114901561117e-14,4.20763153013905e-10,2.25641167935594e-09,6.44016493569571e-06,2.28987874381732e-06,5.58637548442063e-05,7.66170064607274e-06
"1180",59.4500000000005,2.41509488176436e-06,7.31121607405807e-08,9.69866894394329e-17,2.59684195652513e-14,4.12907399582227e-10,2.21637232590849e-09,6.36315524257505e-06,2.2603974404815e-06,5.52227832255835e-05,7.55989766940281e-06
"1181",59.5,2.38257250631597e-06,7.20221681495372e-08,9.40187409960877e-17,2.52460002402246e-14,4.05197871127433e-10,2.17704021150674e-09,6.28703884489395e-06,2.2312872863474e-06,5.45887428278618e-05,7.45940884935004e-06
"1182",59.5499999999991,2.35047797730469e-06,7.09482775010259e-08,9.11416661373969e-17,2.45436588450787e-14,3.97631855067078e-10,2.13840290753086e-09,6.21180576361778e-06,2.20254373308807e-06,5.3961564596278e-05,7.36021783503572e-06
"1183",59.6000000000017,2.31880582249626e-06,6.98902534136448e-08,8.83526809916317e-17,2.38608379476807e-14,3.90206688998509e-10,2.10044820278117e-09,6.13744612641132e-06,2.17416228648522e-06,5.33411800871479e-05,7.26230847000652e-06
"1184",59.6500000000011,2.28755063725131e-06,6.88478639035021e-08,8.56490870090308e-17,2.31969955731191e-14,3.82919759709915e-10,2.06316409936901e-09,6.06395016592574e-06,2.14613850556603e-06,5.27275214581962e-05,7.16566478922529e-06
"1185",59.7000000000006,2.25670708371427e-06,6.78208803345358e-08,8.30282683423266e-17,2.25516047748395e-14,3.75768502266256e-10,2.02653880896776e-09,5.99130821865845e-06,2.11846800196245e-06,5.21205214635728e-05,7.07027101683106e-06
"1186",59.7499999999997,2.2262698900328e-06,6.68090773776108e-08,8.04876893280263e-17,2.19241532226734e-14,3.68750399168062e-10,1.99056074941625e-09,5.91951072439622e-06,2.09114643949552e-06,5.15201134536836e-05,6.97611156466648e-06
"1187",59.7999999999991,2.19623384957462e-06,6.58122329593862e-08,7.80248920171274e-17,2.13141427954167e-14,3.6186297945024e-10,1.95521854099464e-09,5.84854822489981e-06,2.06416953347304e-06,5.09262313686247e-05,6.88317102982083e-06
"1188",59.8500000000007,2.16659382015563e-06,6.48301282130547e-08,7.56374937851961e-17,2.07210891855372e-14,3.55103817805891e-10,1.92050100280749e-09,5.77841136267963e-06,2.03753305002551e-06,5.03388097323038e-05,6.79143419230783e-06
"1189",59.8999999999989,2.13734472328189e-06,6.38625474378491e-08,7.33231850354661e-17,2.01445215197083e-14,3.48470533781768e-10,1.88639714951482e-09,5.7090908803581e-06,2.0112328056679e-06,4.97577836514121e-05,6.7008860135074e-06
"1190",59.9500000000003,2.10848154338356e-06,6.29092780552173e-08,7.10797269623002e-17,1.95839819873573e-14,3.41960790961242e-10,1.85289618798008e-09,5.64057761976365e-06,1.98526466676136e-06,4.91830888120922e-05,6.61151163427653e-06
"1191",60.0000000000006,2.07999932708207e-06,6.19701105548061e-08,6.89049493582274e-17,1.90390254732145e-14,3.35572296088722e-10,1.81998751359723e-09,5.57286252025318e-06,1.95962454868563e-06,4.86146614700722e-05,6.52329637205604e-06
