"speed","original","FromData","r=-0.5","r=0.5","r=1","r=2","r=3"
"1",0,0,0,0,0,0,0,0
"2",0.05,3.18798147617556e-18,2.02250988588642e-18,1.53561982647009e-14,6.4654983973329e-28,1.16504185371424e-37,3.19179050788674e-57,7.77275079807711e-77
"3",0.1,6.71680695028464e-16,4.26125702425291e-16,1.58953668631745e-12,2.7995698262503e-24,1.03674760742033e-32,1.19963832103266e-49,1.23388627307428e-66
"4",0.15,1.52175144861834e-14,9.65425104158629e-15,3.65985875461147e-11,3.70179916882752e-22,8.00083443241187e-30,3.15350813611954e-45,1.10484191562955e-60
"5",0.2,1.38361202763131e-13,8.77787096640446e-14,3.73180807650283e-10,1.17325852107141e-20,8.83947364938142e-28,4.23355879381284e-42,1.80232164846629e-56
"6",0.25,7.62815438777094e-13,4.83943140059986e-13,2.20054135900153e-09,1.70005505993935e-19,3.36635412788206e-26,1.11369748578251e-39,3.2750821054496e-53
"7",0.3,3.06478188160143e-12,1.94434995935446e-12,8.60272062372987e-09,1.50152048459979e-18,6.5360633315056e-25,1.0449609105958e-37,1.4850167489915e-50
"8",0.35,9.89791972180884e-12,6.27940928662072e-12,2.39828976648796e-08,9.42387806303937e-18,7.97202568983048e-24,4.81349544359302e-36,2.58344936815831e-48
"9",0.4,2.72442314820268e-11,1.7284205669823e-11,6.10551925051636e-08,4.60607513328252e-17,6.91895928268879e-23,1.31726787665937e-34,2.22923031959149e-46
"10",0.45,6.63726564245916e-11,4.210794660341e-11,1.78065282978246e-07,1.85990019305266e-16,4.63066518268776e-22,2.42194722134646e-33,1.12598727579393e-44
"11",0.5,1.46853429292988e-10,9.31663231866356e-11,2.50978534859317e-07,6.45984502672673e-16,2.52472109238392e-21,3.25394222146774e-32,3.72781009281303e-43
"12",0.55,3.005696118144e-10,1.90686494209342e-10,5.77773074254457e-07,1.98619671285711e-15,1.16614552642377e-20,3.39177897529189e-31,8.76899557345348e-42
"13",0.6,5.76857542054391e-10,3.65968275001142e-10,1.36432828407958e-06,5.52223805141407e-15,4.69693962950191e-20,2.86700528985503e-30,1.55556987555462e-40
"14",0.65,1.04889600067803e-09,6.65437533611111e-10,1.7654501008335e-06,1.41093259809481e-14,1.68629445695788e-19,2.03236406996187e-29,2.17729421319141e-39
"15",0.7,1.82145025984236e-09,1.15555914766989e-09,4.04446120732605e-06,3.35460377482233e-14,5.48931883020949e-19,1.24018567140907e-28,2.49059135587458e-38
"16",0.75,3.04006235361401e-09,1.92866746889495e-09,5.04191325540498e-06,7.49612612489964e-14,1.6422701212401e-18,6.65079872534541e-28,2.39414545411452e-37
"17",0.8,4.90176329992459e-09,3.10976233966582e-09,6.19153966071191e-06,1.58698668301133e-13,4.56507109782633e-18,3.18720405069895e-27,1.97797002353077e-36
"18",0.85,7.66736695702451e-09,4.8643085255845e-09,1.33269347952826e-05,3.20403227948752e-13,1.18959967894858e-17,1.38363819073652e-26,1.430512829418e-35
"19",0.9,1.16753889996764e-08,7.40706615184736e-09,1.5962899378894e-05,6.20248321011742e-13,2.92760960189352e-17,5.50328595335743e-26,9.19556693687218e-35
"20",0.95,1.73576183918287e-08,1.1011969511781e-08,3.22408883121764e-05,1.15652377838916e-12,6.84655862297072e-17,2.02451798462117e-25,5.32130878649899e-34
"21",1,2.52563529125254e-08,1.602306157948e-08,3.78606260273302e-05,2.08513785663027e-12,1.52950975656316e-16,6.94386036437482e-25,2.80218768482938e-33
"22",1.05,3.60432949248073e-08,2.28664818094785e-08,4.40857058083128e-05,3.6469722355217e-12,3.27864036166418e-16,2.23578577929184e-24,1.35523344839439e-32
"23",1.1,5.05400887977627e-08,3.20634954300823e-08,8.17711917845949e-05,6.20547017740175e-12,6.76965830601214e-16,6.79774093601195e-24,6.06750278407747e-32
"24",1.15,6.97404673081219e-08,4.42445435021818e-08,9.38313336047683e-05,1.02973347194542e-11,1.3508843895261e-15,1.96163691733372e-23,2.53201680122123e-31
"25",1.2,9.48339610457226e-08,6.01642845765601e-08,0.000106984387061378,1.66997659186012e-11,2.61282466909449e-15,5.39664385256643e-23,9.90797180809465e-31
"26",1.25,1.27231112393092e-07,8.07175908819724e-08,0.000181693591636913,2.65182725004468e-11,4.91078071617937e-15,1.42093716126645e-22,3.65465778566327e-30
"27",1.3,1.68590124092557e-07,1.06956454644891e-07,0.00020484011095674,4.12997515708545e-11,8.98909923813683e-15,3.59308368878029e-22,1.27663281754939e-29
"28",1.35,2.20844861789185e-07,1.40107753401687e-07,0.000229783591805572,6.31762371654008e-11,1.60573420763184e-14,8.75239949919249e-22,4.24060791523391e-29
"29",1.4,2.86234120266187e-07,1.81591817028967e-07,0.000357971925070228,9.50454702486828e-11,2.80410916701889e-14,2.05937551702513e-21,1.34438509006714e-28
"30",1.45,3.6733205438169e-07,2.3304173369453e-07,0.000397985522198755,1.40795234367993e-10,4.79480092905858e-14,4.69190755993543e-21,4.08108675586788e-28
"31",1.5,4.6707966797315e-07,2.96323327020685e-07,0.000571836066216651,2.05579226737017e-10,8.03935157093932e-14,1.03733299747814e-20,1.18976962867803e-27
"32",1.55,5.88817247210799e-07,3.73555732448991e-07,0.000630831846536621,2.96153087557835e-10,1.32344399356865e-13,2.22996334877104e-20,3.33993024667749e-27
"33",1.6,7.36317619040332e-07,4.67132497091799e-07,0.000834441657293829,4.21280083708746e-10,2.14156006424013e-13,4.66941462967252e-20,9.04986568401202e-27
"34",1.65,9.1382011043723e-07,5.79743124238718e-07,0.00091427570270068,5.92216828788185e-10,3.41000026560632e-13,9.53927189601835e-20,2.37204845367271e-26
"35",1.7,1.12606508017561e-06,7.14394981139266e-07,0.0011561578343258,8.23290311694673e-10,5.34805908705186e-13,1.90412745932641e-19,6.02619733309373e-26
"36",1.75,1.37832889166383e-06,8.74435486687965e-07,0.00125915899832347,1.13257839184827e-09,8.26870329932322e-13,3.71868225282368e-19,1.48657986869787e-25
"37",1.8,1.67645919308443e-06,1.06357449417437e-06,0.00136755777191575,1.54270679195515e-09,1.26132665215351e-12,7.11425244802377e-19,3.56679775846921e-25
"38",1.85,2.02691036956185e-06,1.28590678330532e-06,0.00148141953121116,2.08177646984575e-09,1.89971073880083e-12,1.33477334260727e-18,8.33633358590736e-25
"39",1.9,2.43677903132989e-06,1.5459345752364e-06,0.00160080373630028,2.78443607026931e-09,2.82691170760518e-12,2.45852966993841e-18,1.90058009551071e-24
"40",1.95,2.91383940184232e-06,1.84858998433902e-06,0.00172576401804232,3.69311493651872e-09,4.15885703993795e-12,4.44989215556273e-18,4.23226149613766e-24
"41",2,3.4665784704244e-06,2.19925732085315e-06,0.00185634826964111,4.85943289142963e-09,6.052351849518e-12,7.92162744521744e-18,9.21620599204492e-24
"42",2.05,4.10423077535791e-06,2.60379515940747e-06,0.00199259874246387,6.34580366889627e-09,8.71757294553594e-12,1.38811843483555e-17,1.96473945676143e-23
"43",2.1,4.83681268518637e-06,3.06855808960125e-06,0.0021345521456026,8.22724948212501e-09,1.24338105231016e-11,2.39616287758739e-17,4.10464818786974e-23
"44",2.15,5.67515604847836e-06,3.60041806641061e-06,0.00228223974872011,1.05934447453357e-08,1.75691547852823e-11,4.07747254211272e-17,8.41160236181389e-23
"45",2.2,6.63094108525201e-06,4.20678528007726e-06,0.0024356874877602,1.35510074139036e-08,2.46049424336535e-11,6.84442001295717e-17,1.69238226074716e-22
"46",2.25,7.71672839670389e-06,4.89562846733642e-06,0.00259491607313623,1.72260567669193e-08,3.41659096129298e-11,1.13401781201187e-16,3.3457560897166e-22
"47",2.3,8.94598997375623e-06,5.67549458831456e-06,0.0027599411000432,2.17670567193145e-08,4.70571443679637e-11,1.85562342596772e-16,6.50431606272669e-22
"48",2.35,1.03331390892003e-05,6.5555277961523e-06,0.00293077316056719,2.73479639121894e-08,6.43090937158834e-11,3.00040320007987e-16,1.24432653583453e-21
"49",2.4,1.18935589628303e-05,7.54548762935889e-06,0.00310741795729162,3.4171699884574e-08,8.72320587256398e-11,4.79631316595853e-16,2.34415569304779e-21
"50",2.45,1.36436300938934e-05,8.6557663600565e-06,0.00328987641812393,4.24739665730994e-08,1.17481806116591e-10,7.58365226368502e-16,4.35144720393074e-21
"51",2.5,1.56007561603874e-05,9.89740543460303e-06,0.00347814481208758,5.25274242142075e-08,1.57138137319713e-10,1.18654625150802e-15,7.96407338969416e-21
"52",2.55,1.77833883901924e-05,1.1282110946568e-05,0.00367221486584452,6.4646250433639e-08,2.08798486056592e-10,1.83783829666584e-15,1.43792011535612e-20
"53",2.6,2.02110483146721e-05,1.28222680856551e-05,0.00387207388073147,7.91910988978479e-08,2.75688863521314e-10,2.81914054025389e-15,2.56248741216224e-20
"54",2.65,2.29043488212193e-05,1.4530954509897e-05,0.00407770485011048,9.65744753703225e-08,3.61794736296727e-10,4.2842387133539e-15,4.50954357432411e-20
"55",2.7,2.58850134271846e-05,1.64219525922717e-05,0.00428908657684929,1.17266548361991e-07,4.72014706145717e-10,6.45252637819375e-15,7.84064076183893e-20
"56",2.75,2.91758937037192e-05,1.85097604967871e-05,0.00450619379076211,1.41801410789167e-07,6.12340162574506e-10,9.63448372782036e-15,1.34744689424164e-19
"57",2.8,3.28009847842229e-05,2.0809602043032e-05,0.00472899726585408,1.70783808155893e-07,7.9006439818192e-10,1.42660988373746e-14,2.28978903757562e-19
"58",2.85,3.67854388983174e-05,2.33374353221825e-05,0.00495746393722536,2.04896347761807e-07,1.01402501272107e-09,2.0955041369087e-14,3.84924791462591e-19
"59",2.9,4.11555768785148e-05,2.6109960031461e-05,0.0051915570175022,2.44907202304382e-07,1.29488378375801e-09,3.05421792727865e-14,6.40349030888656e-19
"60",2.95,4.59388975930089e-05,2.9144623498062e-05,0.00543123611267262,2.91678319998754e-07,1.64544854887583e-09,4.41829977536975e-14,1.05456548715199e-18
"61",3,5.11640852642623e-05,3.2459625367565e-05,0.00567645733721451,3.4617415198342e-07,2.08104202541175e-09,6.34546749827261e-14,1.71986318172674e-18
"62",3.05,5.68610146392589e-05,3.60739209358393e-05,0.00592717342841294,4.09470906320299e-07,2.6199228874007e-09,9.04960352340944e-14,2.77854923448421e-18
"63",3.1,6.30607539834404e-05,4.00072231073899e-05,0.00618333385977185,4.82766336338431e-07,3.28376482421586e-09,1.28189388865351e-13,4.44815186838182e-18
"64",3.15,6.97955658764103e-05,4.42800029670001e-05,0.0064448849534335,5.67390069417592e-07,4.09819971963018e-09,1.80395439071673e-13,7.058387282017e-18
"65",3.2,7.70989057934604e-05,4.89134889553588e-05,0.00671176999152603,6.64814480567706e-07,5.09343151177813e-09,2.52255055472781e-13,1.11049544438258e-17
"66",3.25,8.500541846284e-05,5.3929664643141e-05,0.00698392932636677,7.766661133391e-07,6.30492772169176e-09,3.50574861538158e-13,1.73272213075681e-17
"67",3.3,9.35509319944235e-05,5.93512651016996e-05,0.007261300489455,9.0473764870439e-07,7.77419606846613e-09,4.84317344076876e-13,2.68195844305972e-17
"68",3.35,0.000102772449781035,6.5201771872129e-05,0.007543818299194,1.05100042059309e-06,9.54965402025708e-09,6.65220667069248e-13,4.11899548650192e-17
"69",3.4,0.000112708140179137,7.15054065379843e-05,0.00783141496728784,1.21761747474265e-06,1.16875995596543e-08,9.08578669524839e-13,6.2783747367809e-17
"70",3.45,0.000123397323980882,7.82871229103325e-05,0.00812402020376348,1.40695716546304e-06,1.42532918667891e-08,1.23421777116584e-12,9.49983129237497e-17
"71",3.5,0.00013488045969465,8.55725978371258e-05,0.00842156132057368,1.62160728280462e-06,1.73221510409848e-08,1.66771483756312e-12,1.42721447158837e-16
"72",3.55,0.000147199126656121,9.33882206520673e-05,0.00872396333374082,1.86438970047978e-06,2.09810863888797e-08,2.24190861935357e-12,2.12939050782698e-16
"73",3.6,0.000160396005996717,0.000101761081281205,0.00903114906400581,2.13837553272638e-06,2.53299632006924e-08,2.99876734499618e-12,3.15571994693883e-16
"74",3.65,0.000174514859500775,0.00011071895702843,0.00934303923595052,2.44690078612472e-06,3.04832183135304e-08,3.99168659571177e-12,4.64621730368611e-16
"75",3.7,0.000189600506387213,0.000120290298063883,0.00965955257556563,2.79358249019776e-06,3.65716351181507e-08,5.28830492379158e-12,6.7972940350484e-16
"76",3.75,0.000205698798055576,0.000130504211641927,0.00998060590623959,3.18233528844728e-06,4.37442890001647e-08,6.97394000731393e-12,9.88285683229062e-16
"77",3.8,0.000222856590840354,0.000141390445077929,0.0103061142431473,3.61738846931362e-06,5.21706745150359e-08,9.15576569876489e-12,1.4282700670632e-15
"78",3.85,0.000241121716821155,0.000152979367515481,0.0106359908860201,4.10330341440364e-06,6.20430258751322e-08,1.19678703729843e-11,2.05205133795328e-15
"79",3.9,0.000260542952739901,0.000165301950517964,0.010970147510283,4.64499143921978e-06,7.35788425733034e-08,1.55773597797732e-11,2.93144790703612e-15
"80",3.95,0.000281169987079508,0.000178389747520523,0.0113084942565439,5.24773199954923e-06,8.70236321777563e-08,2.01916934444778e-11,4.16443133870584e-15
"81",4,0.000303053385361635,0.00019227487218048,0.0116509398184283,5.91719123464742e-06,1.02653882504306e-07,2.6067472839286e-11,5.88396248503737e-15
"82",4.05,0.000326244553723981,0.000206989975666093,0.0119973915287483,6.65944081637904e-06,1.2078027550126e-07,3.35209323889812e-11,8.26958223665959e-15
"83",4.1,0.000350795700840288,0.000222568222925269,0.0123477554440021,7.48097707157441e-06,1.41751155266399e-07,4.29404212137468e-11,1.15625437673338e-14
"84",4.15,0.00037675979824869,0.000239043267977442,0.0127019364272008,8.38874034302257e-06,1.65956262651865e-07,5.48012046996757e-11,1.60854772661536e-14
"85",4.2,0.000404190539156311,0.00025644922827321,0.013059838229019,9.39013455276581e-06,1.93830748898594e-07,6.96829608902093e-11,2.22678297636467e-14
"86",4.25,0.000433142295790054,0.000274820658167691,0.0134213635672715,1.04930469296877e-05,2.25859480674758e-07,8.82903976865951e-11,3.06786315065962e-14
"87",4.3,0.000463670075365399,0.000294192521554666,0.0137864142047166,1.17058678618064e-05,2.62581648770162e-07,1.11477473321095e-10,4.206851787419e-14
"88",4.35,0.00049582947474666,0.000314600163709632,0.0141548910251893,1.30375108322013e-05,3.04595692518582e-07,1.40275764920317e-10,5.74233954664877e-14
"89",4.4,0.000529676633873606,0.000336079282390777,0.0145266941080708,1.44974323961207e-05,3.5256455178066e-07,1.75927598611293e-10,7.80326983760672e-14
"90",4.45,0.000565268188030611,0.000358665898247647,0.0149017228010981,1.6095652155548e-05,4.07221258019644e-07,2.1992462994723e-10,1.05575853943667e-13
"91",4.5,0.000602661219035551,0.000382396324587929,0.0152798757915234,1.78427726863423e-05,4.69374875639422e-07,2.7405264585156e-10,1.42231387520824e-13
"92",4.55,0.000641913205426582,0.000407307136553257,0.0156610511756304,1.97499993720303e-05,5.3991680432791e-07,3.40443449204232e-10,1.90814067147382e-13
"93",4.6,0.000683081971725573,0.000433435139755364,0.0160451465266183,2.18291600974039e-05,6.19827452657885e-07,4.21634785023513e-10,2.54946649421463e-13
"94",4.65,0.000726225636857552,0.000460817338424158,0.0164320589608637,2.40927247542832e-05,7.10183292641436e-07,5.20639373321192e-10,3.39274169021471e-13
"95",4.7,0.000771402561805837,0.000489490903119457,0.0168216852025717,2.65538245111329e-05,8.12164304312661e-07,6.41024228506595e-10,4.49730352608127e-13
"96",4.75,0.000818671296582728,0.000519493138058157,0.0172139216468301,2.92262707976845e-05,9.27061818726555e-07,7.87001569045894e-10,5.93867674382677e-13
"97",4.8,0.000868090526595642,0.000550861448108542,0.0176086644210786,3.21245739553028e-05,1.05628676700984e-06,9.63532754285689e-10,7.81264852014322e-13
"98",4.85,0.00091971901848848,0.000583633305503263,0.0180058094450078,3.52639615035635e-05,1.20137834228316e-06,1.17644682823632e-09,1.0240282605279e-12
"99",4.9,0.000973615565537705,0.000617846216322258,0.0184052524889034,3.86603959733657e-05,1.3640130803938e-06,1.43257540296076e-09,1.33740687710387e-12
"100",4.95,0.00102983893268219,0.000653537686796472,0.0188068892304498,4.23305922568923e-05,1.54601436445534e-06,1.73990577727382e-09,1.74054402769103e-12
"101",5,0.0010884478012654,0.000690745189482836,0.01921061531001,4.62920344248596e-05,1.74936235718747e-06,2.10775435992779e-09,2.25739346062317e-12
"102",5.05,0.00114950071356762,0.000729506129360306,0.0196163263843985,5.05629919617547e-05,1.97620436398617e-06,2.5469626504993e-09,2.91783220507197e-12
"103",5.1,0.00121305601720544,0.000769857809896247,0.0200239181791634,5.51625353701518e-05,2.22886562853501e-06,3.07011822590677e-09,3.75900837403664e-12
"104",5.15,0.00127917180947432,0.00081183739913159,0.0204332865393958,6.01105510957193e-05,2.50986056159432e-06,3.69180338592417e-09,4.82696864302572e-12
"105",5.2,0.00134790588170949,0.000855481895832511,0.0208443274790851,6.54277557251841e-05,2.8219044023786e-06,4.42887432720464e-09,6.17861768709081e-12
"106",5.25,0.00141931566373896,0.000900828095755389,0.0212569372290364,7.11357094102958e-05,3.16792531065773e-06,5.30077394210718e-09,7.88407051159457e-12
"107",5.3,0.00149345816850128,0.000947912558070983,0.0216710122833708,7.72568284717397e-05,3.55107688639704e-06,6.32988157588026e-09,1.00294684985095e-11
"108",5.35,0.00157038993689931,0.000996771571992606,0.0220864494446266,8.38143971379704e-05,3.97475111238812e-06,7.54190332327261e-09,1.27203412544851e-11
"109",5.4,0.00165016698295991,0.00104744112365217,0.0225031458674797,9.08325783750868e-05,4.44259171392166e-06,8.966306703107e-09,1.6085609146138e-11
"110",5.45,0.00173284473936776,0.00109995686326668,0.0229209991011046,9.83364237651197e-05,4.95850792811691e-06,1.06368038163756e-08,2.02823359116401e-11
"111",5.5,0.00181847800344011,0.00115435407263679,0.023339907130193,0.000106351882391485,5.52668867405732e-06,1.25918873695183e-08,2.55013571286842e-11
"112",5.55,0.0019071208836075,0.00121066763301746,0.0237597684146522,0.000114905808691818,6.15161711338902e-06,1.48754242291568e-08,3.19739287939688e-11
"113",5.6,0.0019988267464636,0.00126893199339992,0.0241804819280015,0.000124025969240001,6.83808558952579e-06,1.75373114670118e-08,3.99795610391479e-11
"114",5.65,0.00209364816444596,0.00132918113924252,0.0246019471944872,0.000133741048420855,7.59121093207378e-06,2.06342001532664e-08,4.98552252976565e-11
"115",5.7,0.00219163686420703,0.0013914485616867,0.0250240643249365,0.000144080652962752,8.41645011154709e-06,2.4230292462397e-08,6.20061492851691e-11
"116",5.75,0.00229284367573333,0.00145576722729317,0.02544673405137,0.000155075315295256,9.31961622789623e-06,2.83982179665102e-08,7.69184432172696e-11
"117",5.8,0.00239731848226853,0.0015221695483317,0.0258698577603935,0.000166756495700829,1.03068948148202e-05,3.32199953064309e-08,9.51738330289853e-11
"118",5.85,0.00250511017109422,0.00159068735365663,0.026293337525389,0.000179156583231691,1.13848604402855e-05,3.87880857490417e-08,1.17466812263896e-10
"119",5.9,0.00261626658522015,0.00166135186019887,0.0267170761375249,0.000192308895364967,1.25604935821359e-05,4.52065454593743e-08,1.44624564060851e-10
"120",5.95,0.00273083447603356,0.00173419364510323,0.027140977135607,0.000206247676371431,1.38411977561499e-05,5.25922836363684e-08,1.77630048592178e-10
"121",6,0.00284885945695537,0.00180924261853914,0.0275649448347889,0.000221008094375392,1.52348168723982e-05,6.10764339805716e-08,2.17648699719125e-10
"122",6.05,0.00297038595814853,0.00188652799721056,0.0279888843541629,0.000236626237085483,1.67496527942672e-05,7.08058472787573e-08,2.6605922785985e-10
"123",6.1,0.00309545718232207,0.00196607827858999,0.0284127016432516,0.000253139106178485,1.83944830730647e-05,8.19447132029155e-08,3.24489084454689e-10
"124",6.15,0.00322411506167202,0.00204792121589957,0.0288363035074197,0.000270584610320643,2.01785788297023e-05,9.46763197274788e-08,3.94855207313291e-10
"125",6.2,0.00335640021599826,0.00213208379386096,0.0292595976322272,0.000289001556813332,2.21117227535699e-05,1.09204958867255e-07,4.79410735896808e-10
"126",6.25,0.00349235191203432,0.00221859220523411,0.0296824926067427,0.000308429641852371,2.42042271873848e-05,1.25757987727375e-07,5.80798461589319e-10
"127",6.3,0.00363200802402477,0.0023074718281635,0.0301048979458373,0.000328909439392704,2.64669522655079e-05,1.44588054133684e-07,7.02111860613154e-10
"128",6.35,0.0037754049955829,0.00239874720434896,0.0305267241114786,0.000350482388612666,2.89113240719955e-05,1.65975496375375e-07,8.46964646811816e-10
"129",6.4,0.00392257780285929,0.00249244201805672,0.0309478825330448,0.0003731907799745,3.15493527834754e-05,1.90230926839149e-07,1.01956987842882e-09
"130",6.45,0.00407355991904921,0.00258857907598469,0.0313682856266782,0.000397077739880301,3.43936507608336e-05,2.17698009543662e-07,1.22482975761524e-09
"131",6.5,0.00422838328026555,0.00268718028799491,0.0317878468136972,0.000422187213925037,3.74574505526528e-05,2.48756441792308e-07,1.46843737405997e-09
"132",6.55,0.00438707825280094,0.00278826664872406,0.0322064805380863,0.000448563948750775,4.07546227723779e-05,2.83825150349232e-07,1.75699176520263e-09
"133",6.6,0.00454967360180124,0.00289185822008201,0.0326241022830833,0.000476253472508714,4.42996938102882e-05,3.23365712705609e-07,2.09812779529278e-09
"134",6.65,0.00471619646137037,0.00299797411464691,0.0330406285868822,0.000505302073938096,4.81078633405449e-05,3.67886014138548e-07,2.50066249442047e-09
"135",6.7,0.00488667230612412,0.00310663247996346,0.033455977057471,0.000535756780073454,5.21950215828486e-05,4.17944151370955e-07,2.97475964685635e-09
"136",6.75,0.00506112492420896,0.00321785048375047,0.0338700663866228,0.000567665332594128,5.65777662776022e-05,4.7415259371541e-07,3.53211457588148e-09
"137",6.8,0.00523957639179959,0.00333164430002163,0.0342828163630583,0.000601076162832274,6.12734193329132e-05,5.37182612626057e-07,4.18616123999714e-09
"138",6.85,0.00542204704908704,0.00344802909612273,0.0346941478847987,0.000636038365458008,6.63000431013111e-05,6.07768990587696e-07,4.95230393320081e-09
"139",6.9,0.00560855547776733,0.00356701902068711,0.0351039829707257,0.000672601670862571,7.16764562436868e-05,6.86715020238494e-07,5.84817607006499e-09
"140",6.95,0.00579911848003856,0.00368862719250953,0.0355122447713684,0.000710816416262646,7.74222491376835e-05,7.74897804549808e-07,6.89392873479833e-09
"141",7,0.00599375105911276,0.00381286569033828,0.0359188575789325,0.000750733515551223,8.35577987876022e-05,8.73273868771851e-07,8.11255188238868e-09
"142",7.05,0.00619246640124655,0.00393974554358309,0.0363237468365918,0.000792404427922449,9.01042831928029e-05,9.82885094694937e-07,9.53023129935861e-09
"143",7.1,0.00639527585929326,0.00406927672393626,0.0367268391470561,0.000835881125300099,9.70836951316188e-05,1.10486498757159e-06,1.11767446615955e-08
"144",7.15,0.0066021889377773,0.00420146813790262,0.0371280622804361,0.000881216058601243,0.000104518855317922,1.2404452857925e-06,1.30859002670559e-08
"145",7.2,0.00681321327948962,0.00433632762023333,0.0375273451814189,0.000928462122868685,0.000112433424887715,1.39096292310827e-06,1.52960222717627e-08
"146",7.25,0.00702835465360186,0.00447386192825711,0.0379246179757733,0.00097767262130765,0.000120851917173467,1.55786735283713e-06,1.78504865181814e-08
"147",7.3,0.00724761694529469,0.00461407673710188,0.0383198119761997,0.00102890122826396,0.000129799708724327,1.74272824309517e-06,2.07983113155099e-08
"148",7.35,0.00747100214689468,0.00475697663579848,0.0387128596875411,0.00108220195118276,0.000139303049530924,1.9472435516295e-06,2.41948078112646e-08
"149",7.4,0.0076985103505121,0.00490256512425757,0.0391036948113724,0.00113762909158849,0.000149389072414083,2.17324798832365e-06,2.81022948823634e-08
"150",7.45,0.00793013974217105,0.00505084461110955,0.039492252249982,0.00119523720512831,0.000160085801537537,2.42272187288027e-06,3.25908837711485e-08
"151",7.5,0.00816588659742125,0.00520181641239691,0.0398784681097621,0.00125508106072286,0.000171422160005572,2.69780039456474e-06,3.77393379968516e-08
"152",7.55,0.00840574527842004,0.00535548075110733,0.0402622797040241,0.0013172155988695,0.000183427976507477,3.00078328021793e-06,4.36360143851595e-08
"153",7.6,0.00864970823247127,0.00551183675753512,0.0406436255552516,0.00138169588914454,0.000196133990971722,3.33414487601344e-06,5.03798913769855e-08
"154",7.65,0.00889776599200705,0.00567088247045813,0.0410224453968095,0.00144857708695238,0.000209571859193932,3.70054464764737e-06,5.80816911013972e-08
"155",7.7,0.00914990717599619,0.0058326148391162,0.0413986801741198,0.00151791438957034,0.000223774156403937,4.10283810280406e-06,6.68651020258645e-08
"156",7.75,0.009406118492763,0.0059970297259769,0.0417722720453226,0.00158976299153932,0.000238774379738537,4.54408813884304e-06,7.68681093285177e-08
"157",7.8,0.00966638474419811,0.00616412191027338,0.0421431643814339,0.00166417803945123,0.000254606949587985,5.02757681769849e-06,8.82444404706715e-08
"158",7.85,0.00993068883134238,0.00633388509229922,0.0425113017660145,0.00174121458618511,0.000271307209785753,5.55681756897586e-06,1.01165133782256e-07
"159",7.9,0.0101990117613236,0.00650631189844364,0.0428766299943654,0.00182092754464463,0.000288911426612655,6.13556782117051e-06,1.15820238206503e-07
"160",7.95,0.0104713326556248,0.006681393886951,0.0432390960722616,0.00190337164105024,0.00030745678658812,6.76784205982291e-06,1.32420652681828e-07
"161",8,0.0107476287596623,0.00685912155438734,0.043598648214239,0.00198860136784023,0.000326981393023105,7.45792531026582e-06,1.51200113966694e-07
"162",8.05,0.0110278754536498,0.00703948434279657,0.0439552358414458,0.00207667093623489,0.000347524261310955,8.21038704141048e-06,1.72417342035612e-07
"163",8.1,0.0113120462647255,0.00722247064752866,0.0443088095790736,0.00216763422851897,0.000369125312934386,9.03009548576786e-06,1.96358352489586e-07
"164",8.15,0.0116001128803162,0.00740806782572156,0.0446593212533798,0.00226154475009767,0.000391825368168723,9.92223236960464e-06,2.23338945730302e-07
"165",8.2,0.0118920451627148,0.00759626220541848,0.045006723888313,0.00235845558138153,0.000415666137463476,1.08923080457982e-05,2.53707382942258e-07
"166",8.25,0.0121878111648424,0.00778703909530174,0.0453509717017554,0.00245841932955617,0.000440690211486435,1.19461770205825e-05,2.87847259208764e-07
"167",8.3,0.0124873771471707,0.0079803827950246,0.0456920201013936,0.00256148808029245,0.000466941049816531,1.30900538639676e-05,3.2618058435419e-07
"168",8.35,0.012790707595775,0.00817627660612125,0.0460298256802286,0.0026677133494528,0.000494462968273865,1.43305294921795e-05,3.69171082353766e-07
"169",8.4,0.0130977652414911,0.00837470284347636,0.0463643462117389,0.00277714603484942,0.000523301124877501,1.56745878089976e-05,4.17327720381513e-07
"170",8.45,0.0134085110801462,0.00857564284733435,0.0466955406447063,0.00288983636810975,0.000553501504423831,1.71296226913806e-05,4.71208478773977e-07
"171",8.5,0.0137229043938363,0.00877907699582889,0.0470233690977165,0.0030058338667043,0.00058511090168055,1.87034553032559e-05,5.31424373370197e-07
"172",8.55,0.0140409027732182,0.00898498471801282,0.0473477928533453,0.00312518728619183,0.000618176903193631,2.040435171983e-05,5.98643741844378e-07
"173",8.6,0.0143624621407878,0.00919334450736914,0.0476687743520417,0.00324794457273594,0.000652747867706875,2.22410408432273e-05,6.73596805774298e-07
"174",8.65,0.0146875367751141,0.009404133935783,0.0479862771857176,0.00337415281594731,0.000688872905196045,2.42227325887329e-05,7.570805202838e-07
"175",8.7,0.0150160793359967,0.00961732966795515,0.0483002660910562,0.00350385820210443,0.000726601854521816,2.63591363193521e-05,8.49963723158494e-07
"176",8.75,0.0153480408905175,0.00983290747623688,0.0486107069425474,0.00363710596780575,0.000765985259708198,2.86604795048665e-05,9.53192595358556e-07
"177",8.8,0.0156833709399544,0.0100508422558673,0.0489175667452618,0.00377394035410491,0.000807074344855326,3.11375265800144e-05,1.06779644483792e-06
"178",8.85,0.0160220174475253,0.0102711080405928,0.0492208136273724,0.00391440456118015,0.000849920987697925,3.3801597974902e-05,1.19489382552361e-06
"179",8.9,0.0163639268669312,0.0104936780186491,0.0495204168324341,0.00405854070358816,0.000894577691823041,3.66645892892358e-05,1.33569900320978e-06
"180",8.95,0.0167090441716665,0.010718524549088,0.04981634671143,0.00420638976615134,0.000941097557562882,3.97389905804725e-05,1.49152877997558e-06
"181",9,0.0170573128850637,0.0109456191784267,0.0501085747145945,0.00435799156052707,0.000989534251581042,4.30379057345253e-05,1.66380968854333e-06
"182",9.05,0.0174086751110422,0.0111749326576041,0.0503970733830216,0.00451338468250591,0.00103994197517249,4.65750718862209e-05,1.85408556774978e-06
"183",9.1,0.0177630715655269,0.011406434959222,0.0506818163400676,0.00467260647008473,0.00109237543129998,5.03648788553081e-05,2.06402553000749e-06
"184",9.15,0.0181204416085065,0.0116400952950545,0.0509627782825575,0.00483569296236001,0.00114688979039189,5.44223885624677e-05,2.29543233128488e-06
"185",9.2,0.0184807232766988,0.0118758821338069,0.0512399349718026,0.00500267885928454,0.00120354065492838,5.87633543884505e-05,2.55025115372665e-06
"186",9.25,0.01884385331679,0.0121137632191042,0.0515132632244385,0.00517359748233015,0.0012623840228452,6.34042404382237e-05,2.83057881057488e-06
"187",9.3,0.0192097672192181,0.0123537055876934,0.051782740903092,0.00534848073609765,0.00132347624978627,6.83622406707935e-05,3.13867338252858e-06
"188",9.35,0.0195783992524664,0.0125956755878405,0.0520483469068831,0.00552735907091326,0.00138687401023835,7.36552978542357e-05,3.47696429409773e-06
"189",9.4,0.0199496824978381,0.0128396388979043,0.052310061161773,0.00571026144645051,0.00145263425758321,7.930212230439e-05,3.84806283786534e-06
"190",9.45,0.0203235488846776,0.0130855605450716,0.0525678646107625,0.00589721529641369,0.00152081418310419,8.53222103646586e-05,4.25477315386438e-06
"191",9.5,0.0206999292260093,0.0133334049242343,0.0528217392039515,0.00608824649431907,0.00159147117398642,9.17358625834337e-05,4.70010367050951e-06
"192",9.55,0.0210787532545628,0.013583135816994,0.0530716678884639,0.00628337932040715,0.00166466277035143,9.85642015448159e-05,5.18727901269107e-06
"193",9.6,0.0214599496591527,0.0138347164107765,0.0533176345982476,0.00648263642971861,0.00174044662136876,0.000105829189307514,5.71975238174293e-06
"194",9.65,0.0218434461213826,0.0140881093180407,0.0535596242437554,0.00668603882136476,0.00181888044048862,0.000113553644406149,6.30121841103761e-06
"195",9.7,0.0222291693526446,0.0143432765955656,0.053797622701514,0.00689360580902165,0.00190002195984166,0.000121761258368578,6.9356264999389e-06
"196",9.75,0.0226170451313826,0.0146001797638011,0.0540316168035871,0.00710535499267549,0.00198392888385281,0.000130476611702367,7.62719462775604e-06
"197",9.8,0.0230069983405905,0.0148587798262667,0.0542615943269413,0.00732130223164539,0.00207065884211823,0.000139725189303151,8.38042364819633e-06
"198",9.85,0.0233989530055166,0.0151190372889832,0.0544875439827181,0.00754146161890774,0.00216026934159518,0.000149533395237286,9.20011206360296e-06
"199",9.9,0.0237928323315448,0.0153809121799248,0.054709455405421,0.00776584545674511,0.00225281771815628,0.000159928566851061,1.00913712769962e-05
"200",9.95,0.0241885587422241,0.0156443640684748,0.0549273191420223,0.00799446423374049,0.00234836108756056,0.000170938988158597,1.10596413186073e-05
"201",10,0.0245860539174189,0.0159093520848746,0.0551411266409966,0.00822732660313652,0.00244695629589506,0.000182593902460607,1.21107070422117e-05
"202",10.05,0.024985238831552,0.01617583493965,0.055350870241285,0.00846443936257723,0.00254865986954126,0.000194923524146316,1.32507147851258e-05
"203",10.1,0.0253860337919132,0.0164437709430032,0.0555565431611987,0.00870580743524851,0.00265352796472218,0.000207959049631088,1.44861894842456e-05
"204",10.15,0.0257883584770076,0.0167131180241586,0.0557581394872639,0.00895143385243161,0.00276161631668628,0.000221732667382647,1.58240522389599e-05
"205",10.2,0.0261921319749157,0.0169838337506482,0.055955654163017,0.00920131973748239,0.00287298018858518,0.000236277566989267,1.72716383101864e-05
"206",10.25,0.0265972728216413,0.0172558753475275,0.0561490829777525,0.00945546429124745,0.00298767432010298,0.000251627947223889,1.88367155431493e-05
"207",10.3,0.027003699039421,0.0175291997165084,0.0563384225552308,0.00971386477892655,0.00310575287589541,0.000267819023058805,2.05275031998453e-05
"208",10.35,0.0274113281749702,0.0178037634549994,0.056523670342349,0.00997651651838876,0.00322726939389732,0.000284887031586396,2.23526911854388e-05
"209",10.4,0.0278200773376428,0.0180795228750411,0.0567048245977815,0.0102434128699491,0.00335227673355779,0.000302869236802316,2.43214596510943e-05
"210",10.45,0.0282298632374786,0.0183564340221286,0.0568818843805945,0.0105145452276094,0.00348082702406187,0.000321803933208591,2.64434989539794e-05
"211",10.5,0.0286406022231179,0.0186344526939091,0.0570548495388371,0.0107899030117672,0.00361297161259863,0.000341730448195206,2.87290299533928e-05
"212",10.55,0.0290522103195583,0.0189135344587467,0.0572237206981179,0.0110694736633927,0.00374876101273497,0.000362689143160122,3.118882462016e-05
"213",10.6,0.0294646032657326,0.0191936346741432,0.057388499250166,0.0113532426396752,0.00388824485295451,0.000384721413328937,3.38342269346171e-05
"214",10.65,0.0298776965518861,0.0194747085050089,0.0575491873413856,0.0116411934111353,0.00403147182542148,0.000407869686237002,3.6677174046683e-05
"215",10.7,0.030291405456733,0.019756710941772,0.0577057878614052,0.0119333074602015,0.00417848963502807,0.000432177418838327,3.97302176696782e-05
"216",10.75,0.0307056450843696,0.0200395968183212,0.0578583044316264,0.0122295642812446,0.00432934494878487,0.000457689093207363,4.30065456777294e-05
"217",10.8,0.0311203304009264,0.0203233208297709,0.058006741393777,0.0125299413820651,0.00448408334561239,0.000484450210801552,4.65200038747731e-05
"218",10.85,0.0315353762709383,0.0206078375500446,0.0581511037984707,0.0128344142868245,0.00464274926659206,0.000512507285254409,5.02851179013681e-05
"219",10.9,0.0319506974934153,0.0208931014492673,0.0582913973937782,0.0131429565404124,0.00480538596573407,0.000541907833670952,5.43171152437413e-05
"220",10.95,0.0323662088375945,0.0211790669109605,0.0584276286138134,0.0134555397142385,0.00497203546131894,0.000572700366399353,5.86319473077283e-05
"221",11,0.032781825078356,0.0214656882490347,0.0585598045673367,0.0137721334134374,0.00514273848786903,0.000604934375254875,6.32463115185477e-05
"222",11.05,0.0331974610312872,0.0217529197245715,0.0586879330263815,0.0140927052854734,0.00531753444880532,0.00063866032017445,6.81776734056569e-05
"223",11.1,0.0336130315873756,0.0220407155623908,0.0588120224149034,0.01441722103013,0.00549646136984388,0.000673929614282551,7.34442886302912e-05
"224",11.15,0.0340284517473183,0.0223290299673977,0.0589320817974598,0.01474564441087,0.00567955585318582,0.000710794607351488,7.90652249117006e-05
"225",11.2,0.0344436366554298,0.0226178171407029,0.0590481208679187,0.0150779372675467,0.0058668530325528,0.000749308567641682,8.50603838065523e-05
"226",11.25,0.0348585016331348,0.0229070312955133,0.0591601499382025,0.015414059530451,0.00605838652912003,0.000789525662110123,9.14505222945114e-05
"227",11.3,0.0352729622120317,0.0231966266727868,0.059268179927069,0.0157539692356724,0.00625418840839653,0.000831500934977695,9.82572741215837e-05
"228",11.35,0.0356869341665121,0.0234865575566483,0.059372222348931,0.0160976225417558,0.00645428913810201,0.000875290284648866,0.000105503170851507
"229",11.4,0.0361003335459259,0.0237767782895624,0.0594722893027205,0.0164449737476308,0.00665871754708801,0.000920950438979853,0.000113211662574199
"230",11.45,0.0365130767062759,0.0240672432872594,0.0595683934607958,0.0167959753117926,0.00686750078534956,0.00096853892889419,0.000121407138219146
"231",11.5,0.036925080341433,0.0243579070534102,0.0596605480578977,0.0171505778727094,0.00708066428517239,0.00101811406034734,0.000130114945420501
"232",11.55,0.0373362615138598,0.0246487241940497,0.0597487668801555,0.017508730270434,0.00729823172345946,0.00106973488464504,0.000139361409879766
"233",11.6,0.0377465376848303,0.0249396494317422,0.0598330642541451,0.0178703795693923,0.00752022498527819,0.00112346116712254,0.000149173854170973
"234",11.65,0.0381558267441385,0.0252306376194896,0.0599134550360028,0.0182354710823237,0.00774666412866935,0.00117935335419514,0.00015958061593262
"235",11.7,0.0385640470392824,0.0255216437543774,0.0599899546005946,0.0186039483953462,0.0079775673507563,0.00123747253879322,0.0001706110653899
"236",11.75,0.0389711174041184,0.0258126229909587,0.0600625788307462,0.0189757533941187,0.00821295095519139,0.00129788042419755,0.000182295622150284
"237",11.8,0.0393769571869734,0.0261035306543727,0.060131344106533,0.0193508262910712,0.00845282932097547,0.00136063928629408,0.0001946657712151
"238",11.85,0.0397814862782099,0.0263943222531967,0.0601962672946341,0.0197291056536748,0.00869721487268372,0.00142581193426983,0.000207754078149473
"239",11.9,0.0401846251372342,0.0266849534920304,0.06025736573775,0.0201105284337215,0.00894611805213024,0.00149346166977459,0.000221594203352854
"240",11.95,0.0405862948189421,0.0269753802838118,0.060314657244089,0.0204950299975826,0.00919954729150124,0.00156365224457605,0.000236220915372365
"241",12,0.0409864169995943,0.0272655587618616,0.0603681600769201,0.0208825441574154,0.00945750898798506,0.00163644781673854,0.000251670103201269
"242",12.05,0.0413849140021167,0.0275554452916583,0.060417892944198,0.0212730032032869,0.00972000747992594,0.00171191290535869,0.000267978787505218
"243",12.1,0.0417817088208191,0.0278449964823418,0.060463874988259,0.0216663379361821,0.00998704502452571,0.00179011234389387,0.000285185130719255
"244",12.15,0.0421767251455279,0.028134169197945,0.06050612577559,0.0220624777018648,0.0102586217771164,0.00187111123212198,0.000303328445959158
"245",12.2,0.0425698873851274,0.0284229205683537,0.0605446652866735,0.0224613504255576,0.0105347357720247,0.00195497488677392,0.000322449204691379
"246",12.25,0.0429611206905065,0.0287112079999955,0.0605795139059079,0.0228628826474088,0.010815382905046,0.00204176879088267,0.000342589043106666
"247",12.3,0.0433503509769068,0.0289989891862565,0.0606106924116058,0.0232669995587115,0.0111005569175479,0.00213155854189542,0.000363790767143515
"248",12.35,0.043737504945668,0.0292862221176272,0.0606382219660715,0.0236736250388429,0.0113902493822142,0.00222440979859758,0.000386098356108607
"249",12.4,0.0441225101053699,0.0295728650915776,0.0606621241057583,0.0240826816928879,0.0116844496904461,0.00232038822690023,0.000409556964842798
"250",12.45,0.0445052947923664,0.029858876722163,0.0606824207315072,0.0244940908899144,0.0119831450414298,0.00241955944454457,0.000434212924382593
"251",12.5,0.044885788190711,0.0301442159493599,0.0606991340988684,0.0249077728018645,0.0122863204328803,0.00252198896477918,0.000460113741068595
"252",12.55,0.0452639203514727,0.0304288420481344,0.0607122868085055,0.025323646443029,0.0125939586534692,0.00262774213906857,0.000487308094054214
"253",12.6,0.0456396222114391,0.0307127146372441,0.0607219017966853,0.0257416297100683,0.0129060402769407,0.00273688409889285,0.000515845831169685
"254",12.65,0.0460128256112089,0.030995793687773,0.0607280023258523,0.0261616394225478,0.0132225436579212,0.00284947969670086,0.000545777963098528
"255",12.7,0.0463834633126717,0.0312780395314037,0.0607306119752893,0.0265835913639505,0.013543444929422,0.00296559344608084,0.000577156655825678
"256",12.75,0.0467514690158752,0.0315594128684264,0.0607297546318666,0.0270074003231341,0.0138687180020371,0.00308528946121446,0.000610035221318788
"257",12.8,0.0471167773752817,0.0318398747754855,0.060725454480877,0.0274329801361978,0.0141983345648316,0.00320863139568164,0.00064446810640662
"258",12.85,0.0474793240154133,0.0321193867130693,0.0607177359969617,0.0278602437287231,0.0145322640879194,0.00333568238068542,0.000680510879820976
"259",12.9,0.0478390455458878,0.0323979105327403,0.0607066239351241,0.028289103158356,0.0148704738267225,0.00346650496276722,0.000718220217371235
"260",12.95,0.0481958795758467,0.0326754084841103,0.0606921433218345,0.0287194696576952,0.0152129288279045,0.00360116104108449,0.000757653885223356
"261",13,0.0485497647277775,0.0329518432215633,0.060674319446225,0.0291512536774533,0.0155595919369707,0.00373971180432391,0.000798870721258136
"262",13.05,0.0489006406507321,0.0332271778107254,0.0606531778513759,0.0295843649298561,0.0159104238075221,0.00388221766732407,0.000841930614486356
"263",13.1,0.0492484480329442,0.0335013757346868,0.0606287443256935,0.0300187124322469,0.016265382912151,0.00402873820748301,0.000886894482501676
"264",13.15,0.0495931286138483,0.0337744008999766,0.0606010448943807,0.0304542045508641,0.0166244255549645,0.00417933210102657,0.000933824246955277
"265",13.2,0.0499346251955044,0.0340462176422938,0.0605701058109998,0.0308907490447563,0.0169875058857198,0.00433405705921436,0.0009827828070395
"266",13.25,0.0502728816534301,0.0343167907319959,0.0605359535491284,0.0313282531098045,0.0173545759155519,0.0044929697645604,0.00103383401097102
"267",13.3,0.0506078429468462,0.034586085379348,0.0604986147941087,0.031766623422818,0.0177255855342784,0.0046561258071466,0.00108704262546772
"268",13.35,0.0509394551283376,0.034854067239537,0.0604581164348904,0.0322057661856737,0.0181004825292566,0.004823579621107,0.00114247430321664
"269",13.4,0.0512676653529355,0.0351207024174493,0.0604144855559681,0.0326455871694644,0.0184792126057738,0.00499538442136114,0.00120019554833423
"270",13.45,0.0515924218866248,0.0353859574722192,0.0603677494294121,0.0330859917586283,0.018861719408946,0.00517159214067497,0.00126027367982336
"271",13.5,0.0519136741142812,0.0356497994215487,0.0603179355069941,0.0335268849950268,0.0192479445471002,0.00535225336712778,0.00132277679303566
"272",13.55,0.0522313725470439,0.0359121957458003,0.0602650714124077,0.0339681716219414,0.0196378276166144,0.00553741728206326,0.001387773719151
"273",13.6,0.0525454688291281,0.0361731143918693,0.0602091849335829,0.0344097561279602,0.0200313062281879,0.0057271315986026,0.00145533398268988
"274",13.65,0.0528559157440845,0.0364325237768344,0.0601503040150962,0.0348515427907241,0.0204283160345124,0.00592144250079707,0.00152552775707812
"275",13.7,0.0531626672205092,0.0366903927913931,0.0600884567506752,0.0352934357205048,0.0208287907593147,0.00612039458349714,0.00159842581828715
"276",13.75,0.0534656783372122,0.0369466908030825,0.0600236713757981,0.0357353389035859,0.0212326622277402,0.00632403079301404,0.00167409949657658
"277",13.8,0.0537649053278494,0.0372013876592895,0.0599559762603882,0.0361771562454205,0.0216398603980439,0.00653239236864969,0.00175262062636993
"278",13.85,0.0540603055850242,0.0374544536900543,0.0598853999016034,0.0366187916135371,0.0220503133945564,0.00674551878516877,0.00183406149429764
"279",13.9,0.0543518376638662,0.037705859710668,0.0598119709167207,0.0370601488801684,0.0224639475418917,0.00696344769628733,0.00191849478544564
"280",13.95,0.0546394612850931,0.0379555770240703,0.0597357180361152,0.0375011319645771,0.0228806874003591,0.00718621487924925,0.00200599352785097
"281",14,0.0549231373375625,0.0382035774230483,0.0596566700963338,0.0379416448750525,0.0233004558025464,0.00741385418056228,0.00209663103528997
"282",14.05,0.0552028278803205,0.0384498331922406,0.0595748560332642,0.0383815917505556,0.0237231738910345,0.00764639746296304,0.00219048084840768
"283",14.1,0.0554784961441549,0.0386943171099491,0.059490304875397,0.0388208769019863,0.0241487611572082,0.00788387455367917,0.00228761667424124
"284",14.15,0.0557501065326596,0.0389370024497634,0.0594030457371833,0.039259404853051,0.0245771354811239,0.00812631319405505,0.00238811232419271
"285",14.2,0.0560176246228179,0.0391778629819986,0.0593131078124855,0.0396970803807075,0.0250082131723943,0.00837373899060628,0.00249204165051086
"286",14.25,0.0562810171651122,0.0394168729749518,0.0592205203681229,0.0401338085551659,0.0254419090120527,0.00862617536756568,0.00259947848134429
"287",14.3,0.0565402520831672,0.0396540071959796,0.0591253127375092,0.040569494779423,0.025878136295354,0.00888364352098225,0.0027104965544317
"288",14.35,0.0567952984729356,0.0398892409123997,0.0590275143143851,0.0410040448283106,0.0263168068754743,0.009146162374432,0.0028251694494979
"289",14.4,0.0570461266014326,0.0401225498922203,0.0589271545466431,0.0414373648870375,0.0267578312080656,0.0094137485363982,0.00294357051942776
"290",14.45,0.0572927079050287,0.0403539104047011,0.0588242629302446,0.0418693615892066,0.0272011183966264,0.00968641625937596,0.0030657728202925
"291",14.5,0.0575350149873069,0.0405832992207466,0.0587188690032301,0.0422999420542873,0.0276465762386435,0.0099641774007535,0.00319184904030581
"292",14.55,0.0577730216164942,0.0408106936131389,0.0586110023398211,0.0427290139245261,0.0280941112724653,0.0102470413855214,0.00332187142779018
"293",14.6,0.0580067027224753,0.04103607135661,0.058500692544614,0.0431564854012788,0.028543628824863,0.0105350151708576,0.00345591171823579
"294",14.65,0.0582360343933949,0.0412594107277575,0.0583879692468641,0.0435822652807469,0.0289950330592364,0.0108281032126334,0.00359404106053712
"295",14.7,0.0584609938718598,0.0414806905048086,0.0582728620948623,0.0440062629891034,0.0294482270244224,0.0111263074338849,0.00373632994249459
"296",14.75,0.0586815595507464,0.0416998899672334,0.0581554007504008,0.0444283886169915,0.0299031127040635,0.0114296271952893,0.00388284811567033
"297",14.8,0.058897710968624,0.0419169888952121,0.0580356148833291,0.0448485529533841,0.0303595910664913,0.0117380592676855,0.00403366451968982
"298",14.85,0.0591094288048012,0.0421319675689587,0.0579135341662005,0.0452666675187882,0.0308175621150848,0.0120515978066733,0.00418884720608186
"299",14.9,0.059316694874004,0.0423448067679041,0.0577891882690062,0.0456826445977829,0.0312769249390577,0.0123702343293247,0.00434846326175209
"300",14.95,0.0595194921206949,0.0425554877697438,0.057662606853999,0.046096397270878,0.0317375777646345,0.0126939576930378,0.00451257873218601
"301",15,0.0597178046130399,0.0427639923493492,0.0575338195706054,0.0465078394456813,0.0321994180065694,0.0130227540765593,0.00468125854447868
"302",15.05,0.0599116175365342,0.0429703027775504,0.0574028560504242,0.0469168858873655,0.0326623423199691,0.0133566069632026,0.00485456643029023
"303",15.1,0.0601009171872924,0.0431744018197899,0.0572697459023133,0.0473234522484216,0.033126246652373,0.0136954971262808,0.00503256484882606
"304",15.15,0.0602856909650142,0.0433762727346526,0.0571345187075622,0.0477274550976923,0.0335910262960529,0.0140394026167755,0.00521531490994249
"305",15.2,0.0604659273656334,0.0435758992722736,0.0569972040151516,0.048128811948675,0.0340565759404862,0.0143882987532567,0.0054028762974784
"306",15.25,0.0606416159736566,0.0437732656726277,0.056857831337097,0.0485274412870857,0.0345227897249641,0.0147421581140682,0.00559530719291428
"307",15.3,0.0608127474542046,0.0439683566637037,0.0567164301438789,0.0489232625976783,0.0349895612912922,0.0151009505317876,0.00579266419946041
"308",15.35,0.0609793135447601,0.0441611574595659,0.0565730298599558,0.0493161963903103,0.0354567838365429,0.0154646430899709,0.00599500226667527
"309",15.4,0.061141307046634,0.0443516537583058,0.0564276598593621,0.0497061642252504,0.0359243501658196,0.0158332001221841,0.00620237461571616
"310",15.45,0.0612987218161564,0.0445398317398874,0.0562803494613883,0.0500930887377214,0.0363921527449921,0.016206583213327,0.00641483266532296
"311",15.5,0.0614515527556023,0.0447256780638895,0.0561311279263445,0.0504768936616735,0.0368600837533652,0.0165847512032456,0.00663242595863574
"312",15.55,0.0615997958038587,0.0449091798671454,0.0559800244514052,0.050857503852785,0.0373280351362397,0.0169676601926323,0.0068552020909463
"313",15.6,0.0617434479268436,0.0450903247612864,0.055827068166536,0.0512348453106856,0.0377958986573306,0.0173552635512067,0.00708320663848309
"314",15.65,0.0618825071076832,0.0452691008301887,0.0556722881305002,0.0516088452003976,0.038263565951,0.0177475119281676,0.00731648308832683
"315",15.7,0.0620169723366571,0.0454454966273293,0.0555157133269466,0.0519794318729977,0.0387309285742743,0.0181443532649071,0.00755507276955581
"316",15.75,0.0621468436009191,0.0456195011730504,0.0553573726605754,0.052346534885491,0.039197878058603,0.0185457328099694,0.00779901478571397
"317",15.8,0.0622721218740008,0.0457911039517387,0.0551972949533841,0.052710085019901,0.0396643059613274,0.0189515931362412,0.00804834594869852
"318",15.85,0.0623928091051089,0.045960294908919,0.0550355089409906,0.0530700143015721,0.040130103916823,0.0193618741603514,0.00830310071415777
"319",15.9,0.0625089082082205,0.0461270644482677,0.0548720432690339,0.0534262560166858,0.0405951636872811,0.0197765131642609,0.00856331111849114
"320",15.95,0.0626204230509885,0.0462914034285456,0.0547069264896524,0.0537787447289902,0.0410593772130979,0.0201954448190167,0.00882900671753953
"321",16,0.0627273584434613,0.0464533031604559,0.0545401870580371,0.0541274162957431,0.0415226366628345,0.0206186012106436,0.00910021452705249
"322",16.05,0.0628297201266271,0.0466127554034272,0.0543718533290608,0.0544722078828731,0.0419848344827214,0.0210459118681468,0.00937695896501736
"323",16.1,0.0629275147607895,0.0467697523623262,0.0542019535539824,0.0548130579793559,0.0424458634456718,0.0214773037935914,0.0096592617959316
"324",16.15,0.0630207499137828,0.0469242866841009,0.0540305158772246,0.0551499064108126,0.0429056166997751,0.0219127014942269,0.0099471420770979
"325",16.2,0.0631094340490346,0.0470763514543582,0.0538575683332256,0.0554826943523307,0.0433639878162428,0.0223520270166217,0.0102406161070194
"326",16.25,0.0631935765134818,0.0472259401938767,0.0536831388433626,0.0558113643405111,0.0438208708367755,0.0227951999827676,0.0105396973759679
"327",16.3,0.0632731875253503,0.0473730468550586,0.0535072552129484,0.0561358602847466,0.0442761603203254,0.0232421376281178,0.0108443965187971
"328",16.35,0.0633482781618026,0.0475176658183229,0.0533299451282985,0.0564561274777336,0.044729751389226,0.0236927548415141,0.0111547212700683
"329",16.4,0.0634188603464639,0.0476597918884405,0.0531512361538688,0.0567721126052246,0.0451815397746653,0.0241469642069609,0.011470676421554
"330",16.45,0.0634849468368307,0.0477994202908162,0.0529711557294639,0.0570837637550246,0.0456314218614755,0.0246046760472014,0.0117922637821802
"331",16.5,0.063546551211572,0.0479365466677175,0.0527897311675133,0.0573910304252381,0.0460792947322152,0.0250657984690471,0.0121194821404669
"332",16.55,0.0636036878577277,0.0480711670744541,0.0526069896504176,0.0576938635317718,0.0465250562105235,0.0255302374104143,0.0124523272295203
"333",16.6,0.0636563719578126,0.0482032779755079,0.052422958227961,0.0579922154151,0.0469686049037199,0.0259978966890145,0.0127907916946295
"334",16.65,0.0637046194768332,0.0483328762406204,0.0522376638147919,0.0582860398462999,0.0474098402446329,0.0264686780526511,0.0131348650635153
"335",16.7,0.0637484471492224,0.0484599591408332,0.0520511331879691,0.0585752920323626,0.047848662532633,0.026942481231064,0.0134845337192743
"336",16.75,0.0637878724657001,0.0485845243444888,0.051863392984574,0.058859928620788,0.0482849729738545,0.0274192039892728,0.0138397808760604
"337",16.8,0.0638229136600663,0.0487065699131926,0.051674469699388,0.0591399077034718,0.0487186737205847,0.0278987421823596,0.0142005865575398
"338",16.85,0.0638535896959326,0.0488260942977346,0.0514843896826329,0.059415188819892,0.0491496679098041,0.0283809898116357,0.014566927578152
"339",16.9,0.0638799202533983,0.0489430963339795,0.0512931791377761,0.0596857329596034,0.049577859700862,0.0288658390821353,0.0149387775272079
"340",16.95,0.0639019257156785,0.04905757523872,0.051100864119398,0.0599515025640497,0.0500031543122703,0.0293531804613749,0.0153161067558481
"341",17,0.0639196271556891,0.0491695306055008,0.050907470531121,0.0602124615277008,0.0504254580576017,0.0298429027393219,0.0156988823668852
"342",17.05,0.0639330463225957,0.0492789624004111,0.0507130241236006,0.0604685751985254,0.0508446783804784,0.0303348930895087,0.0160870682075461
"343",17.1,0.0639422056283316,0.0493858709578508,0.0505175504925764,0.0607198103778093,0.0512607238886388,0.030829037131234,0.0164806248651288
"344",17.15,0.0639471281340912,0.0494902569762695,0.0503210750769836,0.0609661353193267,0.0516735043870697,0.0313252189927872,0.0168795096655841
"345",17.2,0.0639478375368047,0.0495921215138819,0.0501236231571231,0.0612075197278774,0.052082930910193,0.0318233213756337,0.0172836766750273
"346",17.25,0.0639443581555993,0.0496914659843601,0.0499252198528904,0.0614439347571983,0.0524889157530985,0.0323232256195008,0.0176930767041825
"347",17.3,0.063936714918253,0.0497882921525059,0.0497258901220621,0.0616753530072601,0.0528913725018109,0.0328248117682968,0.0181076573157587
"348",17.35,0.0639249333476453,0.0498826021299029,0.0495256587586399,0.0619017485209602,0.0532902160625852,0.0333279586368033,0.0185273628347498
"349",17.4,0.0639090395482116,0.0499743983705518,0.0493245503912496,0.0621230967802221,0.0536853626902216,0.0338325438780751,0.0189521343616527
"350",17.45,0.0638890601924057,0.0500636836664901,0.0491225894815974,0.062339374701513,0.0540767300153949,0.0343384440514842,0.019381909788587
"351",17.5,0.0638650225071752,0.0501504611433963,0.04891980032298,0.06255056063079,0.0544642370709905,0.0348455346913443,0.0198166238183021
"352",17.55,0.0638369542604555,0.0502347342561826,0.0487162070388496,0.0627566343378869,0.0548478043174451,0.0353536903760508,0.0202562079860496
"353",17.6,0.0638048837476871,0.0503165067845754,0.0485118335814312,0.0629575770103531,0.0552273536670851,0.035862784797674,0.0207005906842981
"354",17.65,0.0637688397783603,0.0503957828286871,0.0483067037303947,0.0631533712467547,0.0556028085074634,0.0363726908319409,0.0211496971902626
"355",17.7,0.063728851662593,0.0504725668045783,0.0481008410915769,0.0633440010494525,0.0559740937236877,0.0368832806085416,0.0216034496962168
"356",17.75,0.0636849491977455,0.0505468634398144,0.0478942690957566,0.0635294518168656,0.0563411357197433,0.0373944255816989,0.0220617673425553
"357",17.8,0.0636371626550769,0.0506186777690152,0.0476870109974795,0.0637097103352349,0.0567038624388067,0.037905996600937,0.0225245662535655
"358",17.85,0.0635855227664471,0.0506880151294023,0.0474790898739337,0.0638847647698961,0.0570622033825511,0.038417863981987,0.0229917595758719
"359",17.9,0.0635300607110698,0.0507548811563418,0.047270528623874,0.0640546046560779,0.0574160896294458,0.0389298975777692,0.0234632575195044
"360",17.95,0.0634708081023191,0.0508192817788871,0.0470613499665954,0.0642192208892333,0.0577654538520483,0.0394419668493885,0.0239389674015471
"361",18,0.063407796974594,0.0508812232153199,0.046851576440954,0.0643786057149195,0.0581102303332951,0.039953940937085,0.024418793692315
"362",18.05,0.0633410597702466,0.0509407119686934,0.0466412304044359,0.0645327527182372,0.0584503549817906,0.0404656887310781,0.0249026380640069
"363",18.1,0.0632706293265749,0.0509977548223783,0.0464303340322722,0.0646816568128417,0.0587857653461006,0.0409770789422466,0.0253903994417772
"364",18.15,0.0631965388628856,0.0510523588356093,0.0462189093166,0.0648253142295384,0.0591164006280542,0.0414879801725855,0.0258819740571705
"365",18.2,0.0631188219676309,0.05110453133904,0.0460069780656695,0.0649637225044749,0.0594422016950568,0.0419982609853829,0.0263772555038554
"366",18.25,0.0630375125856212,0.0511542799303009,0.0457945619030939,0.0650968804669427,0.0597631110914254,0.0425077899750617,0.0268761347955956
"367",18.3,0.062952645005319,0.0512016124695651,0.045581682267146,0.0652247882267988,0.0600790730487453,0.0430164358366282,0.0273785004263917
"368",18.35,0.0628642538462144,0.0512465370751216,0.0453683604100951,0.0653474471615227,0.0603900334952621,0.043524067434676,0.0278842384327269
"369",18.4,0.0627723740462897,0.0512890621189579,0.0451546173975891,0.0654648599029186,0.060695940064312,0.0440305538718911,0.0283932324578442
"370",18.45,0.0626770408495718,0.0513291962223522,0.0449404741080771,0.0655770303234757,0.0609967421018001,0.0445357645570057,0.0289053638179853
"371",18.5,0.062578289793778,0.0513669482514769,0.0447259512322742,0.0656839635223996,0.0612923906727364,0.0450395692721507,0.0294205115705162
"372",18.55,0.0624761566980574,0.0514023273130136,0.0445110692726663,0.0657856658113267,0.0615828385668363,0.0455418382395569,0.0299385525838638
"373",18.6,0.0623706776508302,0.0514353427497813,0.0442958485430559,0.065882144699733,0.061868040303198,0.0460424421875564,0.0304593616091863
"374",18.65,0.0622618889977286,0.0514660041363779,0.0440803091681464,0.0659734088800512,0.0621479521340651,0.0465412524158377,0.0309828113536985
"375",18.7,0.062149827329641,0.0514943212748371,0.0438644710831662,0.0660594682125057,0.0624225320476865,0.0470381408599081,0.0315087725555722
"376",18.75,0.062034529470862,0.0515203041903003,0.0436483540335301,0.0661403337096799,0.0626917397702836,0.0475329801547204,0.032037114060331
"377",18.8,0.0619160324673513,0.0515439631267052,0.0434319775745395,0.0662160175208268,0.0629555367671377,0.0480256436974177,0.0325677028986538
"378",18.85,0.0617943735751032,0.0515653085424907,0.043215361071118,0.0662865329159338,0.0632138862428084,0.0485160057091594,0.0331004043655085
"379",18.9,0.061669590248629,0.0515843511063215,0.0429985236975849,0.0663518942695552,0.0634667531404969,0.0490039412959842,0.033635082100528
"380",18.95,0.0615417201295543,0.05160110169283,0.0427814844374635,0.0664121170444232,0.0637141041405658,0.0494893265086734,0.0341715981695442
"381",19,0.061410801035334,0.0516155713783778,0.042564262083325,0.0664672177748483,0.063955907658229,0.0499720384015766,0.034709813147195
"382",19.05,0.0612768709480857,0.0516277714368388,0.0423468752366672,0.0665172140499221,0.0641921338404261,0.0504519550903648,0.0352495862005178
"383",19.1,0.0611399680035441,0.0516377133354014,0.0421293423078262,0.0665621244965326,0.0644227545618942,0.0509289558086751,0.0357907751734435
"384",19.15,0.0610001304801383,0.0516454087303938,0.041911681515923,0.066601968762204,0.0646477434204518,0.0514029209636167,0.0363332366721031
"385",19.2,0.0608573967881931,0.0516508694631308,0.0416939108888415,0.0666367674977718,0.0648670757315093,0.051873732190104,0.0368768261508614
"386",19.25,0.0607118054592563,0.0516541075557838,0.0414760482632394,0.0666665423399038,0.0650807285218207,0.0523412724039897,0.0374213979989903
"387",19.3,0.0605633951355532,0.0516551352072747,0.0412581112845913,0.066691315893479,0.0652886805224924,0.0528054258539686,0.0379668056278952
"388",19.35,0.0604122045595702,0.051653964789193,0.0410401174072618,0.0667111117138345,0.065490912161263,0.0532660781722252,0.0385129015588074
"389",19.4,0.0602582725637685,0.0516506088417387,0.0408220838946097,0.0667259542888902,0.0656874055540715,0.0537231164238007,0.0390595375108579
"390",19.45,0.0601016380604283,0.0516450800696897,0.0406040278191222,0.0667358690211634,0.0658781444959272,0.0541764291546561,0.0396065644894447
"391",19.5,0.0599423400316274,0.0516373913383957,0.0403859660625791,0.0667408822096828,0.0660631144511001,0.0546259064384079,0.0401538328748106
"392",19.55,0.0597804175193513,0.0516275556697982,0.0401679153162442,0.0667410210318116,0.0662423025426459,0.0550714399217181,0.0407011925107456
"393",19.6,0.0596159096157397,0.0516155862384767,0.039949892081087,0.0667363135249904,0.0664156975412825,0.0555129228683175,0.0412484927933302
"394",19.65,0.0594488554534676,0.0516014963677232,0.0397319126680309,0.0667267885684102,0.0665832898536341,0.0559502502016472,0.0417955827596387
"395",19.7,0.0592792941962637,0.0515852995256447,0.0395139931982294,0.0667124758646239,0.0667450715098609,0.0563833185460993,0.0423423111763167
"396",19.75,0.0591072650295648,0.0515670093212922,0.0392961496033683,0.0666934059211071,0.0669010361506883,0.0568120262668465,0.0428885266279568
"397",19.8,0.0589328071513101,0.0515466395008205,0.0390783976259949,0.0666696100317767,0.0670511790138562,0.0572362735082433,0.0434340776051889
"398",19.85,0.0587559597628725,0.0515242039436759,0.0388607528198724,0.0666411202584777,0.0671954969200004,0.0576559622307911,0.0439788125924074
"399",19.9,0.0585767620601302,0.0514997166588134,0.0386432305503597,0.0666079694124457,0.0673339882579883,0.0580709962466549,0.0445225801550604
"400",19.95,0.0583952532246779,0.0514731917809443,0.0384258459948158,0.0665701910357555,0.0674666529697213,0.0584812812537244,0.0450652290264217
"401",20,0.0582114724151777,0.0514446435668135,0.0382086141430282,0.0665278193827638,0.0675934925344239,0.0588867248682117,0.0456066081937743
"402",20.05,0.0580254587588518,0.0514140863915077,0.0379915497976656,0.0664808894015542,0.067714509952435,0.0592872366557807,0.0461465669839299
"403",20.1,0.0578372513431148,0.0513815347447943,0.0377746675747528,0.0664294367153939,0.0678297097285191,0.0596827281612022,0.0466849551480155
"404",20.15,0.0576468892073489,0.0513470032274915,0.0375579819041691,0.06637349760421,0.0679390978547139,0.0600731129365346,0.0472216229454554
"405",20.2,0.0574544113348189,0.0513105065478703,0.0373415070301688,0.0663131089860923,0.0680426817927324,0.0604583065678261,0.0477564212270834
"406",20.25,0.0572598566447303,0.0512720595180876,0.0371252570119228,0.0662483083988325,0.0681404704559341,0.0608382267003393,0.0482892015173155
"407",20.3,0.0570632639844279,0.051231677050652,0.0369092457240824,0.0661791339815059,0.0682324741908859,0.0612127930622994,0.0488198160953237
"408",20.35,0.0568646721217369,0.0511893741549211,0.036693486857363,0.066105624456103,0.0683187047585258,0.0615819274871674,0.0493481180751425
"409",20.4,0.056664119737446,0.0511451659336327,0.0364779939191491,0.066027819109221,0.0683991753149487,0.0619455539344427,0.0498739614846543
"410",20.45,0.056461645417931,0.0510990675794671,0.0362627802341177,0.0659457577738177,0.0684739003918301,0.0623035985090004,0.0503972013433903
"411",20.5,0.0562572876479212,0.0510510943716437,0.0360478589448832,0.0658594808110397,0.0685428958765048,0.0626559894789669,0.0509176937390922
"412",20.55,0.0560510848034062,0.0510012616725502,0.0358332430126588,0.0657690290921278,0.0686061789917161,0.0630026572921437,0.0514352959029817
"413",20.6,0.0558430751446845,0.0509495849244051,0.0356189452179386,0.0656744439804093,0.0686637682750537,0.0633435345909864,0.0519498662836829
"414",20.65,0.0556332968095526,0.050896079645954,0.0354049781611968,0.0655757673133806,0.0687156835580948,0.0636785562261472,0.0524612646197495
"415",20.7,0.0554217878066346,0.0508407614291997,0.035191354263604,0.0654730413848898,0.068761945945266,0.0640076592685939,0.0529693520107483
"416",20.75,0.0552085860088523,0.0507836459361654,0.0349780857677622,0.0653663089274218,0.0688025777924409,0.0643307830203138,0.0534739909868529
"417",20.8,0.054993729147034,0.0507247488956929,0.0347651847384549,0.065255613094495,0.0688376026852907,0.0646478690236176,0.0539750455769041
"418",20.85,0.0547772548036646,0.0506640861002742,0.0345526630634151,0.0651409974431732,0.068867045417402,0.0649588610690543,0.0544723813748953
"419",20.9,0.0545592004067717,0.0506016734029172,0.034340532454108,0.0650225059166986,0.0688909319681788,0.0652637052019543,0.0549658656048443
"420",20.95,0.0543396032239524,0.0505375267140469,0.0341288044465306,0.0649001828272532,0.0689092894805426,0.0655623497276123,0.0554553671840137
"421",21,0.0541185003565363,0.050471661998439,0.0339174904020246,0.0647740728388502,0.0689221462384478,0.0658547452151296,0.0559407567844461
"422",21.05,0.0538959287338858,0.0504040952721901,0.0337066015081062,0.0646442209503644,0.0689295316442259,0.0661408444999304,0.0564219068927797
"423",21.1,0.0536719251078328,0.0503348425997207,0.0334961487793085,0.0645106724787032,0.0689314761957733,0.0664206026849716,0.0568986918683164
"424",21.15,0.0534465260472513,0.0502639200908142,0.0332861430580387,0.064373473042125,0.0689280114635993,0.0666939771406621,0.0573709879993123
"425",21.2,0.0532197679327639,0.0501913438976892,0.0330765950154488,0.0642326685437085,0.0689191700677458,0.0669609275035138,0.057838673557465
"426",21.25,0.0529916869515839,0.0501171302121079,0.0328675151523192,0.0640883051549773,0.0689049856545959,0.0672214156735424,0.0583016288505756
"427",21.3,0.0527623190924889,0.0500412952625181,0.0326589137999558,0.0639404292996853,0.0688854928735833,0.067475405810439,0.0587597362733606
"428",21.35,0.0525317001409287,0.0499638553112306,0.0324508011210987,0.0637890876377638,0.0688607273538175,0.0677228643285337,0.059212880356398
"429",21.4,0.0522998656742633,0.0498848266516309,0.0322431871108432,0.0636343270494382,0.068830725680638,0.0679637598905737,0.059660947813188
"430",21.45,0.0520668510571323,0.0498042256054258,0.0320360815975733,0.0634761946195149,0.0687955253721102,0.0681980634003366,0.0601038275853133
"431",21.5,0.0518326914369539,0.0497220685199254,0.0318294942439055,0.063314737621843,0.0687551648554782,0.0684257479941047,0.0605414108856878
"432",21.55,0.0515974217395525,0.049638371765358,0.0316234345476439,0.0631500035039541,0.0687096834435846,0.0686467890310204,0.0609735912398804
"433",21.6,0.0513610766649145,0.0495531517322226,0.031417911842747,0.0629820398718844,0.0686591213112719,0.0688611640823496,0.0614002645255069
"434",21.65,0.0511236906830706,0.0494664248286725,0.0312129353003028,0.0628108944751791,0.0686035194717779,0.0690688529196746,0.0618213290096829
"435",21.7,0.0508852980301035,0.0493782074779371,0.0310085139295161,0.0626366151920869,0.0685429197531355,0.0692698375020447,0.0622366853845315
"436",21.75,0.050645932704281,0.0492885161157756,0.0308046565787036,0.0624592500149416,0.0684773647745908,0.0694641019621055,0.0626462368007451
"437",21.8,0.0504056284623121,0.0491973671879659,0.0306013719362995,0.0622788470357386,0.0684068979230505,0.0696516325912367,0.0630498888991986
"438",21.85,0.050164418815726,0.0491047771478294,0.0303986685318697,0.0620954544319052,0.0683315633295691,0.0698324178237196,0.0634475498406162
"439",21.9,0.049922337027372,0.0490107624537882,0.0301965547371346,0.0619091204522682,0.0682514058458884,0.070006448219965,0.063839130333294
"440",21.95,0.0496794161080399,0.0489153395669573,0.0299950387670002,0.0617198934032224,0.0681664710210391,0.0701737164488242,0.0642245436588829
"441",22,0.0494356888131997,0.0488185249487715,0.0297941286805977,0.0615278216350984,0.0680768050780158,0.0703342172690108,0.0646037056962389
"442",22.05,0.0491911876398579,0.0487203350586462,0.0295938323823301,0.0613329535287356,0.0679824548905354,0.070487947509661,0.0649765349433488
"443",22.1,0.0489459448235323,0.0486207863516717,0.029394157622927,0.0611353374822594,0.0678834679598891,0.0706349060500575,0.0653429525373403
"444",22.15,0.0486999923353408,0.0485198952763419,0.0291951120005061,0.0609350218980655,0.0677798923918974,0.0707750937985454,0.0657028822725887
"445",22.2,0.0484533618792045,0.0484176782723169,0.0289967029616414,0.0607320551700118,0.0676717768739787,0.0709085136706664,0.0660562506169342
"446",22.25,0.0482060848891648,0.0483141517682192,0.0287989378024383,0.0605264856708205,0.0675591706523396,0.071035170566538,0.0664029867260219
"447",22.3,0.0479581925268106,0.0482093321794627,0.028601823669615,0.0603183617396904,0.0674421235092968,0.0711550713475078,0.0667430224557838
"448",22.35,0.0477097156788168,0.0481032359061171,0.0284053675615893,0.0601077316701209,0.0673206857407379,0.0712682248121047,0.067076292373077
"449",22.4,0.047460684954592,0.047995879330803,0.0282095763295719,0.0598946436979492,0.0671949081337327,0.0713746416713206,0.0674027337645004
"450",22.45,0.0472111306840335,0.0478872788166225,0.0280144566786645,0.0596791459896005,0.067064841944299,0.0714743345232445,0.0677222866434074
"451",22.5,0.0469610829153889,0.0477774507051213,0.0278200151689632,0.0594612866305528,0.0669305388753346,0.0715673178270798,0.0680348937551389
"452",22.55,0.0467105714132229,0.0476664113142847,0.0276262582166671,0.0592411136140162,0.0667920510547208,0.0716536078765694,0.0683405005804961
"453",22.6,0.0464596256564877,0.0475541769365656,0.0274331920951913,0.0590186748298281,0.0666494310136061,0.0717332227728578,0.0686390553374813
"454",22.65,0.0462082748366964,0.0474407638369453,0.027240822936284,0.0587940180535635,0.0665027316648765,0.0718061823968148,0.068930508981328
"455",22.7,0.0459565478561968,0.0473261882510269,0.0270491567311481,0.0585671909358617,0.0663520062818198,0.0718725083808496,0.0692148152028498
"456",22.75,0.0457044733265453,0.0472104663831609,0.0268581993315668,0.0583382409919682,0.0661973084769906,0.0719322240802406,0.069491930425133
"457",22.8,0.045452079566979,0.0470936144046026,0.026667956451032,0.0581072155914945,0.0660386921812818,0.071985354544008,0.0697618137986029
"458",22.85,0.0451993946029854,0.0469756484517015,0.0264784336658772,0.0578741619483922,0.0658762116232095,0.0720319264853551,0.0700244271944927
"459",22.9,0.0449464461649668,0.0468565846241228,0.0262896364164129,0.0576391271111439,0.0657099213084168,0.0720719682517037,0.0702797351967444
"460",22.95,0.0446932616869997,0.0467364389831,0.0261015700080645,0.0574021579531698,0.0655398759994012,0.0721055097943515,0.0705277050923738
"461",23,0.0444398683056867,0.0466152275497189,0.0259142396125139,0.0571633011634496,0.0653661306954743,0.0721325826377741,0.0707683068603314
"462",23.05,0.0441862928590999,0.0464929663032328,0.0257276502688426,0.0569226032373588,0.0651887406129535,0.0721532198485991,0.0710015131588898
"463",23.1,0.0439325618858147,0.046369671179409,0.0255418068846778,0.0566801104677203,0.0650077611655963,0.0721674560042765,0.0712272993115949
"464",23.15,0.0436787016240321,0.0462453580689056,0.0253567142373397,0.056435868936069,0.064823247945278,0.07217532716147,0.0714456432918096
"465",23.2,0.0434247380107877,0.0461200428156792,0.0251723769749913,0.0561899245041295,0.0646352567029185,0.0721768708241934,0.0716565257058886
"466",23.25,0.0431706966812483,0.0459937412154222,0.0249887996177893,0.055942322805507,0.064443843329663,0.0721721259117169,0.0718599297750177
"467",23.3,0.0429166029680908,0.0458664690140322,0.0248059865590366,0.0556931092375883,0.0642490638383189,0.0721611327262662,0.0720558413157529
"468",23.35,0.0426624819009661,0.0457382419061086,0.0246239420663358,0.0554423289536539,0.0640509743450552,0.0721439329205384,0.0722442487192956
"469",23.4,0.0424083582060439,0.0456090755334814,0.0244426702827437,0.0551900268552002,0.0638496310513647,0.072120569465057,0.0724251429295396
"470",23.45,0.0421542563056377,0.0454789854837682,0.0242621752279269,0.0549362475844687,0.0636450902262948,0.0720910866153896,0.0725985174199286
"471",23.5,0.0419002003179092,0.0453479872889607,0.0240824607993173,0.0546810355171837,0.0634374081889494,0.0720555298792495,0.0727643681691577
"472",23.55,0.0416462140566502,0.0452160964240408,0.0239035307732683,0.054424434755495,0.0632266412912633,0.0720139459835037,0.0729226936357599
"473",23.6,0.0413923210311405,0.0450833283056249,0.0237253888062114,0.0541664891211261,0.0630128459010546,0.0719663828411089,0.0730734947316118
"474",23.65,0.0411385444460804,0.0449496982906373,0.0235480384358124,0.0539072421487251,0.0627960783853534,0.0719128895179959,0.0732167747943985
"475",23.7,0.0408849072015975,0.0448152216750119,0.0233714830821277,0.053646737079418,0.0625763950940142,0.0718535161999236,0.0733525395590742
"476",23.75,0.0406314318933247,0.0446799136924224,0.0231957260487601,0.0533850168545622,0.0623538523436088,0.071788314159323,0.0734807971283564
"477",23.8,0.0403781408125489,0.0445437895130395,0.0230207705240141,0.0531221241096984,0.0621285064016056,0.0717173357221493,0.0736015579422922
"478",23.85,0.0401250559464301,0.0444068642423173,0.0228466195820501,0.0528581011687011,0.0619004134708342,0.0716406342347649,0.0737148347469338
"479",23.9,0.0398721989782867,0.044269152919806,0.0226732761840387,0.0525929900381234,0.0616696296742383,0.0715582640308678,0.0738206425621619
"480",23.95,0.0396195912879493,0.0441306705179925,0.0225007431793128,0.0523268324017365,0.0614362110399179,0.071470280398488,0.0739189986486939
"481",24,0.0393672539521784,0.0439914319411678,0.0223290233065192,0.0520596696152614,0.0612002134864607,0.0713767395470669,0.0740099224743153
"482",24.05,0.0391152077451466,0.0438514520243213,0.0221581191947686,0.0517915427012904,0.0609616928085655,0.0712776985746386,0.0740934356793716
"483",24.1,0.0388634731389836,0.0437107455320619,0.021988033364784,0.0515224923443982,0.060720704662957,0.0711732154351306,0.0741695620415579
"484",24.15,0.0386120703043818,0.0435693271575647,0.0218187682300477,0.0512525588864389,0.0604773045545919,0.0710633489057993,0.0742383274400436
"485",24.2,0.0383610191112627,0.0434272115215448,0.021650326097946,0.0509817823220281,0.0602315478231595,0.0709481585548175,0.0742997598189697
"486",24.25,0.0381103391295013,0.0432844131712565,0.0214827091709124,0.0507102022942079,0.0599834896298729,0.0708277047090289,0.0743538891503532
"487",24.3,0.0378600496297081,0.0431409465795173,0.0213159195475684,0.0504378580902924,0.0597331849445552,0.0707020484218857,0.074400747396439
"488",24.35,0.0376101695840674,0.0429968261437587,0.0211499592238619,0.0501647886378925,0.0594806885330166,0.0705712514415833,0.0744403684715302
"489",24.4,0.0373607176672298,0.0428520661851018,0.0209848300942036,0.0498910325011171,0.0592260549447251,0.0704353761794067,0.0744727882033377
"490",24.45,0.0371117122572587,0.0427066809474564,0.0208205339526004,0.0496166278769492,0.0589693385007691,0.0702944856783024,0.0744980442938806
"491",24.5,0.0368631714366293,0.0425606845966467,0.0206570724937867,0.0493416125917941,0.0587105932821112,0.0701486435816901,0.0745161762799737
"492",24.55,0.0366151129932773,0.0424140912195599,0.0204944473143518,0.0490660240981983,0.0584498731181331,0.0699979141025247,0.0745272254933375
"493",24.6,0.0363675544216989,0.0422669148233202,0.0203326599138659,0.0487898994717372,0.0581872315754704,0.0698423619926245,0.0745312350203635
"494",24.65,0.0361205129240983,0.0421191693344853,0.0201717116960015,0.0485132754080673,0.0579227219471363,0.0696820525122744,0.0745282496615683
"495",24.7,0.0358740054115832,0.0419708685982678,0.020011603969653,0.0482361882201435,0.057656397241934,0.0695170514001178,0.0745183158907711
"496",24.75,0.0356280485054052,0.0418220263777791,0.0198523379500516,0.0479586738355975,0.0573883101741544,0.069347424843347,0.0745014818140256
"497",24.8,0.0353826585382464,0.0416726563532974,0.019693914759878,0.0476807677942756,0.0571185131535604,0.0691732394482041,0.0744777971283394
"498",24.85,0.0351378515555491,0.0415227721215577,0.0195363354303706,0.0474025052459331,0.0568470582756553,0.0689945622108007,0.0744473130802116
"499",24.9,0.0348936433168874,0.0413723871950651,0.019379600902431,0.0471239209480836,0.0565739973122323,0.0688114604882684,0.0744100824240207
"500",24.95,0.0346500492973812,0.0412215150014298,0.0192237120277248,0.0468450492640013,0.0562993817022057,0.0686240019702467,0.0743661593802918
"501",25,0.0344070846891494,0.0410701688827253,0.0190686695697788,0.0465659241608722,0.0560232625427212,0.0684322546507204,0.0743155995938746
"502",25.05,0.0341647644028028,0.0409183620948679,0.018914474205075,0.046286579208094,0.0557456905805424,0.0682362868002123,0.0742584600920596
"503",25.1,0.0339231030689745,0.0407661078070175,0.0187611265241392,0.046007047575721,0.0554667162037133,0.0680361669383397,0.0741947992426628
"504",25.15,0.0336821150398868,0.0406134191010011,0.0186086270326263,0.0457273620330518,0.0551863894334929,0.0678319638067437,0.0741246767121053
"505",25.2,0.0334418143909545,0.040460308970756,0.0184569761524015,0.0454475549473585,0.0549047599165614,0.0676237463423972,0.0740481534235169
"506",25.25,0.0332022149224218,0.0403067903217947,0.0183061742226159,0.0451676582827529,0.0546218769174946,0.0674115836512978,0.0739652915148881
"507",25.3,0.0329633301610332,0.0401528759706909,0.0181562215007794,0.0448877035991896,0.0543377893115046,0.0671955449825537,0.0738761542972999
"508",25.35,0.0327251733617369,0.0399985786445851,0.0180071181638275,0.0446077220516029,0.0540525455774445,0.0669756997028678,0.0737808062132528
"509",25.4,0.0324877575094188,0.0398439109807108,0.0178588643091841,0.0443277443891736,0.0537661937910742,0.0667521172714238,0.073679312795123
"510",25.45,0.0322510953206675,0.0396888855259408,0.0177114599558198,0.0440478009547257,0.0534787816185852,0.0665248672151828,0.0735717406237684
"511",25.5,0.0320151992455682,0.0395335147363528,0.0175649050453049,0.0437679216842492,0.0531903563103815,0.0662940191045922,0.0734581572873075
"512",25.55,0.0317800814695241,0.0393778109768151,0.0174191994428578,0.0434881361065467,0.0529009646951137,0.0660596425297127,0.0733386313400956
"513",25.6,0.0315457539151066,0.0392217865205908,0.0172743429383883,0.043208473343002,0.0526106531739644,0.0658218070767676,0.0732132322619181
"514",25.65,0.0313122282439299,0.0390654535489616,0.0171303352475356,0.0429289621074679,0.0523194677151808,0.0655805823051169,0.0730820304174239
"515",25.7,0.0310795158585519,0.0389088241508702,0.0169871760127019,0.0426496307062705,0.0520274538488527,0.0653360377246605,0.0729450970158188
"516",25.75,0.0308476279043988,0.0387519103225807,0.01684486480408,0.0423705070383284,0.0517346566619322,0.0650882427736735,0.0728025040708398
"517",25.8,0.0306165752717132,0.038594723967358,0.0167034011206762,0.0420916185953847,0.051441120793493,0.0648372667970753,0.0726543243610282
"518",25.85,0.030386368597524,0.0384372768951647,0.0165627843913272,0.0418129924623472,0.0511468904302252,0.0645831790251353,0.072500631390321
"519",25.9,0.0301570182676386,0.0382795808223764,0.0164230139757123,0.041534655317738,0.0508520093021634,0.0643260485526181,0.0723414993489792
"520",25.95,0.0299285344186547,0.0381216473715136,0.0162840891653597,0.041256633434247,0.0505565206786444,0.0640659443183677,0.0721770030748689
"521",26,0.0297009269399916,0.0379634880709916,0.0161460091846474,0.0409789526793885,0.0502604673644917,0.0638029350853333,0.0720072180151119
"522",26.05,0.0294742054759405,0.0378051143548878,0.0160087731917984,0.0407016385162586,0.0499638916964234,0.0635370894210385,0.0718322201881239
"523",26.1,0.0292483794277328,0.0376465375627247,0.0158723802798701,0.0404247160043911,0.0496668355396806,0.063268475678493,0.0716520861460524
"524",26.15,0.0290234579556245,0.0374877689392704,0.0157368294777387,0.0401482098007081,0.0493693402848724,0.0629971619775474,0.0714668929376311
"525",26.2,0.0287994499809969,0.0373288196343557,0.0156021197510765,0.0398721441605659,0.049071446845035,0.0627232161866926,0.0712767180714639
"526",26.25,0.028576364188473,0.0371697007027063,0.0154682500033248,0.0395965429388911,0.0487731956529007,0.0624467059053021,0.071081639479752
"527",26.3,0.0283542090280474,0.037010423103792,0.01533521907666,0.0393214295914067,0.0484746266583747,0.0621676984463177,0.0708817354824768
"528",26.35,0.0281329927172304,0.0368509977016905,0.0152030257529539,0.0390468271759443,0.0481757793262147,0.0618862608193774,0.0706770847520503
"529",26.4,0.0279127232432043,0.0366914352649682,0.0150716687547283,0.038772758353842,0.0478766926339115,0.0616024597143846,0.0704677662784448
"530",26.45,0.027693408364992,0.0365317464665742,0.0149411467461032,0.0384992453914239,0.0475774050697664,0.0613163614855183,0.0702538593348119
"531",26.5,0.0274750556156365,0.0363719418837515,0.0148114583337396,0.0382263101615606,0.047277954631162,0.061028032135681,0.0700354434436025
"532",26.55,0.0272576723043908,0.0362120319979611,0.014682602067775,0.0379539741453077,0.0469783788230227,0.0607375373013846,0.0698125983431945
"533",26.6,0.0270412655189178,0.0360520271948217,0.0145545764427538,0.0376822584336201,0.0466787146564633,0.0604449422380716,0.0695854039550411
"534",26.65,0.0268258421274982,0.0358919377640636,0.0144273798985513,0.0374111837291408,0.0463789986476187,0.0601503118058687,0.0693539403513436
"535",26.7,0.0266114087812476,0.0357317738994962,0.0143010108212909,0.0371407703480608,0.046079266816656,0.0598537104557722,0.0691182877232605
"536",26.75,0.0263979719163405,0.0355715456989904,0.0141754675442555,0.0368710382220494,0.04577955468696,0.0595552022162609,0.0688785263496565
"537",26.8,0.0261855377562407,0.0354112631644734,0.0140507483487928,0.0366020069002516,0.0454798972844948,0.0592548506803353,0.0686347365664014
"538",26.85,0.0259741123139386,0.0352509362019383,0.0139268514652133,0.0363336955513516,0.0451803291373321,0.0589527189929792,0.0683869987362217
"539",26.9,0.0257637013941931,0.0350905746214657,0.0138037750736832,0.0360661229656994,0.0448808842753476,0.0586488698390409,0.0681353932191132
"540",26.95,0.0255543105957789,0.034930188137259,0.0136815173051099,0.0357993075574998,0.0445815962300788,0.0583433654315312,0.0678800003433177
"541",27,0.0253459453137367,0.034769786367693,0.0135600762420212,0.0355332673670597,0.0442824980347426,0.0580362675003337,0.0676209003768689
"542",27.05,0.0251386107416286,0.0346093788353734,0.0134394499194387,0.0352680200630947,0.0439836222244085,0.0577276372813249,0.0673581734997118
"543",27.1,0.0249323118737944,0.0344489749672109,0.0133196363257437,0.03500358294509,0.0436850008363241,0.0574175355059003,0.0670918997763983
"544",27.15,0.0247270535076116,0.0342885840945061,0.0132006334035376,0.0347399729457157,0.0433866654103897,0.0571060223909016,0.0668221591293628
"545",27.2,0.0245228402457559,0.0341282154530462,0.0130824390504945,0.0344772066332945,0.0430886469897784,0.0567931576289422,0.0665490313127794
"546",27.25,0.0243196764984633,0.0339678781832146,0.012965051120209,0.0342153002143184,0.042790976121699,0.0564790003791261,0.0662725958870033
"547",27.3,0.0241175664857925,0.0338075813301112,0.0128484674230353,0.0339542695360143,0.0424936828582962,0.0561636092581558,0.0659929321935978
"548",27.35,0.0239165142398868,0.0336473338436841,0.0127326857269215,0.0336941300889562,0.0421967967576886,0.0558470423318263,0.0657101193309481
"549",27.4,0.0237165236072359,0.033487144578873,0.0126177037582363,0.0334348970097212,0.0419003468851366,0.0555293571068979,0.0654242361304625
"550",27.45,0.0235175982509359,0.0333270222957632,0.0125035192025891,0.0331765850835889,0.0416043618143414,0.0552106105233466,0.0651353611333607
"551",27.5,0.0233197416529476,0.0331669756597503,0.0123901297056439,0.032919208747282,0.0413088696288674,0.0548908589469838,0.0648435725680507
"552",27.55,0.023122957116353,0.0330070132417155,0.012277532873926,0.0326627820917458,0.0410138979236892,0.0545701581624438,0.0645489483280917
"553",27.6,0.0229272477676083,0.0328471435182117,0.0121657262756226,0.0324073188649656,0.040719473806856,0.0542485633665323,0.0642515659507431
"554",27.65,0.0227326165587939,0.0326873748716592,0.0120547074413759,0.0321528324748202,0.0404256239012727,0.0539261291619302,0.0639515025960989
"555",27.7,0.0225390662698607,0.0325277155905519,0.0119444738650701,0.0318993359919695,0.040132374346594,0.0536029095512508,0.0636488350268048
"556",27.75,0.0223465995108722,0.0323681738696728,0.0118350230046118,0.0316468421527749,0.0398397508012275,0.0532789579314414,0.0633436395883559
"557",27.8,0.0221552187242412,0.0322087578103194,0.0117263522827027,0.0313953633622509,0.0395477784444434,0.0529543270885267,0.063035992189974
"558",27.85,0.0219649261869626,0.0320494754205389,0.0116184590876069,0.0311449116970463,0.039256481978588,0.0526290691926881,0.06272596828606
"559",27.9,0.0217757240128392,0.0318903346153718,0.0115113407739105,0.0308954989084533,0.038965885631397,0.0523032357936732,0.0624136428582202
"560",27.95,0.0215876141547024,0.0317313432171054,0.0114049946632747,0.0306471364254428,0.0386760131584063,0.05197687781653,0.0620990903978615
"561",28,0.0214005984066261,0.0315725089555354,0.011299418045182,0.0303998353577256,0.038386887845457,0.0516500455576617,0.0617823848893537
"562",28.05,0.0212146784061335,0.0314138394682372,0.0111946081776764,0.0301536064988357,0.0380985325112915,0.0513227886811946,0.0614635997937527
"563",28.1,0.0210298556363972,0.0312553423008444,0.0110905622880956,0.0299084603292373,0.0378109695102382,0.0509951562156559,0.0611428080330839
"564",28.15,0.0208461314284313,0.0310970249073371,0.0109872775737973,0.0296644070194508,0.0375242207349811,0.0506671965509532,0.0608200819751765
"565",28.2,0.0206635069632752,0.030938894650337,0.0108847512028787,0.0294214564331995,0.0372383076194127,0.0503389574356529,0.06049549341905
"566",28.25,0.0204819832741695,0.0307809588014117,0.0107829803148889,0.0291796181305735,0.0369532511415659,0.0500104859745506,0.0601691135808424
"567",28.3,0.0203015612487231,0.0306232245413859,0.0106819620215346,0.0289389013712097,0.0366690718266228,0.0496818286265266,0.0598410130802787
"568",28.35,0.0201222416310706,0.0304656989606607,0.0105816934073794,0.028699315117488,0.0363857897499977,0.0493530312026841,0.0595112619276729
"569",28.4,0.019944025024021,0.0303083890595403,0.0104821715305359,0.0284608680377407,0.0361034245404919,0.0490241388647613,0.0591799295114584
"570",28.45,0.0197669118911965,0.0301513017485663,0.0103833934233514,0.028223568509475,0.035821995383516,0.0486951961238138,0.0588470845862401
"571",28.5,0.0195909025591604,0.0299944438488584,0.0102853560930864,0.0279874246226065,0.0355415210243792,0.0483662468391604,0.058512795261364
"572",28.55,0.0194159972195359,0.0298378220924626,0.010188056522587,0.027752444182703,0.0352620197716417,0.0480373342175879,0.0581771289899973
"573",28.6,0.0192421959311132,0.0296814431227066,0.01009149167095,0.0275186347142378,0.0349835095005271,0.0477085008128085,0.0578401525587113
"574",28.65,0.0190694986219461,0.0295253134945612,0.00999565847418172,0.0272860034638498,0.0347060076563938,0.0473797885251636,0.057501932077564
"575",28.7,0.0188979050914372,0.0293694396750084,0.00990055384584977,0.0270545574036116,0.0344295312582619,0.0470512386015704,0.0571625329706724
"576",28.75,0.0187274150124115,0.0292138280434157,0.00980617467772826,0.0268243032343015,0.0341540969023927,0.0467228916357029,0.0568220199672706
"577",28.8,0.0185580279331783,0.0290584848919173,0.00971251784043637,0.0265952473886818,0.0338797207659195,0.046394787568405,0.056480457093244
"578",28.85,0.0183897432795811,0.0289034164258004,0.00961958018407019,0.026367396034779,0.0336064186105268,0.0460669656883267,0.0561379076631361
"579",28.9,0.0182225603570351,0.0287486287638979,0.00952735853882786,0.0261407550791669,0.0333342057861743,0.0457394646327809,0.0557944342726175
"580",28.95,0.018056478352552,0.0285941279389869,0.00943584971562816,0.0259153301702511,0.0330630972348661,0.0454123223888132,0.0554500987914123
"581",29,0.0178914963367527,0.0284399198981925,0.00934505050672237,0.0256911267015539,0.0327931074944603,0.0450855762944807,0.0551049623566733
"582",29.05,0.0177276132658659,0.0282860105033969,0.0092549576862995,0.0254681498149976,0.0325242507025173,0.0447592630403326,0.0547590853667993
"583",29.1,0.0175648279837149,0.0281324055316547,0.00916556801108508,0.0252464044041874,0.0322565406001861,0.0444334186710899,0.0544125274756869
"584",29.15,0.0174031392236897,0.0279791106756119,0.00907687822093311,0.0250258951176911,0.0319899905361241,0.0441080785875155,0.0540653475874095
"585",29.2,0.0172425456107062,0.0278261315439315,0.00898888503941166,0.0248066263623152,0.0317246134704503,0.0437832775484725,0.0537176038513152
"586",29.25,0.0170830456631515,0.0276734736617226,0.00890158517438176,0.0245886023063765,0.0314604219787283,0.0434590496731628,0.0533693536575374
"587",29.3,0.0169246377948156,0.0275211424709748,0.00881497531856986,0.0243718268829694,0.0311974282559781,0.0431354284435433,0.0530206536329086
"588",29.35,0.0167673203168077,0.0273691433309976,0.00872905215013373,0.0241563037932258,0.0309356441207142,0.0428124467069118,0.0526715596372714
"589",29.4,0.0166110914394602,0.0272174815188635,0.00864381233322187,0.0239420365095691,0.0306750810190081,0.0424901366786598,0.0523221267601785
"590",29.45,0.016455949274216,0.0270661622298556,0.00855925251852644,0.0237290282789599,0.0304157500285725,0.0421685299451858,0.0519724093179724
"591",29.5,0.0163018918355032,0.0269151905779198,0.00847536934382974,0.0235172821261334,0.030157661862868,0.0418476574669641,0.0516224608512402
"592",29.55,0.0161489170425937,0.0267645715961208,0.00839215943454424,0.0233068008568273,0.0299008268752255,0.0415275495817648,0.051272334122632
"593",29.6,0.0159970227214475,0.0266143102371017,0.00830961940424626,0.0230975870610005,0.0296452550629888,0.0412082360080194,0.050922081115038
"594",29.65,0.0158462066065417,0.0264644113735477,0.00822774585520319,0.0228896431160397,0.0293909560716693,0.0408897458483274,0.0505717530301153
"595",29.7,0.0156964663426846,0.0263148797986538,0.00814653537889443,0.0226829711899562,0.0291379391991162,0.0405721075930988,0.0502214002871566
"596",29.75,0.0155477994868146,0.0261657202265953,0.00806598455652585,0.0224775732445689,0.0288862133996971,0.0402553491243285,0.0498710725222926
"597",29.8,0.015400203509783,0.0260169372930023,0.00798608995953812,0.0222734510386763,0.0286357872884885,0.0399394977194964,0.0495208185880216
"598",29.85,0.0152536757981226,0.0258685355554369,0.00790684815010864,0.0220706061312137,0.0283866691454758,0.0396245800555904,0.0491706865530578
"599",29.9,0.0151082136557993,0.0257205194938746,0.00782825568164717,0.0218690398843968,0.0281388669197584,0.0393106222132461,0.0488207237024891
"600",29.95,0.0149638143059493,0.0255728935111878,0.00775030909928537,0.0216687534668514,0.0278923882337612,0.0389976496809998,0.0484709765382403
"601",30,0.0148204748925995,0.025425661933632,0.00767300494035997,0.0214697478567268,0.027647240387449,0.0386856873596495,0.0481214907798298
"602",30.05,0.0146781924823728,0.0252788290113363,0.00759633973488986,0.0212720238447943,0.0274034303625431,0.0383747595667199,0.0477723113654153
"603",30.1,0.0145369640661771,0.0251323989187952,0.00752031000604703,0.0210755820375288,0.0271609648267392,0.0380648900410273,0.0474234824531195
"604",30.15,0.0143967865608786,0.0249863757553634,0.00744491227062127,0.0208804228601742,0.0269198501379236,0.0377561019473397,0.0470750474226284
"605",30.2,0.0142576568109588,0.0248407635457531,0.00737014303947897,0.020686546559791,0.0266800923483881,0.037448417881128,0.0467270488770549
"606",30.25,0.0141195715901554,0.024695566240534,0.00729599881801561,0.0204939532082862,0.026441697209041,0.0371418598734042,0.04637952864506
"607",30.3,0.0139825276030874,0.0245507877166351,0.00722247610660242,0.0203026427054249,0.0262046701736132,0.0368364493956422,0.0460325277832245
"608",30.35,0.0138465214868636,0.0244064317778487,0.00714957140102696,0.0201126147818235,0.0259690164028587,0.0365322073647787,0.0456860865786634
"609",30.4,0.013711549812675,0.0242625021553368,0.00707728119292767,0.0199238690019231,0.0257347407687475,0.0362291541482873,0.0453402445518766
"610",30.45,0.0135776090873711,0.0241190025081391,0.00700560197022253,0.019736404766944,0.02550184785865,0.0359273095693254,0.0449950404598271
"611",30.5,0.0134446957550197,0.023975936423683,0.00693453021753184,0.0195502213178196,0.0252703419795121,0.035626692911947,0.0446505122992418
"612",30.55,0.0133128061984504,0.0238333074182952,0.006864062416595,0.0193653177381102,0.0250402271620185,0.0353273229263805,0.0443066973101254
"613",30.6,0.0131819367407816,0.0236911189377152,0.00679419504668155,0.019181692956896,0.0248115071647452,0.0350292178343647,0.0439636319794827
"614",30.65,0.0130520836469318,0.02354937435761,0.00672492458499639,0.0189993457516492,0.0245841854782985,0.0347323953345431,0.0436213520452398
"615",30.7,0.0129232431251134,0.0234080769840907,0.00665624750707909,0.0188182747510839,0.0243582653294398,0.034436872607909,0.0432798925003606
"616",30.75,0.012795411328311,0.02326723005423,0.0065881602871976,0.0186384784379856,0.0241337496851956,0.0341426663233013,0.0429392875971483
"617",30.8,0.0126685843557433,0.023126836736581,0.00652065939873617,0.0184599551520167,0.0239106412569513,0.0338497926429458,0.0425995708517287
"618",30.85,0.0125427582543079,0.0229869001316975,0.00645374131457756,0.0182827030925016,0.023688942504528,0.0335582672280389,0.0422607750487051
"619",30.9,0.0124179290200103,0.0228474232726553,0.00638740250747968,0.0181067203211876,0.0234686556402414,0.0332681052443714,0.0419229322459821
"620",30.95,0.0122940925993766,0.022708409125574,0.00632163945044648,0.0179320047649835,0.0232497826329424,0.0329793213679871,0.0415860737797483
"621",31,0.0121712448908492,0.0225698605901405,0.00625644861709347,0.017758554218675,0.0230323252120366,0.0326919297908761,0.0412502302696143
"622",31.05,0.0120493817461668,0.0224317805001322,0.00619182648200744,0.0175863663476169,0.0228162848714851,0.0324059442266968,0.0409154316238982
"623",31.1,0.011928498971728,0.0222941716239423,0.00612776952110085,0.0174154386904006,0.0226016628737829,0.0321213779165259,0.0405817070450532
"624",31.15,0.011808592329938,0.0221570366651045,0.00606427421196073,0.0172457686614993,0.0223884602539152,0.0318382436346318,0.0402490850352307
"625",31.2,0.0116896575405398,0.0220203782628191,0.00600133703419202,0.0170773535538875,0.0221766778232914,0.0315565536942698,0.0399175934019737
"626",31.25,0.0115716902819284,0.0218841989924789,0.00593895446975563,0.0169101905416373,0.021966316173655,0.0312763199534954,0.0395872592640336
"627",31.3,0.0114546861924496,0.0217485013661962,0.0058771230033011,0.01674427668249,0.0217573756809699,0.0309975538209937,0.0392581090573055
"628",31.35,0.0113386408716821,0.0216132878333293,0.00581583912249389,0.016579608920403,0.0215498565092812,0.0307202662619219,0.0389301685408767
"629",31.4,0.0112235498817034,0.0214785607810101,0.00575509931833742,0.0164161840880715,0.0213437586145506,0.0304444678037621,0.0386034628031804
"630",31.45,0.0111094087483398,0.021344322534671,0.00569490008548983,0.0162539989094264,0.0211390817484657,0.0301701685421824,0.0382780162682534
"631",31.5,0.0109962129624006,0.0212105753585729,0.00563523792257553,0.0160930500021059,0.0209358254622229,0.0298973781469038,0.0379538527020876
"632",31.55,0.0108839579808957,0.0210773214563318,0.00557610933249157,0.0159333338799028,0.0207339891102821,0.0296261058675698,0.037630995219074
"633",31.6,0.010772639228238,0.0209445629714468,0.00551751082270886,0.0157748469551861,0.0205335718540945,0.029356360539617,0.0373094662885316
"634",31.65,0.0106622520974291,0.020812301987827,0.00545943890556828,0.0156175855412976,0.0203345726658014,0.029088150590145,0.0369892877413174
"635",31.7,0.0105527919512299,0.0206805405303187,0.00540189009857171,0.0154615458549223,0.0201369903319043,0.0288214840437815,0.0366704807765114
"636",31.75,0.0104442541233151,0.0205492805652317,0.00534486092466807,0.0153067240184344,0.0199408234569056,0.0285563685285431,0.0363530659681735
"637",31.8,0.0103366339194121,0.0204185240008662,0.00528834791253433,0.0151531160622165,0.0197460704669201,0.0282928112816869,0.0360370632721652
"638",31.85,0.010229926618424,0.0202882726880383,0.00523234759685156,0.015000717926954,0.0195527296132552,0.0280308191555534,0.0357224920330338
"639",31.9,0.0101241274735375,0.0201585284206058,0.00517685651857611,0.0148495254659035,0.0193607989759613,0.0277703986233971,0.0354093709909524
"640",31.95,0.0100192317133148,0.0200292929359928,0.00512187122520587,0.0146995344471352,0.0191702764673511,0.0275115557852035,0.0350977182887131
"641",32,0.00991523454277081,0.0199005679157142,0.00506738827104168,0.01455074055575,0.0189811598354871,0.0272542963734905,0.0347875514787675
"642",32.05,0.00981213114443401,0.0197723549858996,0.00501340421744399,0.0144031393960703,0.0187934466676384,0.0269986257590928,0.0344788875303114
"643",32.1,0.00970991667939303,0.0196446557178157,0.00495991563308477,0.0142567264938054,0.0186071343937039,0.0267445489569269,0.0341717428364087
"644",32.15,0.00960858628832738,0.0195174716283887,0.00490691909419456,0.0141114972981909,0.018422220289605,0.0264920706317359,0.0338661332211506
"645",32.2,0.00950813509252341,0.0193908041807256,0.00485441118480505,0.0139674471841021,0.0182387014806441,0.0262411951038111,0.033562073946847
"646",32.25,0.00940855819487519,0.0192646547846345,0.00480238849698685,0.0138245714541421,0.0180565749448313,0.0259919263546909,0.0332595797212446
"647",32.3,0.00930985068087037,0.0191390247971439,0.00475084763108271,0.0136828653407033,0.0178758375161778,0.0257442680328332,0.0329586647047693
"648",32.35,0.00921200761956133,0.0190139155230215,0.00469978519593623,0.0135423240080041,0.0176964858879555,0.0254982234592618,0.0326593425177891
"649",32.4,0.00911502406452144,0.0188893282152908,0.00464919780911591,0.0134029425540991,0.0175185166159234,0.0252537956331836,0.0323616262478921
"650",32.45,0.00901889505478681,0.0187652640757478,0.00459908209713488,0.0132647160128637,0.0173419261215206,0.0250109872375774,0.0320655284571796
"651",32.5,0.00892361561578336,0.018641724255476,0.00454943469566607,0.013127639355954,0.0171667106950246,0.0247698006447508,0.0317710611895669
"652",32.55,0.00882918076023944,0.0185187098553598,0.00450025224975299,0.0129917074947394,0.0169928664986764,0.0245302379218653,0.0314782359780916
"653",32.6,0.00873558548908417,0.0183962219265973,0.0044515314140162,0.0128569152822115,0.016820389569771,0.0242923008364277,0.0311870638522249
"654",32.65,0.00864282479233128,0.0182742614712115,0.00440326885285538,0.012723257514866,0.0166492758237132,0.0240559908617476,0.0308975553451818
"655",32.7,0.00855089364994904,0.0181528294425595,0.00435546124064717,0.0125907289345601,0.0164795210570397,0.0238213091823585,0.0306097205012301
"656",32.75,0.00845978703271589,0.0180319267458417,0.00430810526193873,0.0124593242303447,0.0163111209504063,0.023588256699403,0.0303235688829914
"657",32.8,0.00836949990306225,0.0179115542386078,0.0042611976116371,0.0123290380402706,0.0161440710715405,0.023356834035979,0.0300391095787345
"658",32.85,0.0082800272158983,0.017791712731263,0.00421473499519439,0.0121998649531702,0.0159783668781593,0.0231270415424486,0.0297563512096566
"659",32.9,0.00819136391942814,0.017672402987571,0.00416871412878886,0.0120717995104141,0.0158140037208525,0.0228988793017064,0.0294753019371507
"660",32.95,0.00810350495595013,0.0175536257251566,0.00412313173950189,0.0119448362076424,0.0156509768459315,0.0226723471344073,0.0291959694700548
"661",33,0.00801644526264388,0.0174353816160062,0.00407798456549092,0.0118189694964716,0.0154892813982423,0.0224474446041537,0.0289183610718831
"662",33.05,0.00793017977234349,0.0173176712869667,0.00403326935615836,0.0116941937861764,0.015328912423945,0.022224171022639,0.0286424835680344
"663",33.1,0.00784470341429773,0.0172004953202423,0.00398898287231653,0.0115705034453476,0.0151698648732575,0.0220025254547501,0.028368343352976
"664",33.15,0.00776001111491676,0.0170838542538901,0.00394512188634869,0.0114478928035243,0.015012133603165,0.0217825067236239,0.0280959463974018
"665",33.2,0.00767609779850588,0.0169677485823136,0.0039016831823662,0.0113263561528029,0.014855713380094,0.0215641134156614,0.0278252982553612
"666",33.25,0.00759295838798617,0.0168521787567545,0.00385866355636175,0.0112058877494212,0.0147005988825528,0.0213473438854959,0.0275564040713567
"667",33.3,0.00751058780560221,0.016737145185782,0.00381605981635886,0.0110864818153191,0.0145467847037362,0.021132196260915,0.0272892685874093
"668",33.35,0.00742898097361712,0.0166226482357814,0.0037738687825576,0.0109681325396742,0.0143942653540957,0.0209186684477375,0.0270238961500886
"669",33.4,0.00734813281499472,0.0165086882314394,0.00373208728747649,0.0108508340804148,0.0142430352638758,0.0207067581346426,0.0267602907175056
"670",33.45,0.00726803825406932,0.0163952654562285,0.00369071217609085,0.0107345805657082,0.0140930887856153,0.0204964627979519,0.026498455866268
"671",33.5,0.00718869221720292,0.0162823801528887,0.00364974030596735,0.0106193660954266,0.0139444201966141,0.0202877797063646,0.0262383947983939
"672",33.55,0.00711008963343011,0.0161700325239072,0.00360916854739508,0.0105051847425884,0.013797023701366,0.0200807059256427,0.0259801103481841
"673",33.6,0.00703222543509072,0.0160582227319966,0.00356899378351293,0.010392030554777,0.0136508934339574,0.0198752383232493,0.0257236049890503
"674",33.65,0.00695509455845039,0.0159469509005702,0.00352921291043352,0.0102798975555369,0.0135060234604313,0.0196713735729368,0.0254688808402985
"675",33.7,0.00687869194430909,0.0158362171142157,0.00348982283736354,0.0101687797457456,0.0133624077811181,0.0194691081592863,0.0252159396738649
"676",33.75,0.00680301253859784,0.0157260214191664,0.00345082048672079,0.0100586711049643,0.013220040332932,0.0192684383821969,0.0249647829210048
"677",33.8,0.00672805129296352,0.0156163638237705,0.00341220279424759,0.00994956559276487,0.0130789149916342,0.0190693603613254,0.0247154116789304
"678",33.85,0.00665380316534219,0.0155072442989579,0.00337396670912101,0.00984145715003518,0.0129390255740619,0.0188718700404756,0.0244678267173993
"679",33.9,0.00658026312052073,0.0153986627787049,0.00333610919405956,0.0097343397002616,0.0128003658403248,0.018675963191937,0.0242220284852502
"680",33.95,0.00650742613068714,0.0152906191604965,0.00329862722542681,0.00962820715078991,0.0126629294959673,0.0184816354207734,0.0239780171168853
"681",34,0.00643528717596958,0.0151831133057865,0.0032615177933315,0.00952305339406418,0.0125267101940989,0.0182888821690598,0.0237357924386986
"682",34.05,0.00636384124496404,0.0150761450404552,0.00322477790172462,0.00941887230884378,0.0123917015374903,0.018097698720069,0.023495353975449
"683",34.1,0.00629308333525123,0.0149697141552647,0.00318840456849316,0.00931565776139919,0.0122578970806383,0.0179080802024066,0.0232567009565767
"684",34.15,0.00622300845390219,0.014863820406312,0.00315239482555082,0.00921340360668619,0.0121252903317969,0.0177200215940955,0.0230198323224623
"685",34.2,0.00615361161797332,0.0147584635154796,0.00311674571892551,0.00911210368949905,0.0119938747549771,0.0175335177266081,0.022784746730628
"686",34.25,0.00608488785499059,0.0146536431708834,0.00308145430884385,0.00901175184560277,0.0118636437719136,0.0173485632888476,0.0225514425618796
"687",34.3,0.00601683220342313,0.0145493590273188,0.00304651766981256,0.00891234190284435,0.0117345907640006,0.0171651528310783,0.0223199179263883
"688",34.35,0.0059494397131464,0.0144456107067033,0.00301193289069695,0.00881386768224378,0.0116067090741951,0.0169832807688039,0.0220901706697125
"689",34.4,0.00588270544589491,0.0143423977985182,0.00297769707479631,0.00871632299906428,0.0114799920088892,0.0168029413865945,0.0218621983787583
"690",34.45,0.00581662447570477,0.0142397198602459,0.00294380733991652,0.00861970166386264,0.011354432839751,0.0166241288418624,0.0216359983876776
"691",34.5,0.00575119188934609,0.0141375764178062,0.00291026081843964,0.00852399748351935,0.0112300248055344,0.0164468371685864,0.0214115677837045
"692",34.55,0.00568640278674528,0.0140359669659893,0.00287705465739073,0.00842920426224891,0.0111067611138582,0.0162710602809851,0.0211889034129279
"693",34.6,0.00562225228139763,0.0139348909688865,0.00284418601850185,0.00833531580259068,0.0109846349429544,0.0160967919771385,0.0209680018860012
"694",34.65,0.00555873550076982,0.0138343478603182,0.00281165207827322,0.00824232590638005,0.0108636394433869,0.0159240259425592,0.0207488595837878
"695",34.7,0.00549584758669309,0.0137343370442593,0.00277945002803169,0.00815022837570057,0.0107437677397387,0.0157527557537118,0.0205314726629419
"696",34.75,0.00543358369574661,0.0136348578952622,0.00274757707398651,0.00805901701381695,0.0106250129322709,0.0155829748814824,0.0203158370614254
"697",34.8,0.00537193899963151,0.013535909758877,0.00271603043728235,0.00796868562608919,0.010507368098551,0.0154146766945967,0.0201019485039588
"698",34.85,0.00531090868553563,0.013437491952069,0.00268480735404981,0.00787922802086819,0.0103908262950521,0.015247854462988,0.019889802507407
"699",34.9,0.00525048795648892,0.013339603763634,0.00265390507545322,0.00779063801037272,0.0102753805587233,0.0150825013611146,0.0196793943861
"700",34.95,0.00519067203170987,0.0132422444546102,0.00262332086773592,0.0077029094115483,0.010161023908531,0.0149186104712273,0.0194707192570866
"701",35,0.00513145614694296,0.013145413258688,0.00259305201226301,0.00761603604690801,0.0100477493469716,0.014756174786587,0.0192637720453234
"702",35.05,0.00507283555478714,0.013049109382617,0.0025630958055616,0.00753001174535531,0.00993554986155613,0.0145951872146323,0.0190585474887966
"703",35.1,0.00501480552501564,0.0129533320066105,0.00253344955935862,0.0074448303429894,0.00982441842626666,0.014435640580098,0.0188550401435778
"704",35.15,0.00495736134488714,0.0128580802847464,0.00250411060061615,0.00736048568389301,0.0097143480029849,0.0142775276280844,0.0186532443888136
"705",35.2,0.00490049831944833,0.0127633533453668,0.00247507627156443,0.00727697162090296,0.0096053315428934,0.0141208410270772,0.0184531544316481
"706",35.25,0.0048442117718282,0.0126691502914737,0.00244634392973247,0.00719428201636373,0.00949736198784959,0.0139655733719194,0.0182547643120804
"707",35.3,0.00478849704352382,0.0125754702011225,0.00241791094797634,0.007112410742864,0.00939043227173259,0.0138117171867341,0.0180580679077535
"708",35.35,0.00473334949467813,0.0124823121278128,0.0023897747145052,0.00703135168395682,0.00928453532176365,0.0136592649278004,0.0178630589386786
"709",35.4,0.0046787645043495,0.0123896751008761,0.00236193263290505,0.00695109873486308,0.00917966405979989,0.0135082089863796,0.0176697309718922
"710",35.45,0.00462473747077333,0.012297558125861,0.00233438212216023,0.00687164580315874,0.00907581140360213,0.0133585416914961,0.0174780774260471
"711",35.5,0.0045712638116159,0.012205960184916,0.00230712061667283,0.00679298680944627,0.00897297026807676,0.0132102553126696,0.0172880915759371
"712",35.55,0.00451833896422028,0.0121148802371686,0.00228014556627981,0.00671511568800985,0.00887113356649203,0.0130633420626011,0.017099766556956
"713",35.6,0.00446595838584476,0.0120243172191023,0.00225345443626815,0.00663802638745525,0.00877029421166908,0.0129177940998126,0.0169130953694906
"714",35.65,0.0044141175538936,0.0119342700449313,0.00222704470738776,0.00656171287133397,0.00867044511714791,0.0127736035312403,0.0167280708832476
"715",35.7,0.0043628119661404,0.0118447376069707,0.00220091387586242,0.00648616911875234,0.00857157919832867,0.0126307624147821,0.0165446858415161
"716",35.75,0.00431203714094417,0.0117557187760063,0.00217505945339872,0.00641138912496539,0.00847368937358846,0.0124892627618002,0.016362932865364
"717",35.8,0.0042617886174581,0.0116672124016593,0.00214947896719291,0.00633736690195597,0.00837676856537392,0.0123490965395778,0.0161828044577694
"718",35.85,0.0042120619558313,0.0115792173127499,0.00212416995993588,0.00626409647899909,0.00828080970127007,0.0122102556737324,0.0160042930076883
"719",35.9,0.00416285273740338,0.0114917323176571,0.00209912998981616,0.00619157190321185,0.00818580571504536,0.0120727320505832,0.0158273907940568
"720",35.95,0.00411415656489227,0.0114047562046764,0.00207435663052103,0.00611978724008899,0.00809174954767349,0.0119365175194762,0.0156520899897298
"721",36,0.00406596906257514,0.011318287742374,0.00204984747123578,0.00604873657402451,0.00799863414833228,0.0118016038950652,0.0154783826653558
"722",36.05,0.00401828587646261,0.0112323256799388,0.00202560011664111,0.00597841400881914,0.00790645247537954,0.0116679829595493,0.0153062607931885
"723",36.1,0.00397110267446642,0.0111468687475315,0.00200161218690877,0.00590881366817441,0.00781519749730679,0.0115356464648683,0.0151357162508352
"724",36.15,0.00392441514656045,0.0110619156566302,0.00197788131769534,0.00583992969617284,0.00772486219367039,0.0114045861348559,0.0149667408249424
"725",36.2,0.00387821900493549,0.0109774651003746,0.00195440516013434,0.00577175625774508,0.00763543955600113,0.0112747936673506,0.0147993262148198
"726",36.25,0.00383250998414762,0.0108935157539056,0.0019311813808266,0.00570428753912377,0.00754692258869197,0.0111462607362656,0.0146334640360015
"727",36.3,0.00378728384126036,0.0108100662747041,0.00190820766182895,0.00563751774828448,0.00745930430986447,0.0110189789936173,0.0144691458237463
"728",36.35,0.00374253635598075,0.010727115302925,0.00188548170064123,0.00557144111537387,0.0073725777522142,0.0108929400715135,0.0143063630364775
"729",36.4,0.00369826333078937,0.0106446614617299,0.0018630012101917,0.00550605189312522,0.00728673596383524,0.0107681355841014,0.0141451070591611
"730",36.45,0.00365446059106449,0.0105627033576163,0.00184076391882081,0.00544134435726162,0.00720177200902429,0.010644557129476,0.0139853692066246
"731",36.5,0.00361112398520036,0.0104812395807443,0.00181876757026351,0.00537731280688694,0.00711767896906451,0.0105221962915487,0.0138271407268164
"732",36.55,0.00356824938471975,0.0104002687052602,0.00179700992362984,0.00531395156486471,0.00703444994298928,0.0104010446418777,0.0136704128040053
"733",36.6,0.00352583268438088,0.0103197892896175,0.00177548875338419,0.00525125497818513,0.00695207804832644,0.0102810937414595,0.0135151765619219
"734",36.65,0.00348386980227881,0.010239799876895,0.00175420184932292,0.00518921741832051,0.006870556421823,0.0101623351424826,0.0133614230668421
"735",36.7,0.00344235667994136,0.0101602989951126,0.00173314701655068,0.00512783328156907,0.00678987822015074,0.0100447603900437,0.0132091433306123
"736",36.75,0.00340128928241966,0.0100812851575434,0.00171232207545513,0.00506709698938751,0.00671003662059293,0.0099283610238266,0.0130583283136179
"737",36.8,0.00336066359837342,0.0100027568630238,0.00169172486168038,0.00500700298871237,0.00663102482171246,0.00981312857974471,0.0129089689276954
"738",36.85,0.00332047564015111,0.00992471259626074,0.00167135322609906,0.00494754575227054,0.00655283604400165,0.00969905459154707,0.0127610560389879
"739",36.9,0.00328072144386488,0.00984715082813564,0.00165120503478291,0.00488871977887874,0.00647546353051395,0.00958613059238871,0.0126145804707456
"740",36.95,0.00324139706946063,0.00977007001600609,0.0016312781689722,0.0048305195937326,0.00639890054747783,0.00947434811636565,0.0124695330060713
"741",37,0.00320249860078306,0.00969346860400472,0.00161157052504379,0.00477293974868517,0.00632314038489323,0.00936369870001505,0.012325904390611
"742",37.05,0.00316402214563594,0.00961734502333509,0.00159208001447789,0.00471597482251511,0.0062481763571106,0.00925417388378085,0.0121836853351913
"743",37.1,0.00312596383583767,0.00954169769256503,0.00157280456382363,0.00465961942118487,0.00617400180339303,0.00914576521344541,0.0120428665184031
"744",37.15,0.00308831982727204,0.00946652501791712,0.00155374211466337,0.00460386817808878,0.00610061008846157,0.00903846424152756,0.0119034385891327
"745",37.2,0.00305108629993454,0.00939182539355662,0.00153489062357588,0.00454871575429145,0.00602799460302406,0.00893226252864757,0.0117653921690408
"746",37.25,0.00301425945797418,0.00931759720187631,0.00151624806209825,0.0044941568387565,0.00595614876428776,0.00882715164485945,0.0116287178549899
"747",37.3,0.0029778355297308,0.00924383881377906,0.00149781241668676,0.00444018614856581,0.00588506601645589,0.00872312317095088,0.0114934062214207
"748",37.35,0.00294181076776813,0.00917054858895734,0.00147958168867657,0.00438679842912951,0.00581473983120861,0.00862016869971152,0.0113594478226782
"749",37.4,0.00290618144890256,0.00909772487617016,0.00146155389424032,0.00433398845438674,0.00574516370816823,0.00851827983716972,0.0112268331952875
"750",37.45,0.00287094387422777,0.00902536601351727,0.0014437270643457,0.0042817510269975,0.00567633117534952,0.00841744820379854,0.0110955528601812
"751",37.5,0.00283609436913526,0.00895347032871083,0.00142609924471194,0.00423008097852568,0.00560823578959479,0.00831766543569112,0.0109655973248775
"752",37.55,0.00280162928333084,0.00888203613934401,0.00140866849576525,0.0041789731696133,0.00554087113699428,0.008218923185706,0.0108369570856102
"753",37.6,0.00276754499084725,0.00881106175315747,0.00139143289259334,0.00412842249014632,0.00547423083329211,0.00812121312458288,0.010709622629412
"754",37.65,0.0027338378900528,0.00874054546830242,0.0013743905248989,0.00407842385941205,0.00540830852427783,0.00802452694202905,0.0105835844361499
"755",37.7,0.00270050440365637,0.00867048557360203,0.00135753949695215,0.00402897222624831,0.0053430978861641,0.00792885634777718,0.0104588329805152
"756",37.75,0.00266754097870864,0.00860088034880914,0.00134087792754243,0.00398006256918459,0.00527859262595049,0.00783419307261473,0.0103353587339672
"757",37.8,0.00263494408659963,0.00853172806486205,0.00132440394992894,0.00393168989657515,0.00521478648177371,0.00774052886938531,0.0102131521666321
"758",37.85,0.00260271022305276,0.00846302698413737,0.00130811571179055,0.00388384924672447,0.00515167322324457,0.00764785551396276,0.0100922037491575
"759",37.9,0.00257083590811541,0.00839477536070035,0.00129201137517475,0.00383653568800499,0.00508924665177182,0.00755616480619791,0.00997250395452272
"760",37.95,0.00253931768614601,0.00832697144055259,0.00127608911644576,0.00378974431896733,0.00502750060087309,0.00746544857083883,0.009854043259806
"761",38,0.00250815212579784,0.00825961346187704,0.00126034712623182,0.00374347026844327,0.00496642893647326,0.0073756986584248,0.00973681214790908
"762",38.05,0.00247733581999953,0.0081926996552805,0.00124478360937173,0.00369770869564135,0.00490602555719036,0.00728690694615438,0.00962080110923932
"763",38.1,0.00244686538593234,0.00812622824403372,0.00122939678486047,0.0036524547902355,0.00484628439460927,0.00719906533872806,0.0095060006433506
"764",38.15,0.00241673746500433,0.00806019744430837,0.00121418488579426,0.00360770377244674,0.00478719941354346,0.00711216576916594,0.00939240126054315
"765",38.2,0.00238694872282144,0.00799460546541221,0.00119914615931469,0.00356345089311798,0.00472876461228499,0.00702620019960075,0.00927999348342306
"766",38.25,0.00235749584915558,0.00792945051002109,0.00118427886655227,0.00351969143378224,0.00467097402284294,0.00694116062204661,0.00916876784842199
"767",38.3,0.00232837555790974,0.00786473077440865,0.00116958128256922,0.00347642070672426,0.00461382171117046,0.00685703905914396,0.00905871490727763
"768",38.35,0.00229958458708029,0.00780044444867363,0.00115505169630159,0.00343363405503578,0.00455730177738081,0.00677382756488119,0.00894982522847569
"769",38.4,0.00227111969871642,0.00773658971696432,0.00114068841050073,0.00339132685266438,0.00450140835595236,0.00669151822529296,0.00884208939865373
"770",38.45,0.00224297767887683,0.00767316475770081,0.00112648974167409,0.00334949450445639,0.00444613561592297,0.00661010315913619,0.00873549802396761
"771",38.5,0.00221515533758382,0.00761016774379463,0.00111245402002548,0.00330813244619355,0.0043914777610738,0.00652957451854346,0.00863004173142097
"772",38.55,0.0021876495087746,0.00754759684286586,0.00109857958939462,0.00326723614462391,0.00433742903010286,0.00644992448965471,0.00852571117015843
"773",38.6,0.00216045705025024,0.00748545021745793,0.00108486480719619,0.00322680109748691,0.00428398369678845,0.00637114529322747,0.00842249701272314
"774",38.65,0.00213357484362192,0.00742372602524973,0.00107130804435829,0.00318682283353272,0.00423113607014263,0.00629322918522569,0.00832038995627889
"775",38.7,0.0021069997942549,0.00736242241926555,0.00105790768526032,0.00314729691253619,0.00417888049455509,0.00621616845738811,0.00821938072379787
"776",38.75,0.00208072883121001,0.00730153754808224,0.00104466212767041,0.00310821892530523,0.00412721134992733,0.00613995543777598,0.00811946006521408
"777",38.8,0.00205475890718285,0.00724106955603435,0.00103156978268223,0.00306958449368394,0.00407612305179768,0.00606458249130088,0.00802061875854344
"778",38.85,0.00202908699844071,0.00718101658341646,0.00101862907465143,0.0030313892705506,0.00402561005145704,0.00599004202023283,0.00792284761097076
"779",38.9,0.00200371010475734,0.00712137676668351,0.00100583844113149,0.00299362893981047,0.00397566683605572,0.00591632646468904,0.00782613745990435
"780",38.95,0.00197862524934544,0.00706214823864848,0.000993196332809208,0.00295629921638375,0.00392628792870155,0.00584342830310377,0.00773047917399879
"781",39,0.00195382947878718,0.00700332912867757,0.000980701213439649,0.00291939584618856,0.00387746788854923,0.00577134005267939,0.00763586365414607
"782",39.05,0.00192931986296263,0.00694491756288362,0.000968351559780754,0.00288291460611925,0.00382920131088142,0.00570005426981942,0.00754228183443624
"783",39.1,0.00190509349497611,0.00688691166431638,0.000956145861527488,0.00284685130402011,0.00378148282718156,0.00562956355054343,0.00744972468308758
"784",39.15,0.00188114749108079,0.00682930955315107,0.00094408262124561,0.00281120177865441,0.00373430710519852,0.00555986053088442,0.00735818320334689
"785",39.2,0.00185747899060119,0.00677210934687448,0.000932160354305067,0.00277596189966916,0.00368766884900348,0.00549093788726893,0.00726764843436075
"786",39.25,0.00183408515585401,0.00671530916046843,0.000920377588813016,0.00274112756755544,0.00364156279903899,0.00542278833688025,0.00717811145201782
"787",39.3,0.00181096317206708,0.00665890710659139,0.000908732865546507,0.00270669471360461,0.0035959837321605,0.00535540463800492,0.00708956336976293
"788",39.35,0.0017881102472966,0.00660290129575764,0.000897224737884841,0.00267265929986029,0.00355092646167053,0.00528877959036314,0.0070019953393836
"789",39.4,0.00176552361234273,0.00654728983651407,0.000885851771741583,0.00263901731906639,0.00350638583734556,0.00522290603542297,0.006915398551769
"790",39.45,0.00174320052066347,0.00649207083561483,0.000874612545496312,0.00260576479461122,0.00346235674545584,0.00515777685669911,0.00682976423764248
"791",39.5,0.00172113824828699,0.00643724239819378,0.000863505649926046,0.00257289778046773,0.00341883410877834,0.0050933849800362,0.00674508366826756
"792",39.55,0.00169933409372244,0.00638280262793465,0.000852529688136423,0.00254041236113004,0.00337581288660289,0.00502972337387716,0.00666134815612837
"793",39.6,0.00167778537786922,0.00632874962723892,0.000841683275492605,0.00250830465154637,0.00333328807473176,0.00496678504951679,0.00657854905558465
"794",39.65,0.0016564894439248,0.0062750814973917,0.000830965039549937,0.00247657079704831,0.00329125470547271,0.00490456306134094,0.0064966777635019
"795",39.7,0.00163544365729115,0.00622179633872535,0.000820373619984396,0.00244520697327685,0.00324970784762593,0.00484305050705159,0.00641572571985737
"796",39.75,0.00161464540547984,0.00616889225078071,0.000809907668522782,0.00241420938610477,0.00320864260646452,0.00478224052787803,0.00633568440832187
"797",39.8,0.0015940920980157,0.00611636733246656,0.000799565848872743,0.00238357427155597,0.00316805412370926,0.00472212630877455,0.00625654535681834
"798",39.85,0.00157378116633939,0.00606421968221662,0.000789346836652588,0.00235329789572154,0.00312793757749736,0.00466270107860492,0.00617830013805743
"799",39.9,0.00155371006370854,0.00601244739814463,0.000779249319320921,0.00232337655467268,0.00308828818234548,0.00460395811031373,0.0061009403700504
"800",39.95,0.00153387626509784,0.00596104857819724,0.000769271996106122,0.00229380657437072,0.00304910118910729,0.00454589072108525,0.00602445771660013
"801",40,0.0015142772670979,0.00591002132030471,0.000759413577935653,0.00226458431057403,0.00301037188492542,0.00448849227248968,0.0059488438877703
"802",40.05,0.00149491058781304,0.00585936372252979,0.000749672787365239,0.00223570614874225,0.00297209559317822,0.00443175617061735,0.0058740906403334
"803",40.1,0.00147577376675799,0.00580907388321415,0.000740048358507919,0.00220716850393767,0.00293426767342132,0.00437567586620104,0.00580018977819805
"804",40.15,0.00145686436475353,0.00575914990112311,0.000730539036962966,0.00217896782072387,0.00289688352132409,0.00432024485472658,0.00572713315281575
"805",40.2,0.00143817996382121,0.00570958987558817,0.000721143579744719,0.00215110057306185,0.00285993856860124,0.00426545667653223,0.00565491266356788
"806",40.25,0.00141971816707701,0.00566039190664755,0.0007118607552113,0.00212356326420352,0.00282342828293966,0.00421130491689682,0.00558352025813296
"807",40.3,0.00140147659862417,0.00561155409518462,0.000702689342993266,0.00209635242658282,0.00278734816792046,0.00415778320611713,0.00551294793283492
"808",40.35,0.0013834529034451,0.00556307454306448,0.000693628133922183,0.00206946462170433,0.00275169376293665,0.00410488521957462,0.00544318773297256
"809",40.4,0.00136564474729239,0.00551495135326845,0.000684675929959127,0.00204289644002973,0.00271646064310625,0.00405260467779178,0.00537423175313066
"810",40.45,0.00134804981657916,0.00546718263002681,0.000675831544123159,0.00201664450086185,0.00268164441918121,0.00400093534647847,0.00530607213747323
"811",40.5,0.0013306658182684,0.00541976647894907,0.000667093800419733,0.00199070545222666,0.00264724073745208,0.0039498710365682,0.00523870108001903
"812",40.55,0.00131349047976182,0.00537270100715302,0.000658461533769091,0.00196507597075311,0.00261324527964862,0.00389940560424491,0.00517211082490005
"813",40.6,0.00129652154878775,0.00532598432339119,0.000649933589934639,0.00193975276155093,0.00257965376283654,0.00384953295096033,0.00510629366660311
"814",40.65,0.00127975679328858,0.00527961453817595,0.000641508825451299,0.00191473255808651,0.00254646193931025,0.00380024702344201,0.00504124195019501
"815",40.7,0.00126319400130738,0.00523358976390219,0.000633186107553883,0.0018900121220568,0.00251366559648205,0.00375154181369257,0.00497694807153163
"816",40.75,0.00124683098087398,0.00518790811496859,0.000624964314105453,0.00186558824326146,0.00248126055676756,0.0037034113589801,0.00491340447745133
"817",40.8,0.00123066555989052,0.00514256770789683,0.00061684233352572,0.00184145773947318,0.0024492426774677,0.00365584974182002,0.00485060366595288
"818",40.85,0.00121469558601631,0.00509756666144872,0.000608819064719464,0.00181761745630632,0.0024176078506473,0.00360885108994871,0.00478853818635853
"819",40.9,0.00119891892655231,0.00505290309674196,0.000600893417004987,0.00179406426708386,0.00238635200301028,0.00356240957628897,0.00472720063946225
"820",40.95,0.00118333346832505,0.00500857513736383,0.000593064310042624,0.00177079507270286,0.00235547109577179,0.00351651941890761,0.00466658367766381
"821",41,0.00116793711757006,0.00496458090948282,0.000585330673763296,0.00174780680149824,0.00232496112452709,0.00347117488096533,0.00460668000508864
"822",41.05,0.00115272779981492,0.00492091854195899,0.000577691448297138,0.00172509640910525,0.0022948181191175,0.00342637027065911,0.0045474823776942
"823",41.1,0.00113770345976187,0.00487758616645227,0.000570145583902199,0.00170266087832043,0.00226503814349346,0.0033820999411574,0.00448898360336299
"824",41.15,0.00112286206117008,0.00483458191752882,0.000562692040893211,0.00168049721896125,0.00223561729557472,0.003338358290528,0.00443117654198241
"825",41.2,0.0011082015867375,0.00479190393276603,0.000555329789570466,0.00165860246772445,0.00220655170710783,0.0032951397616593,0.00437405410551204
"826",41.25,0.00109372003798243,0.00474955035285555,0.00054805781014877,0.0016369736880431,0.002177837543521,0.00325243884217455,0.00431760925803839
"827",41.3,0.0010794154351248,0.00470751932170458,0.000540875092686514,0.00161560796994255,0.00214947100377639,0.00321025006433975,0.00426183501581771
"828",41.35,0.00106528581696714,0.00466580898653555,0.000533780637014859,0.00159450242989515,0.00212144832022002,0.00316856800496513,0.00420672444730683
"829",41.4,0.00105132924077531,0.00462441749798413,0.000526773452667027,0.00157365421067393,0.0020937657584292,0.00312738728530046,0.0041522706731826
"830",41.45,0.00103754378215903,0.00458334301019538,0.000519852558807739,0.00155306048120525,0.00206641961705777,0.00308670257092438,0.00409846686635011
"831",41.5,0.00102392753495215,0.00454258368091859,0.000513016984162764,0.00153271843642044,0.00203940622767909,0.0030465085716278,0.00404530625193991
"832",41.55,0.00101047861109282,0.00450213767159997,0.000506265766948631,0.0015126252971065,0.00201272195462693,0.00300680004129183,0.00399278210729464
"833",41.6,0.000997195140503447,0.00446200314747426,0.000499597954802478,0.00149277830975596,0.00198636319483435,0.00296757177776003,0.00394088776194531
"834",41.65,0.000984075270970527,0.00442217827765424,0.000493012604712053,0.00147317474641579,0.00196032637767051,0.00292881862270542,0.0038896165975774
"835",41.7,0.000971117168024385,0.00438266123521899,0.000486508782945888,0.00145381190453566,0.00193460796477577,0.00289053546149232,0.00383896204798718
"836",41.75,0.000958319014818803,0.00434345019730036,0.000480085564983624,0.00143468710681528,0.00190920444989481,0.00285271722303312,0.00378891759902843
"837",41.8,0.000945679012010604,0.00430454334516784,0.000473742035446529,0.00141579770105116,0.00188411235870814,0.00281535887964029,0.00373947678854987
"838",41.85,0.000933195377639177,0.00426593886431212,0.000467477288028185,0.00139714105998267,0.0018593282486619,0.00277845544687361,0.00369063320632355
"839",41.9,0.000920866347005965,0.00422763494452681,0.000461290425425357,0.00137871458113744,0.00183484870879608,0.00274200198338284,0.00364238049396432
"840",41.95,0.000908690172553962,0.00418962977998882,0.00045518055926907,0.00136051568667622,0.00181067035957123,0.00270599359074602,0.00359471234484092
"841",42,0.000896665123747211,0.00415192156933704,0.000449146810055865,0.00134254182323715,0.00178678985269367,0.00267042541330349,0.00354762250397851
"842",42.05,0.000884789486950342,0.00411450851574971,0.000443188307079273,0.00132479046177961,0.00176320387093944,0.00263529263798779,0.00350110476795334
"843",42.1,0.000873061565308157,0.00407738882702027,0.000437304188361492,0.00130725909742751,0.00173990912797678,0.00260059049414956,0.00345515298477943
"844",42.15,0.000861479678625273,0.00404056071563154,0.000431493600585274,0.00128994524931224,0.0017169023681875,0.00256631425337958,0.0034097610537876
"845",42.2,0.00085004216324587,0.00400402239882872,0.000425755699026042,0.00127284646041516,0.00169418036648704,0.00253245922932716,0.00336492292549724
"846",42.25,0.000838747371933525,0.00396777209869061,0.000420089647484219,0.00125596029740981,0.00167173992814352,0.00249902077751482,0.00332063260148072
"847",42.3,0.000827593673751176,0.0039318080421998,0.000414494618217795,0.00123928435050375,0.00164957788859564,0.00246599429514968,0.00327688413422095
"848",42.35,0.000816579453941219,0.0038961284613111,0.000408969791875128,0.00122281623328012,0.00162769111326961,0.00243337522093135,0.00323367162696216
"849",42.4,0.000805703113805763,0.00386073159301867,0.000403514357427977,0.00120655358253904,0.00160607649739514,0.00240115903485673,0.0031909892335541
"850",42.45,0.00079496307058704,0.00382561567942177,0.000398127512104783,0.00119049405813865,0.00158473096582052,0.00236934125802165,0.0031488311582899
"851",42.5,0.000784357757348026,0.00379077896778922,0.0003928084613242,0.00117463534283612,0.0015636514728269,0.00233791745241963,0.00310719165573786
"852",42.55,0.000773885622853226,0.00375621971062232,0.000387556418628873,0.00115897514212842,0.00154283500194175,0.00230688322073766,0.00306606503056716
"853",42.6,0.000763545131449715,0.00372193616571654,0.000382370605619475,0.00114351118409301,0.00152227856575163,0.00227623420614936,0.00302544563736795
"854",42.65,0.000753334762948363,0.00368792659622176,0.000377250251889003,0.00112824121922839,0.00150197920571428,0.00224596609210545,0.00298532788046578
"855",42.7,0.000743253012505346,0.00365418927070143,0.000372194594957341,0.00111316302029475,0.00148193399197009,0.00221607460212172,0.00294570621373072
"856",42.75,0.000733298390503877,0.00362072246318999,0.000367202880206087,0.00109827438215436,0.00146214002315296,0.0021865554995646,0.00290657514038124
"857",42.8,0.000723469422436232,0.0035875244532495,0.000362274360813655,0.00108357312161218,0.00144259442620074,0.00215740458743436,0.00286792921278303
"858",42.85,0.000713764648786051,0.00355459352602453,0.000357408297690653,0.00106905707725636,0.00142329435616507,0.00212861770814627,0.00282976303224314
"859",42.9,0.000704182624910925,0.00352192797229617,0.000352603959415533,0.00105472410929887,0.00140423699602091,0.00210019074330943,0.0027920712487992
"860",42.95,0.000694721920925316,0.00348952608853441,0.000347860622170539,0.0010405720994162,0.00138541955647561,0.00207211961350379,0.00275484856100442
"861",43,0.000685381121583763,0.00345738617694956,0.000343177569677917,0.00102659895059014,0.00136683927577766,0.00204440027805518,0.00271808971570796
"862",43.05,0.000676158826164446,0.00342550654554229,0.000338554093136438,0.00101280258694874,0.00134849341952521,0.00201702873480849,0.00268178950783136
"863",43.1,0.000667053648353096,0.00339388550815249,0.000333989491158198,0.000999180953607408,0.00133037928047425,0.00199000101989927,0.00264594278014083
"864",43.15,0.000658064216127228,0.00336252138450705,0.000329483069705717,0.000985732016510183,0.00131249417834665,0.00196331320752351,0.0026105444230157
"865",43.2,0.000649189171640777,0.00333141250026603,0.000325034142029338,0.000972453762271249,0.00129483545963801,0.00193696140970605,0.00257558937421314
"866",43.25,0.000640427171109085,0.00330055718706834,0.000320642028604919,0.000959344198016657,0.00127740049742538,0.00191094177606741,0.00254107261862938
"867",43.3,0.000631776884694285,0.00326995378257548,0.000316306057071843,0.000946401351226299,0.00126018669117494,0.00188525049358935,0.00250698918805741
"868",43.35,0.00062323699639108,0.00323960063051472,0.000312025562171315,0.000933623269576182,0.00124319146654953,0.00185988378637908,0.00247333416094151
"869",43.4,0.000614806203912915,0.00320949608072096,0.000307799885684982,0.000921008020780963,0.00122641227521628,0.00183483791543228,0.00244010266212856
"870",43.45,0.000606483218578591,0.00317963848917709,0.000303628376373861,0.000908553692436842,0.00120984659465424,0.00181010917839499,0.00240728986261638
"871",43.5,0.000598266765199273,0.00315002621805404,0.00029951038991757,0.000896258391864758,0.00119349192796197,0.00178569390932445,0.00237489097929924
"872",43.55,0.000590155581965948,0.0031206576357488,0.000295445288853889,0.000884120245953967,0.00117734580366538,0.00176158847844901,0.00234290127471055
"873",43.6,0.000582148420337329,0.00309153111692206,0.000291432442518629,0.000872137401005989,0.0011614057755256,0.00173778929192705,0.00231131605676303
"874",43.65,0.000574244044928185,0.0030626450425345,0.000287471226985819,0.000860308022578944,0.00114566942234703,0.00171429279160517,0.00228013067848633
"875",43.7,0.000566441233398164,0.00303399779988179,0.000283561025008229,0.000848630295332319,0.00113013434778558,0.00169109545477555,0.00224934053776235
"876",43.75,0.000558738776341043,0.00300558778262899,0.000279701225958191,0.000837102422872143,0.00111479818015718,0.00166819379393264,0.00221894107705826
"877",43.8,0.000551135477174483,0.00297741339084361,0.000275891225768769,0.000825722627596626,0.00109965857224646,0.00164558435652927,0.00218892778315741
"878",43.85,0.000543630152030247,0.00294947303102765,0.000272130426875246,0.000814489150542272,0.00108471320111581,0.00162326372473215,0.00215929618688828
"879",43.9,0.000536221629644912,0.0029217651161488,0.000268418238156932,0.000803400251230441,0.00106995976791468,0.00160122851517689,0.00213004186285146
"880",43.95,0.00052890875125107,0.00289428806567038,0.00026475407487932,0.000792454207514445,0.00105539599768925,0.00157947537872265,0.00210116042914489
"881",44,0.000521690370469035,0.00286704030558035,0.000261137358636553,0.000781649315427126,0.00104101963919249,0.00155800100020629,0.00207264754708742
"882",44.05,0.000514565353199055,0.00284002026841963,0.000257567517294237,0.000770983889028981,0.00102682846469454,0.00153680209819637,0.00204449892094072
"883",44.1,0.000507532577514042,0.00281322639330916,0.000254043984932589,0.000760456260256825,0.00101282026979364,0.00151587542474678,0.00201671029762983
"884",44.15,0.000500590933552805,0.0027866571259758,0.000250566201789906,0.00075006477877299,0.000998992873227353,0.00149521776515024,0.00198927746646224
"885",44.2,0.000493739323413835,0.0027603109187779,0.00024713361420639,0.000739807811815125,0.000985344116684393,0.00147482593769163,0.00196219625884573
"886",44.25,0.00048697666104959,0.00273418623072927,0.000243745674568292,0.000729683744046541,0.000971871864616849,0.00145469679340123,0.00193546254800501
"887",44.3,0.000480301872161337,0.00270828152752275,0.000240401841252407,0.000719690977407186,0.000958574004052979,0.00143482721580798,0.00190907224869729
"888",44.35,0.000473713894094534,0.00268259528155252,0.000237101578570905,0.000709827930965199,0.000945448444410542,0.00141521412069268,0.00188302131692683
"889",44.4,0.000467211675734736,0.00265712597193561,0.0002338443567165,0.000700093040769092,0.000932493117310652,0.00139585445584131,0.00185730574965857
"890",44.45,0.000460794177404083,0.00263187208453271,0.000230629651707962,0.000690484759700568,0.000919705976392268,0.00137674520079846,0.00183192158453096
"891",44.5,0.000454460370758313,0.00260683211196767,0.00022745694533597,0.000681001557327964,0.000907084997127233,0.0013578833666209,0.00180686489956802
"892",44.55,0.000448209238684351,0.0025820045536466,0.000224325725109309,0.000671641919760359,0.000894628176635979,0.00133926599563141,0.00178213181289074
"893",44.6,0.000442039775198461,0.00255738791577568,0.000221235484201408,0.000662404349502342,0.00088233353350385,0.00132089016117277,0.00175771848242793
"894",44.65,0.00043595098534495,0.00253298071137868,0.000218185721397225,0.000653287365309435,0.000870199107598079,0.00130275296736216,0.00173362110562651
"895",44.7,0.000429941885095461,0.00250878146031292,0.00021517594104047,0.000644289502044226,0.000858222959885468,0.00128485154884581,0.00170983591916143
"896",44.75,0.000424011501248827,0.00248478868928513,0.000212205652981179,0.000635409310533162,0.000846403172250741,0.00126718307055408,0.00168635919864517
"897",44.8,0.000418158871331505,0.00246100093186582,0.000209274372523632,0.000626645357424059,0.000834737847315611,0.00124974472745693,0.00166318725833704
"898",44.85,0.000412383043498596,0.00243741672850347,0.000206381620374608,0.000617996225044318,0.000823225108258591,0.00123253374431991,0.0016403164508522
"899",44.9,0.000406683076435441,0.00241403462653751,0.000203526922592001,0.000609460511259847,0.000811863098635531,0.00121554737546051,0.00161774316687053
"900",44.95,0.000401058039259806,0.00239085318021053,0.000200709810533765,0.000601036829334717,0.000800649982200922,0.00119878290450523,0.0015954638348455
"901",45,0.000395507011424656,0.00236787095068012,0.000197929820807215,0.000592723807791542,0.000789583942729971,0.00118223764414705,0.00157347492071293
"902",45.05,0.000390029082621521,0.00234508650602929,0.000195186495218671,0.000584520090272598,0.000778663183841469,0.0011659089359036,0.00155177292759987
"903",45.1,0.000384623352684455,0.00232249842127689,0.000192479380723451,0.000576424335401694,0.000767885928821459,0.00114979414987595,0.00153035439553354
"904",45.15,0.00037928893149459,0.00230010527838654,0.000189808029376201,0.000568435216646782,0.000757250420447707,0.00113389068450803,0.00150921590115048
"905",45.2,0.000374024938885287,0.00227790566627545,0.000187171998281581,0.000560551422183339,0.000746754920815024,0.00111819596634681,0.00148835405740592
"906",45.25,0.000368830504547895,0.00225589818082215,0.000184570849545292,0.000552771654758501,0.000736397711161399,0.00110270744980317,0.0014677655132834
"907",45.3,0.000363704767938094,0.00223408142487361,0.000182004150225444,0.00054509463155597,0.000726177091695005,0.0010874226169135,0.00144744695350476
"908",45.35,0.000358646878182865,0.00221245400825164,0.000179471472284284,0.000537519084061707,0.000716091381422067,0.00107233897710219,0.00142739509824053
"909",45.4,0.000353655993988038,0.00219101454775869,0.000176972392540246,0.00053004375793038,0.000706138917975577,0.00105745406694481,0.00140760670282074
"910",45.45,0.000348731283546475,0.00216976166718298,0.000174506492620368,0.000522667412852634,0.000696318057444935,0.00104276544993228,0.00138807855744622
"911",45.5,0.00034387192444683,0.0021486939973026,0.000172073358913043,0.000515388822423111,0.000686627174206442,0.00102827071623572,0.00136880748690047
"912",45.55,0.000339077103582943,0.00212781017588946,0.000169672582521108,0.000508206774009292,0.000677064660754722,0.00101396748247237,0.00134979035026208
"913",45.6,0.000334346017063826,0.00210710884771227,0.000167303759215291,0.00050112006862113,0.000667628927535054,0.000999853391472336,0.00133102404061784
"914",45.65,0.000329677870124269,0.00208658866453894,0.000164966489387989,0.000494127520781479,0.000658318402776607,0.000985926112046307,0.00131250548477648
"915",45.7,0.000325071877036051,0.0020662482851384,0.000162660378007392,0.000487227958397338,0.000649131532326628,0.000972183338754203,0.00129423164298312
"916",45.75,0.000320527261019764,0.00204608637528176,0.000160385034571951,0.000480420222631898,0.00064006677948555,0.000958622791674854,0.00127619950863458
"917",45.8,0.000316043254157249,0.00202610160774284,0.000158140073065183,0.000473703167777404,0.000631122624843051,0.000945242216176644,0.00125840610799533
"918",45.85,0.000311619097304647,0.00200629266229795,0.000155925111910824,0.000467075661128832,0.000622297566115066,0.000932039382689218,0.00124084849991449
"919",45.9,0.000307254040006054,0.00198665822572541,0.000153739773928309,0.000460536582858385,0.000613590117981752,0.000919012086476204,0.00122352377554352
"920",45.95,0.000302947340407798,0.00196719699180439,0.000151583686288607,0.000454084825890811,0.000604998811926431,0.00090615814740902,0.00120642905805494
"921",46,0.000298698265173323,0.00194790766131274,0.000149456480470379,0.000447719295779538,0.00059652219607548,0.000893475409741747,0.00118956150236196
"922",46.05,0.000294506089398684,0.00192878894202477,0.000147357792216484,0.000441438910583639,0.000588158835039225,0.000880961741887117,0.00117291829483912
"923",46.1,0.000290370096528662,0.00190983954870832,0.000145287261490823,0.000435242600745631,0.000579907309753799,0.000868615036193614,0.00115649665304394
"924",46.15,0.000286289578273477,0.00189105820312118,0.000143244532435503,0.000429129308970081,0.000571766217323992,0.000856433208723694,0.00114029382543962
"925",46.2,0.000282263834526133,0.00187244363400713,0.000141229253328361,0.000423097990103074,0.000563734170867104,0.000844414199033176,0.00112430709111883
"926",46.25,0.000278292173280349,0.0018539945770909,0.000139241076540797,0.00041714761101248,0.00055580979935777,0.00083255596995177,0.0011085337595286
"927",46.3,0.000274373910549122,0.00183570977507374,0.000137279658495957,0.000411277150469076,0.000547991747473809,0.000820856507364796,0.00109297117019636
"928",46.35,0.00027050837028389,0.0018175879776272,0.000135344659627241,0.000405485599028496,0.000540278675443073,0.000809313819996101,0.00107761669245717
"929",46.4,0.0002666948842943,0.0017996279413871,0.000133435744337145,0.000399771958914006,0.000532669258891287,0.000797925939192143,0.0010624677251821
"930",46.45,0.000262932792168595,0.001781828429947,0.000131552580956428,0.000394135243900134,0.000525162188690928,0.000786690918707341,0.00104752169650788
"931",46.5,0.000259221441194599,0.00176418821385094,0.000129694841703615,0.000388574479197112,0.000517756170811092,0.000775606834490598,0.00103277606356776
"932",46.55,0.000255560186281314,0.00174670607058585,0.000127862202644821,0.000383088701336171,0.000510449926168393,0.0007646717844731,0.00101822831222366
"933",46.6,0.000251948389881118,0.00172938078457313,0.000126054343653907,0.000377676958055669,0.000503242190478888,0.000753883888357349,0.00100387595679963
"934",46.65,0.000248385421912569,0.00171221114716052,0.00012427094837296,0.000372338308188043,0.000496131714110996,0.000743241287407443,0.000989716539816565
"935",46.7,0.000244870659683812,0.00169519595661271,0.000122511704173092,0.000367071821547616,0.000489117261939474,0.000732742144240641,0.000975747631728309
"936",46.75,0.000241403487816586,0.00167833401810195,0.000120776302115572,0.00036187657881922,0.000482197613200395,0.000722384642620191,0.000961966830659111
"937",46.8,0.000237983298170831,0.00166162414369787,0.000119064436913273,0.000356751671447671,0.000475371561347163,0.000712166987249445,0.000948371762142435
"938",46.85,0.000234609489769898,0.00164506515235752,0.000117375806892438,0.000351696201528061,0.000468637913907553,0.000702087403567271,0.000934960078861174
"939",46.9,0.000231281468726345,0.00162865586991396,0.000115710113954772,0.000346709281696901,0.000461995492341778,0.000692144137544754,0.000921729460389277
"940",46.95,0.000227998648168347,0.0016123951290655,0.00011406706353985,0.000341790035024082,0.000455443131901599,0.000682335455483218,0.000908677612934807
"941",47,0.000224760448166675,0.00159628176936371,0.000112446364587834,0.000336937594905675,0.000448979681490438,0.000672659643813543,0.000895802269084426
"942",47.05,0.00022156629566229,0.00158031463720151,0.000110847729502519,0.00033215110495756,0.000442604003524549,0.00066311500889681,0.000883101187549361
"943",47.1,0.000218415624394516,0.00156449258580047,0.00010927087411468,0.000327429718909883,0.00043631497379521,0.000653699876826283,0.000870572152912838
"944",47.15,0.000215307874829799,0.00154881447519811,0.000107715517645739,0.000322772600502339,0.000430111481331936,0.000644412593230686,0.000858212975378989
"945",47.2,0.00021224249409106,0.00153327917223461,0.000106181382671745,0.000318178923380289,0.000423992428266738,0.000635251523078856,0.000846021490523284
"946",47.25,0.000209218935887629,0.00151788555053903,0.000104668195087654,0.000313647870991688,0.0004179567296994,0.000626215050485701,0.000833995559044451
"947",47.3,0.000206236660445758,0.0015026324905154,0.000103175684071928,0.000309178636484848,0.000412003313563792,0.000617301578519516,0.000822133066517944
"948",47.35,0.000203295134439724,0.00148751887932823,0.000101703582051437,0.000304770422607017,0.000406131120495207,0.00060850952901065,0.000810431923150934
"949",47.4,0.000200393830923498,0.0014725436108878,0.000100251624666663,0.000300422441603771,0.000400339103698728,0.000599837342361502,0.000798890063538844
"950",47.45,0.000197532229262999,0.00145770558583507,9.88195507372137e-05,0.000296133915119238,0.000394626228818624,0.000591283477357896,0.000787505446423456
"951",47.5,0.000194709815068921,0.00144300371152626,9.74071022276356e-05,0.000291904074097118,0.000388991473808758,0.000582846410981786,0.000776276054452561
"952",47.55,0.000191926080130126,0.0014284369020169,9.60140242135271e-05,0.000287732158682529,0.000383433828804033,0.000574524638225328,0.000765199893941201
"953",47.6,0.000189180522347612,0.00141400407804582,9.46400648479543e-05,0.000283617418124657,0.000377952295992855,0.000566316671906316,0.000754274994634488
"954",47.65,0.000186472645669049,0.00139970416701861,9.32849753281617e-05,0.000279559110680212,0.000372545889490607,0.000558221042484969,0.000743499409472008
"955",47.7,0.000183801960023871,0.00138553610299108,9.19485098625818e-05,0.000275556503517701,0.000367213635214155,0.000550236297882084,0.00073287121435383
"956",47.75,0.000181167981258941,0.00137149882665175,9.06304256381362e-05,0.000271608872622478,0.000361954570757358,0.000542361003298541,0.000722388507908104
"957",47.8,0.000178570231074769,0.00135759128530493,8.93304827878333e-05,0.000267715502702623,0.000356767745267594,0.000534593741036185,0.000712049411260283
"958",47.85,0.000176008236962287,0.00134381243285259,8.80484443586564e-05,0.000263875687095601,0.000351652219323302,0.000526933110320062,0.000701852067803949
"959",47.9,0.000173481532140181,0.00133016122977675,8.67840762797401e-05,0.000260088727675711,0.000346607064812523,0.000519377727122014,0.000691794642973255
"960",47.95,0.000170989655492779,0.00131663664312078,8.55371473308383e-05,0.000256353934762342,0.000341631364812455,0.000511926223985645,0.000681875324017005
"961",48,0.000168532151508476,0.00130323764647143,8.43074291110765e-05,0.000252670627029005,0.000336724213470004,0.000504577249852638,0.000672092319774341
"962",48.05,0.000166108570218718,0.00128996321993924,8.30946960079896e-05,0.000249038131413145,0.00033188471588334,0.000497329469890437,0.000662443860452069
"963",48.1,0.000163718467137526,0.00127681235014013,8.18987251668456e-05,0.000245455783026759,0.000327111987984445,0.000490181565321299,0.000652928197403625
"964",48.15,0.000161361403201557,0.00126378403017551,8.07192964602469e-05,0.000241922925067755,0.000322405156422658,0.000483132233252674,0.000643543602909661
"965",48.2,0.000159036944710714,0.00125087725961309,7.95561924580168e-05,0.000238438908732127,0.000317763358449209,0.000476180186508979,0.000634288369960284
"966",48.25,0.000156744663269276,0.00123809104446649,7.84091983973601e-05,0.000235003093126867,0.000313185741802737,0.000469324153464692,0.000625160812038917
"967",48.3,0.000154484135727578,0.00122542439717558,7.72781021533031e-05,0.000231614845183663,0.000308671464595792,0.000462562877878816,0.000616159262907809
"968",48.35,0.00015225494412421,0.00121287633658587,7.61626942094095e-05,0.000228273539573367,0.000304219695202324,0.000455895118730698,0.000607282076395202
"969",48.4,0.000150056675628747,0.00120044588792797,7.5062767628767e-05,0.000224978558621206,0.000299829612146138,0.000449319650057172,0.0005985276261841
"970",48.45,0.000147888922485003,0.00118813208279664,7.39781180252489e-05,0.000221729292222766,0.000295500403990325,0.000442835260791069,0.00058989430560272
"971",48.5,0.000145751281954806,0.00117593395912978,7.29085435350434e-05,0.000218525137760725,0.00029123126922766,0.000436440754601054,0.000581380527416557
"972",48.55,0.000143643356262293,0.00116385056118741,7.18538447884528e-05,0.000215365500022335,0.000287021416171967,0.000430134949732806,0.000572984723622099
"973",48.6,0.00014156475253872,0.00115188093952969,7.08138248819595e-05,0.000212249791117653,0.000282870062850441,0.000423916678851532,0.000564705345242186
"974",48.65,0.000139515082767782,0.00114002415099555,6.97882893505562e-05,0.000209177430398513,0.000278776436896929,0.000417784788885813,0.000556540862122997
"975",48.7,0.000137493963731448,0.00112827925868072,6.87770461403401e-05,0.000206147844378243,0.000274739775446159,0.00041173814087277,0.000548489762732679
"976",48.75,0.0001355010169563,0.00111664533191563,6.77799055813688e-05,0.000203160466652105,0.00027075932502892,0.000405775609804563,0.000540550553961608
"977",48.8,0.000133535868660372,0.00110512144624284,6.67966803607755e-05,0.000200214737818479,0.000266834341468179,0.000399896084476201,0.000532721760924284
"978",48.85,0.000131598149700497,0.00109370668339511,6.58271854961436e-05,0.000197310105400769,0.000262964089776148,0.000394098467334671,0.000525001926762858
"979",48.9,0.000129687495520147,0.00108240013127217,6.48712383091362e-05,0.00019444602377003,0.000259147844052271,0.000388381674329374,0.000517389612452274
"980",48.95,0.000127803546097766,0.00107120088391825,6.39286583993823e-05,0.000191621954068321,0.000255384887382154,0.000382744634763872,0.000509883396607051
"981",49,0.000125945945895598,0.00106010804149879,6.29992676186135e-05,0.000188837364132764,0.000251674511737404,0.000377186291148921,0.000502481875289664
"982",49.05,0.000124114343809004,0.00104912071027744,6.20828900450547e-05,0.000186091728420324,0.000248016017876405,0.000371705599056822,0.000495183661820564
"983",49.1,0.000122308393116261,0.0010382380025925,6.11793519580634e-05,0.000183384527933292,0.000244408715246,0.000366301526977046,0.000487987386589799
"984",49.15,0.000120527751428843,0.00102745903683379,6.02884818130151e-05,0.000180715250145467,0.000240851921884081,0.000360973056173148,0.000480891696870236
"985",49.2,0.000118772080642187,0.00101678293741835,5.94101102164381e-05,0.000178083388929045,0.000237344964323094,0.000355719180540966,0.000473895256632398
"986",49.25,0.000117041046886925,0.00100620883476733,5.85440699013898e-05,0.000175488444482195,0.000233887177494434,0.000350538906468089,0.000466996746360898
"987",49.3,0.000115334320480598,0.000995735865281504,5.7690195703077e-05,0.000172929923257329,0.000230477904633742,0.000345431252694596,0.000460194862872459
"988",49.35,0.000113651575879837,0.000985363171317343,5.68483245347178e-05,0.000170407337890061,0.000227116497187096,0.000340395250175066,0.000453488319135539
"989",49.4,0.000111992491633005,0.000975089901162804,5.60182953636403e-05,0.000167920207128841,0.000223802314718075,0.000335429941941828,0.000446875844091519
"990",49.45,0.00011035675033331,0.000964915209012961,5.51999491876222e-05,0.000165468055765274,0.000220534724815721,0.000330534382969484,0.000440356182477485
"991",49.5,0.000108744038572377,0.000954838254945385,5.43931290114625e-05,0.000163050414565104,0.000217313103003356,0.000325707640040663,0.000433928094650579
"992",49.55,0.000107154046894269,0.000944858204895668,5.35976798237898e-05,0.000160666820199877,0.000214136832648287,0.00032094879161302,0.00042759035641391
"993",49.6,0.000105586469749973,0.000934974230632443,5.28134485741027e-05,0.00015831681517926,0.00021100530487237,0.000316256927687469,0.000421341758844035
"994",49.65,0.00010404100545233,0.000925185509732903,5.20402841500388e-05,0.000155999947784026,0.000207917918463425,0.000311631149677643,0.000415181108119987
"995",49.7,0.000102517356131413,0.000915491225557488,5.12780373548748e-05,0.000153715771999689,0.000204874079787519,0.000307070570280575,0.000409107225353854
"996",49.75,0.000101015227690351,0.000905890567224788,5.05265608852524e-05,0.000151463847450801,0.000201873202702089,0.000302574313348589,0.0004031189464229
"997",49.8,9.95343297615932e-05,0.000896382729586744,4.97857093091302e-05,0.000149243739335881,0.000198914708469911,0.00029814151376241,0.000397215121803217
"998",49.85,9.80743756636121e-05,0.00088696691320306,4.90553390439592e-05,0.000147055018363004,0.000195998025673912,0.000293771317305464,0.000391394616404913
"999",49.9,9.66350823580391e-05,0.000877642324315611,4.83353083350798e-05,0.000144897260686011,0.000193122590132801,0.000289462880539377,0.000385656309408803
"1000",49.95,9.52161704072345e-05,0.000868408174823564,4.76254772343399e-05,0.00014277004784137,0.000190287844817549,0.000285215370680666,0.000379999094104642
"1001",50,9.38173639322836e-05,0.000859263682257373,4.69257075789309e-05,0.00014067296668565,0.000187493239768667,0.000281027965478601,0.000374421877730831
"1002",50.05,9.2438390571419e-05,0.000850208069753285,4.62358629704404e-05,0.000138605609333636,0.00018473823201432,0.000276899853094255,0.000368923581315648
"1003",50.1,9.10789814388662e-05,0.00084124056602748,4.55558087541213e-05,0.000136567573097051,0.000182022285489244,0.000272830231980707,0.000363503139519961
"1004",50.15,8.97388710841045e-05,0.000832360405350578,4.48854119983728e-05,0.000134558460423902,0.000179344870954464,0.000268818310764419,0.000358159500481416
"1005",50.2,8.84177974515484e-05,0.000823566827521441,4.42245414744344e-05,0.000132577878838437,0.000176705465917824,0.000264863308127755,0.000352891625660119
"1006",50.25,8.71155018406369e-05,0.000814859077841395,4.35730676362891e-05,0.000130625440881705,0.000174103554555297,0.00026096445269265,0.00034769848968577
"1007",50.3,8.58317288663349e-05,0.00080623640708822,4.29308626007755e-05,0.000128700764052726,0.000171538627633097,0.000257120982905423,0.000342579080206261
"1008",50.35,8.45662264200412e-05,0.000797698071490064,4.22978001279072e-05,0.000126803470750254,0.000169010182430568,0.000253332146922717,0.000337532397737736
"1009",50.4,8.33187456308968e-05,0.000789243332699302,4.16737556013955e-05,0.000124933188215132,0.000166517722663848,0.000249597202498559,0.000332557455516077
"1010",50.45,8.20890408274959e-05,0.000780871457766243,4.10586060093778e-05,0.000123089548473246,0.000164060758410315,0.000245915416872549,0.000327653279349842
"1011",50.5,8.08768694999924e-05,0.000772581719113286,4.04522299253457e-05,0.000121272188279051,0.000161638806033787,0.000242286066659151,0.000322818907474617
"1012",50.55,7.96819922625998e-05,0.000764373394507983,3.98545074892748e-05,0.000119480749059691,0.000159251388110495,0.000238708437738087,0.000318053390408797
"1013",50.6,7.85041728164829e-05,0.000756245767037377,3.92653203889519e-05,0.000117714876859687,0.000156898033355805,0.000235181825145829,0.000313355790810775
"1014",50.65,7.73431779130346e-05,0.00074819812508125,3.86845518414989e-05,0.000115974222286192,0.000154578276551688,0.000231705532968178,0.000308725183337521
"1015",50.7,7.61987773175397e-05,0.000740229762285598,3.81120865750934e-05,0.000114258440454832,0.000152291658474943,0.000228278874233923,0.000304160654504574
"1016",50.75,7.50707437732175e-05,0.000732339977536678,3.75478108108806e-05,0.000112567190936086,0.000150037725826149,0.000224901170809572,0.000299661302547401
"1017",50.8,7.39588529656433e-05,0.000724528074933977,3.69916122450786e-05,0.000110900137702242,0.000147816031159355,0.000221571753295152,0.000295226237284139
"1018",50.85,7.28628834875465e-05,0.000716793363763958,3.64433800312738e-05,0.000109256949074904,0.000145626132812502,0.000218289960921065,0.000290854579979706
"1019",50.9,7.17826168039768e-05,0.00070913515847355,3.59030047629046e-05,0.000107637297673036,0.000143467594838555,0.000215055141445994,0.000286545463211261
"1020",50.95,7.07178372178434e-05,0.000701552778643433,3.53703784559323e-05,0.000106040860361572,0.000141339986937362,0.00021186665105585,0.000282298030735025
"1021",51,6.96683318358167e-05,0.00069404554896158,3.48453945316973e-05,0.000104467318200549,0.000139242884388222,0.000208723854263762,0.000278111437354429
"1022",51.05,6.86338905345944e-05,0.000686612799196551,3.43279477999596e-05,0.000102916356394787,0.000137175867983154,0.000205626123811087,0.0002739848487896
"1023",51.1,6.76143059275275e-05,0.000679253864170873,3.38179344421213e-05,0.000101387664244094,0.000135138523960869,0.000202572840569445,0.000269917441548174
"1024",51.15,6.6609373331601e-05,0.00067196808373457,3.33152519946298e-05,9.98809350940063e-05,0.000133130443941438,0.000199563393443763,0.000265908402797408
"1025",51.2,6.56188907347703e-05,0.000664754802738211,3.28197993325598e-05,9.83958662870465e-05,0.000131151224861641,0.000196597179276329,0.000261956930237607
"1026",51.25,6.46426587636471e-05,0.00065761337100638,3.23314766533736e-05,9.69321591145015e-05,0.000129200468911009,0.00019367360275184,0.000258062231976839
"1027",51.3,6.36804806515328e-05,0.000650543143311182,3.18501854608568e-05,9.54895187687171e-05,0.000127277783468539,0.000190792076303441,0.000254223526406942
"1028",51.35,6.27321622067976e-05,0.000643543479345311,3.13758285492289e-05,9.40676542959023e-05,0.000125382781040076,0.000187952020019749,0.000250440042080799
"1029",51.4,6.17975117815992e-05,0.000636613743695496,3.09083099874261e-05,9.26662785494384e-05,0.000123515079196371,0.000185152861552846,0.000246711017590885
"1030",51.45,6.08763402409427e-05,0.000629753305815875,3.04475351035562e-05,9.12851081436924e-05,0.000121674300511794,0.000182394036027246,0.000243035701449071
"1031",51.5,5.99684609320737e-05,0.000622961540001247,2.9993410469523e-05,8.99238634083256e-05,0.000119860072503705,0.000179674985949817,0.000239413351967675
"1032",51.55,5.9073689654206e-05,0.000616237825360307,2.9545843885819e-05,8.85822683430971e-05,0.000118072027572472,0.000176995161120655,0.00023584323714175
"1033",51.6,5.81918446285787e-05,0.000609581545789342,2.91047443664852e-05,8.72600505731566e-05,0.000116309802942136,0.00017435401854491,0.000232324634532609
"1034",51.65,5.73227464688392e-05,0.000602992089945377,2.86700221242356e-05,8.59569413048199e-05,0.000114573040601718,0.000171751022345538,0.000228856831152562
"1035",51.7,5.64662181517521e-05,0.000596468851219277,2.82415885557464e-05,8.46726752818288e-05,0.000112861387247156,0.000169185643676992,0.00022543912335087
"1036",51.75,5.56220849882272e-05,0.000590011227709647,2.78193562271062e-05,8.34069907420839e-05,0.000111174494223867,0.000166657360639826,0.000222070816700897
"1037",51.8,5.47901745946675e-05,0.000583618622195977,2.74032388594286e-05,8.21596293748514e-05,0.000109512017469942,0.000164165658196225,0.000218751225888456
"1038",51.85,5.39703168646317e-05,0.000577290442111974,2.69931513146231e-05,8.0930336278439e-05,0.00010787361745995,0.000161710028086427,0.000215479674601341
"1039",51.9,5.31623439408094e-05,0.00057102609951929,2.65890095813239e-05,7.97188599183336e-05,0.00010625895914936,0.000159289968746061,0.000212255495420027
"1040",51.95,5.23660901873061e-05,0.000564825011080624,2.61907307609757e-05,7.85249520858009e-05,0.000104667711919563,0.000156904985224363,0.000209078029709539
"1041",52,5.15813921622355e-05,0.000558686598033602,2.57982330540742e-05,7.73483678569397e-05,0.000103099549523504,0.000154554589103283,0.000205946627512475
"1042",52.05,5.08080885906149e-05,0.000552610286164207,2.54114357465599e-05,7.61888655521888e-05,0.000101554150031907,0.00015223829841747,0.000202860647443176
"1043",52.1,5.00460203375637e-05,0.000546595505779948,2.50302591963646e-05,7.50462066962809e-05,0.000100031195780087,0.000149955637575124,0.00019981945658303
"1044",52.15,4.92950303817984e-05,0.000540641691683972,2.46546248201077e-05,7.39201559786402e-05,9.85303733153553e-05,0.000147706137279708,0.000196822430376905
"1045",52.2,4.85549637894251e-05,0.000534748283148488,2.4284455079943e-05,7.28104812142206e-05,9.70513733450015e-05,0.000145489334452523,0.000193868952530703
"1046",52.25,4.78256676880239e-05,0.000528914723888408,2.39196734705521e-05,7.17169533047778e-05,9.55938906848495e-05,0.000143304772156122,0.000190958414910014
"1047",52.3,4.71069912410244e-05,0.000523140462035081,2.3560204506285e-05,7.06393462005747e-05,9.41576242083877e-05,0.000141151999518565,0.000188090217439885
"1048",52.35,4.63987856223692e-05,0.00051742495010992,2.32059737084459e-05,6.95774368625141e-05,9.2742276796463e-05,0.000139030571658514,0.000185263768005661
"1049",52.4,4.57009039914607e-05,0.000511767644998292,2.28569075927222e-05,6.85310052246938e-05,9.13475552875327e-05,0.000136940049611147,0.000182478482354924
"1050",52.45,4.50132014683918e-05,0.000506168007923402,2.25129336567559e-05,6.74998341573839e-05,8.99731704284752e-05,0.00013488000025489,0.000179733784000492
"1051",52.5,4.43355351094558e-05,0.000500625504419992,2.21739803678567e-05,6.64837094304175e-05,8.86188368259473e-05,0.000132849996238964,0.000177029104124486
"1052",52.55,4.36677638829327e-05,0.00049513960430852,2.18399771508535e-05,6.54824196769957e-05,8.72842728982883e-05,0.000130849615911732,0.000174363881483454
"1053",52.6,4.30097486451505e-05,0.000489709781668533,2.15108543760852e-05,6.44957563578993e-05,8.59692008279641e-05,0.000128878443249847,0.000171737562314534
"1054",52.65,4.23613521168178e-05,0.000484335514813622,2.11865433475278e-05,6.3523513726105e-05,8.46733465145434e-05,0.000126936067788185,0.000169149600242653
"1055",52.7,4.17224388596258e-05,0.000479016286264611,2.08669762910576e-05,6.25654887918032e-05,8.33964395282087e-05,0.000125022084550563,0.000166599456188758
"1056",52.75,4.10928752531165e-05,0.000473751582724219,2.05520863428482e-05,6.16214812878112e-05,8.21382130637873e-05,0.000123136093981229,0.000164086598279061
"1057",52.8,4.04725294718151e-05,0.000468540895050848,2.02418075379007e-05,6.06912936353802e-05,8.08984038953049e-05,0.00012127770187713,0.000161610501755288
"1058",52.85,3.9861271462624e-05,0.000463383718233116,1.9936074798706e-05,5.97747309103916e-05,7.96767523310547e-05,0.000119446519320924,0.000159170648885943
"1059",52.9,3.92589729224751e-05,0.000458279551364114,1.9634823924036e-05,5.88716008099378e-05,7.8473002169175e-05,0.000117642162614766,0.00015676652887854
"1060",52.95,3.86655072762391e-05,0.000453227897615419,1.93379915778662e-05,5.79817136192866e-05,7.72869006537337e-05,0.000115864253214825,0.00015439763779284
"1061",53,3.80807496548879e-05,0.00044822826421212,1.90455152784238e-05,5.71048821792215e-05,7.61181984313128e-05,0.00011411241766655,0.000152063478455042
"1062",53.05,3.75045768739091e-05,0.000443280162406578,1.87573333873639e-05,5.62409218537582e-05,7.49666495080884e-05,0.000112386287540669,0.000149763560372953
"1063",53.1,3.69368674119698e-05,0.000438383107453533,1.84733850990706e-05,5.53896504982318e-05,7.38320112074036e-05,0.000110685499369909,0.000147497399652106
"1064",53.15,3.63775013898249e-05,0.000433536618584329,1.81936104300816e-05,5.45508884277499e-05,7.27140441278246e-05,0.000109009694586446,0.00014526451891282
"1065",53.2,3.58263605494718e-05,0.000428740218981718,1.79179502086364e-05,5.3724458386011e-05,7.1612512101682e-05,0.000107358519460056,0.000143064447208214
"1066",53.25,3.52833282335449e-05,0.000423993435754745,1.76463460643455e-05,5.29101855144818e-05,7.05271821540861e-05,0.000105731625036978,0.000140896719943131
"1067",53.3,3.47482893649505e-05,0.000419295799913086,1.73787404179802e-05,5.21078973219314e-05,6.94578244624169e-05,0.000104128667079483,0.000138760878793999
"1068",53.35,3.42211304267378e-05,0.000414646846342667,1.71150764713817e-05,5.13174236543191e-05,6.84042123162801e-05,0.000102549306006123,0.000136656471629593
"1069",53.4,3.37017394422046e-05,0.000410046113779814,1.68552981974876e-05,5.05385966650302e-05,6.73661220779273e-05,0.000100993206832673,0.000134583052432707
"1070",53.45,3.31900059552352e-05,0.000405493144786573,1.65993503304759e-05,4.97712507854602e-05,6.63433331431349e-05,9.94600391137597e-05,0.000132540181222719
"1071",53.5,3.26858210108678e-05,0.000400987485726083,1.63471783560238e-05,4.90152226959393e-05,6.53356279025365e-05,9.79494768851452e-05,0.000130527423979042
"1072",53.55,3.21890771360895e-05,0.000396528686737311,1.60987285016815e-05,4.8270351296997e-05,6.43427917034046e-05,9.64611986066958e-05,0.000128544352565453
"1073",53.6,3.16996683208566e-05,0.000392116301710508,1.58539477273588e-05,4.75364776809635e-05,6.33646128118796e-05,9.49948871060008e-05,0.0001265905446553
"1074",53.65,3.12174899993372e-05,0.000387749888262437,1.56127837159237e-05,4.68134451039013e-05,6.24008823756362e-05,9.35502295226463e-05,0.000124665583657553
"1075",53.7,3.07424390313753e-05,0.000383429007711744,1.53751848639125e-05,4.61010989578684e-05,6.14513943869894e-05,9.21269172531389e-05,0.000122769058643728
"1076",53.75,3.02744136841722e-05,0.000379153225054768,1.51411002723492e-05,4.5399286743505e-05,6.05159456464302e-05,9.07246458964672e-05,0.000120900564275643
"1077",53.8,2.98133136141849e-05,0.000374922108940437,1.4910479737673e-05,4.4707858042944e-05,5.95943357265897e-05,8.93431152002996e-05,0.000119059700734016
"1078",53.85,2.9359039849238e-05,0.000370735231646281,1.46832737427749e-05,4.40266644930405e-05,5.86863669366274e-05,8.79820290078113e-05,0.000117246073647894
"1079",53.9,2.8911494770847e-05,0.000366592169054291,1.44594334481387e-05,4.33555597589165e-05,5.77918442870361e-05,8.66410952051299e-05,0.000115459294024892
"1080",53.95,2.8470582096752e-05,0.00036249250062653,1.42389106830891e-05,4.26943995078193e-05,5.69105754548652e-05,8.53200256694009e-05,0.000113698978182264
"1081",54,2.80362068636575e-05,0.000358435809380887,1.40216579371425e-05,4.20430413832885e-05,5.60423707493505e-05,8.40185362174601e-05,0.000111964747678755
"1082",54.05,2.76082754101785e-05,0.000354421681867144,1.38076283514619e-05,4.14013449796294e-05,5.51870430779537e-05,8.27363465551106e-05,0.000110256229247273
"1083",54.1,2.71866953599891e-05,0.000350449708143069,1.35967757104134e-05,4.07691718166903e-05,5.43444079128023e-05,8.14731802269973e-05,0.000108573054728331
"1084",54.15,2.67713756051725e-05,0.000346519481750551,1.33890544332237e-05,4.0146385314939e-05,5.35142832575283e-05,8.02287645670728e-05,0.000106914861004282
"1085",54.2,2.63622262897689e-05,0.00034263059969187,1.31844195657379e-05,3.95328507708364e-05,5.26964896145008e-05,7.90028306496488e-05,0.000105281289934323
"1086",54.25,2.59591587935212e-05,0.00033878266240563,1.29828267722748e-05,3.89284353325036e-05,5.18908499524479e-05,7.77951132410265e-05,0.000103671988290263
"1087",54.3,2.55620857158149e-05,0.000334975273743632,1.2784232327582e-05,3.83330079756806e-05,5.10971896744657e-05,7.66053507517015e-05,0.000102086607693053
"1088",54.35,2.51709208598111e-05,0.00033120804094704,1.25885931088859e-05,3.77464394799722e-05,5.03153365864082e-05,7.5433285189136e-05,0.000100524804550064
"1089",54.4,2.47855792167688e-05,0.000327480574623115,1.23958665880387e-05,3.71686024053777e-05,4.95451208656553e-05,7.42786621110923e-05,9.89862399931053e-05
"1090",54.45,2.4405976950558e-05,0.00032379248872193,1.22060108237594e-05,3.65993710691042e-05,4.87863750302557e-05,7.31412305795243e-05,9.74705798171816e-05
"1091",54.5,2.40320313823571e-05,0.000320143400512803,1.20189844539686e-05,3.60386215226566e-05,4.80389339084378e-05,7.20207431150166e-05,9.59774944199768e-05
"1092",54.55,2.36636609755365e-05,0.000316532930561525,1.18347466882162e-05,3.54862315292049e-05,4.7302634608489e-05,7.0916955651771e-05,9.45066587420571e-05
"1093",54.6,2.33007853207245e-05,0.000312960702706813,1.16532573002009e-05,3.49420805412239e-05,4.65773164889965e-05,6.98296274931308e-05,9.30577522077878e-05
"1094",54.65,2.2943325121053e-05,0.000309426344038142,1.14744766203797e-05,3.44060496784021e-05,4.58628211294456e-05,6.87585212676378e-05,9.16304586669543e-05
"1095",54.7,2.25912021775836e-05,0.000305929484871932,1.1298365528668e-05,3.38780217058189e-05,4.51589923011747e-05,6.77034028856193e-05,9.02244663370833e-05
"1096",54.75,2.22443393749089e-05,0.000302469758729343,1.11248854472283e-05,3.33578810123854e-05,4.44656759386793e-05,6.66640414962951e-05,8.88394677464532e-05
"1097",54.8,2.19026606669298e-05,0.000299046802313745,1.09539983333457e-05,3.28455135895464e-05,4.37827201112647e-05,6.5640209445403e-05,8.74751596777893e-05
"1098",54.85,2.15660910628058e-05,0.000295660255487205,1.07856666723921e-05,3.23408070102417e-05,4.31099749950412e-05,6.46316822333348e-05,8.61312431126358e-05
"1099",54.9,2.12345566130757e-05,0.000292309761249345,1.06198534708744e-05,3.18436504081227e-05,4.24472928452599e-05,6.36382384737787e-05,8.48074231763969e-05
"1100",54.95,2.09079843959486e-05,0.000288994965713584,1.0456522249569e-05,3.13539344570224e-05,4.17945279689844e-05,6.2659659852863e-05,8.35034090840411e-05
"1101",55,2.05863025037616e-05,0.000285715518085729,1.02956370367399e-05,3.08715513506751e-05,4.11515366980947e-05,6.16957310887932e-05,8.22189140864607e-05
"1102",55.05,2.0269440029604e-05,0.000282471070641695,1.01371623614396e-05,3.03963947826849e-05,4.05181773626211e-05,6.07462398919812e-05,8.09536554174806e-05
"1103",55.1,1.99573270541048e-05,0.000279261278704792,9.98106324689284e-06,2.99283599267382e-05,3.98943102644029e-05,5.98109769256587e-05,7.9707354241509e-05
"1104",55.15,1.9649894632382e-05,0.000276085800624374,9.8273052039613e-06,2.94673434170585e-05,3.92797976510687e-05,5.88897357669693e-05,7.84797356018225e-05
"1105",55.2,1.93470747811532e-05,0.00027294429775381,9.67585422468872e-06,2.9013243329102e-05,3.86745036903365e-05,5.79823128685373e-05,7.72705283694811e-05
"1106",55.25,1.90488004660036e-05,0.000269836434428126,9.52667677592559e-06,2.85659591604885e-05,3.8078294444627e-05,5.70885075205027e-05,7.60794651928633e-05
"1107",55.3,1.87550055888121e-05,0.000266761877943267,9.37973979303257e-06,2.81253918121678e-05,3.74910378459906e-05,5.62081218130238e-05,7.49062824478173e-05
"1108",55.35,1.84656249753309e-05,0.000263720298533205,9.23501067366168e-06,2.76914435698187e-05,3.69126036713404e-05,5.53409605992373e-05,7.37507201884209e-05
"1109",55.4,1.818059436292e-05,0.000260711369349937,9.09245727161424e-06,2.72640180854752e-05,3.63428635179916e-05,5.44868314586729e-05,7.2612522098342e-05
"1110",55.45,1.78998503884323e-05,0.000257734766440676,8.95204789077521e-06,2.68430203593816e-05,3.5781690779502e-05,5.36455446611177e-05,7.14914354427967e-05
"1111",55.5,1.76233305762492e-05,0.00025479016872726,8.81375127912234e-06,2.64283567220709e-05,3.52289606218099e-05,5.28169131309251e-05,7.03872110210944e-05
"1112",55.55,1.73509733264645e-05,0.000251877257985203,8.67753662281006e-06,2.60199348166648e-05,3.46845499596679e-05,5.20007524117627e-05,6.92996031197668e-05
"1113",55.6,1.70827179032147e-05,0.000248995718821836,8.54337354032675e-06,2.56176635813939e-05,3.41483374333678e-05,5.11968806317963e-05,6.82283694662732e-05
"1114",55.65,1.68185044231543e-05,0.000246145238655614,8.41123207672471e-06,2.52214532323342e-05,3.36202033857537e-05,5.04051184693029e-05,6.71732711832754e-05
"1115",55.7,1.65582738440755e-05,0.000243325507695567,8.28108269792216e-06,2.48312152463581e-05,3.31000298395213e-05,4.96252891187093e-05,6.61340727434774e-05
"1116",55.75,1.6301967953668e-05,0.000240536218920061,8.15289628507624e-06,2.4446862344298e-05,3.25877004747975e-05,4.8857218257052e-05,6.51105419250217e-05
"1117",55.8,1.60495293584204e-05,0.000237777068056194,8.02664412902631e-06,2.40683084743189e-05,3.20831006070008e-05,4.81007340108518e-05,6.41024497674376e-05
"1118",55.85,1.58009014726597e-05,0.000235047753559165,7.90229792480687e-06,2.36954687954994e-05,3.1586117164976e-05,4.73556669234015e-05,6.31095705281365e-05
"1119",55.9,1.55560285077282e-05,0.000232347976592129,7.77982976622903e-06,2.33282596616164e-05,3.10966386694022e-05,4.66218499224589e-05,6.2131681639444e-05
"1120",55.95,1.53148554612951e-05,0.000229677441005334,7.65921214053013e-06,2.29665986051343e-05,3.06145552114707e-05,4.58991182883436e-05,6.11685636661685e-05
"1121",56,1.50773281068032e-05,0.000227035853316133,7.54041792309026e-06,2.2610404321393e-05,3.01397584318291e-05,4.51873096224299e-05,6.0220000263695e-05
"1122",56.05,1.48433929830475e-05,0.000224422922688392,7.42342037221547e-06,2.2259596652995e-05,2.96721414997887e-05,4.44862638160349e-05,5.92857781366027e-05
"1123",56.1,1.46129973838846e-05,0.000221838360913171,7.30819312398649e-06,2.19140965743885e-05,2.92115990927939e-05,4.37958230196946e-05,5.83656869977981e-05
"1124",56.15,1.43860893480719e-05,0.000219281882387971,7.19471018717227e-06,2.15738261766439e-05,2.87580273761471e-05,4.31158316128242e-05,5.74595195281572e-05
"1125",56.2,1.4162617649235e-05,0.000216753204097234,7.08294593820794e-06,2.12387086524224e-05,2.83113239829911e-05,4.24461361737607e-05,5.65670713366747e-05
"1126",56.25,1.39425317859611e-05,0.000214252045592755,6.97287511623583e-06,2.09086682811327e-05,2.78713879945404e-05,4.17865854501783e-05,5.56881409211095e-05
"1127",56.3,1.37257819720176e-05,0.000211778128973565,6.86447281820954e-06,2.05836304142767e-05,2.74381199205643e-05,4.11370303298791e-05,5.48225296291256e-05
"1128",56.35,1.35123191266954e-05,0.000209331178866378,6.7577144940598e-06,2.02635214609791e-05,2.70114216801144e-05,4.04973238119491e-05,5.39700416199203e-05
"1129",56.4,1.33020948652725e-05,0.00020691092240689,6.65257594192159e-06,1.99482688737e-05,2.65911965824959e-05,3.98673209782778e-05,5.31304838263339e-05
"1130",56.45,1.30950614896003e-05,0.00020451708921955,6.54903330342192e-06,1.9637801134129e-05,2.61773493084802e-05,3.92468789654388e-05,5.23036659174379e-05
"1131",56.5,1.28911719788084e-05,0.000202149411398431,6.44706305902729e-06,1.9332047739257e-05,2.57697858917543e-05,3.86358569369226e-05,5.14894002615927e-05
"1132",56.55,1.26903799801275e-05,0.000199807623488798,6.34664202345054e-06,1.90309391876261e-05,2.53684137006057e-05,3.80341160557237e-05,5.06875018899731e-05
"1133",56.6,1.24926397998295e-05,0.000197491462467251,6.24774734111605e-06,1.87344069657533e-05,2.49731414198407e-05,3.7441519457273e-05,4.98977884605544e-05
"1134",56.65,1.22979063942824e-05,0.000195200667723102,6.15035648168262e-06,1.84423835347267e-05,2.45838790329303e-05,3.68579322227133e-05,4.91200802225528e-05
"1135",56.7,1.21061353611195e-05,0.000192934981039861,6.05444723562381e-06,1.81548023169732e-05,2.42005378043858e-05,3.62832213525152e-05,4.83541999813185e-05
"1136",56.75,1.19172829305213e-05,0.000190694146575823,5.95999770986437e-06,1.78715976831939e-05,2.38230302623563e-05,3.5717255740427e-05,4.75999730636716e-05
"1137",56.8,1.17313059566086e-05,0.00018847791084603,5.86698632347272e-06,1.75927049394672e-05,2.34512701814501e-05,3.51599061477572e-05,4.685722728368e-05
"1138",56.85,1.1548161908946e-05,0.000186286022703604,5.77539180340853e-06,1.73180603145162e-05,2.30851725657744e-05,3.46110451779839e-05,4.61257929088717e-05
"1139",56.9,1.13678088641538e-05,0.000184118233321292,5.68519318032466e-06,1.70476009471387e-05,2.27246536321919e-05,3.40705472516879e-05,4.54055026268771e-05
"1140",56.95,1.1190205497628e-05,0.000181974296173091,5.5963697844232e-06,1.67812648737988e-05,2.23696307937913e-05,3.3538288581807e-05,4.46961915124967e-05
"1141",57,1.10153110753655e-05,0.000179853967016065,5.50890124136454e-06,1.65189910163772e-05,2.20200226435706e-05,3.30141471492053e-05,4.3997696995189e-05
"1142",57.05,1.08430854458957e-05,0.000177757003872378,5.42276746822915e-06,1.62607191700787e-05,2.16757489383283e-05,3.2498002678556e-05,4.33098588269738e-05
"1143",57.1,1.0673489032315e-05,0.00017568316701136,5.33794866953136e-06,1.60063899914956e-05,2.13367305827625e-05,3.19897366145336e-05,4.26325190507463e-05
"1144",57.15,1.05064828244238e-05,0.000173632218931188,5.25442533328438e-06,1.57559449868237e-05,2.10028896137732e-05,3.14892320983102e-05,4.19655219689957e-05
"1145",57.2,1.03420283709652e-05,0.000171603924341617,5.17217822711626e-06,1.55093265002311e-05,2.06741491849684e-05,3.09963739443554e-05,4.13087141129275e-05
"1146",57.25,1.01800877719641e-05,0.000169598050146004,5.09118839443587e-06,1.52664777023762e-05,2.03504335513675e-05,3.0511048617533e-05,4.06619442119792e-05
"1147",57.3,1.00206236711643e-05,0.000167614365423952,5.01143715064852e-06,1.50273425790743e-05,2.00316680543036e-05,3.00331442104937e-05,4.00250631637299e-05
"1148",57.35,9.86359924856452e-06,0.000165652641413659,4.93290607942057e-06,1.47918659201104e-05,1.97177791065208e-05,2.95625504213587e-05,3.93979240041965e-05
"1149",57.4,9.70897821305018e-06,0.000163712651494121,4.85557702899234e-06,1.4559993308197e-05,1.94086941774625e-05,2.9099158531691e-05,3.87803818785119e-05
"1150",57.45,9.5567247951213e-06,0.000161794171169138,4.779432108539e-06,1.43316711080746e-05,1.9104341778752e-05,2.8642861384752e-05,3.81722940119825e-05
"1151",57.5,9.40680373971423e-06,0.000159896978048758,4.70445368457851e-06,1.41068464557534e-05,1.88046514498596e-05,2.81935533640383e-05,3.75735196815182e-05
"1152",57.55,9.25918029911694e-06,0.00015802085183311,4.63062437742644e-06,1.38854672478951e-05,1.85095537439568e-05,2.77511303720974e-05,3.69839201874329e-05
"1153",57.6,9.11382022597631e-06,0.000156165574295011,4.55792705769679e-06,1.36674821313323e-05,1.82189802139531e-05,2.73154898096172e-05,3.64033588256091e-05
"1154",57.65,8.97068976639636e-06,0.000154330929263146,4.48634484284838e-06,1.34528404927239e-05,1.79328633987149e-05,2.68865305547874e-05,3.58317008600232e-05
"1155",57.7,8.82975565312645e-06,0.00015251670260567,4.41586109377632e-06,1.32414924483459e-05,1.76511368094631e-05,2.64641529429282e-05,3.52688134956277e-05
"1156",57.75,8.69098509883836e-06,0.000150722682213473,4.34645941144798e-06,1.30333888340144e-05,1.7373734916349e-05,2.60482587463848e-05,3.47145658515848e-05
"1157",57.8,8.55434578949105e-06,0.000148948657982914,4.27812363358281e-06,1.28284811951409e-05,1.71005931352033e-05,2.56387511546831e-05,3.41688289348488e-05
"1158",57.85,8.41980587778216e-06,0.00014719442180052,4.2108378313757e-06,1.26267217769169e-05,1.68316478144599e-05,2.52355347549442e-05,3.36314756140913e-05
"1159",57.9,8.28733397668516e-06,0.000145459767525751,4.14458630626305e-06,1.24280635146268e-05,1.65668362222495e-05,2.48385155125541e-05,3.31023805939667e-05
"1160",57.95,8.15689915307123e-06,0.000143744490975419,4.07935358673152e-06,1.22324600240879e-05,1.63060965336622e-05,2.44476007520862e-05,3.25814203897137e-05
"1161",58,8.02847092141452e-06,0.000142048389906768,4.01512442516825e-06,1.20398655922156e-05,1.60493678181767e-05,2.40626991384733e-05,3.20684733020872e-05
"1162",58.05,7.90201923758019e-06,0.000140371264002352,3.95188379475274e-06,1.18502351677116e-05,1.57965900272543e-05,2.36837206584251e-05,3.15634193926188e-05
"1163",58.1,7.77751449269412e-06,0.00013871291485342,3.88961688638953e-06,1.16635243518757e-05,1.55477039820965e-05,2.33105766020908e-05,3.10661404592016e-05
"1164",58.15,7.65492750709285e-06,0.000137073145944448,3.82830910568101e-06,1.14796893895368e-05,1.53026513615613e-05,2.29431795449604e-05,3.05765200119924e-05
"1165",58.2,7.53422952435361e-06,0.000135451762637267,3.76794606994045e-06,1.12986871601043e-05,1.50613746902408e-05,2.2581443330005e-05,3.00944432496332e-05
"1166",58.25,7.41539220540259e-06,0.000133848572155223,3.70851360524407e-06,1.1120475168737e-05,1.48238173266936e-05,2.22252830500506e-05,2.96197970357815e-05
"1167",58.3,7.29838762270116e-06,0.000132263383568512,3.64999774352219e-06,1.09450115376277e-05,1.45899234518334e-05,2.18746150303852e-05,2.91524698759517e-05
"1168",58.35,7.18318825450877e-06,0.000130696007777302,3.59238471968882e-06,1.07722549974043e-05,1.43596380574705e-05,2.15293568115936e-05,2.86923518946594e-05
"1169",58.4,7.06976697922157e-06,0.00012914625749777,3.53566096880905e-06,1.06021648786427e-05,1.41329069350043e-05,2.11894271326191e-05,2.82393348128676e-05
"1170",58.45,6.95809706978596e-06,0.000127613947246246,3.47981312330404e-06,1.0434701103493e-05,1.39096766642649e-05,2.0854745914049e-05,2.77933119257293e-05
"1171",58.5,6.84815218818615e-06,0.000126098893324334,3.424828010193e-06,1.02698241774163e-05,1.36898946025031e-05,2.05252342416201e-05,2.73541780806249e-05
"1172",58.55,6.73990638000464e-06,0.000124600913803072,3.37069264837175e-06,1.01074951810308e-05,1.34735088735252e-05,2.02008143499429e-05,2.69218296554882e-05
"1173",58.6,6.63333406905501e-06,0.000123119828509381,3.31739424592736e-06,9.94767576206592e-06,1.32604683569726e-05,1.98814096064413e-05,2.64961645374211e-05
"1174",58.65,6.52841005208577e-06,0.000121655459010229,3.26492019748846e-06,9.79032812742319e-06,1.30507226777429e-05,1.95669444955045e-05,2.60770821015889e-05
"1175",58.7,6.4251094935548e-06,0.000120207628598265,3.21325808161085e-06,9.63541503534304e-06,1.28442221955519e-05,1.92573446028495e-05,2.56644831903969e-05
"1176",58.75,6.32340792047311e-06,0.000118776162276614,3.16239565819783e-06,9.48289978767505e-06,1.26409179946338e-05,1.89525366000912e-05,2.52582700929425e-05
"1177",58.8,6.22328121731735e-06,0.000117360886745638,3.1123208659549e-06,9.33274622225153e-06,1.24407618735793e-05,1.86524482295171e-05,2.485834652474e-05
"1178",58.85,6.12470562101017e-06,0.000115961630387037,3.06302181987843e-06,9.18491870536256e-06,1.22437063353078e-05,1.83570082890654e-05,2.44646176077157e-05
"1179",58.9,6.02765771596742e-06,0.000114578223250392,3.01448680877783e-06,9.03938212433131e-06,1.20497045771741e-05,1.80661466175019e-05,2.40769898504671e-05
"1180",58.95,5.93211442921155e-06,0.000113210497038526,2.96670429283086e-06,8.89610188018854e-06,1.18587104812071e-05,1.77797940797955e-05,2.36953711287877e-05
"1181",59,5.83805302555027e-06,0.00011185828509382,2.91966290117147e-06,8.75504388044482e-06,1.16706786044779e-05,1.74978825526883e-05,2.33196706664488e-05
"1182",59.05,5.74545110281976e-06,0.000110521422383478,2.87335142951016e-06,8.61617453195951e-06,1.1485564169598e-05,1.72203449104581e-05,2.29497990162389e-05
"1183",59.1,5.65428658719159e-06,0.000109199745486089,2.82775883778603e-06,8.47946073390518e-06,1.13033230553434e-05,1.69471150108721e-05,2.25856680412566e-05
"1184",59.15,5.56453772854234e-06,0.000107893092577627,2.78287424785037e-06,8.34486987082615e-06,1.11239117874046e-05,1.66781276813274e-05,2.22271908964525e-05
"1185",59.2,5.47618309588562e-06,0.000106601303417723,2.73868694118134e-06,8.2123698057902e-06,1.09472875292615e-05,1.64133187051778e-05,2.18742820104191e-05
"1186",59.25,5.38920157286516e-06,0.000105324219335704,2.69518635662934e-06,8.0819288736322e-06,1.07734080731787e-05,1.61526248082436e-05,2.15268570674237e-05
"1187",59.3,5.30357235330864e-06,0.000104061683217408,2.65236208819268e-06,7.95351587428833e-06,1.0602231831324e-05,1.58959836455025e-05,2.11848329896824e-05
"1188",59.35,5.21927493684125e-06,0.000102813539491754,2.61020388282323e-06,7.82710006622027e-06,1.04337178270043e-05,1.56433337879594e-05,2.08481279198727e-05
"1189",59.4,5.13628912455821e-06,0.000101579634116533,2.56870163826149e-06,7.70265115992732e-06,1.02678256860209e-05,1.53946147096919e-05,2.05166612038796e-05
"1190",59.45,5.05459501475583e-06,0.000100359814566359,2.52784540090103e-06,7.58013931154655e-06,1.010451562814e-05,1.51497667750711e-05,2.01903533737745e-05
"1191",59.5,4.97417299871987e-06,9.91539298184374e-05,2.48762536368156e-06,7.45953511653866e-06,9.94374845867893e-06,1.49087312261535e-05,1.98691261310232e-05
"1192",59.55,4.89500375657095e-06,9.7961830340156e-05,2.44803186401057e-06,7.34080960345942e-06,9.78548556020564e-06,1.46714501702438e-05,1.95529023299194e-05
"1193",59.6,4.81706825316603e-06,9.6783368075338e-05,2.40905538171304e-06,7.22393422781504e-06,9.62968888435008e-06,1.44378665676247e-05,1.92416059612421e-05
"1194",59.65,4.74034773405523e-06,9.56183964319581e-05,2.37068653700882e-06,7.10888086600062e-06,9.4763209437263e-06,1.42079242194526e-05,1.89351621361333e-05
"1195",59.7,4.6648237214935e-06,9.44667702690478e-05,2.33291608851748e-06,6.9956218093207e-06,9.32534480396404e-06,1.39815677558173e-05,1.86334970701934e-05
"1196",59.75,4.59047801050622e-06,9.33283458843515e-05,2.29573493129011e-06,6.88412975809056e-06,9.17672407584774e-06,1.37587426239622e-05,1.83365380677912e-05
"1197",59.8,4.51729266500813e-06,9.22029810006195e-05,2.25913409486787e-06,6.77437781581775e-06,9.03042290756243e-06,1.35393950766651e-05,1.80442135065872e-05
"1198",59.85,4.44525001397508e-06,9.1090534754068e-05,2.22310474136692e-06,6.66633948346239e-06,8.88640597704471e-06,1.33234721607763e-05,1.77564528222655e-05
"1199",59.9,4.37433264766748e-06,8.9990867681817e-05,2.18763816358926e-06,6.55998865377521e-06,8.74463848443715e-06,1.31109217059106e-05,1.74731864934727e-05
"1200",59.95,4.30452341390543e-06,8.89038417090063e-05,2.15272578315936e-06,6.45529960571301e-06,8.60508614464586e-06,1.29016923132956e-05,1.71943460269618e-05
"1201",60,4.23580541439421e-06,8.78293201368302e-05,2.1183591486861e-06,6.35224699892952e-06,8.46771517999856e-06,1.26957333447684e-05,1.69198639429374e-05
