"speed","original","FromData","r=1.1","r=1.3","r=1.5","r=1.8","r=2"
"1",0.5,5.41748170186581e-05,0.00265986000726043,0.000130276826850879,3.06619709919512e-05,7.37063796209231e-06,8.95956893724587e-07,2.23350005759421e-07
"2",0.55,7.47194796339899e-05,0.00350937947767398,0.000180373797647131,4.27816885465321e-05,1.03635218823166e-05,1.27434844990703e-06,3.2011750675173e-07
"3",0.6,0.00010005209899881,0.0045036147858949,0.000242405755052723,5.79151823859422e-05,1.41318722896281e-05,1.75670771150033e-06,4.44484462950319e-07
"4",0.65,0.000130687241521207,0.00564641464077841,0.000317722372317851,7.64368900491885e-05,1.87805677929189e-05,2.35878550681854e-06,6.00927382498404e-07
"5",0.7,0.000167130231421118,0.00694039653637047,0.000407660835801321,9.87238592014521e-05,2.4416779971581e-05,3.09700021315449e-06,7.94169737314e-07
"6",0.75,0.000209874763320085,0.00838622992114947,0.000513539300677929,0.000125153872951125,3.11494634476613e-05,3.98837215355366e-06,1.02916666202418e-06
"7",0.8,0.000259400880593392,0.00998381926657616,0.000636651234036734,0.000156103777942436,3.90888900681518e-05,5.05046183315039e-06,1.31109026388448e-06
"8",0.85,0.000316173268028848,0.0117316634332173,0.000778260527169893,0.000191947991041406,4.83462225269395e-05,6.30131169406823e-06,1.64531550685314e-06
"9",0.9,0.000380639816850843,0.0136256979965347,0.00093959728029165,0.000233057164677286,5.90331235570178e-05,7.75939112318432e-06,2.03740664003061e-06
"10",0.95,0.000453230427376218,0.0156633630977293,0.00112185417919401,0.00027979699412538,7.12613974305001e-05,9.44354448819606e-06,2.49310414566438e-06
"11",1,0.000534356020146041,0.0178393892073581,0.0013261833959533,0.000332527152519044,8.51426609740253e-05,1.13729420087357e-05,3.01831218552654e-06
"12",1.05,0.000624407730773856,0.0201481217511612,0.00155369395575706,0.000391600341357651,0.000100788041678346,1.35670332935961e-05,3.61908652713031e-06
"13",1.1,0.000723756267273417,0.0225831907289299,0.00180544951991177,0.000457361445868886,0.000118307900779107,1.60455033943694e-05,4.3016229332442e-06
"14",1.15,0.000832751411491763,0.0251376051720985,0.00208246654159953,0.000530146785883193,0.000137811579429149,1.8828231241287e-05,5.07224599968165e-06
"15",1.2,0.000951721648630387,0.0278038551953883,0.00238571275632115,0.000610283453953142,0.000159407166284,2.19352503396983e-05,5.93739842751987e-06
"16",1.25,0.00108097391079971,0.030574010219899,0.00271610597344413,0.00069808873335064,0.000183201284990861,2.53867116161217e-05,6.90363071682865e-06
"17",1.3,0.00122079342220314,0.0334398137574032,0.00307451313905318,0.000793869589336632,0.000209298900214336,2.92028483116176e-05,7.97759126973e-06
"18",1.35,0.00137144363494879,0.0363927745335798,0.00346174964351804,0.00089792222774912,0.000237803140954528,3.34039428277345e-05,9.16601689121369e-06
"19",1.4,0.00153316624568683,0.0394300423588385,0.0038785788499553,0.00101053171551658,0.000268815140018896,3.80102954367359e-05,1.04757236766328e-05
"20",1.45,0.00170618128430618,0.0425255490963762,0.00432571182215022,0.00113197165819196,0.000302433888601476,4.3042194773434e-05,1.19135982752236e-05
"21",1.5,0.00189068726682266,0.0456879722324787,0.00480380723258619,0.00126250393002959,0.00033875610500411,4.85198900308892e-05,1.34865895193567e-05
"22",1.55,0.00208686140537717,0.0489029241529422,0.00531347143305388,0.00140237845250387,0.00037787611660603,5.44635647866136e-05,1.52017004095383e-05
"23",1.6,0.00229485986895224,0.0521619635050799,0.00585525867192215,0.00155183301750279,0.000419885754252026,6.08933123898327e-05,1.70659804454649e-05
"24",1.65,0.00251481808902596,0.0554570066917718,0.00642967144357729,0.00171109315172675,0.000464874258286685,6.78291128438808e-05,1.90865182936802e-05
"25",1.7,0.00274685110492294,0.0587798366012198,0.00703716095680937,0.00188037201909046,0.000512928195513788,7.52908111210189e-05,2.12704347826208e-05
"26",1.75,0.00299105394410498,0.062122985266865,0.00767812771005907,0.00205987035816568,0.000564131386406679,8.32980968498858e-05,2.3624876216046e-05
"27",1.8,0.0032475020330753,0.0654792218937804,0.00835292216245975,0.00224977645192011,0.000618564841937921,9.18704853184807e-05,2.61570079960508e-05
"28",1.85,0.00351625163495816,0.0688417335559961,0.00906184549052949,0.00245026612720492,0.000676306709435473,0.000101027299738075,2.8874008547051e-05
"29",1.9,0.00379734031016467,0.0722041588336834,0.00980515042119916,0.0026615027816232,0.000737432226908166,0.00011078765471575,3.1783063532313e-05
"30",1.95,0.0040907873968711,0.0755606150658818,0.0105830421326181,0.00288363743557573,0.000802013685316155,0.00012117044088542,3.48913603547736e-05
"31",2,0.00439659450832189,0.0789057192225648,0.0113956792148656,0.00311680880743151,0.000870120398292289,0.000132194310649218,3.82060829340704e-05
"32",2.05,0.00471474604422906,0.0822347168793674,0.0122431746833226,0.00336114340990827,0.000941818678848386,0.000143877664983027,4.17344067518653e-05
"33",2.1,0.0050452097137762,0.085543030694155,0.0131255970380302,0.00361675566587655,0.00101717182262652,0.000156238641261718,4.54834941577086e-05
"34",2.15,0.00538793706795051,0.0888269562859169,0.0140429713628889,0.00388374804191817,0.00109624009727966,0.00016929510206137,4.94604899278506e-05
"35",2.2,0.00574286403912371,0.0920831941796644,0.0149952804590294,0.00416221119807959,0.0011790807375887,0.000183064624897334,5.36725170695634e-05
"36",2.25,0.00610991148598279,0.0953089580896415,0.0159824660071356,0.00445222415236146,0.00126574794594404,0.00019756449285856,5.81266728636921e-05
"37",2.3,0.00648898574207689,0.0985019614079722,0.0170044297539015,0.00475385445858009,0.00135629289783985,0.000212811686100033,6.28300251383046e-05
"38",2.35,0.00687997916639878,0.101660399222511,0.0180610347181875,0.00506715839632378,0.00145076375204764,0.000228822874156569,6.7789608766464e-05
"39",2.4,0.00728277069455867,0.104782926366296,0.0191521064127828,0.00539218117180909,0.00154920566515338,0.000245614409042572,7.30124223812916e-05
"40",2.45,0.00769722638923689,0.107868632034801,0.02027743407801,0.00572895712851769,0.001651660810159,0.000263202319103585,7.85054253016401e-05
"41",2.5,0.00812319998872032,0.110917011529756,0.0214367719236991,0.0060775099665663,0.00175816839886433,0.000281602303586725,8.42755346618402e-05
"42",2.55,0.00856053345243663,0.113927935699445,0.0226298403763401,0.00643785296982858,0.00186876470776073,0.000300829727898256,9.03296227391289e-05
"43",2.6,0.00900905750250139,0.116901618644744,0.0238563273284775,0.0068099892398901,0.00198348310718101,0.000320899619517675,9.66745144725072e-05
"44",2.65,0.00946859216038609,0.119838584248453,0.0251158893876493,0.00719391193597661,0.0021023540934639,0.00034182666453877,0.000103316985166923
"45",2.7,0.00993894727790145,0.122739632063262,0.0264081531223945,0.00758960452005041,0.00222540532390324,0.000363625204809186,0.000110263758376805
"46",2.75,0.0104199230617697,0.125605803062244,0.0277327163030593,0.00799704100632138,0.00235266165426432,0.000386309235640975,0.00011752150396312
"47",2.8,0.0109113105911336,0.128438345716424,0.0290891491353245,0.00841618621446776,0.00248414517866075,0.000409892404065658,0.000125096836318252
"48",2.85,0.0114128923274182,0.131238682818316,0.0304769954845548,0.00884699602590759,0.00261987527159581,0.00043438800760821,0.000132996312753153
"49",2.9,0.0119244426160232,0.134008379420039,0.0318957740892379,0.0092894176425046,0.0027598686319826,0.000459808993555291,0.000141226432041322
"50",2.95,0.0124457281793858,0.136749112201423,0.0333449797619361,0.00974338984713266,0.00290413932896643,0.000486167958693945,0.000149793633114328
"51",3,0.0129765086010019,0.139462830848597,0.0348240845763171,0.0102088432655616,0.00305269884938271,0.000513477149497806,0.000158704293903699
"52",3.05,0.013516536800052,0.142150969423525,0.0363325390389683,0.0106857006291626,0.0032055561466914,0.000541748462738685,0.000167964730324147
"53",3.1,0.0140655594963158,0.144815564348044,0.0378697732448213,0.0111738770379658,0.00336271769123825,0.00057099344650219,0.000177581195393198
"54",3.15,0.0146233176651102,0.147458469093307,0.0394351980151325,0.0116732802236343,0.0035241875217002,0.000601223301586803,0.000187559878482456
"55",3.2,0.0151895469820198,0.150081524324284,0.0410282060170769,0.0121838108119492,0.00368996729758031,0.000632448883266582,0.000197906904695811
"56",3.25,0.0157639782572287,0.152686539507768,0.0426481728641106,0.0127053625844294,0.00386005635262437,0.000664680703398343,0.000208628334370059
"57",3.3,0.0163463378592965,0.15527527672987,0.0442944581963565,0.0132378227387353,0.00403445174903856,0.000697928932854918,0.000219730162693492
"58",3.35,0.0169363481282515,0.157849436670639,0.0459664067403544,0.0137810721475329,0.00421314833239351,0.000732203404266704,0.000231218319438153
"59",3.4,0.0175337277779037,0.160410646656859,0.0476633493476008,0.0143349856155176,0.00439613878710692,0.0007675136150544,0.000243098668801545
"60",3.45,0.0181381922873095,0.162960450692661,0.0493846040113807,0.0148994321343191,0.00458341369240224,0.000803868730736462,0.000255377009353715
"61",3.5,0.0187494542813412,0.165500301350974,0.0511294768614651,0.0154742751350332,0.004774961578647,0.000841277588495368,0.000268059074085737
"62",3.55,0.0193672239003394,0.168031945949397,0.0528972631363175,0.0160593727381419,0.00497076898397946,0.000879748700987452,0.00028115053055572
"63",3.6,0.0199912091588489,0.170555853299785,0.0546872481325114,0.016654578000607,0.00517082051113756,0.000919290260381551,0.000294656981128587
"64",3.65,0.0206211162934545,0.173073560631568,0.0564987081311222,0.0172597391599375,0.00537509888440911,0.000959910142612335,0.000308583963305962
"65",3.7,0.0212566500997549,0.175586106259204,0.0583309113009113,0.0178746998750488,0.00558358500662665,0.00100161591183467,0.000322936950142619
"66",3.75,0.0218975142585262,0.178094419715857,0.0601831185781668,0.018499299463749,0.00579625801613496,0.00104441482506593,0.000337721350746034
"67",3.8,0.0225434116511447,0.180599321940395,0.0620545845231175,0.0191333731367014,0.00601309534366367,0.00108831383700365,0.000352942510855698
"68",3.85,0.0231940446643486,0.183101526366411,0.0639445581528741,0.0197767522277265,0.00623407276904116,0.0011333196050064,0.000368605713498923
"69",3.9,0.023849115484435,0.185601640788712,0.0658522837508998,0.0204292644203229,0.00645916447769017,0.0011794384942262,0.000384716179719989
"70",3.95,0.0245083263809967,0.188100169890534,0.0677770016530396,0.0210907339702959,0.00668834311684895,0.00122667658288139,0.000401279069379567
"71",4,0.025171379980316,0.190597518323254,0.0697179490101829,0.0217609819243965,0.00692157985146561,0.00127503966765906,0.000418299482021437
"72",4.05,0.0258379795285404,0.193093994239224,0.0716743605276574,0.0224398263348859,0.00715884441971645,0.00132453326923688,0.000435782457803621
"73",4.1,0.0265078291447749,0.195589813187334,0.0736454691814862,0.0231270824699483,0.00740010518810264,0.00137516263791433,0.000453732978491135
"74",4.15,0.0271806340642335,0.198085102289804,0.0756305069116673,0.0238225630198888,0.00764532920608223,0.00142693275934383,0.000472155968507647
"75",4.2,0.0278561008715972,0.200579904627397,0.077628705292656,0.0245260782990582,0.00789448226019786,0.00147984836035271,0.000491056296043417
"76",4.25,0.028533937724735,0.20307505527127,0.0796392961812586,0.0252374364434613,0.00814752892766313,0.00153391391484726,0.000510438774216972
"77",4.3,0.0292138545689479,0.205568706791218,0.0816615123421628,0.0259564436040065,0.0084044326293733,0.00158913364979049,0.000530308162288057
"78",4.35,0.0298955633419007,0.208061542372206,0.0836945880513515,0.0266829041353706,0.00866515568230847,0.00164551155124558,0.000550669166919483
"79",4.4,0.0305787781694114,0.21055331484505,0.0857377596776634,0.0274166207804518,0.00892965935130015,0.00170305137047735,0.000571526443485558
"80",4.45,0.0312632155522717,0.213043716060205,0.0877902662427809,0.0281573948503993,0.00919790390013395,0.00176175663010444,0.00059288459742487
"81",4.5,0.0319485945442737,0.215532381427236,0.0898513499599363,0.028905026400206,0.00946984864196381,0.0018216306302951,0.000614748185635275
"82",4.55,0.0326346369216227,0.218018894358497,0.0919202567516485,0.0296593143998652,0.00974545198901495,0.00188267645499998,0.000637121717909003
"83",4.6,0.0333210673439161,0.220502790596451,0.0939962367468024,0.0304200569010912,0.0100246715015551,0.00194489697821537,0.000660009658405861
"84",4.65,0.034007613506872,0.222983562408228,0.0960785447574054,0.0311870511996133,0.0103074639361148,0.00200829487027094,0.000683416427162604
"85",4.7,0.0346940062869899,0.225460662634618,0.098166440735356,0.0319600939930566,0.0105937852929409,0.002072872604136,0.000707346401636579
"86",4.75,0.0353799798783304,0.22793350858391,0.100259190209572,0.0327389815344266,0.0108835908626663,0.00213863246173874,0.000731803918281857
"87",4.8,0.0360652719215976,0.230401485763731,0.10235606470383,0.0335235097812207,0.0111768352721845,0.00220557654029318,0.000756793274156076
"88",4.85,0.0367496236257109,0.232863951446466,0.104456342135682,0.0343134745401932,0.0114734725297152,0.00227370675862871,0.000782318728556344
"89",4.9,0.0374327798820518,0.23532023806583,0.106559307196805,0.0351086716078036,0.0117734560690518,0.00234302486351753,0.000808384504682552
"90",4.95,0.0381144893715708,0.237769656443969,0.108664251715155,0.0359088969063826,0.0120767387929806,0.00241353243599522,0.000834994791326563
"91",5,0.0387945046649404,0.240211498849844,0.110770474999308,0.0367139466160525,0.0123832731158655,0.00248523089767031,0.000862153744585753
"92",5.05,0.0394725823159362,0.242645041890947,0.11287728416535,0.0375236173024428,0.0126930110053898,0.00255812151701857,0.000889865489599465
"93",5.1,0.0401484829482319,0.245069549241303,0.1149839944467,0.0383377060402435,0.0130059040234516,0.00263220541565813,0.000918134122306991
"94",5.15,0.0408219713357878,0.247484274209587,0.117089929487245,0.0391560105326423,0.013321903366208,0.00270748357460189,0.000946963711225741
"95",5.2,0.041492816477015,0.249888462151765,0.119194421618173,0.0399783292266931,0.0136409599032655,0.00278395684048344,0.000976358299248322
"96",5.25,0.0421607916628931,0.25228135273319,0.121296812118867,0.0408044614246665,0.0139630242160135,0.00286162593175339,0.00100632190545729
"97",5.3,0.0428256745392196,0.254662182045428,0.123396451462262,0.0416342073914345,0.0142880466351017,0.00294049144484293,0.00103685852695639
"98",5.35,0.043487247163166,0.25703018458334,0.125492699545029,0.0424673684579432,0.0146159772770604,0.00302055386029163,0.00106797214071719
"99",5.4,0.044145296054314,0.259384595088147,0.127584925902973,0.0433037471208294,0.0149467660800639,0.00310181354883676,0.00109966670543995
"100",5.45,0.0447996122403429,0.261724650262247,0.129672509912013,0.0441431471382381,0.0152803628388401,0.00318427077746144,0.00113194616342778
"101",5.5,0.045449991297539,0.264049590361607,0.131754840975129,0.0449853736218993,0.0156167172387276,0.0032679257153993,0.00116481444247302
"102",5.55,0.0460962333862908,0.266358660671525,0.133831318695641,0.0458302331255246,0.0159557788888841,0.00335277844009326,0.00119827545775497
"103",5.6,0.0467381432817382,0.268651112871468,0.135901353037194,0.0466775337295828,0.016297497354649,0.00343882894310627,0.00123233311374796
"104",5.65,0.0473755303997341,0.270926206294608,0.137964364470812,0.0475270851225182,0.0166418221890666,0.00352607713598213,0.00126699130613902
"105",5.7,0.0480082088182808,0.273183209087516,0.140019784109385,0.048378698678472,0.0169887029635725,0.00361452285605437,0.00130225392375426
"106",5.75,0.0486359972945964,0.275420287761552,0.142067053829957,0.049232187531571,0.0173380892978506,0.00370416587220163,0.00133812485049319
"107",5.8,0.0492587192779657,0.277638946109743,0.144105626384151,0.050087366646848,0.0176899308888671,0.00379500589054779,0.00137460796727019
"108",5.85,0.0498762029185283,0.27983738140882,0.146134965497112,0.0509440528878563,0.0180441775390862,0.00388704256010547,0.00141170715396259
"109",5.9,0.0504882810721511,0.282014906846003,0.148154545955286,0.0518020650810449,0.0184007791838772,0.00398027547836153,0.00144942629136448
"110",5.95,0.0510947913015322,0.284170848902743,0.150163853683401,0.0526612240769568,0.0187596859181187,0.00407470419680328,0.00148776926314574
"111",6,0.0516955758736796,0.286304548020776,0.152162385810975,0.0535213528083183,0.0191208480220091,0.00417032822638436,0.00152673995781572
"112",6.05,0.0522904817539048,0.288415359201685,0.154149650728691,0.0543822763450818,0.0194842159860906,0.00426714704292914,0.0015663422706909
"113",6.1,0.0528793605964695,0.290502652543929,0.15612516813497,0.0552438219464894,0.0198497405354966,0.00436516009247484,0.00160658010586608
"114",6.15,0.0534620687320188,0.292565813721135,0.158088469073057,0.0561058191102204,0.0202173726534312,0.00446436679655048,0.00164745737818864
"115",6.2,0.0540384671519356,0.294604244405246,0.160039095958951,0.0569680996186894,0.0205870636038892,0.00456476655739196,0.00168897801523522
"116",6.25,0.0546084214897422,0.296617362637923,0.161976602600484,0.0578304975825594,0.0209587649536278,0.00466635876309251,0.00173114595929065
"117",6.3,0.055171801999678,0.298604603153453,0.163900554207862,0.0586928494815334,0.0213324285933987,0.00476914279268821,0.00177396516932848
"118",6.35,0.0557284835325748,0.300565417656189,0.165810527395965,0.0595549942024908,0.0217080067584506,0.00487311802117779,0.00181743962299288
"119",6.4,0.0562783455091523,0.302499275055452,0.167706110178718,0.0604167730750308,0.0220854520483137,0.00497828382447664,0.00186157331858156
"120",6.45,0.0568212718908494,0.30440566166059,0.169586901955807,0.0612780299044873,0.0224647174458748,0.00508463958430439,0.00190637027702921
"121",6.5,0.0573571511483085,0.306284081338805,0.171452513492041,0.0621386110024777,0.0228457563357553,0.00519218469300607,0.00195183454389145
"122",6.55,0.0578858762276232,0.308134055638159,0.173302566889633,0.0629983652150502,0.0232285225220017,0.00530091855830662,0.00199797019132878
"123",6.6,0.0584073445144603,0.30995512387808,0.17513669555368,0.0638571439484885,0.0236129702451003,0.00541084060799845,0.00204478132009034
"124",6.65,0.0589214577961618,0.311746843209508,0.176954544151116,0.064714801192839,0.0239990541983262,0.00552195029456239,0.00209227206149738
"125",6.7,0.0594281222219316,0.313508788646748,0.178755768563387,0.0655711935432182,0.0243867295434395,0.00563424709972159,0.00214044657942609
"126",6.75,0.0599272482612074,0.315240553072935,0.18054003583313,0.066426180218964,0.0247759519257371,0.00574773053892883,0.00218930907228963
"127",6.8,0.0604187506603173,0.316941747220937,0.182307024105092,0.0672796230806871,0.0251666774884743,0.0058624001657872,0.00223886377501936
"128",6.85,0.0609025483975169,0.318611999631389,0.184056422561539,0.0681313866452851,0.0255588628866654,0.00597825557640426,0.0022891149610449
"129",6.9,0.0613785646364993,0.320250956589477,0.185787931352408,0.0689813380989741,0.0259524653002755,0.00609529641368011,0.00234006694427309
"130",6.95,0.0618467266784701,0.321858282041981,0.187501261520431,0.0698293473083991,0.0263474424468152,0.00621352237152956,0.00239172408106575
"131",7,0.0623069659128755,0.323433657495992,0.189196134921456,0.0706752868298764,0.0267437525933491,0.00633293319903859,0.002444090772216
"132",7.05,0.0627592177668678,0.324976781900665,0.190872284140213,0.0715190319168268,0.027141354567929,0.00645352870455579,0.0024971714649233
"133",7.1,0.0632034216535935,0.326487371513241,0.192529452401714,0.0723604605254535,0.0275402077704645,0.00657530875971886,0.00255097065476704
"134",7.15,0.0636395209193836,0.327965159750557,0.194167393478534,0.0731994533187201,0.0279402721830414,0.00669827330341683,0.00260549288767871
"135",7.2,0.0640674627899249,0.329409897027129,0.195785871594165,0.0740358936686816,0.0283415083796998,0.00682242234568851,0.00266074276191265
"136",7.25,0.0644871983154886,0.330821350580893,0.197384661322644,0.0748696676572217,0.0287438775356824,0.00694775597155748,0.00271672493001537
"137",7.3,0.0648986823152889,0.332199304287563,0.198963547484672,0.0757006640752481,0.0291473414361657,0.00707427434480441,0.0027734441007935
"138",7.35,0.0653018733210449,0.33354355846456,0.200521406945557,0.0765287744203982,0.0295518624844835,0.00720197771167724,0.00283090504128043
"139",7.4,0.0656967335198128,0.33485392966538,0.202059873825246,0.0773538928933033,0.0299574037098558,0.00733086640453978,0.00288911257870168
"140",7.45,0.0660832286961571,0.336130250465221,0.203577852086419,0.0781759163924631,0.0303639287746324,0.00746094084545937,0.00294807160243908
"141",7.5,0.0664613281737252,0.337372369238668,0.205075166434699,0.0789947445077779,0.0307714019810642,0.00759220154973443,0.00300778706599384
"142",7.55,0.0668310047562872,0.338580149930127,0.206551651256742,0.0798102795127861,0.0311797882776109,0.00772464912936245,0.0030682639889487
"143",7.6,0.0671922346683022,0.339753471817744,0.208007150499146,0.0806224263556553,0.031589053264798,0.00785828429644915,0.00312950745892916
"144",7.65,0.0675449974950706,0.34089222927142,0.209441517545094,0.0814310926489708,0.0319991632006329,0.00799310786655968,0.00319152263356403
"145",7.7,0.0678892761225265,0.34199633150555,0.210854615088896,0.0822350261139906,0.0324100850055904,0.00812912076201247,0.00325431474244537
"146",7.75,0.0682250566767274,0.34306570232705,0.212246315008577,0.0830364533932701,0.0328217862671794,0.00826632401511667,0.00331788908908803
"147",7.8,0.0685523284630918,0.344100279879229,0.213616498236678,0.0838341388802695,0.0332342352441009,0.00840471877135386,0.00338225105288894
"148",7.85,0.0688710839054366,0.34510001638199,0.214965054629396,0.0846280007218202,0.0336474008700059,0.00854430629250488,0.00344740609108635
"149",7.9,0.0691813184848632,0.346064877868862,0.21629188283422,0.0854179596616101,0.0340612527568673,0.00868508795972274,0.00351335974071917
"150",7.95,0.0694830306785379,0.346994843921295,0.217596890156195,0.086203939023682,0.0344757611979716,0.00882706527655225,0.00358011762058673
"151",8,0.0697762218984147,0.347889907400663,0.218879992422949,0.0869858646950296,0.0348908971705437,0.00897023987189737,0.00364768543320893
"152",8.05,0.070060896429941,0.348750074178343,0.220141113848606,0.0877636651073282,0.0353066323380136,0.0091146135029372,0.00371606896678743
"153",8.1,0.0703370613707905,0.349575362864283,0.221380186896718,0.0885372712178397,0.0357229390519339,0.0092601880579913,0.00378527409716754
"154",8.15,0.0706047265696614,0.350365804534377,0.222597152142335,0.0893066164895284,0.0361397903535593,0.00940696555933549,0.00385530678980168
"155",8.2,0.0708639045651815,0.351121442457005,0.223791958133321,0.0900716368704252,0.0365571599750971,0.00955494816596878,0.00392617310171411
"156",8.25,0.0711146105249535,0.351842331819035,0.224964561251048,0.090832270772275,0.0369750223406377,0.00970413817633262,0.00399787918346764
"157",8.3,0.0713568621847794,0.352528539451585,0.226114925570553,0.0915884590485018,0.0373933525667744,0.00985453803098306,0.00407043128113222
"158",8.35,0.0715906797880954,0.353180143555823,0.227243022720283,0.0923401449715278,0.0378121264629228,0.0100061503152171,0.00414383573825603
"159",8.4,0.0718160860256524,0.35379723342906,0.228348831741519,0.0930872742094765,0.0382313205313472,0.0101589777616539,0.00421809899783903
"160",8.45,0.0720331059754702,0.354379909191381,0.229432338947584,0.0938297948022953,0.0386509119669037,0.0103130232527717,0.00429322760430961
"161",8.5,0.0722417670430979,0.354928281513043,0.230493537782923,0.0945676571373278,0.0390708786565094,0.0104682898234021,0.00436922820550433
"162",8.55,0.0724420989022075,0.355442471342852,0.231532428682146,0.0953008139243654,0.0394911991783446,0.0106247806631813,0.00444610755465123
"163",8.6,0.0726341334355473,0.355922609637724,0.232549018929133,0.0960292201702122,0.0399118528007983,0.010782499118961,0.00452387251235707
"164",8.65,0.0728179046762825,0.356368837093603,0.233543322516272,0.0967528331527877,0.0403328194811636,0.0109414486971779,0.00460253004859867
"165",8.7,0.072993448749746,0.356781303877944,0.234515360003914,0.0974716123947999,0.0407540798640931,0.0111016330661847,0.00468208724471883
"166",8.75,0.0731608038156226,0.357160169363881,0.23546515838013,0.0981855196370138,0.0411756152798205,0.0112630560585422,0.00476255129542707
"167",8.8,0.073320010010591,0.357505601866277,0.23639275092084,0.0988945188111444,0.041597407742157,0.011425721673274,0.0048439295108056
"168",8.85,0.073471109391441,0.357817778379768,0.237298177050382,0.0995985760123993,0.0420194399462713,0.0115896340780846,0.00492622931832083
"169",8.9,0.0736141458786888,0.358096884318952,0.238181482202598,0.100297659471697,0.042441695266259,0.0117547976115418,0.00500945826484086
"170",8.95,0.0737491652007077,0.358343113260843,0.239042717682499,0.100991739527584,0.0428641577525099,0.0119212167852246,0.00509362401865913
"171",9,0.0738762148383918,0.358556666689701,0.239881940528571,0.101680788597884,0.0432868121288807,0.0120888962858376,0.00517873437152486
"172",9.05,0.07399534397037,0.358737753744352,0.240699213375782,0.10236478115108,0.0437096437896793,0.0122578409772916,0.00526479724068038
"173",9.1,0.074106603418786,0.358886590968102,0.241494604319359,0.103043693677487,0.0441326387964696,0.0124280559027537,0.00535182067090603
"174",9.15,0.0742100455956573,0.359003402061315,0.242268186779365,0.103717504660204,0.0445557838747014,0.0125995462866654,0.00543981283657265
"175",9.2,0.0743057244498303,0.359088417636773,0.243020039366164,0.104386194545884,0.0449790664101733,0.012772317536731,0.00552878204370242
"176",9.25,0.0743936954145409,0.359141874977869,0.243750245746788,0.105049745715342,0.0454024744453366,0.0129463752458773,0.00561873673203823
"177",9.3,0.0744740153555939,0.359164017799716,0.244458894512282,0.10570814245402,0.0458259966754434,0.0131217251941845,0.00570968547712197
"178",9.35,0.074546742520174,0.359155096013244,0.245146079046056,0.106361370922324,0.046249622444549,0.01329837335079,0.00580163699238224
"179",9.4,0.0746119364862952,0.359115365492331,0.245811897393294,0.107009419125855,0.0466733417413714,0.0134763258757663,0.00589460013123192
"180",9.45,0.0746696581129012,0.359045087844033,0.24645645213146,0.107652276885559,0.047097145195017,0.0136555891219726,0.00598858388917577
"181",9.5,0.074719969490624,0.358944530181958,0.247079850241936,0.108289935807803,0.0475210240705757,0.0138361696368825,0.00608359740592881
"182",9.55,0.0747629338932086,0.358813964902833,0.247682202982835,0.108922389254396,0.0479449702645941,0.0140180741643876,0.00617964996754569
"183",9.6,0.0747986157296117,0.3586536694663,0.248263625763023,0.109549632312585,0.0483689763004292,0.0142013096465783,0.00627675100856145
"184",9.65,0.0748270804967811,0.358463926177972,0.24882423801737,0.110171661765024,0.0487930353234913,0.0143858832255031,0.0063749101141443
"185",9.7,0.0748483947331194,0.358245021975792,0.249364163083282,0.110788476059738,0.0492171410963793,0.0145718022449057,0.00647413702226056
"186",9.75,0.0748626259726413,0.35799724821971,0.249883528078523,0.111400075280103,0.0496412879939145,0.0147590742519431,0.00657444162585253
"187",9.8,0.0748698426998243,0.357720900484711,0.250382463780369,0.112006461114854,0.050065470998079,0.0149477069988834,0.00667583397502939
"188",9.85,0.0748701143051614,0.3574162783572,0.250861104506107,0.112607636828124,0.0504896856928612,0.0151377084447855,0.00677832427927187
"189",9.9,0.074863511041415,0.357083685234778,0.251319587994913,0.113203607229544,0.0509139282590163,0.0153290867571604,0.00688192290965092
"190",9.95,0.0748501039805775,0.356723428129406,0.25175805529112,0.113794378644407,0.0513381954687444,0.0155218503136165,0.00698664040106091
"191",10,0.0748299649715403,0.356335817473975,0.252176650628909,0.11437995888391,0.0517624846802918,0.0157160077034877,0.0070924874544678
"192",10.05,0.074803166598472,0.355921166932284,0.252575521318428,0.114960357215489,0.0521867938324801,0.0159115677294469,0.00719947493917285
"193",10.1,0.0747697821399081,0.355479793212435,0.252954817633367,0.115535584333251,0.0526111214391667,0.0161085394091045,0.00730761389509198
"194",10.15,0.0747298855285521,0.35501201588364,0.253314692700001,0.116105652328526,0.0530354665836427,0.0163069319765935,0.00741691553505174
"195",10.2,0.0746835513117891,0.354518157196441,0.253655302387708,0.116670574660541,0.0534598289129699,0.0165067548841411,0.00752739124710189
"196",10.25,0.0746308546129109,0.353998541906343,0.253976805200993,0.117230366127223,0.0538842086322631,0.016708017803628,0.00763905259684528
"197",10.3,0.0745718710930519,0.353453497100842,0.254279362173002,0.117785042836155,0.0543086064989211,0.0169107306281369,0.00775191132978558
"198",10.35,0.0745066769138362,0.352883352029859,0.254563136760568,0.118334622175675,0.0547330238168095,0.0171149034734892,0.007865979373693
"199",10.4,0.0744353487007328,0.352288437939549,0.25482829474077,0.11887912278615,0.0551574624303995,0.0173205466797721,0.00798126884098885
"200",10.45,0.074357963507117,0.35166908790948,0.255075004109034,0.119418564531405,0.0555819247188672,0.0175276708128566,0.00809779203114919
"201",10.5,0.0742745987790381,0.35102563669318,0.255303434978763,0.119952968470348,0.0560064135901547,0.0177362866659059,0.00821556143312797
"202",10.55,0.0741853323206876,0.350358420562013,0.25551375948252,0.120482356828766,0.0564309324749994,0.017946405260877,0.00833458972780047
"203",10.6,0.0740902422605679,0.349667777152384,0.255706151674758,0.121006752971327,0.0568554853209314,0.0181580378500137,0.00845488979042708
"204",10.65,0.0739894070183563,0.34895404531625,0.255880787436096,0.121526181373777,0.0572800765862455,0.018371195917334,0.00857647469313828
"205",10.7,0.0738829052724623,0.348217564974909,0.256037844379163,0.122040667595346,0.0577047112339483,0.0185858911801109,0.00869935770744102
"206",10.75,0.0737708159282726,0.347458676976054,0.256177501755982,0.122550238251371,0.0581293947256851,0.0188021355903478,0.00882355230674718
"207",10.8,0.0736532180870823,0.346677722954061,0.256299940366921,0.123054920986133,0.0585541330156479,0.0190199413362495,0.00894907216892443
"208",10.85,0.073530191015705,0.345875045193496,0.256405342471197,0.123554744445927,0.0589789325444694,0.0192393208436885,0.00907593117887011
"209",10.9,0.0734018141167599,0.345050986495801,0.256493891698933,0.124049738252359,0.0594038002331032,0.0194602867776683,0.00920414343110854
"210",10.95,0.0732681668996292,0.344205890049148,0.256565772964768,0.124539932975881,0.0598287434766952,0.0196828520437837,0.00933372323241219
"211",11,0.0731293289520815,0.343340099301417,0.256621172383014,0.125025360109565,0.0602537701384464,0.0199070297896779,0.00946468510444738
"212",11.05,0.0729853799125562,0.342453957836288,0.256660277184363,0.125506052043127,0.060678888543472,0.020132833406499,0.00959704378644478
"213",11.1,0.0728363994431031,0.341547809252394,0.256683275634131,0.125982042037194,0.0611041074726561,0.0203602765303541,0.00973081423789529
"214",11.15,0.0726824672029707,0.340621997045526,0.256690356952039,0.126453364197833,0.0615294361565075,0.0205893730437633,0.00986601164127189
"215",11.2,0.0725236628228396,0.339676864493845,0.25668171123352,0.126920053451328,0.0619548842690162,0.0208201370771134,0.0100026514047777
"216",11.25,0.0723600658796925,0.338712754546079,0.256657529372554,0.127382145519227,0.0623804619215137,0.0210525830101113,0.0101407491651211
"217",11.3,0.0721917558723162,0.337730009712657,0.256618002986018,0.127839676893644,0.0628061796565388,0.0212867254732391,0.0102803207903178
"218",11.35,0.0720188121974289,0.336728971959765,0.25656332433954,0.128292684812832,0.0632320484417117,0.0215225793492096,0.0104213823825212
"219",11.4,0.0718413141264257,0.335709982606277,0.256493686274858,0.128741207237028,0.063658079663616,0.0217601597744237,0.0105639502808808
"220",11.45,0.0716593407827371,0.334673382223532,0.256409282138663,0.129185282824562,0.0640842851216929,0.0219994821404302,0.0107080410644291
"221",11.5,0.0714729711197926,0.333619510537922,0.256310305712935,0.129624950908247,0.0645106770221474,0.0222405620953882,0.0108536715549986
"222",11.55,0.0712822838995823,0.332548706336254,0.256196951146733,0.130060251472039,0.0649372679718691,0.0224834155455316,0.0110008588201677
"223",11.6,0.0710873576718113,0.331461307373846,0.256069412889464,0.130491225127978,0.0653640709723679,0.0227280586566382,0.0111496201762372
"224",11.65,0.0708882707536382,0.330357650285337,0.255927885625591,0.130917913093405,0.0657910994137275,0.0229745078555019,0.0112999731912376
"225",11.7,0.070685101209991,0.329238070498152,0.255772564210786,0.131340357168461,0.0662183670685767,0.023222779831409,0.0114519356879676
"226",11.75,0.0704779268344536,0.328102902148605,0.255603643609503,0.13175859971387,0.0666458880860811,0.0234728915376192,0.0116055257470639
"227",11.8,0.0702668251307159,0.326952478000589,0.255421318833976,0.132172683628994,0.0670736769859542,0.0237248601928513,0.0117607617101038
"228",11.85,0.0700518732945781,0.325787129366827,0.255225784884612,0.132582652330182,0.0675017486524915,0.0239787032827741,0.0119176621827401
"229",11.9,0.0698331481965057,0.324607186032637,0.255017236691781,0.132988549729396,0.0679301183286272,0.0242344385615026,0.0120762460378686
"230",11.95,0.069610726364723,0.323412976182185,0.254795869058979,0.133390420213124,0.0683588016100144,0.0244920840531005,0.0122365324188302
"231",12,0.0693846839688418,0.322204826327173,0.254561876607352,0.133788308621571,0.0687878144391303,0.0247516580530876,0.0123985407426466
"232",12.05,0.0691550968040149,0.320983061237939,0.25431545372158,0.134182260228143,0.0692171730994071,0.0250131791299546,0.0125622907032898
"233",12.1,0.0689220402756088,0.31974800387693,0.254056794497091,0.134572320719207,0.0696468942093886,0.0252766661266835,0.0127278022749881
"234",12.15,0.0686855893843863,0.318499975334492,0.253786092688595,0.134958536174136,0.0700769947169143,0.0255421381622756,0.0128950957155659
"235",12.2,0.0684458187121923,0.317239294766968,0.253503541659934,0.135340953045641,0.0705074918933312,0.0258096146332853,0.0130641915698207
"236",12.25,0.0682028024081358,0.315966279337044,0.253209334335219,0.13571961814038,0.0709384033277329,0.0260791152153619,0.0132351106729354
"237",12.3,0.0679566141752588,0.314681244156316,0.252903663151247,0.136094578599853,0.0713697469212285,0.0263506598647981,0.0134078741539285
"238",12.35,0.067707327257686,0.313384502230035,0.252586720011187,0.136465881881577,0.0718015408812399,0.0266242688200862,0.0135825034391402
"239",12.4,0.067455014428246,0.312076364404,0.252258696239506,0.136833575740539,0.0722338037158281,0.0268999626034814,0.0137590202557576
"240",12.45,0.0671997479765588,0.310757139313548,0.251919782538138,0.137197708210926,0.0726665542280509,0.0271777620225732,0.0139374466353767
"241",12.5,0.0669415996975791,0.309427133334627,0.251570168943863,0.137558327588144,0.0730998115103483,0.0274576881718638,0.0141178049176038
"242",12.55,0.0666806408805896,0.308086650536886,0.251210044786897,0.137915482411095,0.0735335949389606,0.0277397624343549,0.0143001177536955
"243",12.6,0.0664169422986364,0.306735992638768,0.250839598650661,0.138269221444749,0.0739679241683747,0.0280240064831418,0.0144844081102382
"244",12.65,0.0661505741983985,0.30537545896456,0.250459018332724,0.13861959366297,0.074402819125802,0.0283104422830153,0.014670699272867
"245",12.7,0.0658816062904836,0.304005346403362,0.25006849080691,0.138966648231629,0.074838300005687,0.0285990920920716,0.0148590148500253
"246",12.75,0.0656101077401435,0.302625949369946,0.24966820218653,0.13931043449198,0.075274387264245,0.0288899784633296,0.0150493787767648
"247",12.8,0.065336147158401,0.301237559767457,0.249258337688748,0.139651001944303,0.0757111016140316,0.0291831242463563,0.0152418153185858
"248",12.85,0.0650597925935805,0.299840466951933,0.248839081600056,0.139988400231818,0.0761484640185419,0.0294785525888992,0.01543634907532
"249",12.9,0.0647811115232357,0.298434957698602,0.248410617242833,0.140322679124857,0.0765864956868392,0.0297762869385267,0.015633004985054
"250",12.95,0.0645001708464657,0.297021316169916,0.247973126942987,0.140653888505306,0.077025218068214,0.0300763510442754,0.0158318083280951
"251",13,0.0642170368766139,0.295599823885302,0.247526791998652,0.140982078351298,0.0774646528468729,0.030378768958305,0.0160327847309796
"252",13.05,0.0639317753343407,0.294170759692572,0.247071792649932,0.141307298722174,0.0779048219366553,0.0306835650375599,0.0162359601705239
"253",13.1,0.0636444513410629,0.292734399740982,0.246608308049672,0.141629599743686,0.0783457474757805,0.030990763945438,0.0164413609779183
"254",13.15,0.063355129412754,0.291291017455891,0.24613651623524,0.141949031593466,0.078787451821622,0.0313003906534651,0.0166490138428643
"255",13.2,0.0630638734540963,0.289840883514983,0.245656594101303,0.142265644486739,0.0792299575455097,0.0316124704429771,0.0168589458177558
"256",13.25,0.062770746752979,0.288384265826036,0.245168717373586,0.142579488662283,0.07967328742756,0.0319270289068064,0.0170711843219037
"257",13.3,0.0624758119753344,0.286921429506186,0.24467306058359,0.142890614368638,0.0801174644515323,0.032244091950976,0.0172857571458053
"258",13.35,0.0621791311603056,0.285452636862658,0.244169797044262,0.143199071850556,0.0805625117997107,0.0325636857963968,0.0175026924554573
"259",13.4,0.061880765715739,0.283978147374944,0.243659098826595,0.14350491133569,0.0810084528478125,0.0328858369805716,0.0177220187967147
"260",13.45,0.0615807764139935,0.282498217678373,0.243141136737139,0.143808183021523,0.0814553111599206,0.0332105723593024,0.0179437650996932
"261",13.5,0.0612792233880609,0.281013101549067,0.242616080296423,0.144108937062526,0.0819031104834397,0.0335379191084024,0.0181679606832181
"262",13.55,0.06097616612799,0.279523049890221,0.242084097718247,0.144407223557557,0.0823518747440754,0.0338679047254114,0.0183946352593171
"263",13.6,0.060671663477608,0.27802831071971,0.241545355889853,0.144703092537479,0.0828016280408363,0.034200557031314,0.0186238189377599
"264",13.65,0.060365773631532,0.276529129158961,0.241000020352947,0.14499659395301,0.0832523946410563,0.0345359041722609,0.0188555422306424
"265",13.7,0.0600585541324643,0.275025747423082,0.240448255285553,0.145287777662792,0.0837041989754381,0.0348739746212915,0.0190898360570172
"266",13.75,0.0597500618687661,0.273518404812202,0.239890223484695,0.145576693421684,0.0841570656331155,0.0352147971800578,0.0193267317475693
"267",13.8,0.0594403530723004,0.272007337704006,0.239326086349884,0.145863390869266,0.084611019356734,0.0355584009805494,0.0195662610493388
"268",13.85,0.0591294833165407,0.270492779547418,0.238756003867392,0.146147919518566,0.0850660850375484,0.0359048154868178,0.0198084561304884
"269",13.9,0.0588175075149376,0.26897496085743,0.23818013459531,0.146430328744984,0.0855222877105377,0.0362540704967003,0.0200533495851173
"270",13.95,0.0585044799195373,0.267454109211011,0.237598635649359,0.146710667775437,0.0859796525495326,0.0366061961435418,0.0203009744381216
"271",14,0.0581904541198454,0.265930449244108,0.237011662689454,0.146988985677701,0.0864382048623591,0.0369612228979147,0.0205513641500998
"272",14.05,0.0578754830419317,0.264404202649678,0.236419369906993,0.147265331349954,0.0868979700859923,0.0373191815693346,0.020804552622305
"273",14.1,0.0575596189477672,0.262875588176741,0.235821910012871,0.147539753510521,0.0873589737817232,0.0376801033079724,0.0210605742016421
"274",14.15,0.0572429134347901,0.261344821630429,0.235219434226185,0.147812300687807,0.0878212416303338,0.0380440196063609,0.0213194636857113
"275",14.2,0.0569254174356928,0.259812115872986,0.234612092263639,0.14808302121043,0.0882847994272814,0.0384109623010953,0.0215812563278972
"276",14.25,0.0566071812184259,0.258277680825713,0.234000032329611,0.148351963197537,0.0887496730778893,0.0387809635745255,0.0218459878425026
"277",14.3,0.0562882543864116,0.256741723471824,0.233383401106888,0.148619174549302,0.0892158885925437,0.0391540559564413,0.0221136944099279
"278",14.35,0.0559686858789628,0.25520444786018,0.232762343748042,0.148884702937612,0.0896834720818932,0.0395302723257465,0.0223844126818955
"279",14.4,0.0556485239719011,0.25366605510989,0.232137003867436,0.149148595796928,0.0901524497520526,0.0399096459121232,0.0226581797867182
"280",14.45,0.0553278162783683,0.252126743415745,0.23150752353385,0.14941090031532,0.0906228478998054,0.0402922102976834,0.0229350333346123
"281",14.5,0.0550066097498267,0.250586708054457,0.230874043263711,0.149671663425677,0.0910946929078071,0.0406779994186072,0.0232150114230541
"282",14.55,0.054684950677242,0.24904614139169,0.230236702014911,0.149930931797081,0.0915680112397855,0.0410670475667657,0.0234981526421801
"283",14.6,0.0543628846924445,0.247505232889854,0.229595637181202,0.15018875182635,0.0920428294357357,0.0414593893913286,0.0237844960802297
"284",14.65,0.0540404567696628,0.245964169116632,0.228950984587161,0.150445169629737,0.0925191741071107,0.041855059900352,0.0240740813290305
"285",14.7,0.0537177112272245,0.244423133754234,0.228302878483693,0.150700231034797,0.0929970719320036,0.0422540944623493,0.0243669484895256
"286",14.75,0.0533946917294202,0.242882307609328,0.227651451544085,0.150953981572395,0.0934765496503191,0.0426565288078383,0.024663138177341
"287",14.8,0.0530714412885246,0.241341868623662,0.226996834860579,0.151206466468881,0.093957634058935,0.0430623990308669,0.0249626915283943
"288",14.85,0.0527480022669711,0.239801991885319,0.226339157941452,0.151457730638398,0.0944403520068494,0.0434717415905143,0.025265650204543
"289",14.9,0.0524244163796734,0.238262849640614,0.22567854870861,0.151707818675349,0.0949247303903123,0.0438845933123645,0.025572056399271
"290",14.95,0.0521007246964907,0.236724611306584,0.225015133495656,0.15195589482691,0.09541079614794,0.0443009913899524,0.0258819528434134
"291",15,0.0517769676448326,0.235187443484078,0.224349037046439,0.152203761501697,0.09589857625581,0.044720973386179,0.026195382810918
"292",15.05,0.0514531850123963,0.233651509971403,0.223680382514067,0.152450583838963,0.0963880977225341,0.0451445772346936,0.0265123901246432
"293",15.1,0.0511294159500353,0.232116971778523,0.223009291460376,0.152696405081228,0.0968793875843075,0.0455718412412421,0.02683301916219
"294",15.15,0.050805698974752,0.230583987141782,0.222335883855823,0.152941268115622,0.0973724728999326,0.0460028040849774,0.0271573148617682
"295",15.2,0.050482071972812,0.229052711539129,0.221660278079832,0.153185215467153,0.0978673807458138,0.0464375048197309,0.0274853227280947
"296",15.25,0.0501585722029753,0.227523297705843,0.220982590921533,0.153428289292078,0.0983641382109223,0.0468759828752419,0.0278170888383228
"297",15.3,0.0498352362998389,0.225995895650717,0.220302937580924,0.153670531371409,0.0988627723917279,0.0473182780583429,0.0281526598480008
"298",15.35,0.0495121002772896,0.224470652672703,0.21962143167042,0.15391198310452,0.0993633103870959,0.0477644305540977,0.0284920829970599
"299",15.4,0.0491891995320598,0.222947713377977,0.218938185216789,0.154152685502877,0.099865779293146,0.04821448092689,0.0288354061158266
"300",15.45,0.0488665688473845,0.22142721969744,0.218253308663459,0.154392679183871,0.100370206198072,0.0486684701214591,0.0291826776310613
"301",15.5,0.0485442423967549,0.219909310904601,0.21756691087319,0.154632004364751,0.100876618176917,0.0491264394638806,0.0295339465720198
"302",15.55,0.0482222537477647,0.218394123633851,0.216879099131097,0.154870700856673,0.101385042286308,0.0495884306624886,0.0298892625765347
"303",15.6,0.0479006358660456,0.2168817918991,0.21618997914802,0.15510880805883,0.101895505559136,0.0500544858087358,0.0302486758971168
"304",15.65,0.0475794211192882,0.215372447112769,0.215499655064214,0.155346364952693,0.102408034999193,0.050524647377989,0.0306122374070728
"305",15.7,0.0472586412813453,0.213866218105105,0.214808229453378,0.155583410096336,0.102922657575754,0.050998958230257,0.0309799986066382
"306",15.75,0.0469383275364124,0.21236323114383,0.214115803326984,0.155819981618849,0.103439400218096,0.0514774616108458,0.0313520116291213
"307",15.8,0.0466185104832848,0.210863609954079,0.21342247613891,0.156056117214843,0.103958289809973,0.0519602011509391,0.0317283292470578
"308",15.85,0.0462992201396843,0.209367475738634,0.212728345790375,0.156291854139032,0.104479353184016,0.0524472208680995,0.0321090048783719
"309",15.9,0.0459804859466563,0.207874947198434,0.212033508635149,0.156527229200899,0.105002617116079,0.0529385651666871,0.0324940925925418
"310",15.95,0.0456623367730301,0.206386140553337,0.211338059485041,0.156762278759436,0.10552810831951,0.0534342788381911,0.0328836471167667
"311",16,0.0453448009199418,0.204901169563136,0.210642091615658,0.156997038717958,0.10605585343936,0.0539344070614702,0.0332777238421313
"312",16.05,0.0450279061254164,0.203420145548803,0.20994569677241,0.157231544518989,0.106585879046514,0.054438995402898,0.0336763788297659
"313",16.1,0.0447116795690047,0.201943177413953,0.209248965176777,0.157465831139212,0.107118211631747,0.0549480898164087,0.0340796688169978
"314",16.15,0.0443961478764734,0.200470371666517,0.208551985532805,0.157699933084489,0.107652877599701,0.0554617366434381,0.0344876512234906
"315",16.2,0.044081337124545,0.199001832440599,0.207854845033841,0.157933884384936,0.108189903262785,0.055979982612757,0.0349003841573682
"316",16.25,0.0437672728456847,0.197537661518531,0.207157629369491,0.158167718590062,0.10872931483498,0.0565028748401886,0.0353179264213178
"317",16.3,0.0434539800329314,0.196077958353075,0.206460422732786,0.158401468763963,0.109271138425566,0.0570304608282092,0.0357403375186712
"318",16.35,0.0431414831447699,0.194622820089805,0.205763307827567,0.158635167480563,0.109815400032749,0.0575627884654238,0.0361676776594556
"319",16.4,0.0428298061100425,0.193172341589614,0.205066365876059,0.158868846818913,0.110362125537199,0.0580999060259124,0.0366000077664137
"320",16.45,0.0425189723328962,0.191726615451371,0.204369676626648,0.159102538358534,0.110911340695488,0.0586418621684417,0.0370373894809851
"321",16.5,0.0422090046977642,0.190285732034691,0.203673318361833,0.1593362731748,0.111463071133424,0.0591887059355356,0.0374798851692463
"322",16.55,0.0418999255743774,0.188849779482823,0.202977367906363,0.15957008183437,0.112017342339284,0.0597404867523998,0.0379275579278022
"323",16.6,0.0415917568228064,0.187418843745636,0.20228190063554,0.159803994390655,0.112574179656934,0.060297254425694,0.0383804715896261
"324",16.65,0.0412845197985281,0.185993008602703,0.201586990483687,0.16003804037932,0.113133608278842,0.0608590591421437,0.0388386907298394
"325",16.7,0.0409782353575174,0.184572355686458,0.200892709952772,0.160272248813822,0.113695653238971,0.0614259514669881,0.0393022806714284
"326",16.75,0.0406729238613608,0.183156964505432,0.200199130121183,0.160506648180975,0.114260339405555,0.0619979823422561,0.0397713074908895
"327",16.8,0.0403686051823886,0.18174691246755,0.199506320652647,0.160741266436551,0.114827691473754,0.0625752030848619,0.0402458380237978
"328",16.85,0.040065298708826,0.18034227490348,0.198814349805282,0.160976131000898,0.115397733958175,0.0631576653845158,0.0407259398702914
"329",16.9,0.0397630233499582,0.178943125090028,0.198123284440782,0.161211268754588,0.115970491185274,0.0637454213014411,0.0412116814004658
"330",16.95,0.0394617975413096,0.177549534273566,0.197433190033728,0.161446706034078,0.116545987285613,0.0643385232638903,0.041703131759669
"331",17,0.0391616392498346,0.176161571693494,0.196744130681015,0.1616824686274,0.117124246185988,0.0649370240654524,0.0422003608736918
"332",17.05,0.0388625659791165,0.174779304605709,0.196056169111391,0.161918581769857,0.117705291601409,0.0655409768621436,0.042703439453844
"333",17.1,0.0385645947745759,0.1734027983061,0.195369366695105,0.162155070139736,0.118289147026937,0.0661504351692728,0.0432124390019086
"334",17.15,0.0382677422286829,0.172032116154032,0.194683783453655,0.162391957854038,0.118875835729372,0.0667654528580738,0.0437274318149651
"335",17.2,0.0379720244861741,0.170667319595835,0.193999478069631,0.162629268464204,0.119465380738789,0.0673860841520952,0.0442484909900742
"336",17.25,0.0376774572492721,0.169308468188277,0.193316507896648,0.162867024951865,0.120057804839908,0.0680123836233393,0.0447756904288122
"337",17.3,0.0373840557829046,0.167955619622018,0.192634928969366,0.163105249724578,0.120653130563316,0.0686444061881393,0.0453091048416471
"338",17.35,0.0370918349199231,0.166608829745039,0.191954796013588,0.16334396461158,0.121251380176513,0.0692822071027676,0.0458488097521465
"339",17.4,0.0368008090663179,0.165268152586039,0.191276162456434,0.163583190859533,0.121852575674788,0.0699258419587637,0.0463948815010049
"340",17.45,0.0365109922064303,0.163933640377789,0.190599080436583,0.163822949128273,0.122456738771934,0.0705753666779716,0.046947397249881
"341",17.5,0.036222397908157,0.162605343580447,0.189923600814584,0.164063259486552,0.123063890890764,0.0712308375072771,0.0475064349850338
"342",17.55,0.0359350393281491,0.16128331090481,0.189249773183225,0.164304141407774,0.123674053153467,0.0718923110130338,0.0480720735207433
"343",17.6,0.0356489292170009,0.159967589335524,0.188577645877961,0.164545613765728,0.12428724637176,0.0725598440751661,0.0486443925025068
"344",17.65,0.0353640799244297,0.158658224154214,0.187907265987385,0.164787694830308,0.124903491036859,0.0732334938809393,0.0492234724099946
"345",17.7,0.0350805034044432,0.157355258962554,0.187238679363765,0.165030402263222,0.125522807309254,0.0739133179183849,0.0498093945597549
"346",17.75,0.034798211220495,0.156058735705263,0.186571930633601,0.165273753113692,0.126145215008279,0.0745993739693669,0.0504022411076509
"347",17.8,0.0345172145506258,0.154768694693017,0.185907063208243,0.165517763814137,0.126770733601486,0.0752917201022803,0.0510020950510186
"348",17.85,0.0342375241925891,0.153485174625278,0.185244119294531,0.16576245017584,0.12739938219381,0.0759904146643661,0.0516090402305278
"349",17.9,0.0339591505689609,0.15220821261303,0.184583139905474,0.166007827384599,0.128031179516513,0.0766955162736321,0.0522231613317332
"350",17.95,0.0336821037322318,0.150937844201428,0.18392416487095,0.166253909996361,0.128666143915924,0.0774070838103646,0.0528445438862973
"351",18,0.0334063933698802,0.149674103392341,0.183267232848441,0.16650071193283,0.129304293341953,0.0781251764082176,0.0534732742728694
"352",18.05,0.0331320288094264,0.14841702266679,0.182612381333779,0.166748246477064,0.129945645336375,0.0788498534448663,0.0541094397176039
"353",18.1,0.0328590190234654,0.14716663300729,0.181959646671918,0.166996526269035,0.130590217020889,0.0795811745322097,0.0547531282942983
"354",18.15,0.0325873726346781,0.14592296392006,0.181309064067713,0.167245563301183,0.131238025084949,0.0803191995061075,0.0554044289241343
"355",18.2,0.0323170979208203,0.144686043457143,0.180660667596719,0.167495368913928,0.131889085773344,0.0810639884156366,0.0560634313750003
"356",18.25,0.032048202819687,0.143455898238378,0.180014490215993,0.16774595379117,0.132543414873546,0.0818156015118509,0.0567302262603772
"357",18.3,0.0317806949340539,0.142232553473275,0.179370563774899,0.167997327955753,0.133201027702807,0.082574099236029,0.0574049050377659
"358",18.35,0.0315145815365916,0.141016032982744,0.178728919025927,0.168249500764907,0.133861939095002,0.0833395422073944,0.0580875600066349
"359",18.4,0.0312498695747554,0.139806359220705,0.178089585635498,0.16850248090566,0.134526163387225,0.084111991210288,0.0587782843058655
"360",18.45,0.0309865656756467,0.138603553295559,0.177452592194778,0.168756276390223,0.13519371440612,0.0848915071807813,0.0594771719106727
"361",18.5,0.0307246761508476,0.137407634991524,0.176817966230482,0.169010894551338,0.135864605453944,0.0856781511927063,0.0601843176289754
"362",18.55,0.0304642070012266,0.136218622789834,0.176185734215667,0.169266342037611,0.136538208900823,0.0864719844430901,0.0608998170971946
"363",18.6,0.0302051639217153,0.135036533889795,0.175555921580527,0.169522624808799,0.137215814316204,0.087273068236971,0.0616237667754505
"364",18.65,0.0299475523060549,0.13386138422969,0.174928552723162,0.169779748131076,0.137896796354849,0.0880814639715805,0.0623562639421341
"365",18.7,0.0296913772515129,0.132693188507546,0.174303651020342,0.170037716572264,0.138581166076522,0.0888972331198704,0.0630974066878258
"366",18.75,0.0294366435635676,0.131531960201746,0.173681238838255,0.170296533997037,0.139268933942841,0.0897204372133662,0.0638472939085316
"367",18.8,0.029183355760562,0.130377711591488,0.17306133754323,0.170556203562093,0.139960109801678,0.090551137824324,0.064606025298208
"368",18.85,0.0289315180783246,0.12923045377709,0.172443967512448,0.170816727711289,0.140654702871269,0.091389396547176,0.0653737013405461
"369",18.9,0.0286811344747581,0.128090196700144,0.171829148144628,0.171078108170757,0.141352721724026,0.092235274979237,0.0661504232999828
"370",18.95,0.0284322086343938,0.126956949163501,0.171216897870689,0.171340345943983,0.142054174270053,0.0930888347006549,0.0669362932119063
"371",19,0.0281847439729129,0.125830718851105,0.170607234164391,0.171603441306852,0.142759067740355,0.0939501372535821,0.0677314138720243
"372",19.05,0.0279387436416334,0.124711512347657,0.170000173552941,0.171867393802677,0.143467408669751,0.0948192441205443,0.0685358888248576
"373",19.1,0.0276942105319623,0.123599335158125,0.169395731627585,0.172132202237188,0.144179202879466,0.0956962167019862,0.0693498223513273
"374",19.15,0.0274511472798122,0.122494191727077,0.168793923054157,0.172397864673496,0.14489445545942,0.0965811162929694,0.070173319455395
"375",19.2,0.0272095562699827,0.121396085457853,0.168194761583605,0.172664378427036,0.145613170750197,0.0974740040589983,0.0710064858497205
"376",19.25,0.0269694396405062,0.120305018731572,0.167598260062489,0.172931740060477,0.146335352324702,0.0983749410109526,0.0718494279402983
"377",19.3,0.0267307992869566,0.11922099292596,0.167004430443435,0.173199945378614,0.14706100296949,0.0992839879790983,0.0727022528100302
"378",19.35,0.026493636866722,0.118144008434015,0.166413283795567,0.173468989423233,0.14779012466578,0.100201205586156,0.0735650682011951
"379",19.4,0.0262579538032406,0.117074064682498,0.165824465166392,0.173738866467955,0.148522718570137,0.101126654219397,0.0744379824967721
"380",19.45,0.0260237512901986,0.116011160150248,0.165238715298105,0.174009570013065,0.149258784994832,0.102060394001747,0.0753211047005731
"381",19.5,0.0257910302956917,0.114955292386326,0.16465567640355,0.174281092780313,0.14999832338787,0.103002484761868,0.0762145444161395
"382",19.55,0.025559791566348,0.113906458027984,0.16407535612137,0.174553426707711,0.150741332312689,0.103952986003188,0.0771184118243563
"383",19.6,0.0253300356314133,0.112864652818457,0.16349776125831,0.174826139110632,0.151487809427528,0.104911956871858,0.078032817659737
"384",19.65,0.0251017628067985,0.111829871624579,0.162922897799424,0.175100067084579,0.152237751464456,0.105879456123614,0.0789578731853269
"385",19.7,0.0248749731990877,0.110802108454223,0.16235077091825,0.175374777271049,0.152991154208072,0.106855542089495,0.0798936901661782
"386",19.75,0.0246496667095092,0.109781356473562,0.161781384986938,0.175650258420693,0.153748012473874,0.107840272640417,0.080840380841342
"387",19.8,0.0244258430378663,0.108767608024152,0.161214743586341,0.175926498474213,0.154508320086281,0.108833705150553,0.0817980578943245
"388",19.85,0.0242035016864304,0.107760854639838,0.160650849516072,0.176203484557108,0.155272069856332,0.109835896459505,0.0827668344219523
"389",19.9,0.0239826419637945,0.106761087063483,0.160089704804514,0.176481202974419,0.156039253559043,0.110846902833226,0.083746823901592
"390",19.95,0.0237632629886877,0.105768295263507,0.159531310718794,0.176759639205475,0.156809861910432,0.111866779923675,0.0847381401566636
"391",20,0.0235453636937509,0.104782468450267,0.158975667774716,0.17703877789866,0.157583884544214,0.112895582727174,0.085740897320392
"392",20.05,0.0233289428292727,0.103803595092235,0.158422775746654,0.177318602866179,0.158361309988156,0.113933365541423,0.0867552097977323
"393",20.1,0.0231139989668862,0.102831662932011,0.157872633677402,0.177599097078844,0.159142125640114,0.11498018192117,0.0877811922254099
"394",20.15,0.0229005305032267,0.101866659002155,0.157325239887992,0.177880242660885,0.159926317743731,0.116036084632478,0.0888189594300097
"395",20.2,0.0226885356635493,0.100908569640833,0.156780591987463,0.178162020884777,0.160713871363817,0.117101125605584,0.0898686263840508
"396",20.25,0.0224780125053078,0.0999573805072892,0.156238686882594,0.1784444121661,0.161504770361405,0.118175355886297,0.0909303081599796
"397",20.3,0.0222689589216938,0.0990130765971362,0.155699520787601,0.178727396058434,0.162298997368487,0.119258825585929,0.0920041198820137
"398",20.35,0.022061372645136,0.0980756422574687,0.155163089233789,0.179010951248283,0.163096533762441,0.12035158382971,0.0930901766757661
"399",20.4,0.0218552512507608,0.0971450612017948,0.154629387079169,0.179295055550052,0.163897359640142,0.121453678703665,0.0941885936155814
"400",20.45,0.0216505921598127,0.0962213165247918,0.154098408518036,0.179579685901063,0.164701453791771,0.122565157199924,0.0952994856695092
"401",20.5,0.021447392643036,0.0953043907168817,0.153570147090509,0.179864818356634,0.165508793674329,0.123686065160438,0.0964229676418436
"402",20.55,0.0212456498240165,0.094394265678629,0.153044595692031,0.180150428085202,0.166319355384849,0.124816447219065,0.0975591541131518
"403",20.6,0.0210453606824843,0.0934909227349637,0.152521746582841,0.180436489363528,0.167133113633336,0.125956346741997,0.0987081593777172
"404",20.65,0.0208465220575777,0.092594342649223,0.152001591397395,0.180722975571959,0.167950041715414,0.127105805766515,0.0998700973783188
"405",20.7,0.020649130651067,0.0917045056370199,0.151484121153766,0.181009859189771,0.168770111484714,0.128264864938022,0.10104508163827
"406",20.75,0.0204531830305403,0.0908213913799349,0.150969326263004,0.1812971117906,0.169593293324999,0.12943356344534,0.102233225190632
"407",20.8,0.0202586756325492,0.089944979039031,0.150457196538454,0.181584704037955,0.170419556122029,0.130611938954243,0.103434640504533
"408",20.85,0.0200656047657173,0.0890752472681968,0.149947721205056,0.181872605680833,0.171248867235199,0.131800027539201,0.104649439408491
"409",20.9,0.0198739666138081,0.0882121742273135,0.149440888908597,0.182160785549436,0.172081192468931,0.132997863613293,0.105877733010679
"410",20.95,0.0196837572387556,0.0873557375952483,0.148936687724943,0.182449211551,0.172916496043862,0.134205479856302,0.107119631616038
"411",21,0.0194949725836558,0.0865059145826777,0.148435105169235,0.182737850665744,0.173754740567817,0.135422907140918,0.108375244640152
"412",21.05,0.0193076084757202,0.0856626819447357,0.147936128205054,0.183026668942943,0.17459588700659,0.136650174457075,0.109644680519804
"413",21.1,0.0191216606291909,0.0848260159934937,0.147439743253557,0.183315631497137,0.175439894654553,0.137887308834368,0.110928046620128
"414",21.15,0.0189371246482176,0.0839958926102692,0.146945936202592,0.183604702504486,0.176286721105095,0.139134335262539,0.112225449138264
"415",21.2,0.0187539960296973,0.0831722872577646,0.146454692415776,0.18389384519927,0.177136322220916,0.140391276610026,0.113536993003447
"416",21.25,0.0185722701660753,0.0823551749920388,0.145965996741554,0.184183021870558,0.177988652104198,0.141658153540537,0.114862781773413
"417",21.3,0.0183919423481096,0.0815445304743104,0.14547983352223,0.184472193859035,0.178843663066649,0.142934984427646,0.116202917527073
"418",21.35,0.0182130077675977,0.0807403279825948,0.144996186602976,0.184761321554022,0.179701305599473,0.144221785267402,0.117557500753338
"419",21.4,0.0180354615200658,0.0799425414231758,0.144515039340814,0.185050364390671,0.180561528343249,0.145518569588918,0.118926630236023
"420",21.45,0.0178592986074218,0.0791511443419119,0.144036374613584,0.185339280847363,0.181424278057773,0.146825348362961,0.120310402934747
"421",21.5,0.0176845139405709,0.07836610993538,0.143560174828886,0.185628028443317,0.182289499591855,0.148142129908508,0.121708913861735
"422",21.55,0.0175111023419953,0.0775874110618562,0.143086421933002,0.185916563736407,0.183157135853129,0.149468919797277,0.123122255954451
"423",21.6,0.0173390585482966,0.0768150202521345,0.142615097419806,0.18620484232122,0.184027127777858,0.150805720756232,0.124550519943962
"424",21.65,0.0171683772127034,0.0760489097201864,0.142146182339647,0.186492818827338,0.184899414300798,0.152152532568046,0.125993794218974
"425",21.7,0.0169990529075419,0.0752890513736599,0.141679657308228,0.186780446917884,0.185773932325127,0.153509351969552,0.127452164685443
"426",21.75,0.0168310801266712,0.0745354168242215,0.141215502515462,0.187067679288316,0.186650616692468,0.154876172548162,0.128925714621696
"427",21.8,0.0166644532878835,0.0737879773977399,0.14075369773432,0.187354467665499,0.187529400153044,0.15625298463628,0.13041452452898
"428",21.85,0.0164991667352687,0.0730467041443151,0.140294222329659,0.187640762807061,0.188410213335981,0.15763977520371,0.131918671977369
"429",21.9,0.0163352147415443,0.0723115678481518,0.139837055267051,0.187926514501038,0.189292984719807,0.159036527748091,0.133438231446972
"430",21.95,0.0161725915103502,0.0715825390372797,0.139382175121593,0.188211671565828,0.190177640603168,0.160443222183364,0.134973274164351
"431",22,0.0160112911785097,0.0708595879931218,0.13892956008671,0.188496181850467,0.191063771747541,0.161859834726298,0.136523867934121
"432",22.05,0.0158513078182558,0.0701426847599101,0.138479187982957,0.188779992235227,0.191951964690769,0.16328633778112,0.138090076965644
"433",22.1,0.0156926354394234,0.0694317991539539,0.138031036266806,0.189063048632566,0.192841807646919,0.164722699822257,0.139671961694792
"434",22.15,0.0155352679916085,0.0687269007727566,0.137585082039436,0.189345295988425,0.193733217907772,0.166168885275247,0.141269578600705
"435",22.2,0.0153791993662934,0.0680279590039872,0.137141302055513,0.189626678283899,0.194626110443345,0.167624854395856,0.142882980017533
"436",22.25,0.0152244233989386,0.0673349430343046,0.136699672731976,0.189907138537284,0.195520397874683,0.169090563147446,0.144512213941094
"437",22.3,0.0150709338710427,0.0666478218580369,0.13626017015681,0.19018661880652,0.196415990447145,0.170565963076656,0.146157323830456
"438",22.35,0.0149187245121682,0.0659665642857179,0.135822770097832,0.190465060192038,0.197312796004209,0.17205100118744,0.147818348404383
"439",22.4,0.0147677890019368,0.0652911389524797,0.135387448011467,0.190742402840031,0.198210719961862,0.173545619813552,0.149495321432666
"440",22.45,0.0146181209719906,0.0646215143263067,0.134954179051534,0.19101858594615,0.1991096652836,0.175049756489519,0.151188271522311
"441",22.5,0.0144697140079234,0.0639576587161465,0.134522938078033,0.191293547759656,0.200009532456096,0.176563343820211,0.152897221898604
"442",22.55,0.0143225616511786,0.0632995402798854,0.134093699665932,0.191567225588022,0.200910219465585,0.178086309349065,0.154622190181056
"443",22.6,0.0141766574009176,0.0626471270321844,0.133666438113966,0.191839555802012,0.201811621775013,0.179618575425077,0.156363188154249
"444",22.65,0.0140319947158563,0.0620003868521814,0.13324112745344,0.192110473841248,0.202713632302005,0.181160059068641,0.158120221533648
"445",22.7,0.0138885670160705,0.0613592874910564,0.132817741457038,0.192379914220274,0.203616141397697,0.182710671836363,0.159893289726373
"446",22.75,0.013746367684772,0.0607237965794662,0.13239625364764,0.19264781053513,0.204519036826491,0.184270319684938,0.161682385587051
"447",22.8,0.0136053900700537,0.0600938816348445,0.131976637307154,0.19291409547046,0.205422203746794,0.18583890283424,0.163487495168771
"448",22.85,0.0134656274866052,0.0594695100685736,0.13155886548535,0.193178700807158,0.206325524692782,0.187416315629735,0.165308597469263
"449",22.9,0.0133270732173991,0.0588506491930254,0.13114291100871,0.19344155743056,0.207228879557264,0.189002446404356,0.167145664172378
"450",22.95,0.0131897205153472,0.0582372662284754,0.130728746489287,0.19370259533921,0.208132145575689,0.190597177340002,0.168998659385014
"451",23,0.0130535626049288,0.0576293283098894,0.130316344333583,0.193961743654208,0.20903519731137,0.192200384328806,0.170867539369587
"452",23.05,0.0129185926837893,0.0570268024935849,0.129905676751429,0.194218930629144,0.209937906641972,0.193811936834334,0.172752252272235
"453",23.1,0.0127848039243114,0.0564296557637698,0.129496715764888,0.194474083660641,0.210840142747338,0.195431697752898,0.174652737846897
"454",23.15,0.0126521894751574,0.0558378550389571,0.12908943321717,0.194727129299519,0.211741772098707,0.197059523275165,0.176568927175473
"455",23.2,0.012520742462784,0.0552513671782582,0.128683800781558,0.194977993262585,0.212642658449399,0.198695262748249,0.178500742384256
"456",23.25,0.0123904559929293,0.054670158987558,0.128279789970355,0.195226392010312,0.21354266282701,0.200338758538502,0.180448096356885
"457",23.3,0.0122613231520735,0.0540941972255699,0.127877372143842,0.195472665858484,0.214441643527216,0.2019898458952,0.182410892444059
"458",23.35,0.0121333370088712,0.0535234486097733,0.127476518519259,0.195716530300518,0.215339456109213,0.203648352815365,0.184389024170279
"459",23.4,0.0120064906155583,0.0529578798222367,0.127077200179788,0.195957907848152,0.216235953392896,0.205314099909948,0.186382374937931
"460",23.45,0.0118807770093319,0.0523974575153248,0.126679388083571,0.196196720247979,0.217130985457817,0.206986900271611,0.188390817729015
"461",23.5,0.0117561892137042,0.0518421483172931,0.126283053072731,0.19643288849728,0.218024399644006,0.208666559344377,0.190414214804876
"462",23.55,0.011632720239831,0.0512919188377694,0.125888165882415,0.196666332860567,0.21891604055472,0.210352874795404,0.192452417404297
"463",23.6,0.011510363087814,0.0507467356731269,0.12549469714985,0.196896972886855,0.219805750061178,0.212045636389151,0.194505265440373
"464",23.65,0.0113891107479786,0.050206565411745,0.125102617423425,0.197124727427661,0.220693367309365,0.213744625864237,0.196572587196558
"465",23.7,0.0112689562021266,0.049671374639165,0.124711897171772,0.197349514655747,0.221578728728971,0.21544961681328,0.198654199022377
"466",23.75,0.0111498924247637,0.0491411299431362,0.124322506792884,0.197571252084616,0.222461668044516,0.217160374566016,0.200749905029245
"467",23.8,0.0110319123843035,0.04861579791856,0.123934416623232,0.19778985658876,0.22334201628876,0.218876656076027,0.202859496786936
"468",23.85,0.0109150090442474,0.0480953451723259,0.123547596946903,0.198005244424682,0.224219601818436,0.220598209811393,0.204982753021228
"469",23.9,0.0107991753643394,0.0475797383280486,0.123162018004758,0.198217331252688,0.225094250332386,0.222324775649606,0.207119439313283
"470",23.95,0.0106844043016996,0.0470689440307003,0.122777650003593,0.19842603215946,0.225965784892182,0.224056084777098,0.209269307801392
"471",24,0.0105706888119326,0.0465629289511448,0.122394463125324,0.198631261681412,0.226834025945257,0.225791859593717,0.211432096885683
"472",24.05,0.010458021850214,0.0460616597905722,0.122012427536178,0.198832933828847,0.227698791350661,0.227531813622544,0.21360753093649
"473",24.1,0.0103463963723539,0.0455651032848352,0.1216315133959,0.199030962110896,0.228559896407462,0.229275651425386,0.21579532000703
"474",24.15,0.0102358053358381,0.0450732262086897,0.121251690866966,0.199225259561269,0.229417153885887,0.231023068524359,0.217995159551172
"475",24.2,0.0101262417008477,0.0445859953799396,0.120872930123809,0.199415738764798,0.23027037406124,0.232773751329909,0.220206730146991
"476",24.25,0.0100176984312558,0.0441033776634889,0.120495064166105,0.199602311884796,0.231119364750671,0.234527377075702,0.222429697226945
"477",24.3,0.0099101684956039,0.0436253399752987,0.120118337779942,0.19978489069121,0.231963931352853,0.236283613760752,0.22466371081546
"478",24.35,0.00980364486805625,0.043151849286256,0.119742583863781,0.199963386589588,0.232803876890605,0.238042120099202,0.226908405274773
"479",24.4,0.00969812052933366,0.0426828726259494,0.119367772732299,0.20013771065085,0.233639002056541,0.239802545478167,0.229163399059928
"480",24.45,0.00959358846762641,0.0422183770863574,0.118993874758351,0.200307773641862,0.234469105261779,0.241564529924054,0.231428294483798
"481",24.5,0.00949004167948679,0.0417583298254484,0.118620860382229,0.200473486056811,0.235293982687751,0.243327704077759,0.233702677493086
"482",24.55,0.00938747317070147,0.0413026980706939,0.118248700120913,0.200634758149381,0.236113428341182,0.245091689179175,0.235986117456247
"483",24.6,0.0092858759571441,0.0408514491224971,0.117877364577323,0.200791499965721,0.236927234112259,0.246856097061426,0.238278166964323
"484",24.65,0.00918524306560812,0.0404045503575371,0.117506824449561,0.200943621378201,0.237735189836044,0.248620530155228,0.240578361645679
"485",24.7,0.00908556753462035,0.0399619692320286,0.117137050540157,0.201091032119953,0.23853708335715,0.250384581503815,0.242886219995673
"486",24.75,0.00898684241523545,0.0395236732849026,0.116768013765288,0.201233641820177,0.239332700597731,0.252147834788831,0.245201243222305
"487",24.8,0.00888906077181152,0.0390896301409036,0.116399685164008,0.201371360040223,0.2401218256288,0.253909864367601,0.247522915108894
"488",24.85,0.00879221568276721,0.0386598075136097,0.116032035907442,0.201504096310422,0.240904240744902,0.255670235322185,0.249850701894856
"489",24.9,0.00869630024132049,0.0382341732083722,0.11566503730798,0.201631760167656,0.241679726542164,0.257428503520609,0.252184052175678
"490",24.95,0.00860130755620931,0.0378126951251798,0.115298660828445,0.201754261193671,0.242448061999734,0.259184215690675,0.254522396823173
"491",25,0.00850723075239458,0.0373953412614458,0.114932878091235,0.201871509054095,0.243209024564623,0.260936909506714,0.256865148927103
"492",25.05,0.00841406297174552,0.0369820797147205,0.114567660887454,0.201983413538168,0.24396239023995,0.262686113689666,0.259211703759285
"493",25.1,0.00832179737370774,0.0365728786853298,0.114202981185997,0.202089884599149,0.244707761313224,0.264431348120829,0.261561438761271
"494",25.15,0.00823042713595433,0.0361677064789414,0.113838811142623,0.202190832395398,0.245445254805439,0.266172123969634,0.263913713556678
"495",25.2,0.00813994545502007,0.0357665315090584,0.113475123108977,0.202286167332111,0.24617447167946,0.267907943835764,0.26626786998928
"496",25.25,0.00805034554691917,0.0353693222994441,0.11311188964159,0.202375800103672,0.246895183113239,0.269638301905919,0.268623232187883
"497",25.3,0.00796162064774665,0.0349760474864752,0.112749083510828,0.202459641736624,0.247607159332963,0.271362684125528,0.270979106659072
"498",25.35,0.00787376401426372,0.0345866758214288,0.112386677709804,0.202537603633227,0.248310169721543,0.273080568385674,0.273334782408826
"499",25.4,0.00778676892446727,0.0342011761727004,0.112024645463235,0.202609597615566,0.249003982930385,0.274791424725457,0.275689531094001
"500",25.45,0.00770062867814381,0.0338195175279561,0.111662960236259,0.202675535970207,0.24968836699442,0.276494715550044,0.278042607204638
"501",25.5,0.00761533659740809,0.0334416689962204,0.111301595743188,0.202735331493355,0.250363089450316,0.27818989586457,0.280393248278026
"502",25.55,0.00753088602722652,0.0330675998098984,0.110940525956208,0.202788897536501,0.251027917457855,0.27987641352408,0.282740675145379
"503",25.6,0.00744727033592582,0.0326972793267363,0.110579725114012,0.202836148052508,0.251682617924371,0.281553709499612,0.285084092211952
"504",25.65,0.00736448291568694,0.0323306770317183,0.110219167730376,0.202876997642138,0.252326957632229,0.283221218160557,0.287422687771393
"505",25.7,0.00728251718302455,0.0319677625389035,0.109858828602651,0.202911361600947,0.252960703369224,0.284878367573347,0.289755634354985
"506",25.75,0.00720136657925239,0.0316085055932023,0.109498682820197,0.202939155966555,0.253583622061851,0.286524579816487,0.292082089116457
"507",25.8,0.00712102457093457,0.0312528760720927,0.109138705772726,0.202960297566226,0.254195480911343,0.288159271311962,0.294401194252932
"508",25.85,0.00704148465032321,0.0309008439872806,0.108778873158568,0.202974704064746,0.254796047532388,0.289781853172942,0.296712077462447
"509",25.9,0.00696274033578242,0.0305523794863002,0.108419160992851,0.202982294012536,0.255385090094411,0.291391731567714,0.299013852438513
"510",25.95,0.00688478517219912,0.0302074528540602,0.108059545615588,0.202982986893992,0.255962377465318,0.292988308099712,0.301305619401967
"511",26,0.00680761273138059,0.0298660345143337,0.107700003699673,0.202976703175989,0.256527679357599,0.294570980203488,0.303586465670368
"512",26.05,0.00673121661243923,0.0295280950311934,0.107340512258768,0.202963364356519,0.257080766476628,0.296139141556385,0.305855466265026
"513",26.1,0.00665559044216468,0.029193605110395,0.106981048655098,0.202942893013426,0.257621410671076,0.297692182505684,0.308111684555679
"514",26.15,0.00658072787538333,0.0288625356007055,0.106621590607128,0.20291521285318,0.258149385085253,0.299229490510892,0.310354172942704
"515",26.2,0.00650662259530574,0.028534857495182,0.106262116197135,0.202880248759669,0.258664464313276,0.30075045060085,0.312581973576662
"516",26.25,0.00643326831386183,0.0282105419323991,0.105902603878653,0.202837926842944,0.259166424554878,0.302254445845231,0.314794119114795
"517",26.3,0.00636065877202437,0.0278895601976258,0.105543032483807,0.202788174487883,0.259655043772716,0.303740857840013,0.316989633514049
"518",26.35,0.00628878774012074,0.027571883723954,0.105183381230511,0.202730815999632,0.260130101851011,0.305209067206397,0.319167532859997
"519",26.4,0.00621764901813318,0.0272574840933794,0.104823629729543,0.202665989880469,0.260591380755354,0.306658454102674,0.321326826230969
"520",26.45,0.00614723643598794,0.026946333037834,0.104463757991479,0.202593523608778,0.261038664693483,0.308088398748395,0.323466516596497
"521",26.5,0.00607754385383321,0.0266384024401729,0.104103746433486,0.202513350152114,0.261471740276874,0.309498281960249,0.325585601749114
"522",26.55,0.00600856516230621,0.0263336643351153,0.103743575885979,0.202425403993311,0.261890396682939,0.310887485698943,0.327683075268361
"523",26.6,0.00594029428278973,0.0260320909101412,0.103383227599118,0.202329621177663,0.262294425817643,0.312255231252774,0.329757927515747
"524",26.65,0.00587272516765796,0.0257336545063434,0.103022683249162,0.202225939359683,0.26268362247835,0.31360122759115,0.33180914665926
"525",26.7,0.00580585180051219,0.0254383276192372,0.102661924944654,0.202114297849399,0.263057784516674,0.314924702801845,0.333835719725892
"526",26.75,0.00573966819640631,0.0251460828995269,0.102300935232456,0.201994637658135,0.263416713001161,0.316225049083679,0.335836633680506
"527",26.8,0.00567416840206234,0.0248568931538321,0.101939697103607,0.201866901543713,0.263760212379557,0.317501662651703,0.337810876529257
"528",26.85,0.00560934649607627,0.0245707313453715,0.101578193999014,0.201731034055052,0.264088090640474,0.318753944333144,0.339757438445613
"529",26.9,0.00554519658911427,0.0242875705946089,0.10121640981497,0.201586981576084,0.264400159474217,0.319981300168302,0.341675312916939
"530",26.95,0.0054817128240995,0.0240073841798578,0.100854328908491,0.201434692368962,0.26469623443257,0.321183142015377,0.34356349790946
"531",27,0.00541888937638967,0.0237301455378488,0.100491936102467,0.201274116616493,0.264976135087306,0.322358888158181,0.345420997049317
"532",27.05,0.00535672045394555,0.0234558282642594,0.100129216690626,0.201105206463752,0.2652396851872,0.323507963915613,0.347246820817293
"533",27.1,0.00529520029749058,0.0231844061142065,0.0997661564423155,0.200927916058828,0.265486712813327,0.324629802251838,0.349039987754736
"534",27.15,0.00523432318066178,0.0229158530027022,0.0994027416070724,0.200742201592651,0.265717050532408,0.325723844385962,0.350799525678049
"535",27.2,0.00517408341015202,0.0226501430050752,0.0990389589190079,0.200548021337852,0.265930535547987,0.326789540400101,0.352524472899077
"536",27.25,0.00511447532584398,0.0223872503573564,0.0986747956009833,0.200345335686608,0.266127009849211,0.32782634984463,0.354213879448629
"537",27.3,0.00505549330093585,0.022127149456631,0.0983102393685795,0.20013410718742,0.266306320356979,0.328833742339423,0.355866808300276
"538",27.35,0.00499713174205885,0.0218698148613563,0.0979452784338583,0.199914300580785,0.266468319067257,0.32981119816988,0.357482336591562
"539",27.4,0.00493938508938703,0.0216152212916482,0.0975799015089097,0.199685882833709,0.266612863191313,0.330758208876537,0.359059556839667
"540",27.45,0.00488224781673908,0.0213633436295344,0.0972140978091832,0.19944882317302,0.266739815292665,0.331674277837017,0.360597578148555
"541",27.5,0.00482571443167272,0.0211141569191768,0.0968478570565992,0.199203093117434,0.266849043420531,0.332558920839134,0.362095527404602
"542",27.55,0.00476977947557145,0.0208676363670628,0.0964811694824382,0.198948666508334,0.266940421239551,0.333411666643926,0.363552550457688
"543",27.6,0.00471443752372419,0.0206237573421667,0.0961140258300048,0.198685519539213,0.267013828155584,0.334232057537403,0.364967813284732
"544",27.65,0.00465968318539756,0.0203824953760817,0.095746417357064,0.198413630783755,0.267069149437377,0.335019649869842,0.366340503132678
"545",27.7,0.00460551110390128,0.0201438261631231,0.0953783358380473,0.198132981222501,0.267106276333888,0.335774014581442,0.367669829637945
"546",27.75,0.00455191595664663,0.0199077255604029,0.0950096578883113,0.197843554268062,0.267125106187099,0.336494737713194,0.368955025919397
"547",27.8,0.00449889245519815,0.019674169587877,0.0946406076608776,0.197545335788856,0.267125542540096,0.337181420901827,0.370195349641946
"548",27.85,0.00444643534531886,0.0194431344283658,0.0942710628273459,0.197238314131321,0.267107495240262,0.337833681857761,0.371390084047952
"549",27.9,0.00439453940700893,0.0192145964275476,0.0939010172461976,0.196922480140579,0.267070880537392,0.338451154824968,0.37253853895368
"550",27.95,0.004343199454538,0.0189885320939272,0.0935304653000785,0.196597827179511,0.26701562117657,0.339033491021748,0.373640051708126
"551",28,0.00429241033647148,0.0187649180987782,0.0931594018965793,0.19626435114623,0.266941557507065,0.339580359061414,0.374693988111673
"552",28.05,0.00424216693569056,0.0185437312760609,0.0927878224687722,0.1959220504899,0.26684880288206,0.340091445351953,0.375699743292092
"553",28.1,0.00419246416940653,0.0183249486223175,0.0924157229755048,0.195570926224901,0.266737211648525,0.340566454473771,0.37665674253557
"554",28.15,0.00414329698916919,0.0181085472965406,0.0920430999014477,0.1952109819433,0.26660673335121,0.341005109534687,0.377564442070576
"555",28.2,0.00409466038086955,0.0178945046200225,0.0916699502568964,0.194842223825607,0.266457324410637,0.341407152501379,0.378422329802472
"556",28.25,0.00404654936473712,0.0176827980761793,0.0912962715773277,0.194464660649808,0.266288948181496,0.34177234450656,0.379229925996993
"557",28.3,0.00399895899533171,0.0174734053103537,0.090922061922707,0.194078303798642,0.266101575004858,0.342100466131218,0.379986783910836
"558",28.35,0.00395188436152988,0.017266304129597,0.0905473198765513,0.193683167265125,0.26589518225413,0.342391317661313,0.380692490367766
"559",28.4,0.00390532058650638,0.0170614725024299,0.0901720445447436,0.193279267656285,0.265669754374668,0.342644719318376,0.381346666278852
"560",28.45,0.00385926282771032,0.016858888558582,0.0897962355541019,0.192866624195122,0.265425282916968,0.342860511463567,0.381948967105599
"561",28.5,0.00381370627683662,0.0166585305887135,0.0894198930507019,0.192445258720764,0.26516176656338,0.34303855477475,0.382499083264909
"562",28.55,0.00376864615979245,0.0164603770441149,0.0890430176979524,0.192015195686832,0.264879211148298,0.343178730396265,0.382996740475054
"563",28.6,0.00372407773665907,0.0162644065363896,0.0886656106744295,0.191576462157983,0.264577629671773,0.343280940061136,0.383441700041966
"564",28.65,0.00367999630164907,0.016070597837118,0.0882876736714659,0.191129087804666,0.264257042306547,0.3433451061855,0.383833759085379
"565",28.7,0.00363639718305902,0.0158789298775021,0.0879092088904955,0.190673104896057,0.263917476398465,0.343371171935152,0.384172750704557
"566",28.75,0.00359327574321789,0.0156893817479945,0.0875302190401626,0.190208548291201,0.263558966460287,0.343359101264139,0.384458544083489
"567",28.8,0.00355062737843104,0.0155019326979089,0.0871507073331879,0.189735455428346,0.263181554158886,0.343308878925427,0.384691044535698
"568",28.85,0.00350844751892018,0.0153165621350148,0.0867706774829995,0.189253866312505,0.262785288295867,0.343220510453729,0.384870193488921
"569",28.9,0.00346673162875916,0.0151332496251161,0.0863901337001292,0.188763823501218,0.26237022478163,0.343094022120659,0.38499596841016
"570",28.95,0.00342547520580587,0.0149519748916129,0.0860090806883747,0.188265372088564,0.261936426602922,0.342929460862421,0.38506838267177
"571",29,0.00338467378163021,0.0147727178150493,0.0856275236407332,0.187758559687414,0.261483963783924,0.342726894180357,0.385087485359402
"572",29.05,0.00334432292143835,0.0145954584326456,0.0852454682351086,0.18724343640995,0.261012913340958,0.342486410014697,0.385053361022841
"573",29.1,0.0033044182239933,0.0144201769378162,0.0848629206297919,0.186720054846465,0.260523359230861,0.342208116591932,0.384966129370896
"574",29.15,0.00326495532153191,0.0142468536796733,0.0844798874587228,0.18618847004248,0.260015392293131,0.341892142246323,0.384825944911675
"575",29.2,0.0032259298796784,0.0140754691625172,0.0840963758265309,0.185648739474175,0.259489110185939,0.341538635216066,0.384632996539742
"576",29.25,0.0031873375973545,0.0139060040453129,0.0837123933033656,0.185100833683599,0.258944617316107,0.341147763414732,0.384387507071766
"577",29.3,0.00314917420668625,0.0137384391411545,0.0833279479195119,0.184544993243784,0.258382024763176,0.34071971417865,0.38408973273243
"578",29.35,0.00311143547290772,0.0135727554167162,0.0829430481598022,0.183981193780146,0.257801450197676,0.340254610440415,0.383739962592463
"579",29.4,0.00307411719426149,0.0134089339916921,0.0825577029578229,0.18340950221342,0.257203017793753,0.33975284372961,0.383338517960799
"580",29.45,0.00303721520189616,0.0132469561382235,0.0821719216899244,0.182829987748112,0.256586858136283,0.33921457524741,0.382885751732957
"581",29.5,0.00300072535976091,0.0130868032803149,0.0817857141690338,0.182242721838512,0.255953108122615,0.338640067039332,0.382382047697806
"582",29.55,0.00296464356449718,0.0129284569932397,0.0813990906382809,0.181647778153272,0.255301910859134,0.338029598976039,0.381827819805009
"583",29.6,0.00292896574532763,0.0127718990029342,0.0810120617644375,0.181045232538574,0.254633415552779,0.337383468372822,0.381223511395459
"584",29.65,0.00289368786394233,0.0126171111853818,0.0806246386311753,0.180435162979909,0.253947777397701,0.336701989590902,0.380569594397104
"585",29.7,0.0028588059143824,0.012464075565987,0.0802368327321508,0.179817649562552,0.253245157457252,0.335985493621528,0.379866568488621
"586",29.75,0.00282431592292109,0.0123127743189401,0.079848655963917,0.179192774430731,0.252525722541476,0.33523432765386,0.379114960233394
"587",29.8,0.00279021394794239,0.012163189766572,0.0794601206186729,0.178560621745567,0.251789645080307,0.334448854627687,0.378315322186325
"588",29.85,0.00275649607981725,0.0120153043786999,0.07907123937685,0.177921277641812,0.251037102992658,0.333629452771989,0.377468231975986
"589",29.9,0.00272315844077758,0.0118691007719655,0.0786820252995479,0.177274830183443,0.250268279551615,0.332776515130429,0.376574291364658
"590",29.95,0.00269019718478785,0.011724561709163,0.0782924918208175,0.176621369318157,0.249483363245938,0.331890449074812,0.37563412528877
"591",30,0.00265760849741474,0.0115816700985602,0.0779026527398039,0.17596098683081,0.248682547638073,0.330971675807598,0.374648380882259
"592",30.05,0.00262538859569446,0.0114404089932117,0.0775125222127509,0.175293776295861,0.2478660312189,0.330020629854537,0.373617726485358
"593",30.1,0.0025935337279983,0.0113007615902636,0.0771221147448735,0.174619833028868,0.247034017259416,0.32903775854849,0.372542850641248
"594",30.15,0.002562040173896,0.0111627112302532,0.0767314451821067,0.17393925403708,0.246186713659587,0.328023521505515,0.371424461083026
"595",30.2,0.00253090424401741,0.0110262413963983,0.0763405287027309,0.173252137969188,0.245324332794573,0.326978390094271,0.370263283713344
"596",30.25,0.00250012227991222,0.0108913357138837,0.0759493808088895,0.172558585064285,0.244447091358556,0.325902846899797,0.369060061579079
"597",30.3,0.00246969065390798,0.010757977949138,0.0755580173179937,0.171858697100084,0.243555210206387,0.324797385182691,0.367815553843254
"598",30.35,0.00243960576896643,0.010626152009107,0.0751664543540302,0.171152577340457,0.242648914193275,0.32366250833473,0.366530534756465
"599",30.4,0.00240986405853821,0.0104958419405186,0.0747747083387713,0.170440330482329,0.241728432012734,0.322498729331914,0.365205792629888
"600",30.45,0.00238046198641597,0.0103670319291443,0.0743827959828986,0.169722062602016,0.240793996033012,0.321306570185934,0.363842128811979
"601",30.5,0.00235139604658601,0.0102397062990542,0.073990734277043,0.168997881101024,0.239845842132215,0.320086561395015,0.362440356670784
"602",30.55,0.00232266276307843,0.0101138495118673,0.07359854048275,0.168267894651387,0.23888420953235,0.318839241395066,0.361001300583797
"603",30.6,0.00229425868981596,0.0099894461659966,0.0732062321233744,0.167532213140591,0.237909340632494,0.317565156012056,0.359525794937135
"604",30.65,0.00226618041046141,0.00986648099588998,0.0728138269749127,0.166790947616136,0.236921480841302,0.316264857916485,0.358014683135761
"605",30.7,0.00223842453826382,0.00974493887126599,0.0724213430567776,0.166044210229799,0.235920878409061,0.314938906080798,0.356468816626359
"606",30.75,0.00221098771590347,0.00962480479634657,0.0720287986225237,0.165292114181632,0.23490773854343,0.313587865240575,0.354889053934416
"607",30.8,0.00218386661533565,0.00950606390908505,0.07163621215053,0.164534773663783,0.233882405788872,0.312212305360261,0.353276259716911
"608",30.85,0.00215705793763333,0.00938870148039032,0.0712436023346404,0.163772303804146,0.232845090509698,0.310812801104193,0.351631303831955
"609",30.9,0.00213055841282883,0.00927270291334783,0.0708509880747775,0.163004820609931,0.231796050641388,0.309389931313645,0.349955060426635
"610",30.95,0.0021043647997544,0.00915805374243777,0.0704583884675307,0.162232440911199,0.230735546121645,0.307944278490576,0.348248407044198
"611",31,0.00207847388588185,0.00904473963274858,0.0700658227967212,0.161455282304381,0.229663838723912,0.306476428288689,0.346512223751595
"612",31.05,0.00205288248716132,0.00893274637918955,0.0696733105239616,0.160673463095885,0.228581191891806,0.304986969012459,0.344747392288404
"613",31.1,0.00202758744785917,0.00882205990569955,0.0692808712792041,0.159887102245789,0.227487870574622,0.303476491124667,0.342954795237916
"614",31.15,0.00200258564039499,0.0087126662644532,0.0688885248512882,0.159096319311701,0.226384141064074,0.301945586762967,0.341135315221204
"615",31.2,0.00197787396517792,0.00860455163506548,0.0684962911784984,0.158301234392816,0.225270270832449,0.300394849266014,0.339289834114838
"616",31.25,0.0019534493504422,0.00849770232379344,0.0681041903391289,0.157501968074233,0.224146528372321,0.298824872709574,0.337419232292831
"617",31.3,0.00192930875208205,0.00839210476273635,0.0677122425420683,0.156698641371554,0.223013183037964,0.297236251453058,0.335524387893328
"618",31.35,0.00190544915348592,0.00828774550903451,0.0673204681174095,0.155891375675837,0.221870504888654,0.295629579696876,0.333606176110476
"619",31.4,0.00188186756537013,0.00818461124406571,0.0669288875070856,0.155080292698922,0.220718764533932,0.29400545105093,0.331665468511781
"620",31.45,0.00185856102561197,0.00808268877264026,0.0665375212555405,0.154265514419182,0.219558232981009,0.292364458114572,0.329703132381249
"621",31.5,0.00183552659908225,0.007981965022196,0.0661463900004451,0.153447163027749,0.218389181484432,0.290707192068332,0.327720030088516
"622",31.55,0.00181276137747744,0.00788242704199054,0.0657555144634528,0.152625360875233,0.217211881398108,0.289034242277615,0.325717018484036
"623",31.6,0.00179026247915132,0.00778406200229411,0.0653649154410112,0.151800230418994,0.216026604029818,0.287346195908624,0.323694948320447
"624",31.65,0.00176802704894628,0.00768685719358006,0.0649746137952261,0.150971894170985,0.214833620498321,0.285643637556638,0.321654663700047
"625",31.7,0.0017460522580242,0.00759080002571657,0.0645846304447919,0.150140474646221,0.213633201593147,0.283927148886857,0.319597001548364
"626",31.75,0.00172433530369706,0.0074958780271566,0.0641949863559854,0.149306094311892,0.212425617637176,0.282197308287875,0.317522791113652
"627",31.8,0.00170287340925728,0.00740207884412758,0.0638057025337305,0.148468875537152,0.211211138352076,0.280454690537894,0.315432853492149
"628",31.85,0.00168166382380771,0.00730939023982174,0.0634168000127425,0.147628940543637,0.209990032726698,0.278699866483739,0.313328001178873
"629",31.9,0.00166070382209153,0.00721780009358551,0.0630282998487493,0.146786411356713,0.208762568888489,0.276933402732711,0.311209037643664
"630",31.95,0.00163999070432187,0.00712729640010983,0.0626402231098029,0.145941409757507,0.207529013977996,0.275155861357274,0.309076756932169
"631",32,0.00161952179601133,0.00703786726862018,0.0622525908676763,0.145094057235725,0.206289634026518,0.273367799612564,0.306931943291388
"632",32.05,0.00159929444780138,0.00694950092206657,0.0618654241893545,0.144244474943306,0.205044693836953,0.271569726518192,0.304775370819387
"633",32.1,0.00157930603529161,0.0068621856963156,0.06147874412863,0.143392783648923,0.20379445686792,0.269762274718407,0.302607803138789
"634",32.15,0.00155955395886904,0.00677591003934097,0.0610925717177906,0.142539103693344,0.202539185121146,0.267945942771717,0.300429993093489
"635",32.2,0.0015400356435373,0.00669066251041694,0.0607069279594229,0.14168355494571,0.201279139032214,0.266121266093513,0.298242682468222
"636",32.25,0.00152074853874584,0.00660643177931058,0.0603218338183173,0.140826256760697,0.200014577364651,0.264288774059531,0.296046601730346
"637",32.3,0.00150169011821919,0.00652320662547673,0.0599373102134922,0.139967327936634,0.198745757107413,0.262448989798697,0.293842469793414
"638",32.35,0.00148285787978628,0.00644097593725305,0.0595533780103325,0.139106886674553,0.197472933375782,0.260602429998071,0.291630993801907
"639",32.4,0.00146424934520983,0.00635972871105626,0.0591700580128455,0.138245050538209,0.196196359315676,0.258749604719723,0.289412868936572
"640",32.45,0.00144586206001583,0.00627945405058044,0.0587873709560452,0.137381936415084,0.194916286011398,0.256891017229366,0.287188778239819
"641",32.5,0.00142769359332325,0.00620014116599597,0.0584053374984581,0.136517660478365,0.193632962396823,0.255027163836527,0.284959392460514
"642",32.55,0.00140974153767376,0.00612177937315018,0.0580239782147584,0.135652338149943,0.192346635170011,0.253158533746057,0.282725369917614
"643",32.6,0.00139200350886182,0.00604435809276964,0.0576433135885351,0.134786084064411,0.191057548711266,0.251285608920757,0.280487356382009
"644",32.65,0.00137447714576483,0.00596786684966479,0.0572633640051962,0.133919012034096,0.189765945004614,0.249408863954899,0.278245984975962
"645",32.7,0.00135716011017359,0.00589229527193499,0.0568841497450018,0.1330512350151,0.188472063562678,0.247528765958361,0.276001876089499
"646",32.75,0.00134005008662304,0.0058176330901764,0.056505690976241,0.132182865074399,0.187176141354962,0.245645774451178,0.273755637313159
"647",32.8,0.0013231447822232,0.00574387013669243,0.0561280077485516,0.131314013357968,0.185878412739503,0.243760341268245,0.271507863386482
"648",32.85,0.0013064419264905,0.00567099634470436,0.0557511199863735,0.130444790059949,0.184579109397854,0.241872910473848,0.269259136161551
"649",32.9,0.00128993927117937,0.00559900174756609,0.0553750474825548,0.129575304392877,0.1832784602734,0.239983918285862,0.267010024581073
"650",32.95,0.00127363459011421,0.00552787647797987,0.0549998098920996,0.128705664558942,0.181976691512953,0.238093793009258,0.264761084670286
"651",33,0.00125752567902173,0.00545761076721508,0.0546254267260654,0.127835977722304,0.180674026411601,0.236202954978694,0.262512859542159
"652",33.05,0.00124161035536364,0.00538819494432876,0.0542519173456054,0.126966349982462,0.179370685360756,0.234311816509883,0.260265879415228
"653",33.1,0.00122588645816977,0.00531961943538901,0.0538793009561654,0.126096886348656,0.178066885799393,0.23242078185949,0.258020661643516
"654",33.15,0.00121035184787161,0.00525187476270064,0.053507596601826,0.125227690715319,0.17676284216839,0.230530247193244,0.255777710757924
"655",33.2,0.00119500440613628,0.005184951544034,0.0531368231598045,0.124358865838576,0.175458765867983,0.228640600562038,0.253537518518559
"656",33.25,0.001179842035701,0.00511884049185567,0.052766999335101,0.123490513313764,0.174154865218225,0.226752221885662,0.251300563977376
"657",33.3,0.00116486266020792,0.00505353241256253,0.0523981436553041,0.12262273355399,0.172851345422438,0.224865482943969,0.249067313550642
"658",33.35,0.00115006422403961,0.00498901820571848,0.0520302744655484,0.121755625769714,0.171548408533605,0.222980747375135,0.246838221100645
"659",33.4,0.0011354446921549,0.00492528886329336,0.0516634099236225,0.120889287949327,0.170246217221154,0.221098370680759,0.244613728026111
"660",33.45,0.00112100204992537,0.00486233546890636,0.0512975679952412,0.120023816840776,0.168945039296379,0.219218700237564,0.24239426336089
"661",33.5,0.00110673430297225,0.0048001491970702,0.0509327664494588,0.119159307934134,0.167645031240138,0.217342075315333,0.240180243880271
"662",33.55,0.001092639477004,0.00473872131244081,0.0505690228542525,0.118295855445214,0.166346382224523,0.215468827100941,0.237972074214604
"663",33.6,0.00107871561765437,0.00467804316906805,0.0502063545722473,0.11743355230012,0.165049278145194,0.213599278728098,0.235770146969612
"664",33.65,0.00106496079032109,0.00461810620965057,0.0498447787566025,0.11657249012078,0.16375390160416,0.211733745312606,0.233574842853002
"665",33.7,0.0010513730800051,0.0045589019647937,0.0494843123470504,0.115712759211435,0.162460431895073,0.209872533992867,0.231386530806938
"666",33.75,0.00103795059115044,0.00450042205227078,0.0491249720660901,0.114854448546076,0.16116904499099,0.208015943975375,0.22920556814591
"667",33.8,0.00102469144748477,0.00444265817628722,0.0487667744153327,0.113997645756796,0.159879913534517,0.206164266584945,0.227032300704317
"668",33.85,0.00101159379186042,0.00438560212674865,0.0484097356720004,0.113142437123074,0.158593206830306,0.204317785319447,0.224867062965345
"669",33.9,0.000998655786096236,0.00432924577853156,0.0480538718855758,0.112288907561952,0.157309090839794,0.202476775908778,0.222710178239938
"670",33.95,0.000985875610819948,0.00427358109075822,0.0476991988746053,0.111437140619108,0.156027728178171,0.200641506377882,0.220561958804432
"671",34,0.000973251465311277,0.00421860010607486,0.0473457322236515,0.1105872184608,0.154749278113483,0.198812237113557,0.218422706063865
"672",34.05,0.000960781567345693,0.00416429494993261,0.0469934872803915,0.109739221866662,0.15347389656781,0.196989220934817,0.216292710714015
"673",34.1,0.00094846415303887,0.00411065782987322,0.0466424791528693,0.108893230223359,0.152201736120625,0.195172703166635,0.214172252906259
"674",34.15,0.000936297476691834,0.00405768103481713,0.046292722706889,0.108049321519049,0.150932946007439,0.1933629217168,0.212061602414857
"675",34.2,0.000924279810636806,0.00400535693435615,0.0459442325635587,0.107207572338674,0.14966767215421,0.191560107155741,0.209961018806428
"676",34.25,0.000912409445083788,0.00395367797804953,0.0455970230969777,0.106368057860039,0.148406057136921,0.189764482799068,0.207870751611288
"677",34.3,0.000900684687967837,0.00390263669472276,0.0452511084320606,0.105530851850662,0.147148240236879,0.187976264792639,0.20579104049633
"678",34.35,0.000889103864797114,0.00385222569177173,0.0449065024425134,0.104696026665394,0.145894357432945,0.186195662200015,0.203722115439298
"679",34.4,0.000877665318501626,0.00380243765446933,0.0445632187489406,0.103863653244785,0.144644541418762,0.184422877092063,0.201664196904063
"680",34.45,0.000866367409282758,0.00375326534527625,0.0442212707170941,0.103033801114163,0.143398921618279,0.182658104638539,0.199617496016748
"681",34.5,0.000855208514463546,0.00370470160315594,0.0438806714562607,0.102206538383441,0.142157624202737,0.180901533201531,0.197582214742463
"682",34.55,0.0008441870283397,0.00365673934289251,0.0435414338177787,0.101381931747595,0.140920772109054,0.179153344430506,0.19555854606236
"683",34.6,0.000833301362031425,0.00360937155441337,0.0432035703936936,0.100560046487832,0.139688485059614,0.177413713358894,0.193546674150914
"684",34.65,0.000822549943335992,0.00356259130211526,0.0428670935155416,0.0997409464734112,0.138460879583366,0.175682786443655,0.191546774553137
"685",34.7,0.00081193121658111,0.00351639172419403,0.042532015253262,0.0989246941640934,0.137238069038188,0.17396076964945,0.189559014361575
"686",34.75,0.000801443642479087,0.00347076603197883,0.0421983474142397,0.0981113506132246,0.136020163634459,0.172247796940741,0.187583552392936
"687",34.8,0.000791085697981767,0.00342570750927018,0.0418661015424737,0.0973009754714218,0.134807270459785,0.170544017877088,0.185620539364155
"688",34.85,0.000780855876136304,0.00338120951168107,0.0415352889178614,0.0964936269908258,0.133599493504795,0.168849575902076,0.183670118067707
"689",34.9,0.000770752685941693,0.0033372654659831,0.0412059205556126,0.0956893620299423,0.132396933689999,0.167164608445826,0.181732423546103
"690",34.95,0.000760774652206162,0.00329386886945629,0.0408780072057808,0.0948882360590278,0.131199688893624,0.16548924702804,0.179807583391057
"691",35,0.000750920315405343,0.00325101328924283,0.0405515593529097,0.0940903031660034,0.130007853980384,0.163823617361447,0.177895717446302
"692",35.05,0.000741188231541281,0.00320869236170437,0.0402265872157933,0.0932956160628801,0.128821520831111,0.16216783945555,0.175996938639495
"693",35.1,0.000731576972002262,0.00316689979178405,0.0399031007473518,0.092504226092689,0.127640778373238,0.16052202772059,0.174111352492411
"694",35.15,0.000722085123423468,0.00312562935237246,0.0395811096346193,0.0917161832368947,0.126465712612062,0.158886291071618,0.172239058311568
"695",35.2,0.000712711287548465,0.00308487488367671,0.0392606232988305,0.0909315361232493,0.125296406662704,0.157260733032518,0.170380148041139
"696",35.25,0.000703454081091531,0.00304463029259525,0.0389416508956289,0.0901503320341288,0.124132940782812,0.155645451840015,0.168534707260364
"697",35.3,0.00069431213560081,0.00300488955209497,0.0386242013153624,0.0893726169152618,0.122975392405842,0.154040540547442,0.166702815148633
"698",35.35,0.000685284097322328,0.00296564670059371,0.0383082831834928,0.0885984353848963,0.121823836174975,0.152446087128286,0.164884544647038
"699",35.4,0.000676368627064825,0.00292689584134592,0.0379939048610959,0.0878278307433462,0.120678343977559,0.15086217457937,0.163079962618007
"700",35.45,0.000667564400065461,0.00288863114183274,0.0376810744454615,0.0870608449829217,0.11953898498006,0.149288881023629,0.161289130003012
"701",35.5,0.000658870105856362,0.00285084683315673,0.0373697997707924,0.0862975187982359,0.118405825663502,0.147726279812428,0.159512101978295
"702",35.55,0.000650284448132004,0.00281353720943963,0.0370600884089869,0.0855378915968369,0.1172789298593,0.146174439627289,0.157748928108497
"703",35.6,0.000641806144617477,0.00277669662722468,0.0367519476705152,0.0847820015101819,0.116158358785483,0.144633424581014,0.155999652498207
"704",35.65,0.000633433926937575,0.00274031950488361,0.0364453846053871,0.0840298854049373,0.115044171083299,0.14310329431817,0.154264313941385
"705",35.7,0.000625166540486765,0.00270440032202668,0.0361404060041974,0.0832815788945617,0.113936422854081,0.141584104114797,0.152542946068573
"706",35.75,0.000617002744300011,0.00266893361891783,0.0358370183992616,0.0825371163511931,0.11283516769643,0.14007590497738,0.150835577491918
"707",35.8,0.000608941310924439,0.00263391399589285,0.0355352280658232,0.0817965309177877,0.111740456743606,0.138578743740945,0.149142231947923
"708",35.85,0.000600981026291892,0.00259933611278279,0.0352350410233497,0.0810598545205366,0.110652338701151,0.137092663166328,0.147462928437968
"709",35.9,0.000593120689592319,0.00256519468834037,0.0349364630368928,0.0803271178815055,0.109570859884664,0.135617702036481,0.145797681366503
"710",35.95,0.000585359113148042,0.00253148449967159,0.034639499618535,0.0795983505315236,0.108496064257746,0.134153895251872,0.144146500676985
"711",36,0.000577695122288882,0.00249820038167047,0.0343441560288954,0.0788735808232706,0.10742799347003,0.132701273924843,0.142509391985451
"712",36.05,0.000570127555228148,0.00246533722645844,0.034050437278713,0.0781528359445752,0.106366686895317,0.131259865472972,0.140886356711796
"713",36.1,0.000562655262939483,0.00243288998282771,0.0337583481304926,0.0774361419319003,0.105312181669754,0.129829693711365,0.139277392208708
"714",36.15,0.000555277109034585,0.00240085365568814,0.0334678931002119,0.0767235236839922,0.104264512730033,0.128410778943844,0.137682491888232
"715",36.2,0.00054799196964178,0.00236922330551968,0.0331790764591038,0.0760150049757263,0.103223712851636,0.127003138053078,0.136101645346082
"716",36.25,0.000540798733285465,0.00233799404782696,0.0328919022354803,0.0753106084720598,0.102189812686993,0.125606784589497,0.134534838483505
"717",36.3,0.000533696300766407,0.00230716105259935,0.0326063742166292,0.0746103557421573,0.101162840803644,0.124221728859112,0.132982053626895
"718",36.35,0.000526683585042913,0.00227671954377454,0.032322495950759,0.0739142672736285,0.100142823722311,0.122847978010128,0.131443269645041
"719",36.4,0.000519759511112853,0.00224666479870624,0.0320402707489999,0.0732223624868876,0.0991297859548819,0.121485536118365,0.129918462066578
"720",36.45,0.000512923015896542,0.00221699214763603,0.0317597016874553,0.0725346597496155,0.0981237500422869,0.120134404271477,0.128407603182754
"721",36.5,0.000506173048120495,0.00218769697316904,0.0314807916093027,0.0718511763913157,0.0971247365922313,0.118794580651936,0.126910662172298
"722",36.55,0.00049950856820202,0.00215877470975359,0.0312035431269391,0.0711719287179486,0.0961327643167769,0.117466060618775,0.125427605199957
"723",36.6,0.000492928548134691,0.00213022084316538,0.0309279586241781,0.0704969320266533,0.0951478500697691,0.116148836788109,0.123958395524632
"724",36.65,0.000486431971374655,0.00210203090999509,0.0306540402584833,0.0698262006205183,0.0941700088840565,0.114842899112382,0.122502993602906
"725",36.7,0.000480017832727806,0.00207420049714017,0.0303817899632449,0.0691597478234104,0.0931992540085116,0.113548234958356,0.121061357190351
"726",36.75,0.000473685138237816,0.00204672524130095,0.0301112094500991,0.0684975859948537,0.0922355969448404,0.112264829183848,0.119633441440639
"727",36.8,0.000467432905075001,0.00201960082848005,0.0298423002112774,0.0678397265449308,0.0912790474841348,0.110992664213173,0.118219199002439
"728",36.85,0.000461260161426056,0.0019928229934864,0.0295750635219976,0.067186179949222,0.090329613743195,0.109731720111338,0.116818580114169
"729",36.9,0.000455165946384618,0.00196638751944304,0.0293095004428867,0.0665369557637606,0.0893873022005826,0.108481974656964,0.115431532696603
"730",36.95,0.000449149309842689,0.00194029023729818,0.0290456118224278,0.065892062639978,0.0884521177323722,0.107243403413895,0.114058002443326
"731",37,0.000443209312382905,0.00191452702534145,0.0287833982994503,0.0652515083396822,0.0875240636476571,0.106015979801598,0.112697932909151
"732",37.05,0.000437345025171625,0.00188909380872326,0.028522860305639,0.0646152997500103,0.086603141723729,0.104799675164254,0.11135126559644
"733",37.1,0.000431555529852888,0.00186398655897792,0.0282639980680676,0.0639834428983606,0.0856893522409361,0.103594458838585,0.110017940039359
"734",37.15,0.000425839918443183,0.0018392012935509,0.0280068116117603,0.063355942967312,0.0847826940172337,0.102400298220417,0.10869789388615
"735",37.2,0.000420197293227067,0.00181473407533037,0.0277513007622789,0.062732804309522,0.083883164442413,0.101217147568844,0.107391062979424
"736",37.25,0.000414626766653611,0.00179058101218189,0.027497465148324,0.0621140304625744,0.082990759511969,0.100044992986195,0.106097381434461
"737",37.3,0.000409127461233673,0.00176673825648735,0.0272453042043606,0.0614996241637927,0.0821054738606321,0.0988837852986404,0.104816781715611
"738",37.35,0.000403698509438,0.00174320200468747,0.0269948171732566,0.0608895873649984,0.0812273007955319,0.0977334847791328,0.103549194710762
"739",37.4,0.000398339053596157,0.00171996849682862,0.0267460031089444,0.060283921247229,0.080356232329021,0.0965940500738954,0.102294549803981
"740",37.45,0.000393048245796266,0.00169703401611289,0.026498860879091,0.0596826262353808,0.0794922592111049,0.095465438261551,0.101052774946267
"741",37.5,0.000387825247785577,0.00167439488845239,0.0262533891677851,0.0590857020127966,0.0786353709615133,0.0943476049110637,0.0998237967915843
"742",37.55,0.000382669230871843,0.00165204748202647,0.0260095864782282,0.0584931475357622,0.0777855559013609,0.0932405041384463,0.0986075405135518
"743",37.6,0.000377579375825516,0.00162998820684413,0.0257674511354494,0.0579049610479609,0.0769428011844707,0.0921440886623422,0.0974039302232852
"744",37.65,0.000372554872782741,0.00160821351430868,0.0255269812890151,0.0573211400948105,0.0761070928282552,0.0910583098583663,0.0962128886810809
"745",37.7,0.000367594921149162,0.00158671989678725,0.0252881749157562,0.056741681537743,0.0752784157442429,0.0899831178123317,0.0950343379047752
"746",37.75,0.000362698729504539,0.0015655038871831,0.0250510298224939,0.0561665815683693,0.0744567537681724,0.0889184613722832,0.0938681985278754
"747",37.8,0.000357865515508142,0.00154456205851211,0.0248155436487727,0.0555958357225626,0.0736420896897011,0.0878642881994106,0.0927143903030662
"748",37.85,0.000353094505804965,0.00152389102348331,0.0245817138696043,0.0550294388944534,0.0728344052817275,0.0868205448178598,0.0915728320534242
"749",37.9,0.000348384935932713,0.00150348743408195,0.0243495377981987,0.0544673853502908,0.0720336813292593,0.0857871766633689,0.0904434417279171
"750",37.95,0.000343736050229587,0.00148334798115696,0.0241190125887061,0.0539096687422186,0.0712398976579037,0.0847641281308462,0.0893261364554034
"751",38,0.000339147101742859,0.00146346939401254,0.0238901352389648,0.0533562821219545,0.0704530331619666,0.0837513426208854,0.0882208325971455
"752",38.05,0.000334617352138214,0.00144384844000171,0.0236629025932279,0.0528072179543122,0.0696730658320742,0.0827487625851265,0.0871274457977507
"753",38.1,0.000330146071609885,0.00142448192412515,0.0234373113449082,0.0522624681306523,0.0688999727824483,0.0817563295706432,0.0860458910347489
"754",38.15,0.000325732538791549,0.00140536668863251,0.0232133580393072,0.0517220239821862,0.0681337302777267,0.0807739842632343,0.0849760826666884
"755",38.2,0.000321376040668007,0.00138649961262789,0.0229910390763456,0.0511858762931716,0.0673743137593908,0.0798016665297147,0.0839179344798661
"756",38.25,0.000317075872487621,0.00136787761167802,0.0227703507132807,0.0506540153139639,0.066621697871749,0.0788393154591517,0.0828713597336475
"757",38.3,0.000312831337675514,0.00134949763742514,0.0225512890674288,0.0501264307739706,0.0658758564875499,0.0778868694031606,0.0818362712045098
"758",38.35,0.000308641747747538,0.00133135667720216,0.0223338501188684,0.0496031118944437,0.0651367627331371,0.0769442660151555,0.0808125812287085
"759",38.4,0.000304506422224986,0.00131345175365195,0.0221180297131409,0.0490840474011581,0.0644043890132153,0.0760114422886628,0.0798002017436974
"760",38.45,0.000300424688550062,0.00129577992434988,0.0219038235639407,0.0485692255369512,0.0636787070351946,0.0750883345946698,0.0787990443282776
"761",38.5,0.000296395882002099,0.0012783382814299,0.0216912272557964,0.0480586340741295,0.0629596878331333,0.0741748787180408,0.0778090202415292
"762",38.55,0.000292419345614512,0.0012611239512141,0.0214802362467414,0.0475522603267395,0.0622473017912683,0.073271009893008,0.0768300404605377
"763",38.6,0.000288494430092505,0.0012441340938447,0.021270845870961,0.0470500911626724,0.0615415186671025,0.0723766628377083,0.075862015716896
"764",38.65,0.000284620493731497,0.00122736590292106,0.0210630513414485,0.0465521130156759,0.060842307614152,0.0714917717879078,0.0749048565321473
"765",38.7,0.000280796902336286,0.00121081660513861,0.0208568477526277,0.0460583118971819,0.0601496372042301,0.0706162705297727,0.0739584732520218
"766",38.75,0.000277023029140949,0.00119448345993185,0.0206522300829736,0.0455686734080138,0.0594634754493618,0.0697500924318171,0.07302277607962
"767",38.8,0.000273298254729447,0.00117836375912029,0.0204491931976109,0.0450831827499385,0.0587837898232813,0.068893170475978,0.0720976751074977
"768",38.85,0.000269621966956961,0.00116245482655768,0.0202477318508993,0.044601824737072,0.0581105472825341,0.0680454372878595,0.0711830803487053
"769",38.9,0.000265993560871941,0.00114675401778501,0.0200478406890078,0.044124583807156,0.0574437142872056,0.0672068251661826,0.0702789017680749
"770",38.95,0.000262412438638863,0.00113125871968557,0.0198495142524571,0.0436514440326507,0.0567832568212072,0.0663772661113664,0.0693850493062934
"771",39,0.000258878009461689,0.00111596635014495,0.0196527469786676,0.0431823891317326,0.0561291404122487,0.0655566918534136,0.0685014329152128
"772",39.05,0.000255389689508037,0.00110087435771253,0.0194575332044664,0.0427174024790919,0.0554813301513495,0.0647450338789245,0.0676279625801772
"773",39.1,0.000251946901834043,0.00108598022126718,0.0192638671685896,0.0422564671166121,0.0548397907120131,0.0639422234574086,0.0667645483473464
"774",39.15,0.00024854907630991,0.0010712814496858,0.0190717430141617,0.0417995657638938,0.0542044863690103,0.0631481916668336,0.0659111003489429
"775",39.2,0.000245195649546166,0.00105677558151489,0.0188811547911532,0.0413466808286216,0.0535753810167775,0.0623628694184299,0.0650675288275961
"776",39.25,0.000241886064820579,0.00104246018464536,0.0186920964588205,0.0408977944167894,0.0529524381874532,0.0615861874807918,0.0642337441598395
"777",39.3,0.000238619772005776,0.00102833285599064,0.0185045618881283,0.040452888342781,0.0523356210685522,0.06081807650328,0.0634096568787685
"778",39.35,0.000235396227497524,0.00101439122116736,0.0183185448641428,0.0400119441392845,0.0517248925202516,0.0600584670387075,0.0625951776958477
"779",39.4,0.000232214894143688,0.00100063293417927,0.0181340390884086,0.0395749430670666,0.0511202150923276,0.0593072895653628,0.0617902175219295
"780",39.45,0.000229075241173856,0.000987055677104544,0.0179510381813057,0.0391418661246044,0.0505215510407442,0.0585644745083839,0.0609946874875063
"781",39.5,0.000225976744129622,0.000973657159785935,0.0177695356843855,0.038712694057567,0.0499288623438833,0.0578299522604799,0.0602084989621961
"782",39.55,0.000222918884795535,0.000960435119522921,0.0175895250626672,0.0382874073681146,0.0493421107183675,0.0571036532019586,0.0594315635734225
"783",39.6,0.000219901151130694,0.000947387320768847,0.0174109997069427,0.037865986324115,0.0487612576345853,0.0563855077202433,0.0586637932244918
"784",39.65,0.000216923037201001,0.000934511554828981,0.0172339529360271,0.0374484109681463,0.0481862643314431,0.0556754462286691,0.0579051001118454
"785",39.7,0.000213984043112048,0.00092180563956264,0.0170583779990051,0.0370346611263906,0.0476170917918375,0.0549733911450292,0.0571553967416917
"786",39.75,0.000211083674942659,0.000909267419087901,0.016884268077446,0.0366247164173687,0.0470537009696464,0.0542792889749932,0.0564145959459514
"787",39.8,0.000208221444679054,0.000896894763489139,0.0167116162875966,0.036218556260528,0.0464960523587418,0.053593062369104,0.0556826108975473
"788",39.85,0.000205396870149653,0.000884685568527826,0.0165404156825539,0.0358161598846979,0.0459441064706895,0.0529146420210819,0.0549593551250837
"789",39.9,0.000202609474960509,0.000872637755355265,0.0163706592544018,0.0354175063363707,0.0453978236054924,0.0522439587360671,0.0542447425268557
"790",39.95,0.000199858788431357,0.00086074927022918,0.016202339936337,0.035022574487872,0.0448571639170263,0.0515809434460935,0.0535386874117338
"791",40,0.000197144345532288,0.000849018084232347,0.0160354506047602,0.0346313430453637,0.0443220874254059,0.050925527224999,0.052841104410148
"792",40.05,0.000194465686821031,0.000837442192994617,0.0158699840813503,0.0342437905567248,0.0437925540295366,0.0502776413028566,0.0521519086290685
"793",40.1,0.000191822358380854,0.000826019616416896,0.0157059331351033,0.0338598954192641,0.0432685235193842,0.0496372170798625,0.0514710155744565
"794",40.15,0.000189213911759061,0.000814748398398657,0.0155432904843564,0.0334796358873189,0.0427499555879931,0.0490041861397799,0.0507983411145729
"795",40.2,0.000186639903906094,0.000803626606567697,0.0153820487987798,0.0331029900796997,0.0422368098431918,0.048378480262879,0.050133801751109
"796",40.25,0.000184099897115232,0.00079265233201281,0.0152222007013482,0.0327299359870017,0.0417290458190219,0.0477600314384235,0.0494773142592516
"797",40.3,0.000181593458962881,0.000781823689018734,0.0150637387702782,0.0323604514787679,0.0412266229868609,0.0471487718766788,0.0488287959317129
"798",40.35,0.000179120162249454,0.000771138814804565,0.0149066555409545,0.0319945143105421,0.0407295007663034,0.0465446340205224,0.0481881645321522
"799",40.4,0.000176679584940828,0.000760595869263953,0.0147509435078165,0.0316321021307585,0.0402376385357259,0.0459475505565703,0.0475553383038817
"800",40.45,0.000174271310110391,0.000750193034707866,0.0145965951262191,0.0312731924874955,0.0397509956425755,0.0453574544258783,0.0469302359781149
"801",40.5,0.00017189492588165,0.000739928515611268,0.0144436028142875,0.0309177628351422,0.0392695314134542,0.0447742788343044,0.0463127767818561
"802",40.55,0.000169550025371422,0.000729800538360425,0.0142919589547168,0.0305657905408671,0.0387932051638464,0.0441979572623564,0.0457028804452438
"803",40.6,0.000167236206633579,0.000719807351004398,0.0141416558965709,0.0302172528910124,0.0383219762076647,0.0436284234747387,0.0451004672085797
"804",40.65,0.000164953072603369,0.000709947223007878,0.0139926859570373,0.0298721270973177,0.0378558038664828,0.0430656115294474,0.0445054578288815
"805",40.7,0.000162700231042275,0.000700218445007556,0.0138450414231723,0.0295303903030532,0.0373946474785678,0.0425094557865484,0.0439177735861092
"806",40.75,0.000160477294483446,0.00069061932857038,0.0136987145536102,0.0291920195890039,0.0369384664076346,0.0419598909165559,0.043337336288973
"807",40.8,0.000158283880177665,0.000681148205953814,0.013553697580241,0.028856991979313,0.0364872200513367,0.0414168519084264,0.0427640682803474
"808",40.85,0.000156119610039862,0.000671803429869824,0.013409982709881,0.0285252844472462,0.0360408678495784,0.0408802740772806,0.0421978924424049
"809",40.9,0.000153984110596171,0.000662583373250272,0.0132675621259024,0.028196873920798,0.035599369292544,0.0403500930717244,0.0416387322013414
"810",40.95,0.000151877012931521,0.000653486429014973,0.0131264279898415,0.027871737288185,0.0351626839285089,0.0398262448808572,0.0410865115317828
"811",41,0.000149797952637753,0.000644511009841969,0.0129865724429785,0.0275498514032144,0.0347307713714154,0.0393086658409466,0.0405411549608552
"812",41.05,0.000147746569762274,0.000635655547940927,0.0128479876079035,0.0272311930905607,0.0343035913082631,0.0387972926418302,0.0400025875719865
"813",41.1,0.000145722508757228,0.000626918494827946,0.0127106655900428,0.0269157391508908,0.0338811035062356,0.0382920623329205,0.0394707350083444
"814",41.15,0.000143725418429181,0.000618298321102869,0.0125745984791625,0.0266034663658822,0.033463267819621,0.0377929123294346,0.0389455234759912
"815",41.2,0.00014175495188933,0.000609793516229868,0.0124397783508622,0.0262943515031591,0.0330500441965694,0.0372997804164843,0.0384268797468095
"816",41.25,0.000139810766504214,0.000601402588318576,0.0123061972680163,0.0259883713210546,0.03264139268556,0.0368126047562489,0.0379147311610449
"817",41.3,0.000137892523846936,0.00059312406390945,0.0121738472822208,0.0256855025733319,0.0322372734417628,0.0363313238914894,0.0374090056297004
"818",41.35,0.000135999889648885,0.000584956487759414,0.0120427204351851,0.0253857220137243,0.0318376467331103,0.0358558767506437,0.0369096316371622
"819",41.4,0.000134132533751953,0.000576898422631512,0.0119128087601262,0.0250890064004307,0.031442472946279,0.0353862026522231,0.0364165382406683
"820",41.45,0.00013229013006125,0.00056894844908565,0.0117841042831215,0.0247953325004643,0.0310517125925045,0.0349222413089336,0.0359296550754
"821",41.5,0.000130472356498304,0.000561105165271907,0.0116565990244423,0.0245046770939084,0.0306653263138599,0.0344639328315763,0.0354489123535258
"822",41.55,0.000128678894954749,0.000553367186726019,0.0115302849998641,0.0242170169780683,0.0302832754135485,0.0340112177327084,0.0349742408658858
"823",41.6,0.000126909431246494,0.000545733146166654,0.0114051542219458,0.023932328971507,0.0299055192094858,0.0335640369300511,0.03450557198287
"824",41.65,0.000125163655068364,0.000538201693295681,0.0112811987012996,0.0236505899180115,0.0295320203762813,0.0331223317497222,0.0340428376551385
"825",41.7,0.000123441259949225,0.000530771494599581,0.0111584104478214,0.0233717766904225,0.0291627395828776,0.0326860439291911,0.0335859704140759
"826",41.75,0.000121741943207562,0.000523441233153345,0.0110367814719031,0.0230958661943802,0.0287976381978542,0.0322551156200434,0.0331349033720727
"827",41.8,0.000120065405907538,0.000516209608427112,0.0109163037856332,0.0228228353719978,0.0284366777483183,0.0318294893905776,0.0326895702226564
"828",41.85,0.000118411352815502,0.00050907533609335,0.0107969694039489,0.0225526612053824,0.0280798199249534,0.0314091082281105,0.0322499052403441
"829",41.9,0.000116779492356959,0.000502037147837565,0.0106787703457894,0.0222853207201168,0.0277270265863214,0.0309939155411747,0.0318158432804099
"830",41.95,0.000115169536573994,0.000495093791170366,0.0105616986352161,0.0220207909886239,0.0273782597628933,0.0305838551606756,0.0313873197784397
"831",42,0.000113581201083139,0.000488244029241651,0.0104457463025112,0.0217590491334432,0.0270334816609135,0.0301788713445922,0.0309642707497273
"832",42.05,0.000112014205033693,0.000481486640656255,0.0103309053852456,0.0215000723303967,0.0266926546660841,0.0297789087755915,0.0305466327884799
"833",42.1,0.000110468271066476,0.000474820419292818,0.0102171679293461,0.0212438378117146,0.0263557413471617,0.0293839125649349,0.030134343066947
"834",42.15,0.000108943125273024,0.000468244174123353,0.0101045259901185,0.0209903228690229,0.0260227044593483,0.0289938282531573,0.0297273393343245
"835",42.2,0.000107438497155217,0.000461756729035354,0.00999297163326072,0.0207395048562693,0.0256935069475715,0.028608601811178,0.0293255599155543
"836",42.25,0.000105954119585334,0.000455356922655563,0.00988249693584975,0.0204913611925521,0.0253681119496143,0.0282281796412395,0.0289289437099718
"837",42.3,0.000104489728766538,0.000449043608176177,0.00977309398731635,0.0202458693648845,0.0250464827991379,0.0278525085777242,0.0285374301898548
"838",42.35,0.000103045064193779,0.000442815653182174,0.00966475489038729,0.0200030069308437,0.0247285830285348,0.0274815358877779,0.0281509593987999
"839",42.4,0.000101619868615113,0.000436671939480708,0.00955747176201042,0.0197627515211427,0.0244143763716639,0.0271152092718016,0.0277694719636443
"840",42.45,0.000100213887993445,0.000430611362933368,0.00945123673427766,0.0195250808421524,0.0241038267665115,0.0267534768638638,0.0273929090420275
"841",42.5,9.8826871468671e-05,0.000424632833288255,0.00934604195529448,0.0192899726782535,0.0237968983576274,0.02639628723186,0.0270212123912265
"842",42.55,9.74585713202322e-05,0.000418735274016006,0.00924187959006756,0.0190574048941688,0.0234935554985505,0.0260435893776663,0.0266543243218793
"843",42.6,9.61087429300742e-05,0.000412917622146053,0.0091387418213476,0.0188273554371147,0.0231937627540371,0.025695332737076,0.0262921876713478
"844",42.65,9.47771447460006e-05,0.000407178828105369,0.00903662085046714,0.0185998023388215,0.0228974849022109,0.0253514671796554,0.0259347459330631
"845",42.7,9.34635382454269e-05,0.000401517855559205,0.00893550889816606,0.0183747237173184,0.022604686936614,0.0250119430084952,0.0255819430673624
"846",42.75,9.21676878995227e-05,0.000395933681252598,0.00883539820538249,0.0181520977782404,0.0223153340680977,0.0246767109597894,0.0252337236172325
"847",42.8,9.08893611377459e-05,0.000390425294854931,0.00873628103405284,0.0179319028152279,0.0220293917266759,0.0243457222023843,0.0248900326776978
"848",42.85,8.96283283127584e-05,0.000384991698804639,0.00863814966786623,0.0177141172077519,0.0217468255631924,0.0240189283371253,0.0245508158931549
"849",42.9,8.83843626657265e-05,0.000379631908157495,0.0085409964130363,0.0174987194107944,0.021467601444005,0.0236962813962159,0.0242160194547477
"850",42.95,8.71572402919956e-05,0.000374344950434924,0.0084448135990246,0.0172856879076703,0.0211916854802088,0.0233777338423771,0.0238855900975632
"851",43,8.59467401071423e-05,0.000369129865474585,0.00834959357925298,0.0170750008682797,0.0209190439876922,0.0230632385679473,0.0235594750977943
"852",43.05,8.47526438133944e-05,0.000363985705283121,0.00825532873180002,0.0168666404961078,0.0206496435158847,0.0227527488939229,0.0232376222698677
"853",43.1,8.35747358664211e-05,0.000358911533889458,0.00816201146004614,0.0166605836284959,0.0203834508421486,0.0224462186921899,0.0229199799634387
"854",43.15,8.24128034424838e-05,0.000353906427200947,0.00806963419330399,0.016456805164249,0.0201204329729524,0.0221436019234531,0.0226064970604017
"855",43.2,8.12666364059503e-05,0.000348969472859809,0.00797818938737974,0.0162552882849799,0.0198605571448883,0.0218448533084741,0.022297122971762
"856",43.25,8.01360272771632e-05,0.00034409977010284,0.00788766952511655,0.0160560116832493,0.0196037908256931,0.0215499279847499,0.0219918076345558
"857",43.3,7.90207712006639e-05,0.000339296429620332,0.00779806711684504,0.0158589545660565,0.0193501017150625,0.0212587792833506,0.0216905015085728
"858",43.35,7.79206659137662e-05,0.000334558573418975,0.00770937470083102,0.015664096317366,0.0190994577455112,0.0209713679814302,0.021393155573179
"859",43.4,7.68355117154755e-05,0.000329885334685172,0.00762158484367019,0.0154714164508431,0.0188518270830965,0.0206876463650364,0.0210997213240246
"860",43.45,7.57651114357537e-05,0.000325275857649388,0.0075346901406598,0.0152808945988905,0.0186071781280387,0.020407572131722,0.0208101507696757
"861",43.5,7.47092704051223e-05,0.00032072929745269,0.00744868321619268,0.0150925105097534,0.0183654795153023,0.0201311024498812,0.0205243964282488
"862",43.55,7.36677964246035e-05,0.000316244820015387,0.00736355672419781,0.0149062440470258,0.018126700115138,0.0198581948594205,0.0202424113240434
"863",43.6,7.26404997359951e-05,0.000311821601905337,0.00727930334859802,0.0147220751899143,0.0178908090334566,0.0195888073261794,0.0199641489840253
"864",43.65,7.16271929924745e-05,0.000307458830209694,0.00719591580386135,0.0145399840339024,0.0176577756122407,0.019322898206748,0.0196895634344001
"865",43.7,7.06276912295324e-05,0.000303155702406606,0.0071133868355718,0.0143599507914727,0.0174275694298094,0.0190604262682806,0.0194186091970607
"866",43.75,6.96418118362272e-05,0.000298911426239566,0.00703170922105034,0.0141819557929172,0.0172001603010841,0.0188013506845421,0.0191512412860816
"867",43.8,6.86693745267636e-05,0.000294725219591847,0.00695087576994919,0.0140059794870897,0.0169755182777246,0.0185456310340782,0.0188874152044221
"868",43.85,6.77102013123868e-05,0.000290596310363873,0.00687087932485057,0.0138320024422015,0.016753613648301,0.0182932272981876,0.018627086939124
"869",43.9,6.67641164735919e-05,0.000286523936350689,0.00679171276179299,0.0136600053465327,0.0165344169384219,0.0180440998587782,0.0183702129595108
"870",43.95,6.58309465326451e-05,0.000282507345121298,0.00671336899075136,0.0134899690091292,0.0163178989119135,0.0177982094962094,0.0181167502123392
"871",44,6.49105202264132e-05,0.000278545793899715,0.0066358409560659,0.0133218743604762,0.0161040305541344,0.0175555173871149,0.0178666561184575
"872",44.05,6.40026684794982e-05,0.000274638549446836,0.00655912163680886,0.013155702453112,0.0158927831264594,0.017315985102153,0.0176198885691163
"873",44.1,6.31072243776747e-05,0.000270784887944016,0.00648320404711547,0.0129914344622174,0.0156841280842379,0.0170795746037412,0.0173764059222878
"874",44.15,6.22240231416267e-05,0.000266984094877484,0.00640808123647319,0.0128290516861459,0.0154780371391236,0.0168462482437254,0.0171361669989398
"875",44.2,6.13529021009802e-05,0.000263235464925016,0.0063337462900063,0.012668535546957,0.0152744822360947,0.016615968747211,0.0168991310793581
"876",44.25,6.04937006686302e-05,0.000259538301842362,0.00626019232871431,0.0125098675908437,0.0150734355556007,0.0163886992624315,0.0166652578993594
"877",44.3,5.96462603153565e-05,0.000255891918353038,0.00618741250974104,0.0123530294886145,0.0148748695134122,0.0161644032843072,0.0164345076466284
"878",44.35,5.88104245447303e-05,0.000252295636037187,0.00611540002659226,0.0121980030360423,0.0146787567601757,0.0159430446987112,0.0162068409569063
"879",44.4,5.79860388683009e-05,0.000248748785223697,0.00604414810938709,0.0120447701542653,0.0144850701810129,0.0157245877689763,0.0159822189103007
"880",44.45,5.71729507810695e-05,0.000245250704881657,0.00597365002506586,0.0118933128900694,0.0142937828949669,0.015508997133349,0.0157606030274694
"881",44.5,5.63710097372366e-05,0.000241800742515075,0.00590389907763287,0.0117436134162257,0.014104868254517,0.0152962378025452,0.0155419552659301
"882",44.55,5.55800671262302e-05,0.000238398254056817,0.0058348886083528,0.0115956540317069,0.0139182998449424,0.0150862751571593,0.0153262380162404
"883",44.6,5.47999762490048e-05,0.000235042603765271,0.00576661199597064,0.0114494171619376,0.0137340514837306,0.0148790749451463,0.0151134140982736
"884",44.65,5.40305922946111e-05,0.000231733164121723,0.00569906265691471,0.0113048853589924,0.0135520972199215,0.0146746032792537,0.0149034467574643
"885",44.7,5.32717723170349e-05,0.000228469315728313,0.0056322340454789,0.011162041301736,0.0133724113333821,0.0144728266343983,0.0146962996610172
"886",44.75,5.25233752122995e-05,0.000225250447207921,0.00556611965401204,0.0110208677959673,0.0131949683340877,0.0142737118450714,0.0144919368941668
"887",44.8,5.17852616958316e-05,0.000222075955105583,0.00550071301310594,0.0108813477745497,0.0130197429613902,0.0140772261027519,0.0142903229564644
"888",44.85,5.10572942800866e-05,0.000218945243789153,0.00543600769173521,0.0107434642974307,0.0128467101831487,0.0138833369531854,0.0140914227660922
"889",44.9,5.03393372524305e-05,0.000215857725353927,0.00537199729744596,0.0106071996689582,0.0126758451949847,0.013692012293825,0.0138952016259473
"890",44.95,4.96312566532769e-05,0.000212812819525569,0.00530867547647703,0.0104725389487231,0.0125071234193511,0.0135032203710831,0.0137016252622467
"891",45,4.89329202544754e-05,0.000209809953566352,0.00524603591391706,0.010339464713416,0.0123405205046938,0.0133169297777061,0.0135106597778304
"892",45.05,4.82441975379484e-05,0.000206848562180763,0.00518407233381672,0.0102079605308378,0.0121760123244893,0.0131331094500294,0.0133222717167368
"893",45.1,4.7564959674577e-05,0.000203928087424043,0.00512277849932948,0.0100780100954783,0.0120135749763571,0.012951728665332,0.0131364279725686
"894",45.15,4.68950795033269e-05,0.000201047978609822,0.00506214821280255,0.00994959722806729,0.0118531847810365,0.0127727570390531,0.0129530958403235
"895",45.2,4.62344315106206e-05,0.000198207692220553,0.00500217531589443,0.00982270587480867,0.0116948182814347,0.012596164522096,0.0127722429995507
"896",45.25,4.55828918099434e-05,0.000195406691817609,0.00494285368965479,0.00969732010553947,0.0115384522415725,0.0124219213980164,0.012593837510636
"897",45.3,4.49403381216908e-05,0.000192644447953482,0.00488417725461762,0.00957342410875643,0.0113840636420243,0.0122499982802342,0.0124178478111683
"898",45.35,4.43066497532462e-05,0.000189920438084485,0.00482613997087491,0.00945100217336476,0.0112316296929281,0.0120803661091367,0.0122442427122849
"899",45.4,4.36817075792924e-05,0.000187234146484205,0.00476873583813576,0.00933003857956442,0.0110811278118923,0.011912996149039,0.0120729913950138
"900",45.45,4.30653940223509e-05,0.000184585064159352,0.00471195889580728,0.00921051411608402,0.0109325356368499,0.0117478599850194,0.0119040634067186
"901",45.5,4.24575930335486e-05,0.000181972688764208,0.00465580322301567,0.00909242851175325,0.0107858310214028,0.0115849295193123,0.0117374286574062
"902",45.55,4.18581900736089e-05,0.000179396524518553,0.00460026293867293,0.00897574835619163,0.0106409920337394,0.0114241769677719,0.0115730574162086
"903",45.6,4.12670720940642e-05,0.000176856082125152,0.00454533220150536,0.00886046636685481,0.0104979969554553,0.0112655748579636,0.0114109203077901
"904",45.65,4.06841275186883e-05,0.000174350878688019,0.00449100521007023,0.00874656723161541,0.0103568242803465,0.0111090962683026,0.0112509883087604
"905",45.7,4.01092462251464e-05,0.000171880437633217,0.00443727620279933,0.00863403609155959,0.0102174527132747,0.0109547116573458,0.0110932327442052
"906",45.75,3.95423195268595e-05,0.000169444288628282,0.00438413945798457,0.00852285825764153,0.0100798611688863,0.0108024013386378,0.0109376252840856
"907",45.8,3.89832401550818e-05,0.000167041967504998,0.00433158929380933,0.00841301917686628,0.00994402877045328,0.0106521327488174,0.0107841379398117
"908",45.85,3.8431902241189e-05,0.000164673016181074,0.00427962006832845,0.00830450442412756,0.00980993484858528,0.0105038818805202,0.0106327430607039
"909",45.9,3.78882012991732e-05,0.000162336982584231,0.00422822617947411,0.00819729969938305,0.00967755894001313,0.0103576231279815,0.01048341333057
"910",45.95,3.73520342083463e-05,0.000160033420576139,0.0041774020650319,0.00809139082627813,0.00954688078629998,0.0102133311525758,0.0103361217642339
"911",46,3.68232991962442e-05,0.000157761889877825,0.00412714220262301,0.00798676375131365,0.00941788033257304,0.0100709809135992,0.0101908417041208
"912",46.05,3.6301895821735e-05,0.000155521955995884,0.00407744110967798,0.00788340454321204,0.00929053772623939,0.00993054765019104,0.0100475468168573
"913",46.1,3.57877249583255e-05,0.000153313190149629,0.00402829334340593,0.00778129939237115,0.00916483331569536,0.00979200688874523,0.00990621108989698
"914",46.15,3.52806887776648e-05,0.000151135169198904,0.00397969350075288,0.00768043461034302,0.00904074764901474,0.00965533443967642,0.00976680882815225
"915",46.2,3.47806907332437e-05,0.000148987475572303,0.00393163621834404,0.00758079662930444,0.00891826147260416,0.00952050639483817,0.00962931368992371
"916",46.25,3.42876355442863e-05,0.000146869697197962,0.00388411617245868,0.00748237200160882,0.00879735572995646,0.00938749912494137,0.00949370348440844
"917",46.3,3.38014291798332e-05,0.000144781427432986,0.00383712807895028,0.00738514739923237,0.00867801156031697,0.00925628927684962,0.00935995057520342
"918",46.35,3.33219788430138e-05,0.000142722264995057,0.0037906666931908,0.00728910961327557,0.0085602102980456,0.00912685377096861,0.00922803145600404
"919",46.4,3.28491929555037e-05,0.000140691813894715,0.00374472681000668,0.00719424555345022,0.00844393346262591,0.00899916979863699,0.00909792197223554
"920",46.45,3.23829811421696e-05,0.000138689683368054,0.00369930326360012,0.00710054224753872,0.00832916278468471,0.00887321481950283,0.00896959826416223
"921",46.5,3.19232542158943e-05,0.000136715487810648,0.00365439092747495,0.00700798684086427,0.00821588016469804,0.00874896655893764,0.00884303676659396
"922",46.55,3.14699241625841e-05,0.00013476884671203,0.00360998471435179,0.00691656659574063,0.00810406770133851,0.00862640300544674,0.00871821420569956
"923",46.6,3.1022904126355e-05,0.000132849384590715,0.00356607957607268,0.00682626889090134,0.00799370767965186,0.00850550240093077,0.00859510759582795
"924",46.65,3.05821083948943e-05,0.000130956730930749,0.00352267050351766,0.00673708122095508,0.007884782570781,0.00838624326510213,0.00847369423640011
"925",46.7,3.01474523849992e-05,0.000129090520117978,0.00347975090249892,0.00664899081138113,0.00777727503062656,0.00826860435472396,0.00835395170875769
"926",46.75,2.97188526282862e-05,0.000127250391378671,0.00343731914054158,0.0065619865400057,0.00767116789853583,0.00815256468521918,0.00823585787313694
"927",46.8,2.92962267570736e-05,0.000125435988716639,0.00339536865170683,0.00647605453887306,0.00756644419584897,0.00803810352235806,0.0081193908655218
"928",46.85,2.88794934904317e-05,0.000123646960853117,0.00335389604855946,0.00639118420535225,0.00746308712455626,0.00792520037979613,0.00800452909465044
"929",46.9,2.8468572620401e-05,0.000121882961166787,0.00331289352675896,0.00630736309659069,0.00736108006591808,0.00781383501658804,0.00789125123900732
"930",46.95,2.8063384998376e-05,0.00012014364763343,0.00327235609946878,0.00622458008417265,0.00726040657901893,0.00770398743464578,0.00777953624376876
"931",47,2.76638525216522e-05,0.000118428682768456,0.0032322829369816,0.00614282211727662,0.00716105039944535,0.00759563787634753,0.0076693633179113
"932",47.05,2.7269898120135e-05,0.000116737733567824,0.00319266678190992,0.00606207824259633,0.00706299543782792,0.00748876682201374,0.007560711931195
"933",47.1,2.68814457432097e-05,0.000115070471451456,0.00315350335539689,0.00598233697072894,0.00696622577848637,0.00738335498751045,0.00745356181128597
"934",47.15,2.64984203467676e-05,0.000113426572206252,0.00311478908250532,0.0059035869220464,0.00687072567801137,0.00727938332179865,0.00734789294083297
"935",47.2,2.6120747880391e-05,0.000111805715930251,0.00307651718599097,0.00582581682605477,0.00677647956387233,0.00717683300452611,0.00724368364895257
"936",47.25,2.57483552746912e-05,0.000110207586977906,0.00303868424966874,0.00574901508120347,0.00668347203305115,0.00707568544366173,0.00714092014102218
"937",47.3,2.53811704288006e-05,0.000108631873904566,0.00300128576114942,0.00567317150275554,0.00659168785059194,0.00697592227305187,0.00703957742303289
"938",47.35,2.50191221980155e-05,0.000107078269413608,0.00296431724527859,0.00559827471288715,0.00650111194826667,0.00687752535011652,0.00693963837816378
"939",47.4,2.46621403815889e-05,0.000105546470302363,0.00292777426395014,0.00552431387079069,0.00641172942313396,0.00678047675344146,0.0068410842125656
"940",47.45,2.4310155710671e-05,0.000104036177410139,0.00289165241594811,0.00545127824135985,0.00632352553618415,0.00668475878047597,0.00674389639502519
"941",47.5,2.39630998363962e-05,0.00010254709556615,0.00285594733676448,0.00537915719440513,0.00623648571094276,0.00659035394519613,0.00664805660693752
"942",47.55,2.36209053181146e-05,0.00010107893353761,0.00282065469839842,0.0053079402037351,0.00615059553204981,0.0064972449757499,0.00655354676944712
"943",47.6,2.32835056117669e-05,9.9631403980216e-05,0.00278577020918936,0.00523761687437933,0.00606584074394357,0.00640541481222048,0.00646034903374187
"944",47.65,2.29508350583998e-05,9.82042233870232e-05,0.00275129013651072,0.00516817685313205,0.00598220724941711,0.0063148466042503,0.00636844577832879
"945",47.7,2.26228288728225e-05,9.67971120394194e-05,0.00271720949011991,0.00509960993641165,0.00589968110644857,0.00622552370875015,0.00627781960643005
"946",47.75,2.22994231324003e-05,9.54097939585665e-05,0.00268352436702169,0.00503190601028418,0.00581824853406167,0.00613742968756917,0.00618845334339349
"947",47.8,2.19805547659856e-05,9.40419968566063e-05,0.00265023062296562,0.00496505451326251,0.00573789590016207,0.0060505483050476,0.00610033003407403
"948",47.85,2.16661615429836e-05,9.26934520894357e-05,0.00261732414948938,0.00489904989805504,0.00565860972732271,0.00596486352551549,0.00601343294030156
"949",47.9,2.1356182062552e-05,9.13638946095278e-05,0.0025848008737445,0.0048338730680109,0.0055803766896429,0.00588035951062237,0.00592774553833831
"950",47.95,2.10505557429321e-05,9.0053062919355e-05,0.00255265675832066,0.00476952178259248,0.0055031836113835,0.00579702061684108,0.0058432515163615
"951",48,2.07492228109115e-05,8.87606990256928e-05,0.00252088780107543,0.00470598428525974,0.00542701746562474,0.00571483139494552,0.00575993477198964
"952",48.05,2.04521242914149e-05,8.74865483939772e-05,0.00248949003494955,0.0046432515201251,0.00535186537289829,0.00563377679711253,0.00567777940979967
"953",48.1,2.01592019972228e-05,8.62303599039557e-05,0.00245845952779836,0.00458131373845227,0.00527771459986756,0.00555384111752874,0.00559676973891489
"954",48.15,1.98703985188171e-05,8.49918858051235e-05,0.00242779238220265,0.00452016161518047,0.00520455255796779,0.00547501031543574,0.00551689027056719
"955",48.2,1.95856572143499e-05,8.37708816729029e-05,0.00239748473528249,0.00445978592068797,0.00513236680206266,0.00539726924592362,0.00543812571569534
"956",48.25,1.93049221997374e-05,8.25671063662604e-05,0.0023675327585317,0.00440017752012348,0.00506114502915948,0.00532060346796668,0.00536046098262457
"957",48.3,1.90281383388737e-05,8.13803219840117e-05,0.00233793265760508,0.00434132737264594,0.0049908750770208,0.00524499866533355,0.00528388117465028
"958",48.35,1.87552512339675e-05,8.02102938236618e-05,0.00230868067215376,0.00428322653076278,0.0049215449229002,0.00517044069497248,0.00520837158777457
"959",48.4,1.84862072159949e-05,7.90567903394888e-05,0.00227977307562757,0.00422586613960494,0.00485314268220863,0.00509691559567044,0.00513391770838332
"960",48.45,1.82209533352731e-05,7.79195831012388e-05,0.00225120617507819,0.00416923743620615,0.00478565660719227,0.0050244095761523,0.00506050521095232
"961",48.5,1.79594373521475e-05,7.6798446754404e-05,0.00222297631098801,0.00411333174883586,0.00471907508568053,0.00495290901977386,0.00498811995584579
"962",48.55,1.77016077277964e-05,7.56931589790557e-05,0.00219507985704875,0.00405814049623514,0.00465338663972531,0.00488240048159225,0.00491674751400237
"963",48.6,1.74474136151474e-05,7.4603500451496e-05,0.00216751321999725,0.00400365520742367,0.00458857992438683,0.00481287068646818,0.00484637552993307
"964",48.65,1.71968048499074e-05,7.35292548041923e-05,0.0021402728393945,0.00394986758370547,0.00452464372640587,0.00474430652706909,0.00477698768230328
"965",48.7,1.69497319417032e-05,7.24702085881248e-05,0.00211335518745216,0.00389676904379059,0.00446156696308758,0.00467669506201298,0.00470857494611695
"966",48.75,1.67061460653321e-05,7.14261512338255e-05,0.00208675676881283,0.003844351504827,0.00439933866360473,0.0046100235139152,0.00464112015773472
"967",48.8,1.64659990521204e-05,7.03968750146977e-05,0.00206047412037502,0.00379260682746941,0.00433794805103578,0.00454427926756749,0.00457461155331828
"968",48.85,1.62292433813903e-05,6.9382175009171e-05,0.00203450381107582,0.00374152695863573,0.00427738437900867,0.00447944986802974,0.00450903623297824
"969",48.9,1.59958321720317e-05,6.83818490643051e-05,0.0020088424416975,0.00369110393081676,0.00421763708867273,0.00441552301880147,0.00444438146545743
"970",48.95,1.57657191741795e-05,6.73956977598878e-05,0.00198348664467441,0.00364132986138945,0.00415869573049881,0.00435248657667645,0.00438063468609678
"971",49,1.55388587609939e-05,6.64235243721965e-05,0.00195843308387873,0.00359219695189191,0.0041005499777505,0.00429032856244734,0.00431778349477156
"972",49.05,1.53152059205438e-05,6.54651348388008e-05,0.00193367762498268,0.00354369748733005,0.0040431896253532,0.00422903714139168,0.00425581565388752
"973",49.1,1.50947162477903e-05,6.45203377238623e-05,0.00190921867882539,0.00349582383548868,0.00398660458869856,0.00416860063266062,0.00419471908640172
"974",49.15,1.48773459366714e-05,6.35889441837859e-05,0.00188505214785977,0.00344856817383563,0.0039307849024418,0.00410900750488355,0.00413448187385924
"975",49.2,1.46630517722841e-05,6.2670767933095e-05,0.00186117466486675,0.00340192355501605,0.00387572071929187,0.00405024642819819,0.00407509225443704
"976",49.25,1.44517911231658e-05,6.17656252107999e-05,0.00183758423424042,0.00335588234156682,0.00382140230881241,0.00399230606908683,0.00401653862101336
"977",49.3,1.42435219336704e-05,6.08733347474038e-05,0.00181427488829095,0.00331043756943772,0.00376782005624324,0.00393517537783582,0.00395880951927143
"978",49.35,1.40382027164413e-05,5.99937177319903e-05,0.00179124638996073,0.00326558134666956,0.00371496446130928,0.00387884340371295,0.00390189364580235
"979",49.4,1.38357925449776e-05,5.91265977800884e-05,0.0017684943598391,0.00322130684287007,0.00366282613705917,0.00382329933687466,0.00384577984625175
"980",49.45,1.36362510462939e-05,5.82718009018988e-05,0.00174601592519266,0.0031776069859215,0.00361139580870909,0.00376853250670664,0.00379045711348397
"981",49.5,1.34395383936722e-05,5.74291554704689e-05,0.00172380859440688,0.00313447478097344,0.00356066431246706,0.00371453238015135,0.00373591458573691
"982",49.55,1.32456152995045e-05,5.65984921907842e-05,0.00170186823621528,0.00309190330977559,0.0035106225943965,0.00366128856008494,0.00368214154483035
"983",49.6,1.30544430082251e-05,5.57796440689472e-05,0.00168019245883288,0.00304988550888372,0.00346126170926934,0.00360879078369063,0.00362912741646696
"984",49.65,1.28659832893325e-05,5.49724463820014e-05,0.00165877831619638,0.00300841504859492,0.00341257281944269,0.0035570287060854,0.00357686176071175
"985",49.7,1.26801984304979e-05,5.4176736647841e-05,0.00163762289077927,0.00296748501967828,0.00336454719372563,0.00350599273356585,0.00352533428110169
"986",49.75,1.24970512307615e-05,5.3392354595906e-05,0.00161672329338398,0.00292708880340285,0.00331717620627859,0.00345567280570931,0.00347453481185407
"987",49.8,1.2316504993814e-05,5.26191421375523e-05,0.00159607666291381,0.00288721985420075,0.00327045133547876,0.00340605918145411,0.00342445333388066
"988",49.85,1.21385235213623e-05,5.1856943337761e-05,0.00157568016616873,0.00284787169898317,0.003224364162852,0.00335714224627144,0.00337507995026801
"989",49.9,1.196307110658e-05,5.11056043862462e-05,0.00155553099761324,0.00280903793635941,0.00317890637195473,0.00330891251061022,0.00332640489901273
"990",49.95,1.17901125276396e-05,5.03649735696273e-05,0.00153562637916011,0.00277071224866469,0.00313406974730642,0.00326136060839801,0.00327841854796228
"991",50,1.16196130413267e-05,4.96349012436962e-05,0.00151596380646532,0.00273288836147173,0.00308984617331452,0.00321447729553349,0.00323111139318345
