"speed","original","FromData","r=-0.5","r=0.5","r=1","r=2","r=3"
"1",0,0,0,0,0,0,0,0
"2",0.05,1.72028198866797e-08,1.04749462910956e-08,1.40618767057414e-06,3.58659705889192e-13,6.59835521136004e-18,1.8843547234948e-27,4.7835096109576e-37
"3",0.1,2.00096464032879e-07,1.31081871621312e-07,1.23740062424353e-05,2.01542587915257e-11,1.79128660680958e-15,1.19393769425093e-23,7.07384060339536e-32
"4",0.15,8.34314483853254e-07,5.70346577449803e-07,9.70359153924986e-05,2.105033014525e-10,4.68662440188978e-14,1.9601144782515e-21,7.28718414881709e-29
"5",0.2,2.28561428319876e-06,1.61026087703815e-06,0.000232179775835714,1.10395202216456e-09,4.70512874830925e-13,7.21158960788337e-20,9.82533839184896e-27
"6",0.25,4.97418189867432e-06,3.58698012102467e-06,0.000461673925545749,3.96914292347850e-09,2.79478575706489e-12,1.16913942413907e-18,4.34751518789513e-25
"7",0.3,9.35873318138035e-06,6.87796396045762e-06,0.000804978527248483,1.12394528833365e-08,1.19111414204308e-11,1.12870546731754e-17,9.5074684152919e-24
"8",0.35,1.59251175702074e-05,1.18922718692156e-05,0.00126857301559763,2.69918650345554e-08,4.03708045711362e-11,7.61979182741086e-17,1.27842665578203e-22
"9",0.4,2.51775796947038e-05,1.90628091206437e-05,0.0018439307236156,5.74570157461466e-08,1.15707459597561e-10,3.95912944805526e-16,1.20419007660152e-21
"10",0.45,3.76317959613842e-05,2.88399268887869e-05,0.00284697478328771,1.1154477161388e-07,2.91768522602283e-10,1.68427468474706e-15,8.64259953747972e-21
"11",0.5,5.38091901847469e-05,4.16860318088466e-05,0.00402516151270789,2.01372385609433e-07,6.65035548371099e-10,6.11961784408248e-15,5.00565261024772e-20
"12",0.55,7.42322196038108e-05,5.80709849589925e-05,0.00534743817601568,3.42784496620597e-07,1.39687882985433e-09,1.95711399900311e-14,2.4374204072353e-19
"13",0.6,9.94204247791759e-05,7.84681395494338e-05,0.00738147564093777,5.55856101577172e-07,2.74262320447911e-09,5.63310517498555e-14,1.0284577705349e-18
"14",0.65,0.000129887097541882,0.000103350908509309,0.0090578827420848,8.65371222785115e-07,5.08820821271482e-09,1.48407219755142e-13,3.8477072239025e-18
"15",0.7,0.000166136459604002,0.000133189780141566,0.010970412395112,1.30127136726807e-06,8.99511216228042e-09,3.62609893184627e-13,1.29935995695907e-17
"16",0.75,0.000208661270059189,0.000168449718272848,0.0142391024981394,1.89906906698945e-06,1.52540817919177e-08,8.30274900251082e-13,4.01711645091201e-17
"17",0.8,0.000257940797791749,0.000209587896189318,0.0164428506847574,2.70022282656151e-06,2.49480719159705e-08,1.79657674608277e-12,1.15003517239984e-16
"18",0.85,0.00031443910759523,0.000257051723022726,0.0198769609635351,3.75247071001986e-06,3.95246568623516e-08,3.69906339835305e-12,3.07731437666591e-16
"19",0.9,0.000378603618253046,0.000311277128277224,0.021345857425461,5.11012058775543e-06,6.08780313074867e-08,7.28834438617094e-12,7.756279122941e-16
"20",0.95,0.000450863897995921,0.000372687075583418,0.0226342121117121,6.83429575297113e-06,9.14405753376705e-08,1.38078253001682e-11,1.85339367248113e-15
"21",1,0.000531630668294637,0.000441690280998028,0.0239149645915836,8.9931352159868e-06,1.34283819805352e-07,2.52540283990134e-11,4.22175926447197e-15
"22",1.05,0.000621294991317614,0.000518680114547658,0.0251870658510517,1.16619485045043e-05,1.93228515427151e-07,4.47443758007314e-11,9.21003405939295e-15
"23",1.1,0.000720227619885678,0.000604033666458802,0.0264495755569558,1.49233252473196e-05,2.72963384304992e-07,7.70253238954435e-11,1.93204792819819e-14
"24",1.15,0.000828778491604142,0.000698110961774877,0.0277016493814498,1.88672002055622e-05,3.79172016992853e-07,1.29160390059475e-10,3.9109050149196e-14
"25",1.2,0.000947276351197322,0.000801254308944479,0.0289425282810004,2.35908747460584e-05,5.18667272902812e-07,2.11444850151017e-10,7.66231149672575e-14
"26",1.25,0.00107602848702368,0.000913787769552949,0.030171529354677,2.91989960317949e-05,6.9953244747946e-07,3.38601632782098e-10,1.45688130713475e-13
"27",1.3,0.00121532056939333,0.00103601673772175,0.0313880379913176,3.58034954399781e-05,9.31268386651565e-07,5.31321100898295e-10,2.69458976633712e-13
"28",1.35,0.0013654165797054,0.00116822761886258,0.0325915010781889,4.35234879135707e-05,1.22494565785273e-06,8.18215883157736e-10,4.85815937958776e-13
"29",1.4,0.00152655882061784,0.0013106875984805,0.0337814210912156,5.24851341116808e-05,1.59336082745549e-06,1.23827057302057e-09,8.55399602937563e-13
"30",1.45,0.00169896799849388,0.00146364449259914,0.0349573509230053,6.28214673515854e-05,2.05119584668887e-06,1.84387481646771e-09,1.47335377276824e-12
"31",1.5,0.00188284337026476,0.00162732667215364,0.0361188893327522,7.467218743395e-05,2.61517951177081e-06,2.70453691477187e-09,2.48619258058443e-12
"32",1.55,0.00207836294763175,0.0018019430543799,0.037265676923778,8.81834235160553e-05,3.30424993873223e-06,3.91138342527453e-09,4.11564007026939e-12
"33",1.6,0.00228568375221876,0.00198768315483497,0.0383973925714961,0.00010350746824839,4.13971697878764e-06,5.58255819574127e-09,6.69182104626614e-12
"34",1.65,0.00250494211589483,0.00218471719422597,0.0395137502380868,0.000120802485420378,5.14542349559429e-06,7.8696416610867e-09,1.06988252705755e-11
"35",1.7,0.0027362540210259,0.00239319625471024,0.0406144961209517,0.000140232193373572,6.34790443074639e-06,1.09652179118885e-08,1.683643765987e-11
"36",1.75,0.00297971547589633,0.00261325248076841,0.0416994060907014,0.000161965526437526,7.77654259774163e-06,1.5111722863992e-08,2.61027397555757e-11
"37",1.8,0.00323540292097138,0.00284499932014639,0.0427682833814694,0.000186176276626572,9.46372016676313e-06,2.06117116770799e-08,3.99033569384206e-11
"38",1.85,0.00350337366205869,0.00308853180072313,0.0438209565020965,0.000213042717806767,1.1444964832253e-05,2.78396872567368e-08,6.01943656249015e-11
"39",1.9,0.00378366632677535,0.00334392683948622,0.0448572773414476,0.000242747214502706,1.37590896917093e-05,3.7255634110709e-08,8.96672980831401e-11
"40",1.95,0.00407630134104206,0.00361124358009633,0.0458771194450293,0.000275475817465397,1.64483259067125e-05,4.94204029111096e-08,1.3198630129375e-10
"41",2,0.00438128142261131,0.00389052375579406,0.0468803764433142,0.000311417848066046,1.95584472651775e-05,6.50130907510263e-08,1.92089330500439e-10
"42",2.05,0.00469859208889592,0.00418179207465238,0.0478669606148915,0.000350765473517734,2.31388858165426e-05,8.48505602038812e-08,2.76567295679539e-10
"43",2.1,0.00502820217660008,0.00448505662440808,0.0488368015698318,0.000393713274858566,2.724283780837e-05,1.09909236842153e-07,3.94137335546843e-10
"44",2.15,0.00537006437087082,0.00480030929431674,0.0497898450405769,0.000440457809556954,3.19273592129969e-05,1.41349319812229e-07,5.56228871490852e-10
"45",2.2,0.00572411574188433,0.00512752621167103,0.0507260517692878,0.000491197170523132,3.72534501957982e-05,1.80541533376397e-07,7.77703792349713e-10
"46",2.25,0.00609027828696211,0.0054666681908013,0.0516453964819662,0.00054613054323149,4.32861279417139e-05,2.29096539022392e-07,1.0777350361071e-09
"47",2.3,0.00646845947647722,0.00581768119254601,0.0525478669408497,0.000605457762576753,5.00944873233755e-05,2.88897117824999e-07,1.48087095848209e-09
"48",2.35,0.0068585528019627,0.00618049679233129,0.0534334630675892,0.000669378871003872,5.77517489618948e-05,3.62133221260874e-07,2.0183161991736e-09
"49",2.4,0.00726043832497397,0.00655503265514383,0.0543021961305939,0.000738093679367382,6.63352942996524e-05,4.51339975682208e-07,2.72946325822047e-09
"50",2.45,0.00767398322538551,0.00694119301581357,0.0551540879906801,0.0008118013318915,7.59266873727673e-05,5.59438711219156e-07,3.66371265737763e-09
"51",2.5,0.00809904234792084,0.00733886916314577,0.0559891703998125,0.000890699876517717,8.66116830389e-05,6.89781070092694e-07,4.88262336018794e-09
"52",2.55,0.00853545874582387,0.00774793992655693,0.0568074843482984,0.000974985841842557,9.84802214832415e-05,8.46196232280665e-07,6.46243903096928e-09
"53",2.6,0.00898306422068072,0.00816827216397608,0.0576090794562846,0.00106485382176492,0.000111626408891592,1.03304127830547e-06,8.49703969459434e-09
"54",2.65,0.0094416798574947,0.00859972124987195,0.0583940134058468,0.00116049606888022,0.000126148484244012,1.25525468972881e-06,1.11013723791976e-08
"55",2.7,0.00991111655420278,0.00904213156235983,0.0591623514103356,0.00126210209757779,0.000142148772245312,1.51841296788386e-06,1.44154183426461e-08
"56",2.75,0.0103911755449021,0.00949533696842776,0.0599141657179822,0.00136985829771877,0.000159733622469401,1.82879033059416e-06,1.86087584573021e-08
"57",2.8,0.0108816489161291,0.0099591613064022,0.0606495351470579,0.00148394755969444,0.000179013334852926,2.19342142527264e-06,2.38858022098787e-08
"58",2.85,0.0113823201156009,0.0104334188648498,0.0613685446501468,0.00160454891158964,0.000200102071729645,2.62016697502265e-06,3.04917495151574e-08
"59",2.9,0.0118929644528943,0.0109179148571798,0.0620712849053176,0.0017318371691027,0.000223117756650169,3.1177822523353e-06,3.87193580930605e-08
"60",2.95,0.0124133495915933,0.0114124458912801,0.0627578519321899,0.00186598259880247,0.000248181960282217,3.69598825285892e-06,4.89165924656501e-08
"61",3,0.012943236032494,0.0119168004335784,0.0634283467310696,0.00200715059523467,0.000275419773733985,4.36554541966882e-06,6.14952336407091e-08
"62",3.05,0.0134823775875013,0.0124307592669792,0.0640828749434961,0.0021555013723236,0.000304959669687654,5.13832974665376e-06,7.69405312079503e-08
"63",3.1,0.0140305218439045,0.0129540959421786,0.0647215465326832,0.00231118966945196,0.000336933351771409,6.02741106821804e-06,9.58219818292135e-08
"64",3.15,0.0145874106187557,0.0134865772219122,0.0653444754824745,0.00247436447254068,0.000371475592636441,7.04713332163311e-06,1.18805319902713e-07
"65",3.2,0.0151527804031208,0.0140279635177338,0.065951779513543,0.00264516875039224,0.000408724061240308,8.21319654820941e-06,1.466658074725e-07
"66",3.25,0.0157263627960047,0.0145780093189691,0.0665435798156785,0.00282373920650565,0.000448819139869753,9.54274038014584e-06,1.8030291118902e-07
"67",3.3,0.0163078849277905,0.0151364636135289,0.0671200007950949,0.00301020604651813,0.000491903731464501,1.10544287415851e-05,2.20756454258841e-07
"68",3.35,0.0168970698730629,0.0157030703003019,0.0676811698357797,0.00320469276137816,0.000538123057828848,1.27685354751912e-05,2.69224330808655e-07
"69",3.4,0.0174936370527141,0.0162775685928862,0.0682272170739832,0.00340731592630717,0.000587624449339921,1.47070305895879e-05,3.27081868891719e-07
"70",3.45,0.0180973026252597,0.0168596934144493,0.0687582751850182,0.00361818501556183,0.000640557126780496,1.68936668083661e-05,3.95902926449586e-07
"71",3.5,0.0187077798673153,0.0174491757835364,0.0692744791816001,0.0038374022329663,0.000697071975940143,1.93540660881851e-05,4.77482801879011e-07
"72",3.55,0.0193247795432097,0.0180457431906784,0.0697759662230218,0.0040650623581443,0.000757321315641455,2.21158057618398e-05,5.73863037419157e-07
"73",3.6,0.019948010263729,0.0186491199656764,0.0702628754345048,0.00430125260834266,0.000821458659858097,2.52085039521341e-05,6.87358189349447e-07
"74",3.65,0.0205771788340083,0.0192590276354615,0.070735347736119,0.00454605251570365,0.00088963847459871,2.86639038940376e-05,8.20584633961419e-07
"75",3.7,0.0212119905906046,0.0198751852724576,0.0711935256807073,0.00479953381981017,0.000962015930235149,3.25159567959785e-05,9.76491472432951e-07
"76",3.75,0.0218521497278,0.0204973098333929,0.0716375533002918,0.00506176037529779,0.00103874664995552,3.68009028662752e-05,1.15839359109096e-06
"77",3.8,0.0224973596132017,0.0211251164885233,0.0720675759604726,0.00533278807429945,0.00111998645502185,4.15573501276585e-05,1.37000692610652e-06
"78",3.85,0.023147323092717,0.0217583189412567,0.072483740222368,0.0056126647834627,0.00120589110750931,4.68263506416135e-05,1.61548597343868e-06
"79",3.9,0.0238017427849966,0.0223966297381778,0.0728861937116722,0.00590143029525555,0.00129661605119869,5.26514737648755e-05,1.89946357585102e-06
"80",3.95,0.024460321365448,0.023039760569491,0.0732750849944363,0.00619911629325526,0.00139231615128637,5.9078876062839e-05,2.2270930090957e-06
"81",4,0.0251227618399342,0.0236874225599151,0.0736505634592063,0.00650574633109467,0.00149314543356696,6.61573675088822e-05,2.60409237892852e-06
"82",4.05,0.0257887678082809,0.0243393265500771,0.0740127792051725,0.00682133582472271,0.00159925682373209,7.39384736046254e-05,3.03679132952485e-06
"83",4.1,0.026458043717725,0.0249951833684606,0.0743618829360098,0.00714589205761988,0.00171080188741632,8.24764930639106e-05,3.53218005215862e-06
"84",4.15,0.0271302951064432,0.0256547040939823,0.0746980258591065,0.00747941419859498,0.00182793057160601,9.18285507127528e-05,4.09796057073641e-06
"85",4.2,0.0278052288373091,0.0263176003092773,0.0750213595899023,0.00782189333177713,0.00195079094801129,0.000102054645268637,4.74260026800561e-06
"86",4.25,0.0284825533220306,0.0269835843447814,0.0753320360610664,0.00817331249840582,0.00207952895898339,0.000113217691675208,5.47538760304148e-06
"87",4.3,0.0291619787358281,0.0276523695137142,0.075630207436272,0.00853364675001263,0.00221428816654101,0.000125383557682636,6.30648995703319e-06
"88",4.35,0.0298432172228152,0.0283236703380655,0.0759160260283299,0.00890286321258014,0.00235520950504931,0.000138621094379547,7.24701353050288e-06
"89",4.4,0.030525983092251,0.0289972027657068,0.0761896442214652,0.00928092116125708,0.00250243103807439,0.000153002160399419,8.30906520098369e-06
"90",4.45,0.0312099930058361,0.0296726843787425,0.076451214397527,0.00966777210520365,0.00265608771991402,0.000168601639542582,9.50581623592829e-06
"91",4.5,0.0318949661562249,0.0303498345932342,0.0767008888659406,0.0100633598821368,0.0028163111622828,0.000185497451574372,1.08515677413033e-05
"92",4.55,0.0325806244369343,0.0310283748504287,0.0769388197972153,0.010467620762143,0.0029832294066069,0.000203770555980442,1.2361817712028e-05
"93",4.6,0.0332666926038264,0.0317080287996291,0.0771651591598388,0.0108804835603235,0.00315696670235908,0.000223504948481713,1.40533295362247e-05
"94",4.65,0.0339528984283479,0.0323885224728505,0.0773800586603917,0.0113018697578379,0.00333764329184084,0.000244787650133673,1.59442017912474e-05
"95",4.7,0.0346389728427081,0.0330695844514062,0.0775836696867304,0.0117316936309109,0.00352537520179361,0.000267708688857833,1.80539391557309e-05
"96",4.75,0.0353246500771799,0.0337509460245762,0.0777761432540926,0.0121698623873698,0.00372027404219581,0.000292361073276771,2.04035242485399e-05
"97",4.8,0.0360096677897082,0.0344323413405081,0.0779576299539875,0.0126162763102816,0.00392244681257755,0.000318840758748417,2.30154901925776e-05
"98",4.85,0.0366937671880102,0.0351135075495064,0.0781282799057406,0.0130708289082618,0.00413199571615932,0.00034724660551985,2.59139936890277e-05
"99",4.9,0.0373766931443529,0.0357941849398669,0.078288242710571,0.013533407072032,0.00434901798209596,0.000377680328945784,2.91248883758152e-05
"100",4.95,0.0380581943031916,0.0364741170664144,0.0784376674080827,0.0140038912368063,0.00457360569608159,0.000410246441742063,3.26757982329787e-05
"101",5,0.0387380231818543,0.0371530508719074,0.0785767024350617,0.0144821555500935,0.00480584563954639,0.000445052188269652,3.65961907873042e-05
"102",5.05,0.0394159362644556,0.0378307368014629,0.0787054955864721,0.014968068044506,0.00504581913765109,0.000482207470869844,4.09174498590614e-05
"103",5.1,0.0400916940892211,0.0385069289101724,0.0788241939785524,0.0154614908151744,0.00529360191626033,0.000521824768296422,4.56729475850658e-05
"104",5.15,0.040765061329405,0.0391813849640645,0.0789329440139189,0.015962280201374,0.00554926396805214,0.000564019046315441,5.08981154446356e-05
"105",5.2,0.0414358068679802,0.0398538665345825,0.079031891348584,0.0164702869719745,0.00581286942789608,0.00060890766056767,5.66305140083495e-05
"106",5.25,0.0421037038662795,0.0405241390867307,0.0791211808608069,0.0169853565143338,0.00608447645761016,0.000656610251813048,6.29099011239422e-05
"107",5.3,0.0427685298267641,0.0411919720610628,0.0792009566216934,0.0175073290262666,0.00636413714018292,0.000707248633699946,6.97782982491829e-05
"108",5.35,0.0434300666500952,0.0418571389496645,0.0792713618674699,0.0180360397107224,0.00665189738352474,0.000760946673225134,7.72800546382522e-05
"109",5.4,0.0440881006866812,0.0425194173662959,0.0793325389733563,0.0185713189728211,0.00694779683379102,0.000817830164072704,8.54619090859796e-05
"110",5.45,0.044742422782871,0.0431785891108553,0.0793846294289697,0.0191129926189019,0.00725186879829806,0.000878026693041786,9.43730489333561e-05
"111",5.5,0.0453928283219632,0.0438344402283174,0.0794277738151911,0.0196608820572487,0.00756414017803218,0.00094166549979368,0.000104065166038009
"112",5.55,0.0460391172601964,0.0444867610623112,0.0794621117824329,0.0202148045001677,0.00788463140973271,0.00100887733016902,0.000114592509414851
"113",5.6,0.0466810941578862,0.0451353463034873,0.0794877820302457,0.0207745731671013,0.00821335641750996,0.0010797942833444,0.000126011934254869
"114",5.65,0.0473185682058693,0.0457799950328364,0.0795049222882083,0.0213399974884719,0.00855032257394141,0.00115454965311608,0.000138382947034043
"115",5.7,0.0479513532474141,0.0464205107601065,0.0795136692980444,0.0219108833099602,0.00889553067057048,0.00123327776361513,0.000151767746429615
"116",5.75,0.0485792677957556,0.0470567014574758,0.0795141587969144,0.0224870330969314,0.00924897489771662,0.00131611379977428,0.000166231259767435
"117",5.8,0.0492021350474071,0.0476883795886252,0.0795065255018322,0.0230682461387353,0.00961064283348802,0.00140319363288152,0.000181841174731789
"118",5.85,0.0498197828914007,0.0483153621333672,0.0794909030951597,0.0236543187526119,0.0099805154418734,0.00149465364156891,0.000198667966077981
"119",5.9,0.0504320439146054,0.0489374706079673,0.0794674242111317,0.0242450444869511,0.0103585670797747,0.00159063052859757,0.00021678491709801
"120",5.95,0.0510387554032685,0.0495545310813115,0.0794362204233699,0.0248402143236576,0.010744765512828,0.0016912611338108,0.000236268135600792
"121",6,0.0516397593409237,0.050166374187054,0.0793974222333419,0.0254396168793895,0.0111390719398479,0.00179668224363736,0.000257196564180643
"122",6.05,0.0522349024028052,0.0507728351318911,0.0793511590597272,0.0260430386054426,0.0115414410257176,0.00190703039753543,0.000279651984560991
"123",6.1,0.0528240359469077,0.0513737537000958,0.0792975592286509,0.0266502639860684,0.0119518209425343,0.00202244169177549,0.00030371901581453
"124",6.15,0.0534070160018236,0.0519689742544468,0.0792367499647489,0.02726107573502,0.0123701534188129,0.00214305158096614,0.000329485106276189
"125",6.2,0.0539837032514927,0.0525583457336897,0.0791688573830297,0.0278752549901306,0.0127963737965348,0.00226899467773219,0.000357040518981362
"126",6.25,0.0545539630169915,0.0531417216466591,0.0790940064814992,0.02849258150574,0.0132304110958258,0.00240040455095774,0.000386478310478621
"127",6.3,0.0551176652354887,0.0537189600631834,0.0790123211345166,0.0291128338427945,0.0136721880870333,0.00253741352300967,0.000417894302883773
"128",6.35,0.0556746844364906,0.0542899236019126,0.07892392408685,0.0297357895564529,0.0141216213699696,0.00268015246635806,0.000451387049060304
"129",6.4,0.0562248997154969,0.0548544794151765,0.0788289369484035,0.0303612253810433,0.014578621460079,0.00282875060001009,0.000487057790830133
"130",6.45,0.0567681947051845,0.0554124991710054,0.0787274801895864,0.0309889174122226,0.0150430928812788,0.00298333528617298,0.000525010410137901
"131",6.5,0.0573044575442348,0.0559638590324256,0.0786196731372978,0.0316186412862015,0.015514934265224,0.00314403182755926,0.000565351373111869
"132",6.55,0.0578335808439162,0.0565084396341518,0.0785056339715007,0.0322501723559054,0.0159940384567339,0.003310963265744,0.000608189666984582
"133",6.6,0.0583554616525315,0.0570461260567835,0.0783854797223609,0.0328832858639498,0.0164802926251202,0.00348425018097977,0.000653636729856999
"134",6.65,0.0588700014178371,0.0575768077986181,0.0782593262679268,0.0335177571123197,0.0169735783811498,0.00366401049386879,0.000701806373310327
"135",6.7,0.0593771059475375,0.0581003787451944,0.0781272883323257,0.0341533616286487,0.0174737718993743,0.00385035926928613,0.000752814697890693
"136",6.75,0.0598766853679573,0.0586167371366651,0.0779894794844578,0.0347898753290019,0.0179807440455538,0.00404340852293952,0.00080678000151251
"137",6.8,0.0603686540809886,0.0591257855331088,0.0778460121371628,0.035427074677076,0.0184943605089043,0.00424326703094356,0.000863822680847284
"138",6.85,0.0608529307194101,0.0596274307778763,0.0776969975468423,0.0360647368397361,0.0190144819388934,0.00445004014277646,0.000924065125785235
"139",6.9,0.0613294381006714,0.0601215839590748,0.0775425458135158,0.0367026398388176,0.0195409640863118,0.00466382959797752,0.000987631607077651
"140",6.95,0.0617981031792332,0.0606081603692856,0.0773827658812938,0.0373405626991279,0.0200736579483456,0.00488473334693273,0.00105464815728815
"141",7,0.0622588569975524,0.0610870794636062,0.0772177655392482,0.0379782855925905,0.0206124099173762,0.0051128453760841,0.00112524244520092
"142",7.05,0.0627116346357965,0.0615582648161131,0.0770476514226636,0.0386155899784806,0.0211570619332358,0.00534825553788599,0.00119954364385356
"143",7.1,0.0631563751603723,0.062021644074829,0.076872529014653,0.0392522587397079,0.0217074516386477,0.00559104938581904,0.00127768229238113
"144",7.15,0.0635930215713489,0.0624771489152873,0.0766925026481211,0.0398880763151094,0.0222634125375831,0.00584130801475878,0.00135979015187672
"145",7.2,0.064021520748853,0.0629247149927721,0.0765076755080611,0.0405228288277206,0.0228247741562663,0.00609910790698122,0.00144600005549144
"146",7.25,0.0644418233985147,0.0633642818933216,0.0763181496341685,0.0411563042089998,0.0233913622065678,0.00636452078407451,0.00153644575301441
"147",7.3,0.0648538839960346,0.0637957930835704,0.0761240259237597,0.0417882923189864,0.0239629987515219,0.00663761346500957,0.00163126175018948
"148",7.35,0.0652576607309468,0.0642191958595121,0.0759254041349798,0.0424185850623785,0.0245395023727144,0.00691844773060786,0.0017305831430415
"149",7.4,0.065653115449645,0.0646344412942531,0.0757223828902879,0.0430469765005232,0.0251206883392863,0.00720708019462898,0.00183454544749981
"150",7.45,0.06604021359774,0.0650414841848372,0.0755150596802063,0.0436732629593147,0.025706368778306,0.00750356218168422,0.00194328442462073
"151",7.5,0.0664189241618122,0.0654402829982066,0.075303530867322,0.0442972431330022,0.0262963528462641,0.00780793961216646,0.00205693590172395
"152",7.55,0.0667892196106241,0.0658307998163667,0.0750878916905285,0.0449187181839162,0.0268904469014543,0.008120252894371,0.00217563558977047
"153",7.6,0.0671510758358507,0.0662130002808347,0.0748682362694966,0.045537491838121,0.0274884546770029,0.00844053682396378,0.0022995188973202
"154",7.65,0.0675044720923892,0.0665868535364165,0.0746446576093636,0.0461533704770131,0.0280901774543209,0.0087688204909392,0.00242872074141858
"155",7.7,0.0678493909383025,0.0669523321743913,0.07441724760563,0.0467661632248816,0.0286954142367532,0.0091051271941911,0.00256337535577017
"156",7.75,0.0681858181744523,0.0673094121751602,0.0741860970492539,0.0473756820324568,0.0293039619232086,0.00944947436380523,0.0027036160965658
"157",7.8,0.0685137427838752,0.067658072850411,0.0739512956319338,0.0479817417564741,0.0299156154815569,0.00980187349116456,0.00284957524633687
"158",7.85,0.0688331568709499,0.0679982967848672,0.0737129319515698,0.048584160235283,0.0305301681215896,0.010162330066942,0.00300138381621648
"159",7.9,0.0691440556004087,0.0683300697776655,0.0734710935178939,0.049182758360539,0.0311474114673422,0.0105308435270401,0.00315917134699241
"160",7.95,0.0694464371362366,0.0686533807834253,0.0732258667582626,0.0497773601450125,0.031767135728586,0.010907407206519,0.00332306570934044
"161",8,0.0697403025805058,0.0689682218530508,0.0729773370236009,0.0503677927865586,0.0323891298713019,0.0112920083015406,0.00349319290362962
"162",8.05,0.0700256559121882,0.0692745880743247,0.0727255885944917,0.0509538867282911,0.0330131817869562,0.011684627839339,0.00366967685969309
"163",8.1,0.0703025039259891,0.0695724775123356,0.0724707046874022,0.0515354757150054,0.033639078460403,0.0120852406562136,0.00385263923695817
"164",8.15,0.0705708561712408,0.0698618911497885,0.0722127674610389,0.0521123968459022,0.0342666061362478,0.0124938153835244,0.00404219922532965
"165",8.2,0.0708307248908963,0.0701428328272385,0.0719518580228259,0.0526844906236623,0.0348955504835103,0.0129103144416572,0.00423847334721854
"166",8.25,0.0710821249606594,0.0704153091832963,0.0716880564354982,0.0532516009999251,0.0355256967584321,0.0133346940419073,0.00444157526110578
"167",8.3,0.0713250738282877,0.0706793295948402,0.0714214417238034,0.0538135754172293,0.0361568299652835,0.0137669041962221,0.00465161556702777
"168",8.35,0.0715595914531016,0.0709349061172829,0.0711520918813061,0.0543702648474713,0.0367887350150269,0.0142068887347249,0.00486870161436506
"169",8.4,0.0717857002457323,0.0711820534249163,0.0708800838772885,0.0549215238269422,0.0374211968817052,0.0146545853309311,0.0050929373123111
"170",8.45,0.0720034250081412,0.0714207887513942,0.0706054936637407,0.0554672104880033,0.0380540007564257,0.0151099255345542,0.00532442294339058
"171",8.5,0.0722127928739384,0.0716511318303587,0.0703283961824359,0.0560071865874654,0.0386869321988207,0.0155728348117898,0.00556325498039086
"172",8.55,0.0724138332490311,0.0718731048362704,0.0700488653720843,0.0565413175317322,0.0393197772858701,0.0160432325929485,0.00580952590706043
"173",8.6,0.0726065777526266,0.0720867323254596,0.0697669741755605,0.057069472398777,0.0399523227579794,0.0165210323273035,0.00606332404292058
"174",8.65,0.0727910601586185,0.0722920411774301,0.0694827945471996,0.0575915239570162,0.0405843561622117,0.0170061415450046,0.00632473337252597
"175",8.7,0.0729673163373788,0.0724890605364537,0.0691963974601565,0.0581073486811491,0.0412156659925794,0.0174984619258992,0.00659383337949949
"176",8.75,0.0731353841979793,0.0726778217534743,0.0689078529138245,0.0586168267650304,0.0418460418273085,0.0179978893750956,0.00687069888565548
"177",8.8,0.0732953036308661,0.0728583583283511,0.0686172299413073,0.0591198421316465,0.0424752744629929,0.0185043141050901,0.0071553998955136
"178",8.85,0.0734471164510066,0.0730307058524702,0.0683245966169415,0.0596162824402635,0.0431031560455635,0.0190176207242734,0.00744800144649289
"179",8.9,0.0735908663415298,0.0731949019517477,0.0680300200638641,0.0601060390908188,0.043729480198004,0.0195376883316239,0.00774856346506253
"180",8.95,0.0737265987978789,0.0733509862300383,0.0677335664616217,0.0605890072256247,0.0443540421447473,0.020064390617387,0.00805714062911198
"181",9,0.0738543610724929,0.0734990002129893,0.067435301053817,0.0610650857284586,0.0449766388326991,0.0205975959695343,0.00837378223678952
"182",9.05,0.0739742021200355,0.0736389872923435,0.0671352881557892,0.0615341772211069,0.0455970690488322,0.0211371675857867,0.00869853208204252
"183",9.1,0.0740861725431861,0.0737709926707226,0.0668335911623242,0.0619961880574378,0.0462151335343105,0.0216829635909859,0.00903142833707912
"184",9.15,0.0741903245390078,0.0738950633069039,0.0665302725553912,0.0624510283150717,0.0468306350950983,0.0222348371595872,0.00937250344195449
"185",9.2,0.0742867118459066,0.0740112478616098,0.0662253939119029,0.0628986117847228,0.047443378709022,0.0227926366430453,0.00972178400146963
"186",9.25,0.0743753896911941,0.0741195966438256,0.0659190159114951,0.0633388559572819,0.0480531716292535,0.0233562057018607,0.0100792906895549
"187",9.3,0.0744564147392668,0.0742201615576668,0.0656111983443228,0.0637716820087129,0.0486598234841914,0.0239253834420503,0.0104450381612939
"188",9.35,0.0745298450404123,0.0743129960498008,0.0653020001188711,0.0641970147828321,0.0492631463737192,0.024500004555801,0.0108190349727275
"189",9.4,0.074595739980253,0.0743981550574506,0.0649914792697753,0.0646147827720442,0.0498629549618272,0.0250798994660665,0.0112012835085605
"190",9.45,0.0746541602298376,0.0744756949569741,0.0646796929656504,0.0650249180961017,0.0504590665655864,0.0256648944748618,0.0115917799178788
"191",9.5,0.0747051676963873,0.074545673513055,0.0643666975169249,0.0654273564789607,0.0510513012404704,0.0262548119150109,0.0119905140579653
"192",9.55,0.0747488254747074,0.0746081498284973,0.0640525483836779,0.0658220372238007,0.051639481862023,0.0268494703051002,0.0123974694462899
"193",9.6,0.0747851977992698,0.074663184294641,0.0637373001834764,0.0662089031862778,0.0522234342038754,0.0274486845073916,0.0128126232207294
"194",9.65,0.0748143499969727,0.0747108385424099,0.0634210066992099,0.0665879007460807,0.05280298701212,0.0280522658884482,0.013235946108059
"195",9.7,0.0748363484405853,0.0747511753940012,0.0631037208869211,0.0669589797768543,0.053377972076052,0.0286600224822261,0.0136674024007392
"196",9.75,0.0748512605028812,0.0747842588152213,0.0627854948836297,0.0673220936145621,0.0539482242952947,0.0292717591553858,0.0141069499420065
"197",9.8,0.0748591545114651,0.0748101538684737,0.0624663800151475,0.0676771990243492,0.0545135817433255,0.0298872777745798,0.0145545401192613
"198",9.85,0.0748600997042986,0.074828926666416,0.0621464268038826,0.0680242561659749,0.0550738857274273,0.0305063773754739,0.0150101178657298
"199",9.9,0.0748541661859256,0.0748406443262794,0.0618256849766308,0.068363228557877,0.0556289808450891,0.0311288543332599,0.0154736216703607
"200",9.95,0.0748414248844038,0.0748453749248652,0.0615042034723521,0.0686940830399338,0.0561787150368852,0.0317545025344236,0.0159449835959048
"201",10,0.0748219475089407,0.0748431874542202,0.0611820304499315,0.0690167897349842,0.0567229396358664,0.0323831135495311,0.0164241293051092
"202",10.05,0.0747958065082395,0.0748341517779914,0.0608592132959204,0.0693313220091702,0.0572615094134954,0.0330144768068023,0.016910978094943
"203",10.1,0.0747630750295535,0.0748183385884717,0.0605357986322594,0.0696376564311619,0.0577942826221671,0.0336483797662421,0.0174054429387603
"204",10.15,0.0747238268784514,0.0747958193643337,0.0602118323239788,0.0699357727303242,0.0583211210343523,0.0342846080941046,0.0179074305362895
"205",10.2,0.0746781364792933,0.0747666663290537,0.0598873594868765,0.0702256537538858,0.0588418899784087,0.0349229458374693,0.0184168413713266
"206",10.25,0.0746260788364164,0.0747309524100341,0.0595624244951711,0.0705072854231675,0.0593564583711039,0.0355631755987136,0.0189335697769994
"207",10.3,0.0745677294960323,0.0746887511984162,0.0592370709891295,0.0707806566889271,0.0598646987468986,0.0362050787096685,0.0194575040084524
"208",10.35,0.0745031645088315,0.0746401369095955,0.0589113418826676,0.0710457594858772,0.0603664872840389,0.0368484354052506,0.0199885263227974
"209",10.4,0.0744324603932972,0.0745851843444295,0.0585852793709215,0.0713025886864296,0.0608617038275106,0.03749302499637,0.0205265130661573
"210",10.45,0.0743556940997234,0.0745239688511447,0.0582589249377904,0.0715511420537215,0.0613502319089072,0.0381386260419149,0.0210713347676258
"211",10.5,0.0742729429749382,0.0744565662879419,0.0579323193634473,0.071791420193976,0.0618319587632686,0.0387850165196241,0.0216228562399505
"212",10.55,0.0741842847277273,0.0743830529862973,0.057605502731819,0.0720234265082469,0.0623067753429462,0.0394319739956604,0.0221809366867431
"213",10.6,0.0740897973949565,0.0743035057149567,0.0572785144380319,0.0722471671436002,0.0627745763285531,0.0400792757927053,0.0227454298160065
"214",10.65,0.0739895593083892,0.074218001644624,0.0569513931958243,0.0724626509437803,0.0632352601370584,0.0407266991564019,0.0233161839597636
"215",10.7,0.0738836490621962,0.0741266183133456,0.0566241770449241,0.0726698893994103,0.0636887289270879,0.041374021419978,0.0238930421995647
"216",10.75,0.0737721454811531,0.0740294335925776,0.0562969033583893,0.072868896597772,0.0641348886014914,0.0420210201668875,0.0244758424976416
"217",10.8,0.0736551275895221,0.0739265256539452,0.0559696088499133,0.0730596891722127,0.0645736488072409,0.0426674733913152,0.0250644178334723
"218",10.85,0.0735326745806135,0.073817972936682,0.0556423295810907,0.0732422862512227,0.0650049229327224,0.0433131596563964,0.0256585963455124
"219",10.9,0.0734048657870231,0.0737038541157546,0.0553151009686464,0.0734167094072277,0.0654286281024873,0.0439578582500085,0.0262582014778466
"220",10.95,0.0732717806515387,0.0735842480706598,0.0549879577916236,0.0735829826051391,0.0658446851695281,0.0446013493379992,0.0268630521315055
"221",11,0.073133498698714,0.0734592338548985,0.0546609341985339,0.0737411321507014,0.0662530187051438,0.0452434141147209,0.0274729628201925
"222",11.05,0.0729900995071009,0.0733288906661173,0.054334063714465,0.0738911866386798,0.0666535569864622,0.0458838349507501,0.0280877438301597
"223",11.1,0.0728416626821383,0.073193297816915,0.0540073792481476,0.0740331769009244,0.0670462319816854,0.0465223955376735,0.028707201383969
"224",11.15,0.0726882678296893,0.0730525347063114,0.0536809130989813,0.0741671359543515,0.0674309793331271,0.0471588810298332,0.0293311378078746
"225",11.2,0.0725299945302216,0.0729066807918681,0.0533546969640166,0.0742930989488757,0.0678077383381061,0.0477930781829268,0.0299593517025572
"226",11.25,0.0723669223136266,0.0727558155624652,0.0530287619448949,0.0744111031153323,0.0681764519277667,0.0484247754893649,0.0305916381169431
"227",11.3,0.0721991306346685,0.0726000185117186,0.0527031385547444,0.0745211877134209,0.0685370666438915,0.0490537633102989,0.0312277887248382
"228",11.35,0.0720266988490589,0.0724393691120373,0.0523778567250322,0.0746233939797061,0.0688895326137754,0.0496798340042316,0.0318675920041067
"229",11.4,0.0718497061901512,0.0722739467893221,0.052052945812372,0.0747177650757072,0.0692338035232269,0.0503027820521366,0.0325108334181273
"230",11.45,0.0716682317462452,0.0721038308982816,0.0517284346052866,0.0748043460361074,0.0695698365877656,0.0509224041790142,0.0331572955992557
"231",11.5,0.0714823544384984,0.0719291006983814,0.0514043513309253,0.0748831837171138,0.0698975925220811,0.0515384994718193,0.0338067585340292
"232",11.55,0.0712921529994358,0.0717498353304033,0.0510807236617356,0.074954326744997,0.0702170355078221,0.0521508694937032,0.0344589997498461
"233",11.6,0.0710977059520509,0.0715661137936158,0.0507575787220887,0.0750178254648381,0.0705281331597802,0.0527593183945167,0.0351137945028581
"234",11.65,0.0708990915894924,0.0713780149235534,0.0504349430948591,0.0750737318895106,0.0708308564905359,0.053363653017529,0.0357709159668142
"235",11.7,0.0706963879553271,0.0711856173703843,0.0501128428279569,0.0751220996489237,0.0711251798736306,0.0539636830023212,0.0364301354226001
"236",11.75,0.0704896728243748,0.0709889995778764,0.0497913034408136,0.0751629839395514,0.0714110810053316,0.0545592208838198,0.037091222448218
"237",11.8,0.0702790236841056,0.0707882397629468,0.0494703499308208,0.0751964414742717,0.0716885408650523,0.0551500821874425,0.0377539451089582
"238",11.85,0.0700645177165931,0.0705834158957817,0.0491500067797214,0.075222530432539,0.0719575436744929,0.0557360855203317,0.0384180701475149
"239",11.9,0.0698462317810166,0.0703746056805382,0.0488302979599528,0.0752413104109126,0.0722180768555639,0.0563170526586583,0.039083363173807
"240",11.95,0.0696242423967042,0.0701618865365941,0.0485112469409429,0.0752528423739613,0.0724701309871548,0.0568928086309835,0.0397495888542665
"241",12,0.0693986257267092,0.0699453355803697,0.0481928766953579,0.0752571886055652,0.0727136997608093,0.0574631817976706,0.0404165111003636
"242",12.05,0.0691694575619135,0.0697250296076869,0.0478752097053019,0.0752544126606341,0.0729487799353687,0.0580280039263455,0.0410838932561428
"243",12.1,0.0689368133056485,0.0695010450766766,0.0475582679684683,0.0752445793172605,0.0731753712906414,0.0585871102634066,0.0417514982845503
"244",12.15,0.0687007679588283,0.0692734580912157,0.0472420730042429,0.0752277545293252,0.0733934765801597,0.0591403396015932,0.0424190889523397
"245",12.2,0.0684613961055847,0.0690423443848963,0.0469266458597585,0.0752040053795723,0.0736031014830805,0.0596875343436234,0.0430864280133463
"246",12.25,0.0682187718993997,0.06880777930551,0.0466120071159009,0.0751734000331688,0.0738042545552875,0.0602285405619168,0.0437532783899313
"247",12.3,0.0679729690497249,0.068569837800047,0.0462981768932664,0.0751360076917648,0.0739969471797509,0.0607632080544253,0.0444194033523996
"248",12.35,0.0677240608090818,0.0683285944002011,0.0459851748580707,0.0750918985480679,0.0741811935162003,0.0612913903965931,0.0450845666962045
"249",12.4,0.0674721199606352,0.0680841232083678,0.0456730202280087,0.0750411437409451,0.0743570104501641,0.0618129449894771,0.0457485329167586
"250",12.45,0.0672172188062314,0.0678364978841373,0.0453617317780663,0.0749838153110657,0.0745244175414289,0.0623277331040592,0.0464110673816762
"251",12.5,0.0669594291548943,0.0675857916312662,0.045051327846283,0.074919986157096,0.0746834369719716,0.0628356199217866,0.0470719365002821
"252",12.55,0.066698822311771,0.0673320771851244,0.0447418263394656,0.0748497299924576,0.0748340934934136,0.0633364745713802,0.0477309078902281
"253",12.6,0.0664354690675203,0.0670754268006117,0.0444332447388537,0.0747731213026596,0.0749764143740491,0.0638301701619522,0.048387750541063
"254",12.65,0.0661694396881357,0.0668159122405327,0.0441256001057365,0.0746902353032144,0.0751104293454939,0.064316583812482,0.0490422349746157
"255",12.7,0.0659008039051949,0.0665536047644216,0.0438189090870203,0.0746011478981456,0.075236170549005,0.0647955966776966,0.0496941334020514
"256",12.75,0.0656296309065299,0.0662885751178144,0.0435131879207487,0.0745059356390971,0.0753536724815149,0.0652670939704091,0.0503432198774745
"257",12.8,0.0653559893273085,0.0660208935219578,0.0432084524415729,0.0744046756850507,0.0754629719414282,0.0657309649803692,0.0509892704479548
"258",12.85,0.0650799472415206,0.0657506296639471,0.0429047180861744,0.0742974457626588,0.0755641079742236,0.0661871030896832,0.0516320632998642
"259",12.9,0.0648015721538613,0.065477852687287,0.0426019998986394,0.0741843241271991,0.0756571218179047,0.0666354057848633,0.0522713789014179
"260",12.95,0.0645209309920039,0.0652026311828648,0.0423003125357847,0.0740653895241567,0.0757420568483418,0.0670757746655671,0.0529070001413206
"261",13,0.0642380900992554,0.0649250331803338,0.0419996702724353,0.0739407211514395,0.0758189585245454,0.0675081154500921,0.0535387124634265
"262",13.05,0.0639531152275864,0.0646451261398941,0.0417000870066546,0.0738103986222301,0.0758878743339108,0.0679323379776911,0.054166303997331
"263",13.1,0.063666071531029,0.0643629769444669,0.0414015762649259,0.0736745019284794,0.0759488537374732,0.0683483562077751,0.0547895656848151
"264",13.15,0.0633770235594353,0.0640786518922542,0.0411041512072868,0.0735331114050456,0.0760019481152102,0.0687560882160741,0.0554082914020766
"265",13.2,0.0630860352525884,0.0637922166896755,0.0408078246324158,0.073386307694479,0.0760472107114272,0.0691554561878257,0.0560222780776838
"266",13.25,0.0627931699346602,0.0635037364446734,0.040512608982671,0.0732341717124595,0.0760846965802623,0.069546386408065,0.0566313258061991
"267",13.3,0.0624984903090077,0.0632132756603871,0.0402185163490823,0.0730767846138844,0.0761144625313442,0.0699288092490871,0.0572352379574237
"268",13.35,0.0622020584533015,0.0629208982291774,0.0399255584762955,0.0729142277596099,0.076136567075635,0.0703026591551588,0.0578338212812238
"269",13.4,0.0619039358149792,0.0626266674270012,0.0396337467674703,0.072746582683848,0.076151070371491,0.0706678746245539,0.0584268860079035
"270",13.45,0.0616041832070165,0.0623306459081304,0.0393430922891307,0.0725739310622171,0.076158034170971,0.0710243981889884,0.0590142459440991
"271",13.5,0.0613028608040105,0.0620328957002051,0.0390536057759693,0.072396354680449,0.0761575217664235,0.0713721763905332,0.0595957185641718
"272",13.55,0.0610000281385657,0.0617334781996091,0.0387652976356049,0.0722139354037494,0.0761495979373779,0.0717111597560812,0.0601711250970874
"273",13.6,0.0606957440979797,0.0614324541671767,0.038478177953294,0.0720267551468134,0.0761343288977711,0.0720413027694483,0.0607402906087725
"274",13.65,0.0603900669212182,0.0611298837242029,0.0381922564965961,0.0718348958444932,0.076111782243532,0.072362563841185,0.0613030440799473
"275",13.7,0.0600830541961754,0.0608258263487695,0.0379075427199932,0.0716384394231175,0.0760820269005528,0.0726749052761785,0.0618592184794382
"276",13.75,0.0597747628572124,0.0605203408723648,0.0376240457694635,0.07143746777246,0.0760451330730675,0.0729782932391249,0.0624086508329799
"277",13.8,0.0594652491829661,0.0602134854768017,0.0373417744870102,0.0712320627183555,0.0760011721924639,0.0732726977179492,0.0629511822875223
"278",13.85,0.0591545687944242,0.0599053176914218,0.0370607374151443,0.0710223059959603,0.0759502168665493,0.0735580924852522,0.0634866581710642
"279",13.9,0.0588427766532588,0.0595958943905797,0.0367809428013231,0.0708082792236545,0.0758923408292924,0.0738344550578647,0.0640149280480375
"280",13.95,0.0585299270604117,0.0592852717914015,0.0365023986023435,0.0705900638775827,0.0758276188910597,0.0741017666545855,0.0645358457702743
"281",14,0.0582160736549274,0.0589735054518135,0.036225112488691,0.0703677412668299,0.0757561268893675,0.0743600121521832,0.065049269523592
"282",14.05,0.0579012694130249,0.0586606502688276,0.0359490918488443,0.0701413925092284,0.0756779416401669,0.074609180039739,0.0655550618700384
"283",14.1,0.0575855666474054,0.0583467604770859,0.0356743437935356,0.069911098507792,0.0755931408896784,0.0748492623714079,0.0660530897858377
"284",14.15,0.057269017006787,0.0580318896476555,0.035400875159968,0.0696769399277728,0.0755018032667932,0.0750802547176754,0.0665432246950906
"285",14.2,0.0569516714756622,0.0577160906870598,0.0351286925159877,0.0694389971743364,0.0754040082360571,0.075302156115186,0.0670253424992793
"286",14.25,0.0566335803742728,0.0573994158365539,0.0348578021642148,0.069197350370851,0.07529983605125,0.0755149690152191,0.0674993236026347
"287",14.3,0.0563147933587948,0.0570819166716279,0.0345882101461294,0.0689520793377833,0.0751893677095757,0.0757186992308864,0.0679650529334259
"288",14.35,0.055995359421729,0.0567636441017323,0.0343199222461156,0.0687032635721994,0.0750726849064751,0.0759133558831265,0.0684224199612366
"289",14.4,0.0556753268924917,0.0564446483702293,0.0340529439954632,0.0684509822278623,0.0749498699910737,0.0760989513455677,0.068871318710296
"290",14.45,0.0553547434381995,0.0561249790545499,0.0337872806763262,0.0681953140959214,0.0748210059222751,0.0762755011883322,0.0693116477689327
"291",14.5,0.0550336560646426,0.0558046850665654,0.0335229373256404,0.0679363375861884,0.0746861762255114,0.0764430241208539,0.0697433102952266
"292",14.55,0.0547121111174422,0.0554838146531567,0.033259918738998,0.0676741307089931,0.0745454649501582,0.0766015419337773,0.0701662140189342
"293",14.6,0.0543901542833861,0.0551624153969818,0.0329982294744816,0.0674087710576135,0.0743989566276256,0.0767510794400091,0.0705802712397647
"294",14.65,0.0540678305919378,0.0548405342174348,0.0327378738564567,0.067140335791273,0.0742467362301305,0.0768916644149891,0.0709853988220886
"295",14.7,0.0537451844169124,0.0545182173717905,0.0324788559793227,0.0668689016186992,0.07408888913016,0.077023327536247,0.0713815181861611
"296",14.75,0.0534222594783177,0.0541955104565275,0.0322211797112241,0.0665945447822369,0.0739255010606301,0.0771461023223115,0.071768555295945
"297",14.8,0.053099098844351,0.0538724584088309,0.0319648486977201,0.066317341042509,0.0737566580757476,0.0772600250710347,0.0721464406436198
"298",14.85,0.0527757449335518,0.053549105508262,0.0317098663654155,0.0660373656636183,0.073582446512579,0.0773651347973965,0.0725151092308651
"299",14.9,0.0524522395171002,0.0532254953785922,0.0314562359255501,0.0657546933988831,0.0734029529533317,0.0774614731708486,0.0728745005470066
"300",14.95,0.0521286237212618,0.052901670989801,0.0312039603775494,0.0654693984771002,0.0732182641883511,0.0775490844522598,0.0732245585441184
"301",15,0.0518049380299695,0.0525776746602253,0.0309530425125362,0.0651815545893271,0.0730284671798371,0.077628015430522,0.0735652316091696
"302",15.05,0.0514812222875418,0.0522535480588614,0.030703484916802,0.0648912348761767,0.0728336490262822,0.0776983153588724,0.0738964725333111
"303",15.1,0.0511575157015298,0.0519293322078118,0.030455289975241,0.0645985119156175,0.072633896927634,0.0777600358909908,0.0742182384783946
"304",15.15,0.0508338568456909,0.0516050674848745,0.030208459874744,0.0643034577112715,0.0724292981511829,0.0778132310169242,0.0745304909408184
"305",15.2,0.0505102836630836,0.0512807936262634,0.0299629966075558,0.0640061436812022,0.0722199399981767,0.0778579569988949,0.074833195712795
"306",15.25,0.0501868334692795,0.0509565497294704,0.0297189019745933,0.0637066406471857,0.0720059097711618,0.0778942723070408,0.0751263228411348
"307",15.3,0.0498635429556881,0.0506323742562432,0.029476177588726,0.0634050188244568,0.0717872947420516,0.0779222375551411,0.0754098465836417
"308",15.35,0.0495404481929915,0.0503083050356972,0.0292348248780202,0.0631013478119228,0.0715641821209207,0.0779419154363755,0.0756837453632159
"309",15.4,0.0492175846346826,0.0499843792675364,0.0289948450889448,0.062795696582838,0.0713366590255256,0.0779533706591634,0.0759480017197594
"310",15.45,0.0488949871207055,0.0496606335253963,0.0287562392895411,0.0624881334759292,0.0711048124515472,0.0779566698831313,0.0762026022599775
"311",15.5,0.0485726898811922,0.0493371037602937,0.0285190083725553,0.0621787261869674,0.0708687292435572,0.0779518816552518,0.0764475376051744
"312",15.55,0.0482507265402931,0.0490138253041838,0.0282831530585354,0.0618675417607751,0.0706284960667024,0.0779390763461968,0.0766828023371339
"313",15.6,0.0479291301200967,0.0486908328736176,0.028048673898892,0.0615546465836642,0.0703841993791064,0.0779183260869486,0.076908394942181
"314",15.65,0.0476079330446355,0.0483681605735017,0.0278155712789227,0.0612401063762943,0.0701359254049845,0.0778897047057073,0.0771243177535173
"315",15.7,0.0472871671439742,0.0480458419009482,0.027583845420802,0.060923986186945,0.069883760108468,0.0778532876651344,0.0773305768919221
"316",15.75,0.0469668636583761,0.0477239097492192,0.0273534963865353,0.0606063503851954,0.0696277891681353,0.07780915199997,0.0775271822049116
"317",15.8,0.0466470532425461,0.0474023964117563,0.0271245240808786,0.0602872626560002,0.0693680979522438,0.0777573762550588,0.0777141472044464
"318",15.85,0.0463277659699441,0.0470813335862931,0.0268969282542231,0.0599667859941576,0.0691047714946588,0.0776980404238208,0.0778914890032777
"319",15.9,0.0460090313371685,0.0467607523790501,0.0266707085054457,0.0596449826991601,0.0688378944714751,0.0776312258871987,0.0780592282500196
"320",15.95,0.0456908782684041,0.0464406833090019,0.0264458642847254,0.05932191437042,0.0685675511783241,0.0775570153531139,0.0782173890630373
"321",16,0.0453733351199328,0.0461211563122229,0.0262223948963261,0.0589976419028633,0.0682938255083634,0.0774754927964626,0.0783659989632344
"322",16.05,0.0450564296847035,0.0458022007462963,0.026000299501346,0.0586722254828829,0.0680168009309403,0.0773867433996798,0.0785050888058277
"323",16.1,0.044740189196957,0.0454838453947951,0.025779577120433,0.0583457245846447,0.0677365604709261,0.0772908534938993,0.07863469271119
"324",16.15,0.0444246403369059,0.0451661184718217,0.0255602266364681,0.0580181979667387,0.0674531866887113,0.0771879105007363,0.0787548479948456
"325",16.2,0.0441098092354628,0.0448490476266119,0.0253422467972159,0.057689703669167,0.0671667616608595,0.0770780028747178,0.0788655950966976
"326",16.25,0.0437957214790169,0.0445326599481898,0.0251256362179426,0.0573602990106622,0.0668773669614082,0.0769612200463832,0.0789669775095671
"327",16.3,0.0434824021142552,0.0442169819700836,0.0249103933840014,0.0570300405863279,0.0665850836438138,0.0768376523660801,0.0790590417071215
"328",16.35,0.0431698756530245,0.0439020396750859,0.0246965166533872,0.056698984265595,0.0662899922235311,0.0767073910484738,0.0791418370712683
"329",16.4,0.042858166077234,0.0435878585000665,0.024484004259259,0.0563671851904849,0.0659921726612207,0.0765705281177925,0.0792154158190885
"330",16.45,0.0425472968437929,0.0432744633408276,0.0242728543124306,0.0560346977741743,0.0656917043465765,0.076427156353826,0.0792798329293824
"331",16.5,0.0422372908895835,0.0429618785570027,0.0240630648038315,0.0557015756998521,0.0653886660827651,0.0762773692386957,0.0793351460688985
"332",16.55,0.0419281706364642,0.0426501279769946,0.0238546336069359,0.055367871919864,0.065083136071471,0.0761212609044128,0.0793814155183154
"333",16.6,0.0416199579963034,0.042339234902951,0.0236475584801619,0.055033638655135,0.064775191898537,0.0759589260812393,0.0794187040980434
"334",16.65,0.0413126743760381,0.0420292221157737,0.0234418370692402,0.0546989273948645,0.0644649105201931,0.0757904600468661,0.0794470770939121
"335",16.7,0.0410063406827586,0.0417201118801605,0.023237466909553,0.0543637888964869,0.0641523682498657,0.075615958576422,0.0794666021828069
"336",16.75,0.0407009773288141,0.0414119259496757,0.0230344454284429,0.0540282731858894,0.0638376407455577,0.0754355178933247,0.0794773493583176
"337",16.8,0.0403966042369392,0.0411046855718493,0.0228327699474931,0.0536924295578827,0.0635208029977924,0.0752492346209856,0.0794793908564586
"338",16.85,0.040093240845397,0.0407984114932982,0.0226324376847776,0.053356306576915,0.0632019293181106,0.0750572057353776,0.0794728010815188
"339",16.9,0.039790906113139,0.0404931239648725,0.0224334457570831,0.0530199520780254,0.0628810933281146,0.074859528518475,0.0794576565320983
"340",16.95,0.0394896185249782,0.0401888427468204,0.0222357911821022,0.0526834131680275,0.0625583679490479,0.0746563005125745,0.0794340357273864
"341",17,0.0391893960967731,0.0398855871139714,0.0220394708805979,0.0523467362269186,0.0622338253919036,0.0744476194755026,0.0794020191337328
"342",17.05,0.0388902563806228,0.0395833758609345,0.0218444816785403,0.0520099669095076,0.0619075371480518,0.0742335833367172,0.0793616890915643
"343",17.1,0.0385922164700686,0.0392822273073127,0.0216508203092156,0.0516731501472542,0.061579573980377,0.0740142901543078,0.0793131297426952
"344",17.15,0.0382952930053022,0.0389821593029273,0.0214584834153072,0.0513363301503149,0.0612500059149169,0.073789838072898,0.0792564269580782
"345",17.2,0.0379995021783781,0.0386831892330501,0.0212674675509493,0.0509995504097881,0.0609189022329927,0.073560325282456,0.0791916682660428
"346",17.25,0.0377048597384278,0.038385334023648,0.021077769183754,0.0506628537001525,0.0605863314638234,0.0733258499780131,0.0791189427810626
"347",17.3,0.0374113809968756,0.0380886101466306,0.0208893846968116,0.0503262820818938,0.0602523613776139,0.0730865103202944,0.0790383411330953
"348",17.35,0.0371190808326528,0.037793033625102,0.0207023103906632,0.0499898769043123,0.059917058979107,0.0728424043972612,0.0789499553975335
"349",17.4,0.0368279736974096,0.0374986200386158,0.0205165424852483,0.0496536788085061,0.0595804905015929,0.0725936301865666,0.0788538790258064
"350",17.45,0.0365380736207229,0.0372053845284298,0.020332077121826,0.0493177277305246,0.0592427214013641,0.0723402855189236,0.078750206776667
"351",17.5,0.0362493942152982,0.0369133418027622,0.0201489103648696,0.0489820629046863,0.0589038163526086,0.0720824680423845,0.0786390346482003
"352",17.55,0.0359619486821654,0.0366225061420414,0.0199670382039367,0.0486467228670545,0.0585638392427319,0.0718202751875303,0.0785204598105863
"353",17.6,0.0356757498158646,0.0363328914041543,0.0197864565555134,0.0483117454590664,0.0582228531680977,0.0715538041335673,0.0783945805396468
"354",17.65,0.0353908100096233,0.036044511029689,0.0196071612648333,0.0479771678313104,0.0578809204301805,0.0712831517753292,0.0782614961512086
"355",17.7,0.0351071412605218,0.0357573780471676,0.0194291481076718,0.0476430264474447,0.0575381025321183,0.0710084146911789,0.0781213069363075
"356",17.75,0.0348247551746459,0.0354715050782727,0.0192524127921164,0.0473093570882535,0.057194460175659,0.0707296891118085,0.0779741140972634
"357",17.8,0.0345436629722264,0.0351869043430648,0.0190769509603112,0.0469761948558348,0.0568500532584898,0.070447070889931,0.0778200196846471
"358",17.85,0.0342638754927631,0.0349035876651841,0.018902758190179,0.0466435741779152,0.056504940871942,0.0701606554708596,0.077659126535166
"359",17.9,0.0339854032001325,0.0346215664770434,0.0187298299971178,0.0463115288122858,0.0561591812990614,0.0698705378639678,0.0774915382104868
"360",17.95,0.0337082561876791,0.0343408518250061,0.0185581618356754,0.0459800918513562,0.055812832013036,0.0695768126150256,0.0773173589370172
"361",18,0.0334324441832866,0.0340614543745466,0.0183877491011987,0.0456492957268186,0.055465949675972,0.0692795737794044,0.0771366935466658
"362",18.05,0.0331579765544314,0.033783384415398,0.0182185871314616,0.045319172214421,0.0551185901380104,0.0689789148961427,0.0769496474185954
"363",18.1,0.0328848623132141,0.0335066518666793,0.0180506712082685,0.0449897524388419,0.054770808436774,0.0686749289628673,0.0767563264219871
"364",18.15,0.0326131101213706,0.033231266282004,0.0178839965590362,0.0446610668786633,0.0544226587971378,0.0683677084115598,0.076556836859829
"365",18.2,0.0323427282952596,0.032957236854571,0.0177185583583522,0.0443331453714373,0.0540741946313134,0.0680573450851619,0.0763512854137431
"366",18.25,0.0320737248108274,0.0326845724222321,0.0175543517295117,0.0440060171188418,0.0537254685392392,0.0677439302150099,0.0761397790898603
"367",18.3,0.031806107308548,0.0324132814725382,0.0173913717460319,0.0436797106919211,0.0533765323092693,0.0674275543990898,0.0759224251657579
"368",18.35,0.0315398830983387,0.0321433721477648,0.0172296134331449,0.0433542540364071,0.05302743691915,0.0671083075811041,0.0756993311384639
"369",18.4,0.0312750591644482,0.0318748522499097,0.0170690717692685,0.0430296744781169,0.0526782325372797,0.06678627903034,0.0754706046735395
"370",18.45,0.0310116421703196,0.0316077292456699,0.0169097416874564,0.0427059987284227,0.0523289685242406,0.0664615573223297,0.0752363535552465
"371",18.5,0.0307496384634243,0.0313420102713895,0.0167516180768261,0.0423832528897904,0.0519796934345964,0.0661342303202929,0.0749966856378027
"372",18.55,0.0304890540800688,0.0310777021379839,0.0165946957839667,0.0420614624613831,0.0516304550189471,0.0658043851573502,0.0747517087977338
"373",18.6,0.0302298947501715,0.0308148113358349,0.016438969614326,0.0417406523447241,0.0512813002262346,0.0654721082194986,0.0745015308873211
"374",18.65,0.02997216590201,0.0305533440396591,0.0162844343335765,0.0414208468494184,0.0509322752062883,0.0651374851293359,0.0742462596891512
"375",18.7,0.0297158726669386,0.0302933061133462,0.0161310846689614,0.0411020696989266,0.0505834253126077,0.0648006007305258,0.0739860028717667
"376",18.75,0.029461019884074,0.0300347031147677,0.0159789153106209,0.0407843440363891,0.0502347951053697,0.0644615390729897,0.0737208679464195
"377",18.8,0.0292076121049498,0.0297775403005572,0.0158279209128975,0.0404676924304963,0.0498864283546569,0.0641203833988165,0.0734509622249259
"378",18.85,0.0289556535981388,0.0295218226308588,0.0156780960956228,0.0401521368814021,0.049538368043898,0.0637772161288773,0.0731763927786223
"379",18.9,0.0287051483538427,0.0292675547740424,0.0155294354453843,0.0398376988266768,0.0491906563735133,0.063432118850134,0.0728972663984194
"380",18.95,0.0284561000884479,0.0290147411113901,0.015381933516773,0.0395243991472964,0.0488433347647579,0.0630851723036294,0.0726136895559512
"381",19,0.0282085122490486,0.0287633857417464,0.0152355848336116,0.0392122581736647,0.0484964438637563,0.0627364563731486,0.0723257683658159
"382",19.05,0.0279623880179349,0.0285134924861384,0.0150903838901644,0.0389012956916666,0.048150023545722,0.0623860500745382,0.0720336085489035
"383",19.1,0.0277177303170465,0.0282650648923608,0.0149463251523284,0.038591530948747,0.0478041129193533,0.0620340315456714,0.0717373153968045
"384",19.15,0.0274745418123917,0.0280181062395252,0.0148034030588055,0.0382829826600153,0.047458750331401,0.0616804780370485,0.0714369937372939
"385",19.2,0.0272328249184301,0.0277726195425772,0.0146616120222568,0.0379756690143698,0.0471139733713998,0.0613254659030185,0.0711327479008841
"386",19.25,0.0269925818024205,0.0275286075567782,0.014520946430439,0.0376696076806418,0.0467698188765581,0.0609690705936114,0.0708246816884391
"387",19.3,0.0267538143887315,0.0272860727821479,0.0143814006473225,0.0373648158137544,0.0464263229367987,0.060611366646968,0.0705128983398404
"388",19.35,0.0265165243631165,0.0270450174678761,0.0142429690141919,0.0370613100608952,0.0460835208999458,0.0602524276823557,0.0701975005036991
"389",19.4,0.0262807131769516,0.0268054436166948,0.0141056458507295,0.036759106567699,0.0457414473770505,0.0598923263937574,0.0698785902081021
"390",19.45,0.026046382051436,0.026567352989214,0.0139694254560807,0.0364582209844387,0.0454001362478495,0.0595311345440213,0.0695562688323844
"391",19.5,0.0258135319817554,0.0263307471082203,0.0138343021099031,0.0361586684722217,0.0450596206663518,0.0591689229595603,0.0692306370799162
"392",19.55,0.0255821637412076,0.0260956272629404,0.013700270073398,0.0358604637091895,0.0447199330665464,0.0588057615255879,0.0689017949518948
"393",19.6,0.02535227788529,0.0258619945132628,0.0135673235903254,0.0355636208967179,0.0443811051682261,0.058441719181878,0.0685698417221303
"394",19.65,0.0251238747557499,0.0256298496939258,0.0134354568880029,0.0352681537656162,0.0440431679829218,0.0580768639190383,0.068234875912813
"395",19.7,0.0248969544845949,0.025399193418664,0.0133046641782873,0.0349740755823228,0.0437061518199413,0.0577112627752831,0.0678969952712501
"396",19.75,0.0246715169980664,0.0251700260843184,0.013174939658541,0.0346813991550945,0.0433700862925083,0.0573449818336947,0.0675562967475604
"397",19.8,0.0244475620205735,0.0249423478749068,0.0130462775125816,0.0343901368401889,0.0430350003239949,0.0569780862199608,0.0672128764733147
"398",19.85,0.0242250890785886,0.0247161587656559,0.0129186719116161,0.0341003005480362,0.0427009221542439,0.056610640100577,0.0668668297411063
"399",19.9,0.0240040975045037,0.0244914585269942,0.0127921170151596,0.0338119017494002,0.0423678793459751,0.0562427066815005,0.0665182509850417
"400",19.95,0.0237845864404478,0.0242682467285057,0.0126666069719377,0.0335249514815252,0.0420358987912705,0.0558743482072458,0.066167233762135
"401",20,0.0235665548420653,0.0240465227428439,0.0125421359207748,0.0332394603542672,0.0417050067181347,0.0555056259604085,0.0658138707345943
"402",20.05,0.0233500014822552,0.0238262857496068,0.0124186979914662,0.032955438556209,0.0413752286971241,0.055136600261607,0.0654582536529846
"403",20.1,0.0231349249548708,0.0236075347391724,0.0122962873056359,0.0326728958607555,0.0410465896480421,0.0547673304698299,0.0651004733402538
"404",20.15,0.02292132367838,0.0233902685164944,0.0121748979775794,0.0323918416322089,0.0407191138466942,0.0543978749831777,0.0647406196766062
"405",20.2,0.0227091958994865,0.0231744857048573,0.0120545241150919,0.0321122848318221,0.0403928249316999,0.0540282912399881,0.0643787815852108
"406",20.25,0.0224985396967117,0.0229601847495939,0.0119351598202818,0.0318342340238281,0.0400677459113561,0.053658635720333,0.0640150470187273
"407",20.3,0.0222893529839365,0.0227473639217598,0.0118167991903705,0.0315576973814442,0.0397438991705485,0.0532889639478764,0.0636495029466363
"408",20.35,0.0220816335139044,0.0225360213217703,0.0116994363184775,0.0312826826928507,0.0394213064777069,0.0529193304920825,0.0632822353433587
"409",20.4,0.0218753788816848,0.0223261548829972,0.0115830652943919,0.0310091973671402,0.0390999889917997,0.0525497889707627,0.0629133291771477
"410",20.45,0.0216705865280968,0.022117762375325,0.01146768020533,0.030737248440239,0.0387799672693644,0.052180392052951,0.0625428683997405
"411",20.5,0.0214672537430942,0.0219108414086662,0.0113532751366792,0.0304668425807974,0.0384612612715703,0.0518111914620977,0.0621709359367519
"412",20.55,0.0212653776691105,0.0217053894364391,0.0112398441727286,0.0301979860960482,0.0381438903713091,0.0514422379795695,0.0617976136787963
"413",20.6,0.0210649553043652,0.0215014037590039,0.0111273813973861,0.0299306849376327,0.0378278733603105,0.0510735814484483,0.0614229824733217
"414",20.65,0.0208659835061301,0.0212988815270593,0.0110158808948823,0.0296649447073924,0.0375132284562791,0.0507052707776154,0.0610471221171407
"415",20.7,0.0206684589939578,0.0210978197449995,0.010905336750462,0.0294007706631259,0.0371999733100483,0.0503373539461133,0.0606701113496433
"416",20.75,0.0204723783528696,0.0208982152742308,0.0107957430510618,0.0291381677243088,0.0368881250127503,0.0499698780077749,0.0602920278466751
"417",20.8,0.0202777380365058,0.0207000648364497,0.0106870938859758,0.0288771404777776,0.0365777001029951,0.0496028890961092,0.0599129482150666
"418",20.85,0.0200845343702365,0.0205033650168802,0.0105793833475089,0.0286176931833746,0.0362687145740597,0.0492364324294354,0.0595329479877979
"419",20.9,0.0198927635542334,0.0203081122674726,0.0104726055316168,0.0283598297795541,0.0359611838810808,0.0488705523162552,0.0591521016197834
"420",20.95,0.019702421666504,0.0201143029100615,0.0103667545385347,0.0281035538889489,0.0356551229482506,0.0485052921608537,0.0587704824842607
"421",21,0.0195135046658862,0.0199219331394861,0.0102618244733934,0.0278488688238955,0.0353505461760113,0.0481406944691209,0.0583881628697697
"422",21.05,0.0193260083950053,0.0197309990266704,0.0101578094468235,0.0275957775919181,0.035047467448246,0.0477768008545835,0.0580052139777059
"423",21.1,0.0191399285831928,0.0195414965216636,0.0100547035755482,0.0273442829011706,0.0347459001394633,0.0474136520446388,0.0576217059204328
"424",21.15,0.0189552608493666,0.0193534214566442,0.00995250098296351,0.0270943871658349,0.0344458571219736,0.0470512878869832,0.0572377077199392
"425",21.2,0.0187720007048743,0.0191667695488819,0.00985119579970832,0.0268460925114762,0.0341473507730529,0.0466897473562236,0.0568532873070257
"426",21.25,0.0185901435562974,0.0189815364036635,0.00975078216422168,0.0265994007803534,0.0338503929820936,0.0463290685606674,0.0564685115210067
"427",21.3,0.0184096847082197,0.0187977175171788,0.00965125422328984,0.0263543135366849,0.033554995157738,0.0459692887492795,0.0560834461099114
"428",21.35,0.0182306193659571,0.0186153082793697,0.00955260613258178,0.026110832071869,0.0332611682349947,0.0456104443188006,0.0556981557311726
"429",21.4,0.0180529426382505,0.0184343039767388,0.00945483205717382,0.0258689574096578,0.0329689226823322,0.0452525708210174,0.055312703952785
"430",21.45,0.0178766495399221,0.0182546997951231,0.0093579261720635,0.0256286903112847,0.0326782685087514,0.0448957029701774,0.0549271532549216
"431",21.5,0.0177017349944949,0.0180764908224273,0.00926188266267272,0.0253900312805454,0.0323892152708315,0.044539874650542,0.0545415650319944
"432",21.55,0.017528193836775,0.0178996720513208,0.00916669572534026,0.0251529805688304,0.0321017720797499,0.0441851189240679,0.054155999595142
"433",21.6,0.0173560208153988,0.0177242383818979,0.00907235956780408,0.0249175381801105,0.0318159476082724,0.0438314680382124,0.0537705161751354
"434",21.65,0.0171852105953427,0.0175501846242987,0.00897886840967311,0.0246837038758736,0.0315317500977128,0.0434789534338531,0.053385172925684
"435",21.7,0.0170157577603979,0.0173775055012958,0.00888621648288906,0.0244514771800131,0.0312491873648598,0.043127605753317,0.0530000269271314
"436",21.75,0.0168476568156093,0.0172061956508423,0.00879439803217808,0.0242208573836669,0.0309682668088694,0.0427774548485106,0.0526151341905259
"437",21.8,0.0166809021896785,0.0170362496285841,0.00870340731549262,0.0239918435500075,0.030688995418121,0.0424285297891456,0.0522305496620537
"438",21.85,0.0165154882373325,0.0168676619103357,0.00861323860444345,0.0237644345189829,0.0304113797770365,0.0420808588710529,0.051846327227822
"439",21.9,0.0163514092416565,0.0167004268945204,0.00852388618472209,0.0235386289120067,0.0301354260728597,0.0417344696245797,0.051462519718978
"440",21.95,0.0161886594163926,0.0165345389045735,0.0084353443565137,0.0233144251365994,0.0298611401023946,0.0413893888230614,0.0510791789171535
"441",22,0.0160272329082038,0.0163699921913119,0.00834760743490054,0.0230918213909787,0.0295885272787025,0.0410456424913649,0.0506963555602207
"442",22.05,0.0158671237989038,0.0162067809352668,0.00826066975025621,0.0228708156685997,0.0293175926377553,0.0407032559144953,0.0503140993483483
"443",22.1,0.0157083261076529,0.0160448992489815,0.00817452564863075,0.0226514057626446,0.0290483408450434,0.0403622536462618,0.049932458950346
"444",22.15,0.0155508337931202,0.0158843411792752,0.00808916949212663,0.0224335892704619,0.0287807762021388,0.040022659517996,0.0495514820102846
"445",22.2,0.0153946407556121,0.0157251007094721,0.00800459565926594,0.0222173635979545,0.0285149026532103,0.0396844966473181,0.0491712151543822
"446",22.25,0.0152397408391683,0.0155671717615945,0.00792079854534866,0.0220027259639175,0.0282507237914902,0.0393477874469451,0.0487917039981432
"447",22.3,0.0150861278336237,0.0154105481985254,0.00783777256280237,0.0217896734043247,0.0279882428656924,0.0390125536335362,0.0484129931537395
"448",22.35,0.0149337954766391,0.0152552238261331,0.00775551214152337,0.0215782027765645,0.0277274627863799,0.0386788162365703,0.0480351262376247
"449",22.4,0.0147827374556983,0.0151011923953659,0.00767401172920926,0.0213683107636243,0.0274683861322801,0.0383465956072506,0.0476581458783681
"450",22.45,0.0146329474100738,0.0149484476043114,0.00759326579168336,0.0211599938782251,0.0272110151565493,0.0380159114274317,0.0472820937246995
"451",22.5,0.0144844189327604,0.0147969831002241,0.00751326881321078,0.020953248466904,0.0269553517929834,0.0376867827185647,0.0469070104537547
"452",22.55,0.0143371455723772,0.014646792481519,0.00743401529680639,0.0207480707140464,0.0267013976621738,0.0373592278506555,0.0465329357795102
"453",22.6,0.0141911208350388,0.0144978692997348,0.0073554997645349,0.0205444566458673,0.0264491540776107,0.0370332645512328,0.0461599084613995
"454",22.65,0.0140463381861946,0.0143502070614626,0.00727771675780291,0.0203424021343423,0.0261986220517285,0.0367089099143198,0.0457879663130995
"455",22.7,0.0139027910524382,0.014203799230245,0.00720066083764332,0.0201419029010866,0.0259498023018975,0.0363861804094079,0.0454171462114775
"456",22.75,0.0137604728232865,0.0140586392284422,0.00712432658499198,0.0199429545211856,0.0257026952563568,0.0360650918904267,0.0450474841056916
"457",22.8,0.0136193768529273,0.0139147204390671,0.00704870860095675,0.0197455524269725,0.0254573010600913,0.0357456596047071,0.0446790150264331
"458",22.85,0.0134794964619389,0.0137720362075907,0.00697380150707925,0.0195496919117579,0.0252136195806503,0.035427898201934,0.0443117730953035
"459",22.9,0.0133408249389789,0.0136305798437143,0.00689959994558912,0.0193553681335079,0.0249716504139074,0.0351118217430843,0.0439457915343173
"460",22.95,0.0132033555424437,0.0134903446231142,0.00682609857965102,0.0191625761184727,0.0247313928897624,0.0347974437093477,0.0435811026755211
"461",23,0.0130670815021001,0.013351323789154,0.00675329209360462,0.0189713107647651,0.024492846077783,0.0344847770110261,0.0432177379707231
"462",23.05,0.0129319960206866,0.0132135105545688,0.0066811751931974,0.0187815668458895,0.0242560087927871,0.034173833996409,0.0428557280013221
"463",23.1,0.0127980922754878,0.0130768981031183,0.00660974260581057,0.0185933390142217,0.0240208796003658,0.0338646264606217,0.0424951024882308
"464",23.15,0.0126653634198795,0.0129414795912124,0.00653898908067818,0.0184066218044395,0.0237874568223447,0.0335571656544422,0.0421358903018841
"465",23.2,0.0125338025848467,0.0128072481495062,0.00646890938909938,0.0182214096369034,0.0235557385421856,0.0332514622930865,0.0417781194723256
"466",23.25,0.012403402880474,0.012674196884468,0.00639949832464412,0.0180376968209899,0.0233257226103269,0.0329475265649557,0.0414218171993651
"467",23.3,0.012274157397408,0.0125423188799176,0.00633075070335228,0.0178554775583752,0.0230974066494627,0.0326453681403468,0.0410670098628001
"468",23.35,0.0121460592082937,0.0124116071985372,0.00626266136392629,0.0176747459462714,0.0228707880597611,0.0323449961801198,0.0407137230326943
"469",23.4,0.0120191013691837,0.012282054883355,0.00619522516791747,0.017495495980614,0.0226458640240204,0.0320464193443228,0.0403619814797061
"470",23.45,0.0118932769209213,0.0121536549592003,0.00612843699990604,0.0173177215592025,0.0224226315127641,0.0317496458007702,0.0400118091854619
"471",23.5,0.0117685788904968,0.0120264004341325,0.00606229176767495,0.0171414164847927,0.022201087289274,0.0314546832335723,0.0396632293529662
"472",23.55,0.0116450002923792,0.0119002843008425,0.0059967844023777,0.0169665744681424,0.0219812279145615,0.0311615388516147,0.0393162644170441
"473",23.6,0.0115225341298211,0.0117752995380281,0.00593190985870007,0.0167931891310102,0.0217630497522772,0.030870219396985,0.0389709360548087
"474",23.65,0.0114011733961395,0.0116514391117428,0.00586766311501598,0.0166212540091077,0.0215465489735585,0.0305807311533439,0.0386272651961487
"475",23.7,0.0112809110759706,0.0115286959767187,0.00580403917353763,0.0164507625550054,0.0213317215618153,0.0302930799542411,0.0382852720342309
"476",23.75,0.0111617401465011,0.0114070630776641,0.00574103306045973,0.0162817081409927,0.0211185633174543,0.0300072711913715,0.0379449760360106
"477",23.8,0.0110436535786738,0.011286533350535,0.00567863982609826,0.0161140840618926,0.0209070698625405,0.029723309822772,0.0376063959527468
"478",23.85,0.0109266443383707,0.0111670997237825,0.0056168545450236,0.0159478835378308,0.0206972366453984,0.0294412003809557,0.0372695498305152
"479",23.9,0.0108107053875707,0.0110487551195742,0.00555567231618819,0.01578309971696,0.0204890589451506,0.0291609469809837,0.036934455020716
"480",23.95,0.010695829685485,0.0109314924549925,0.00549508826304883,0.0156197256781401,0.0202825318761952,0.0288825533284711,0.0366011281905695
"481",24,0.0105820101896686,0.0108153046432077,0.00543509753368373,0.0154577544335736,0.0200776503926218,0.0286060227275269,0.0362695853335976
"482",24.05,0.0104692398571092,0.0107001845946273,0.00537569530090418,0.0152971789313971,0.0198744092925665,0.0283313580886266,0.035939841780084
"483",24.1,0.0103575116452934,0.0105861252180224,0.00531687676236133,0.0151379920582304,0.0196728032225059,0.0280585619364156,0.0356119122075115
"484",24.15,0.0102468185132502,0.0104731194216296,0.00525863714064769,0.014980186641681,0.0194728266814899,0.0277876364174419,0.0352858106509702
"485",24.2,0.0101371534225731,0.0103611601142314,0.00520097168339382,0.0148237554528072,0.0192744740253147,0.0275185833078192,0.0349615505135338
"486",24.25,0.0100285093384195,0.010250240206212,0.00514387566336004,0.0146686912085378,0.0190777394706346,0.0272514040208155,0.0346391445765995
"487",24.3,0.009920879230489,0.0101403526105923,0.00508734437852336,0.0145149865740506,0.0188826170990141,0.0269860996143706,0.0343186050101893
"488",24.35,0.00981425607398095,0.0100314902440416,0.00503137315215968,0.0143626341651088,0.0186891008609204,0.0267226707985378,0.0339999433832063
"489",24.4,0.00970863285052995,0.00992364602786858,0.00497595733292133,0.0142116265503567,0.0184971845796563,0.0264611179428513,0.0336831706736463
"490",24.45,0.00960400254912138,0.00981681288898882,0.00492109229491,0.014061956253574,0.0183068619552331,0.0262014410836175,0.0333682972787577
"491",24.5,0.00950035816698629,0.0097109837608727,0.00486677343774519,0.0139136157558902,0.0181181265681858,0.0259436399311302,0.03305533302515
"492",24.55,0.00939769271047606,0.00960615158447174,0.00481299618662826,0.0137665974979586,0.0179309718833285,0.0256877138768077,0.0327442871788456
"493",24.6,0.00929599919591716,0.00950230930912362,0.00475975599240205,0.0136208938820908,0.0177453912534528,0.0254336620002531,0.0324351684552723
"494",24.65,0.00919527065044638,0.00939944989343754,0.00470704833160629,0.0134764972743524,0.0175613779229667,0.0251814830762351,0.0321279850291954
"495",24.7,0.00909550011282655,0.00929756630615833,0.00465486870652873,0.0133334000066189,0.0173789250314779,0.0249311755815906,0.0318227445445846
"496",24.75,0.00899668063424316,0.00919665152701173,0.00460321264525218,0.0131915943785941,0.0171980256173179,0.0246827377020479,0.0315194541244146
"497",24.8,0.00889880527908225,0.00909669854752933,0.00455207570169747,0.0130510726597904,0.0170186726210107,0.0244361673389697,0.0312181203803966
"498",24.85,0.00880186712568957,0.00899770037185378,0.00450145345566241,0.0129118270914707,0.0168408588886849,0.0241914621160163,0.0309187494226389
"499",24.9,0.00870585926711145,0.00889965001752588,0.00445134151285677,0.012773849888554,0.0166645771754293,0.0239486193857282,0.0306213468692331
"500",24.95,0.0086107748118177,0.00880254051625153,0.00440173550493351,0.0126371332414837,0.0164898201485931,0.0237076362360282,0.0303259178557656
"501",25,0.0085166068844065,0.00870636491465117,0.00435263108951609,0.0125016693180598,0.0163165803910315,0.0234685094966422,0.0300324670447511
"502",25.05,0.00842334862629184,0.00861111627499029,0.00430402395022214,0.0123674502652348,0.0161448504042957,0.0232312357454396,0.0297409986349874
"503",25.1,0.0083309931963737,0.00851678767589161,0.00425590979668342,0.0122344682108746,0.0159746226117696,0.0229958113146915,0.0294515163708286
"504",25.15,0.00823953377169099,0.00842337221303019,0.00420828436456222,0.0121027152654833,0.0158058893617517,0.0227622322972487,0.0291640235513756
"505",25.2,0.00814896354805786,0.00833086299981013,0.0041611434155642,0.0119721835238943,0.0156386429304841,0.0225304945526375,0.028878523039583
"506",25.25,0.00805927574068331,0.00823925316802434,0.00411448273744779,0.0118428650669264,0.015472875525129,0.0223005937130745,0.02859501727128
"507",25.3,0.0079704635847745,0.00814853586849767,0.00406829814403011,0.011714751963006,0.0153085792866917,0.0220725251894001,0.0283135082641039
"508",25.35,0.00788252033612402,0.00805870427171206,0.00402258547518971,0.0115878362697564,0.0151457462928929,0.0218462841769308,0.0280339976263458
"509",25.4,0.00779543927168126,0.00796975156841618,0.00397734059686584,0.0114621100355531,0.0149843685609884,0.0216218656612299,0.0277564865657071
"510",25.45,0.00770921369010819,0.00788167097021828,0.00393255940105461,0.0113375653010469,0.0148244380505384,0.0213992644237979,0.0274809758979645
"511",25.5,0.0076238369123198,0.00779445571016323,0.00388823780580201,0.0112141941006549,0.014665946666126,0.0211784750476812,0.0272074660555446
"512",25.55,0.00753930228200928,0.00770809904329295,0.00384437175519373,0.0110919884640191,0.0145088862600261,0.0209594919230007,0.0269359570960048
"513",25.6,0.00745560316615849,0.00762259424719242,0.00380095721934205,0.0109709404174339,0.0143532486348244,0.0207423092524002,0.0266664487104222
"514",25.65,0.00737273295553361,0.00753793462251942,0.00375799019436968,0.0108510419852422,0.014199025545987,0.0205269210564134,0.0263989402316868
"515",25.7,0.00729068506516631,0.00745411349351924,0.00371546670239069,0.0107322851912013,0.0140462087043826,0.0203133211787525,0.0261334306427012
"516",25.75,0.00720945293482086,0.0073711242085252,0.00367338279148858,0.0106146620598182,0.0138947897787556,0.0201015032915161,0.0258699185844843
"517",25.8,0.00712903002944707,0.00728896014044334,0.00363173453569156,0.0104981646176549,0.0137447603981522,0.0198914609003182,0.0256084023641786
"518",25.85,0.00704940983961957,0.00720761468722385,0.00359051803494502,0.0103827848946044,0.0135961121542993,0.0196831873493385,0.0253488799629613
"519",25.9,0.00697058588196346,0.00712708127231758,0.00354972941508138,0.0102685149251379,0.0134488366039373,0.0194766758262936,0.0250913490438589
"520",25.95,0.00689255169956668,0.00704735334511874,0.00350936482778717,0.0101553467495226,0.0133029252711066,0.0192719193673308,0.024835806959463
"521",26,0.00681530086237916,0.00696842438139392,0.00346942045056768,0.0100432724150123,0.0131583696493882,0.0190689108618434,0.0245822507595499
"522",26.05,0.00673882696759917,0.00689028788369746,0.00342989248670892,0.00993228397700875,0.0130151612041008,0.0188676430572094,0.0243306771986015
"523",26.1,0.00666312364004692,0.00681293738177381,0.00339077716523719,0.00982237350019651,0.0128732913744519,0.0186681085634528,0.024081082743228
"524",26.15,0.00658818453252562,0.00673636643294623,0.00335207074087616,0.00971353305965044,0.0127327515756459,0.018470299857829,0.0238334635794926
"525",26.2,0.00651400332617037,0.00666056862249341,0.00331376949400162,0.0096057547419163,0.0125935332009487,0.0182742092893345,0.0235878156201377
"526",26.25,0.00644057373078483,0.00658553756401249,0.00327586973059383,0.00949903064606501,0.0124556276237094,0.0180798290831407,0.0233441345117125
"527",26.3,0.00636788948516616,0.00651126689977035,0.00323836778218765,0.00939335288472105,0.0123190261993396,0.0178871513449534,0.0231024156416023
"528",26.35,0.00629594435741816,0.00643775030104257,0.00320126000582035,0.00928871358506526,0.0121837202672512,0.0176961680652979,0.0228626541449593
"529",26.4,0.00622473214525299,0.00636498146843971,0.00316454278397738,0.00918510488981225,0.0120497011527522,0.0175068711237306,0.0226248449115356
"530",26.45,0.00615424667628163,0.00629295413222292,0.00312821252453581,0.00908251895816318,0.011916960168903,0.0173192522929771,0.0223889825924172
"531",26.5,0.00608448180829322,0.00622166205260665,0.00309226566070585,0.00898094796673393,0.0117854886183312,0.0171333032429987,0.0221550616066608
"532",26.55,0.00601543142952349,0.00615109902005076,0.00305669865097022,0.00888038411045914,0.0116552777950071,0.0169490155449857,0.0219230761478325
"533",26.6,0.00594708945891253,0.0060812588555412,0.00302150797902157,0.00878081960347258,0.0115263189859807,0.0167663806752805,0.0216930201904489
"534",26.65,0.00587944984635204,0.00601213541085968,0.00298669015369791,0.00868224667996414,0.0113986034730788,0.0165853900192298,0.0214648874963219
"535",26.7,0.00581250657292222,0.00594372256884213,0.00295224170891619,0.00858465759501367,0.0112721225345651,0.0164060348749661,0.0212386716208052
"536",26.75,0.00574625365111854,0.00587601424362717,0.00291815920360398,0.00848804462540234,0.0111468674467617,0.0162283064571213,0.0210143659189458
"537",26.8,0.00568068512506852,0.00580900438089362,0.0028844392216293,0.00839240007040148,0.0110228294856341,0.0160521959004696,0.0207919635515387
"538",26.85,0.00561579507073878,0.00574268695808775,0.00285107837172875,0.00829771625253963,0.0108999999283392,0.0158776942635044,0.020571457491086
"539",26.9,0.00555157759613242,0.00567705598464077,0.00281807328743382,0.00820398551834789,0.0107783700547376,0.0157047925319458,0.0203528405276612
"540",26.95,0.00548802684147703,0.00561210550217621,0.0027854206269956,0.00811120023908395,0.0106579311488697,0.0155334816221834,0.0201361052746786
"541",27,0.0054251369794034,0.00554782958470744,0.00275311707330777,0.00801935281143535,0.0105386745003973,0.0153637523846513,0.0199212441745689
"542",27.05,0.00536290221511516,0.00548422233882594,0.002721159333828,0.00792843565820194,0.0104205914060102,0.0151955956071391,0.0197082495043604
"543",27.1,0.00530131678654949,0.00542127790387998,0.00268954414049779,0.00783844122895826,0.0103036731707985,0.015029002018037,0.019497113381169
"544",27.15,0.00524037496452916,0.00535899045214424,0.00265826824966081,0.00774936200069595,0.0101879111095922,0.0148639622895185,0.0192878277675937
"545",27.2,0.00518007105290585,0.00529735418898027,0.00262732844197968,0.00766119047844643,0.0100732965482664,0.0147004670406582,0.0190803844770219
"546",27.25,0.00512039938869521,0.00523636335298818,0.00259672152235138,0.00757391919588458,0.00995982082501501,0.0145385068404882,0.0188747751788429
"547",27.3,0.0050613543422035,0.00517601221614989,0.00256644431982115,0.0074875407159132,0.00984747529159163,0.0143780722109925,0.0186709914035713
"548",27.35,0.00500293031714629,0.00511629508396329,0.00253649368749515,0.00740204763122904,0.00973625131451896,0.0142191536300397,0.0184690245478806
"549",27.4,0.0049451217507591,0.00505720629556861,0.00250686650245167,0.00731743256487046,0.00962614027626714,0.0140617415342562,0.0182688658795476
"550",27.45,0.00488792311390034,0.00499874022386634,0.00247755966565109,0.00723368817074706,0.00951713357640122,0.0139058263218389,0.0180705065423087
"551",27.5,0.00483132891114654,0.00494089127562703,0.00244857010184457,0.00715080713415166,0.0094092226326985,0.0137513983553093,0.0178739375606286
"552",27.55,0.00477533368088019,0.00488365389159362,0.00241989475948149,0.00706878217225493,0.00930239888223615,0.0135984479642097,0.0176791498443822
"553",27.6,0.00471993199537017,0.0048270225465756,0.00239153061061577,0.00698760603458294,0.00919665378244939,0.0134469654477413,0.0174861341934506
"554",27.65,0.00466511846084505,0.0047709917495358,0.00236347465081091,0.00690727150347788,0.00909197881216101,0.013296941077346,0.0172948813022314
"555",27.7,0.00461088771755937,0.00471555604366991,0.00233572389904408,0.00682777139454241,0.00898836547258246,0.0131483650992317,0.0171053817640655
"556",27.75,0.00455723443985293,0.00466071000647851,0.00230827539760889,0.00674909855706772,0.00888580528828696,0.0130012277368426,0.016917626075579
"557",27.8,0.00450415333620345,0.00460644824983207,0.00228112621201736,0.00667124587444581,0.00878428980815527,0.0128555191932749,0.0167316046409436
"558",27.85,0.00445163914927256,0.00455276542002913,0.00225427343090065,0.00659420626456609,0.0086838106062944,0.0127112296536384,0.0165473077760542
"559",27.9,0.00439968665594532,0.0044996561978475,0.00222771416590896,0.00651797268019669,0.0085843592829297,0.0125683492873651,0.0163647257126255
"560",27.95,0.00434829066736343,0.00444711529858876,0.00220144555161034,0.00644253810935084,0.00848592746527098,0.0124268682504654,0.0161838486022084
"561",28,0.00429744602895221,0.00439513747211645,0.0021754647453887,0.00636789557563825,0.00838850680835277,0.0122867766877323,0.0160046665201274
"562",28.05,0.00424714762044152,0.00434371750288759,0.00214976892734077,0.00629403813860225,0.00829208899584935,0.0121480647348947,0.0158271694693385
"563",28.1,0.00419739035588077,0.00429285020997807,0.00212435530017241,0.00622095889404266,0.00819666574086517,0.012010722520721,0.0156513473842107
"564",28.15,0.00414816918364811,0.00424253044710199,0.00209922108909383,0.00614865097432462,0.00810222878670052,0.011874740169072,0.0154771901342291
"565",28.2,0.0040994790864539,0.00419275310262499,0.00207436354171423,0.00607710754867387,0.00800876990759354,0.0117401078009059,0.015304687527624
"566",28.25,0.0040513150813387,0.00414351309957141,0.00204977992793548,0.00600632182345856,0.00791628090943843,0.011606815536235,0.015133829314923
"567",28.3,0.00400367221966575,0.00409480539562632,0.00202546753984522,0.00593628704245788,0.00782475363048065,0.011474853496034,0.0149646051924306
"568",28.35,0.00395654558710823,0.00404662498313129,0.00200142369160911,0.00586699648711786,0.00773417994198932,0.011344211804103,0.0147970048056336
"569",28.4,0.00390993030363123,0.00399896688907525,0.00197764571936243,0.00579844347679448,0.00764455174890726,0.0112148805888835,0.0146310177525347
"570",28.45,0.00386382152346873,0.00395182617507959,0.00195413098110106,0.00573062136898439,0.00755586099047911,0.0110868499852289,0.0144666335869139
"571",28.5,0.00381821443509561,0.00390519793737827,0.00193087685657172,0.00566352355954346,0.00746809964085796,0.0109601101361315,0.0143038418215207
"572",28.55,0.0037731042611948,0.0038590773067926,0.00190788074716175,0.00559714348289347,0.00738125970969065,0.0108346511944038,0.0141426319311951
"573",28.6,0.0037284862586197,0.00381345944870146,0.00188514007578812,0.00553147461221707,0.00729533324268249,0.0107104633243178,0.0139829933559211
"574",28.65,0.00368435571835204,0.00376833956300595,0.00186265228678607,0.0054665104596414,0.0072103123221415,0.0105875367032014,0.0138249155038119
"575",28.7,0.00364070796545518,0.00372371288409005,0.00184041484579706,0.00540224457641037,0.00712618906750259,0.0104658615229925,0.013668387754028
"576",28.75,0.00359753835902307,0.00367957468077607,0.00181842523965629,0.00533867055304612,0.00704295563583221,0.0103454279917521,0.0135133994596297
"577",28.8,0.00355484229212483,0.0036359202562758,0.00179668097627975,0.00527578201949963,0.00696060422231363,0.0102262263351364,0.0133599399503642
"578",28.85,0.00351261519174527,0.00359274494813714,0.00177517958455075,0.00521357264529085,0.00687912706071337,0.0101082467978297,0.0132079985353889
"579",28.9,0.00347085251872127,0.00355004412818668,0.00175391861420608,0.00515203613963859,0.00679851642382907,0.00999147964493712,0.0130575645059307
"580",28.95,0.00342954976767416,0.00350781320246757,0.00173289563572166,0.00509116625158021,0.00671876462391913,0.00987591516333919,0.0129086271378835
"581",29,0.00338870246693824,0.00346604761117381,0.00171210824019795,0.00503095677008154,0.00663986401311458,0.00976154366300818,0.0127611756943442
"582",29.05,0.00334830617848558,0.00342474282858032,0.00169155403924482,0.00497140152413713,0.0065618069838134,0.00964835547828712,0.0126151994280874
"583",29.1,0.00330835649784708,0.00338389436296883,0.00167123066486623,0.00491249438286104,0.00648458596905772,0.00953634096913207,0.0124706875839814
"584",29.15,0.00326884905402992,0.00334349775655064,0.00165113576934446,0.0048542292555684,0.00640819344289417,0.00942549052231821,0.0123276294013443
"585",29.2,0.00322977950943165,0.00330354858538496,0.00163126702512415,0.00479660009184796,0.00633262192071779,0.00931579455261049,0.0121860141162433
"586",29.25,0.00319114355975071,0.00326404245929416,0.00161162212469596,0.00473960088162572,0.00625786395959981,0.00920724350389924,0.0120458309637354
"587",29.3,0.00315293693389379,0.00322497502177526,0.00159219878048001,0.00468322565522007,0.00618391215859951,0.00909982785030167,0.0119070691800538
"588",29.35,0.00311515539387989,0.00318634194990812,0.00157299472470916,0.00462746848338834,0.00611075915906068,0.00899353809722951,0.011769718004737
"589",29.4,0.00307779473474131,0.00314813895426019,0.00155400770931188,0.0045723234773652,0.00603839764489288,0.00888836478242371,0.0116337666827048
"590",29.45,0.00304085078442155,0.00311036177878826,0.00153523550579514,0.00451778478889296,0.00596682034283774,0.00878429847695653,0.0114992044662802
"591",29.5,0.00300431940367031,0.00307300620073681,0.00151667590512696,0.00446384661024395,0.00589602002272082,0.00868132978620172,0.0113660206171586
"592",29.55,0.00296819648593556,0.00303606803053334,0.00149832671761886,0.00441050317423531,0.00582598949768912,0.00857944935077339,0.0112342044083248
"593",29.6,0.00293247795725288,0.00299954311168113,0.00148018577280816,0.0043577487542362,0.00575672162443466,0.00847864784743419,0.0111037451259193
"594",29.65,0.00289715977613208,0.00296342732064847,0.00146225091934018,0.00430557766416762,0.00568820930340442,0.0083789159899731,0.0109746320710544
"595",29.7,0.00286223793344116,0.00292771656675569,0.00144452002485027,0.00425398425849523,0.00562044547899683,0.0082802445300537,0.0108468545615803
"596",29.75,0.0028277084522878,0.00289240679205902,0.00142699097584585,0.004202962932215,0.0055534231397453,0.0081826242580334,0.0107204019338032
"597",29.8,0.00279356738789828,0.00285749397123225,0.00140966167758823,0.00415250812083215,0.0054871353184888,0.00808604600375398,0.0105952635441556
"598",29.85,0.0027598108274941,0.00282297411144546,0.00139253005397457,0.00410261430033346,0.00542157509253008,0.00799050063730425,0.010471428770819
"599",29.9,0.00272643489016627,0.00278884325224154,0.00137559404741961,0.00405327598715296,0.00535673558378147,0.00789597906975518,0.0103488870153013
"600",29.95,0.00269343572674728,0.00275509746541009,0.00135885161873751,0.00400448773813143,0.00529260995889887,0.00780247225386812,0.0102276277039682
"601",30,0.002660809519681,0.00272173285485927,0.00134230074702363,0.00395624415046966,0.00522919142940389,0.00770997118477656,0.0101076402895302
"602",30.05,0.00262855248289041,0.00268874555648517,0.00132593942953633,0.00390853986167573,0.00516647325179469,0.00761846690064208,0.0099889142524858
"603",30.1,0.00259666086164334,0.00265613173803915,0.00130976568157881,0.00386136954950639,0.00510444872764547,0.00752795048328476,0.00987143910252184
"604",30.15,0.00256513093241624,0.00262388759899298,0.00129377753638095,0.00381472793190282,0.00504311120369521,0.00743841305878884,0.00975520437987123
"605",30.2,0.00253395900275604,0.00259200937040205,0.00127797304498126,0.00376860976692071,0.00498245407192554,0.00734984579808389,0.00964019965662936
"606",30.25,0.00250314141114019,0.00256049331476654,0.00126235027610886,0.00372300985265503,0.00492247076962839,0.00726223991750211,0.00952641453802979
"607",30.3,0.00247267452683496,0.00252933572589076,0.00124690731606556,0.00367792302715949,0.00486315477946324,0.00717558667931224,0.00941383866367984
"608",30.35,0.00244255474975201,0.00249853292874065,0.00123164226860805,0.00363334416836091,0.00480449962950462,0.0070898773922304,0.00930246170875692
"609",30.4,0.00241277851030335,0.00246808127929948,0.00121655325483019,0.00358926819396852,0.00474649889327977,0.00700510341190864,0.00919227338516633
"610",30.45,0.00238334226925469,0.0024379771644219,0.00120163841304539,0.00354569006137853,0.0046891461897969,0.00692125614140132,0.00908326344266112
"611",30.5,0.00235424251757736,0.00240821700168634,0.00118689589866922,0.00350260476757389,0.00463243518356409,0.00683832703160999,0.00897542166992498
"612",30.55,0.00232547577629863,0.00237879723924591,0.00117232388410208,0.0034600073490195,0.00457635958459936,0.00675630758170721,0.00886873789561858
"613",30.6,0.0022970385963508,0.00234971435567762,0.00115792055861209,0.003417892881553,0.00452091314843178,0.00667518933953964,0.00876320198939027
"614",30.65,0.00226892755841883,0.00232096485983038,0.00114368412821814,0.00337625648027118,0.00446608967609402,0.00659496390201098,0.00865880386285162
"615",30.7,0.00224113927278676,0.00229254529067148,0.00112961281557311,0.00333509329941223,0.00441188301410662,0.00651562291544507,0.00855553347051873
"616",30.75,0.00221367037918284,0.00226445221713166,0.00111570485984734,0.00329439853223391,0.00435828705445403,0.0064371580759297,0.00845338081071976
"617",30.8,0.00218651754662356,0.00223668223794914,0.00110195851661223,0.00325416741088775,0.00430529573455273,0.00635956112964138,0.00835233592646943
"618",30.85,0.00215967747325646,0.0022092319815122,0.0010883720577242,0.00321439520628943,0.00425290303721156,0.0062828238731517,0.00825238890631118
"619",30.9,0.00213314688620202,0.00218209810570081,0.00107494377120871,0.00317507722798542,0.00420110299058463,0.00620693815371551,0.00815352988512757
"620",30.95,0.00210692254139435,0.00215527729772685,0.00106167196114467,0.00313620882401609,0.00414988966811673,0.00613189586954141,0.00805574904491958
"621",31,0.00208100122342108,0.0021287662739737,0.00104855494754907,0.0030977853807752,0.00409925718848172,0.00605768897004492,0.00795903661555548
"622",31.05,0.00205537974536223,0.00210256177983433,0.00103559106626178,0.00305980232286615,0.00404919971551385,0.0059843094560847,0.00786338287548977
"623",31.1,0.00203005494862824,0.00207666058954888,0.0010227786688308,0.00302225511295487,0.00399971145813243,0.00591174938018234,0.00776877815245302
"624",31.15,0.00200502370279718,0.00205105950604105,0.00101011612239765,0.00298513925161956,0.00395078667025981,0.00584000084672583,0.00767521282411292
"625",31.2,0.00198028290545116,0.00202575536075377,0.000997601809583096,0.00294845027719739,0.00390241965073301,0.00576905601215733,0.00758267731870743
"626",31.25,0.00195582948201208,0.00200074501348397,0.000985234128373255,0.00291218376562828,0.00385460474320909,0.00569890708514554,0.00749116211565042
"627",31.3,0.00193166038557657,0.00197602535221662,0.000973011492005898,0.0028763353302957,0.00380733633606449,0.00562954632674297,0.00740065774611043
"628",31.35,0.00190777259675042,0.00195159329295813,0.00096093232885716,0.00284090062186488,0.00376060886228848,0.0055609660505285,0.00731115479356322
"629",31.4,0.00188416312348231,0.00192744577956895,0.000948995082328556,0.00280587532811821,0.00371441679937094,0.00549315862273565,0.0072226438943185
"630",31.45,0.00186082900089704,0.00190357978359564,0.000937198210734329,0.00277125517378821,0.00366875466918448,0.00542611646236672,0.0071351157380215
"631",31.5,0.00183776729112818,0.00187999230410229,0.000925540187189166,0.0027370359203879,0.00362361703786131,0.00535983204129341,0.00704856106812999
"632",31.55,0.00181497508315033,0.0018566803675014,0.000914019499496258,0.00270321336603889,0.0035789985156648,0.00529429788434397,0.00696297068236708
"633",31.6,0.00179244949261084,0.00183364102738429,0.000902634650035727,0.00266978334529716,0.00353489375685601,0.0052295065693774,0.00687833543315061
"634",31.65,0.00177018766166123,0.00181087136435111,0.000891384155653443,0.00263674172897659,0.00349129745955532,0.00516545072734503,0.00679464622799943
"635",31.7,0.00174818675878816,0.00178836848584018,0.000880266547550188,0.00260408442397045,0.00344820436559921,0.00510212304233957,0.00671189402991711
"636",31.75,0.0017264439786441,0.00176612952595731,0.00086928037117124,0.00257180737307081,0.00340560926039257,0.00503951625163223,0.0066300698577538
"637",31.8,0.00170495654187775,0.00174415164530438,0.00085842418609634,0.00253990655478602,0.00336350697275643,0.00497762314569803,0.00654916478654641
"638",31.85,0.00168372169496416,0.00172243203080798,0.000847696565930051,0.00250837798315633,0.00332189237477139,0.00491643656822973,0.00646916994783788
"639",31.9,0.00166273671003462,0.00170096789554747,0.000837096098192544,0.00247721770756773,0.0032807603816169,0.00485594941614048,0.00639007652997591
"640",31.95,0.00164199888470642,0.00167975647858305,0.000826621384210788,0.00244642181256403,0.00324010595140649,0.00479615463955572,0.00631187577839161
"641",32,0.00162150554191237,0.00165879504478336,0.000816271039010158,0.00241598641765744,0.00319992408501901,0.00473704524179448,0.00623455899585857
"642",32.05,0.00160125402973029,0.0016380808846532,0.000806043691206478,0.00238590767713744,0.00316020982592622,0.0046786142793403,0.00615811754273282
"643",32.1,0.00158124172121233,0.00161761131416092,0.000795937982898504,0.00235618177987827,0.0031209582600166,0.00462085486180228,0.00608254283717414
"644",32.15,0.00156146601421429,0.00159738367456568,0.000785952569560821,0.00232680494914496,0.00308216451541574,0.00456376015186618,0.00600782635534909
"645",32.2,0.00154192433122485,0.00157739533224481,0.000776086119937212,0.00229777344239809,0.00304382376230327,0.00450732336523627,0.00593395963161634
"646",32.25,0.00152261411919486,0.001557643678521,0.00076633731593447,0.0022690835510972,0.00300593121272658,0.00445153777056779,0.00586093425869464
"647",32.3,0.00150353284936659,0.00153812612948946,0.000756704852516648,0.00224073160050303,0.00296848212041126,0.00439639668939042,0.00578874188781376
"648",32.35,0.00148467801710313,0.00151884012584522,0.000747187437599802,0.00221271394947865,0.00293147178056869,0.00434189349602327,0.00571737422884916
"649",32.4,0.00146604714171776,0.00149978313271029,0.000737783791947161,0.00218502699028947,0.00289489552970049,0.00428802161748106,0.00564682305044027
"650",32.45,0.00144763776630351,0.0014809526394611,0.000728492649064805,0.00215766714840229,0.00285874874540036,0.00423477453337242,0.00557708018009335
"651",32.5,0.00142944745756282,0.00146234615955587,0.000719312755097794,0.0021306308822834,0.00282302684615309,0.00418214577578996,0.00550813750426897
"652",32.55,0.00141147380563738,0.00144396123036223,0.000710242868726775,0.00210391468319573,0.00278772529113104,0.00413012892919268,0.00543998696845445
"653",32.6,0.00139371442393814,0.0014257954129849,0.000701281761065097,0.00207751507499528,0.00275283957998812,0.00407871763028091,0.00537262057722208
"654",32.65,0.00137616694897554,0.00140784629209359,0.000692428215556384,0.00205142861392669,0.00271836525265138,0.00402790556786385,0.00530603039427291
"655",32.7,0.00135882904018993,0.00139011147575114,0.000683681027872617,0.00202565188841813,0.00268429788911032,0.00397768648272012,0.005240208542467
"656",32.75,0.00134169837978237,0.00137258859524182,0.000675039005812711,0.00200018151887561,0.00265063310920406,0.00392805416745143,0.00517514720384012
"657",32.8,0.00132477267254552,0.00135527530489989,0.000666500969201583,0.0019750141574765,0.00261736657240636,0.00387900246632955,0.00511083861960746
"658",32.85,0.001308049645695,0.00133816928193856,0.000658065749789732,0.00195014648796277,0.00258449397760873,0.00383052527513694,0.0050472750901547
"659",32.9,0.00129152704870099,0.00132126822627899,0.000649732191153319,0.00192557522543346,0.00255201106290161,0.0037826165410011,0.00498444897501663
"660",32.95,0.00127520265312015,0.00130456986037989,0.000641499148594759,0.00190129711613689,0.00251991360535368,0.00373527026222287,0.00492235269284384
"661",33,0.00125907425242799,0.00128807192906728,0.000633365489043827,0.00187730893726242,0.00248819742078964,0.00368848048809894,0.0048609787213577
"662",33.05,0.00124313966185156,0.00127177219936467,0.000625330090959278,0.00185360749673185,0.00245685836356614,0.00364224131873865,0.00480031959729402
"663",33.1,0.00122739671820251,0.00125566846032363,0.000617391844230982,0.00183018963299051,0.00242589232634638,0.00359654690487549,0.00474036791633564
"664",33.15,0.00121184327971065,0.0012397585228547,0.00060954965008259,0.00180705221479814,0.00239529523987309,0.0035513914476731,0.00468111633303431
"665",33.2,0.0011964772258579,0.0012240402195588,0.000601802420974711,0.00178419214101949,0.00236506307274024,0.00350676919852637,0.00462255756072218
"666",33.25,0.0011812964572127,0.00120851140455907,0.000594149080508628,0.00176160634041488,0.00233519183116341,0.00346267445885764,0.00456468437141325
"667",33.3,0.00116629889526491,0.0011931699533331,0.000586588563330532,0.00173929177143044,0.00230567755874899,0.00341910157990797,0.00450748959569481
"668",33.35,0.00115148248226114,0.00117801376254564,0.000579119815036299,0.00171724542198851,0.00227651633626215,0.0033760449625241,0.00445096612260965
"669",33.4,0.00113684518104068,0.00116304074988192,0.00057174179207678,0.00169546430927775,0.00224770428139388,0.00333349905694078,0.00439510689952872
"670",33.45,0.00112238497487191,0.00114824885388134,0.000564453461663651,0.00167394547954346,0.00221923754852692,0.00329145836255909,0.00433990493201517
"671",33.5,0.00110809986728915,0.00113363603377172,0.000557253801675783,0.00165268600787783,0.00219111232850082,0.00324991742772051,0.00428535328367941
"672",33.55,0.00109398788193027,0.00111920026930414,0.000550141800566154,0.00163168299801027,0.00216332484837618,0.00320887084947714,0.00423144507602599
"673",33.6,0.00108004706237463,0.00110493956058829,0.000543116457269305,0.00161093358209787,0.00213587137119807,0.0031683132733582,0.00417817348829219
"674",33.65,0.00106627547198179,0.00109085192792837,0.000536176781109331,0.00159043492051603,0.00210874819575871,0.00312823939313282,0.00412553175727878
"675",33.7,0.00105267119373069,0.00107693541165961,0.000529321791708424,0.00157018420164922,0.00208195165635959,0.00308864395056948,0.00407351317717318
"676",33.75,0.0010392323300595,0.00106318807198542,0.000522550518895959,0.00155017864168204,0.00205547812257293,0.00304952173519204,0.00402211109936519
"677",33.8,0.00102595700270604,0.00104960798881506,0.000515862002618111,0.00153041548439041,0.00202932399900259,0.00301086758403262,0.00397131893225554
"678",33.85,0.00101284335254891,0.00103619326160197,0.000509255292848045,0.00151089200093318,0.00200348572504466,0.00297267638138146,0.00392113014105767
"679",33.9,0.00099988953944914,0.0010229420091828,0.000502729449496633,0.00149160548964393,0.00197795977464745,0.00293494305853381,0.00387153824759269
"680",33.95,0.000987093742092618,0.00100985236961697,0.000496283542323724,0.00147255327582322,0.00195274265607129,0.00289766259353413,0.003822536830078
"681",34,0.000974454157833099,0.000996922500027029,0.000489916650849975,0.00145373271153114,0.00192783091164797,0.00286083001091756,0.00377411952290966
"682",34.05,0.000961969002535916,0.000984150576439527,0.000483627864269215,0.00143514117538028,0.00190322111753991,0.00282444038144894,0.00372628001643874
"683",34.1,0.000949636510422392,0.000971534793626723,0.000477416281361374,0.00141677607232919,0.00187890988349928,0.00278848882185935,0.00367901205674195
"684",34.15,0.000937454933914918,0.000959073364948855,0.00047128101040596,0.0013986348334762,0.00185489385262681,0.00275297049458047,0.00363230944538663
"685",34.2,0.000925422543482752,0.000946764522197214,0.000465221169096078,0.00138071491585378,0.00183116970113065,0.00271788060747669,0.00358616603919038
"686",34.25,0.000913537627488542,0.000934606515437874,0.000459235884453024,0.00136301380222347,0.00180773413808516,0.00268321441357522,0.00354057574997561
"687",34.3,0.00090179849203554,0.000922597612856159,0.000453324292741403,0.00134552900087118,0.0017845839051897,0.00264896721079428,0.00349553254431899
"688",34.35,0.000890203460815586,0.000910736100601835,0.000447485539384825,0.00132825804540327,0.00176171577652751,0.0026151343416694,0.00345103044329623
"689",34.4,0.0008787508749578,0.00089902028263505,0.000441718778882141,0.00131119849454301,0.00173912655832468,0.00258171119307812,0.0034070635222222
"690",34.45,0.000867439092878037,0.000887448480573014,0.00043602317472423,0.00129434793192777,0.00171681308870929,0.00254869319596291,0.00336362591038671
"691",34.5,0.000856266490129103,0.000876019033537457,0.00043039789931135,0.00127770396590682,0.00169477223747072,0.00251607582505276,0.00332071179078604
"692",34.55,0.000845231459251715,0.00086473029800283,0.000424842133871033,0.00126126422933973,0.00167300090581925,0.00248385459858323,0.00327831539985035
"693",34.6,0.000834332409626247,0.000853580647645261,0.000419355068376534,0.00124502637939554,0.00165149602614586,0.00245202507801525,0.00323643102716738
"694",34.65,0.000823567767325239,0.000842568473192326,0.000413935901465836,0.00122898809735247,0.00163025456178245,0.00242058286775267,0.0031950530152023
"695",34.7,0.000812935974966699,0.000831692182273624,0.000408583840361201,0.00121314708839852,0.00160927350676233,0.0023895236148587,0.00315417575901405
"696",34.75,0.000802435491568192,0.000820950199272033,0.000403298100789282,0.00119750108143266,0.00158854988558113,0.00235884300877134,0.00311379370596835
"697",34.8,0.000792064792401714,0.000810340965175929,0.000398077906901772,0.00118204782886684,0.00156808075295819,0.0023285367810178,0.00307390135544745
"698",34.85,0.000781822368849378,0.000799862937432051,0.000392922491196622,0.00116678510642874,0.00154786319359837,0.00229860070492812,0.00303449325855682
"699",34.9,0.000771706728259894,0.000789514589799312,0.000387831094439788,0.00115171071296531,0.00152789432195434,0.00226903059534795,0.00299556401782889
"700",34.95,0.000761716393805866,0.0007792944122033,0.000382802965587547,0.00113682247024712,0.00150817128198948,0.00223982230835073,0.00295710828692406
"701",35,0.000751849904341909,0.000769200910591706,0.000377837361709349,0.00112211822277351,0.00148869124694128,0.00221097174094916,0.00291912077032912
"702",35.05,0.000742105814263566,0.000759232606790496,0.000372933547911216,0.00110759583757857,0.00146945141908538,0.00218247483080616,0.00288159622305303
"703",35.1,0.000732482693367072,0.000749388038361006,0.000368090797259701,0.00109325320403799,0.00145044902950022,0.00215432755594541,0.00284452945032054
"704",35.15,0.000722979126709921,0.000739665758457745,0.000363308390706374,0.00107908823367674,0.00143168133783235,0.00212652593446142,0.00280791530726343
"705",35.2,0.000713593714472292,0.000730064335687133,0.00035858561701287,0.00106509885997764,0.00141314563206246,0.00209906602422936,0.00277174869860975
"706",35.25,0.000704325071819286,0.000720582353967095,0.000353921772676469,0.00105128303819085,0.00139483922827205,0.00207194392261463,0.00273602457837112
"707",35.3,0.000695171828764006,0.000711218412387391,0.000349316161856223,0.00103763874514416,0.00137675947041094,0.00204515576618218,0.00270073794952808
"708",35.35,0.000686132630031495,0.000701971125070921,0.000344768096299628,0.00102416397905431,0.0013589037300655,0.00201869773040582,0.00266588386371385
"709",35.4,0.000677206134923488,0.000692839121035777,0.000340276895269827,0.00101085675933917,0.00134126940622763,0.00199256602937738,0.00263145742089638
"710",35.45,0.000668391017184039,0.000683821044058245,0.000335841885473362,0.000997715126430866,0.00132385392506468,0.00196675691551597,0.00259745376905903
"711",35.5,0.00065968596486598,0.000674915552536598,0.000331462400988458,0.000984737141589865,0.00130665473969008,0.0019412666792773,0.00256386810387978
"712",35.55,0.000651089680198232,0.000666121319355762,0.000327137783193843,0.000971920886719985,0.00128966932993489,0.00191609164886303,0.0025306956684092
"713",35.6,0.000642600879453981,0.000657437031752861,0.000322867380698106,0.000959264464184413,0.00127289520212029,0.00189122818993048,0.00249793175274735
"714",35.65,0.000634218292819693,0.000648861391183621,0.000318650549269585,0.000946765996622674,0.00125632988883091,0.00186667270530246,0.00246557169371946
"715",35.7,0.000625940664264993,0.000640393113189656,0.000314486651766789,0.000934423626768587,0.00123997094868907,0.00184242163467745,0.00243361087455084
"716",35.75,0.000617766751413409,0.000632030927266557,0.000310375058069351,0.000922235517269225,0.00122381596613007,0.00181847145434013,0.0024020447245408
"717",35.8,0.000609695325413956,0.000623773576732954,0.000306315145009504,0.000910199850504868,0.00120786255117833,0.00179481867687231,0.00237086871873589
"718",35.85,0.000601725170813604,0.000615619818600354,0.000302306296304097,0.000898314828409971,0.00119210833922463,0.00177145985086433,0.00234007837760245
"719",35.9,0.000593855085430586,0.00060756842344391,0.000298347902487117,0.000886578672295142,0.00117655099080422,0.00174839156062694,0.0023096692666986
"720",35.95,0.000586083880228576,0.000599618175274044,0.00029443936084275,0.000874989622670152,0.00116118819137612,0.00172561042590376,0.0022796369963457
"721",36,0.000578410379191741,0.000591767871408939,0.000290580075338963,0.000863545939067983,0.00114601765110327,0.00170311310158431,0.0022499772212995
"722",36.05,0.000570833419200629,0.000584016322347913,0.000286769456561594,0.000852245899869889,0.0011310371046339,0.00168089627741771,0.00222068564042089
"723",36.1,0.000563351849908948,0.000576362351645665,0.000283006921648975,0.000841087802131532,0.00111624431088389,0.00165895667772703,0.00219175799634648
"724",36.15,0.000555964533621189,0.000568804795787394,0.00027929189422706,0.000830069961410134,0.00110163705282015,0.00163729106112439,0.00216319007515896
"725",36.2,0.000548670345171116,0.000561342504064802,0.000275623804345072,0.000819190711592715,0.00108721313724526,0.00161589622022679,0.00213497770605748
"726",36.25,0.000541468171801132,0.000553974338452972,0.000272002088411665,0.000808448404725371,0.00107297039458308,0.00159476898137283,0.00210711676102794
"727",36.3,0.000534356913042479,0.000546699173488087,0.000268426189131592,0.000797841410843613,0.0010589066786655,0.00157390620434014,0.00207960315451337
"728",36.35,0.000527335480596336,0.000539515896146089,0.00026489555544288,0.000787368117803797,0.00104501986652043,0.00155330478206383,0.00205243284308453
"729",36.4,0.000520402798215742,0.000532423405722157,0.000261409642454519,0.000777026931115591,0.00103130785816079,0.00153296164035571,0.00202560182511059
"730",36.45,0.000513557801588405,0.000525420613711057,0.000257967911384643,0.000766816273775554,0.00101776857637476,0.00151287373762459,0.00199910614043018
"731",36.5,0.000506799438220364,0.000518506443688436,0.000254569829499232,0.00075673458610177,0.00100439996651718,0.00149303806459747,0.00197294187002281
"732",36.55,0.000500126667320498,0.00051167983119287,0.000251214870051291,0.00074678032556957,0.000991199996302061,0.00147345164404178,0.00194710513568057
"733",36.6,0.00049353845968591,0.000504939723608901,0.000247902512220543,0.000736951966648348,0.000978166655596413,0.00145411153048865,0.00192159209968045
"734",36.65,0.000487033797588153,0.000498285080050871,0.000244632241053616,0.000727248000639447,0.000965297956215128,0.00143501480995726,0.00189639896445703
"735",36.7,0.000480611674660315,0.000491714871247632,0.000241403547404713,0.00071766693551515,0.00095259193171717,0.00141615859968028,0.0018715219722759
"736",36.75,0.000474271095784964,0.000485228079428161,0.000238215927876788,0.000708207295758763,0.000940046637202933,0.00139754004783047,0.00184695740490763
"737",36.8,0.000468011076982926,0.000478823698207985,0.000235068884763197,0.000698867622205769,0.000927660149112825,0.00137915633324834,0.00182270158330244
"738",36.85,0.000461830645302937,0.000472500732476525,0.000231961925989848,0.000689646471886117,0.000915430565027097,0.00136100466517117,0.00179875086726565
"739",36.9,0.000455728838712122,0.00046625819828526,0.000228894565057825,0.000680542417867561,0.000903356003466882,0.00134308228296301,0.0017751016551339
"740",36.95,0.000449704705987328,0.000460095122736767,0.000225866320986497,0.000671554049100131,0.000891434603696492,0.00132538645584611,0.00175175038345222
"741",37,0.000443757306607306,0.000454010543874627,0.000222876718257114,0.000662679970261692,0.000879664525526965,0.00130791448263346,0.00172869352665198
"742",37.05,0.00043788571064572,0.000448003510574158,0.000219925286756867,0.000653918801604586,0.000868043949120843,0.00129066369146266,0.00170592759672983
"743",37.1,0.000432088998665014,0.000442073082434044,0.000217011561723437,0.000645269178803399,0.000856571074798239,0.00127363143953112,0.00168344914292752
"744",37.15,0.000426366261611098,0.000436218329668791,0.000214135083690003,0.000636729752803803,0.000845244122844136,0.00125681511283248,0.00166125475141288
"745",37.2,0.00042071660070888,0.000430438333002016,0.000211295398430728,0.00062829918967251,0.000834061333316968,0.00124021212589446,0.00163934104496171
"746",37.25,0.000415139127358629,0.000424732183560612,0.000208492056906715,0.000619976170448324,0.00082302096585848,0.00122381992151799,0.00161770468264095
"747",37.3,0.000409632963033158,0.000419098982769757,0.000205724615212418,0.000611759390994279,0.000812121299504839,0.00120763597051772,0.00159634235949282
"748",37.35,0.000404197239175851,0.000413537842248725,0.000202992634522527,0.000603647561850892,0.000801360632499041,0.001191657771464,0.00157525080622029
"749",37.4,0.000398831097099495,0.000408047883707589,0.000200295681039303,0.000595639408090493,0.000790737282104593,0.00117588285042611,0.00155442678887367
"750",37.45,0.000393533687885942,0.000402628238844728,0.000197633325940378,0.000587733669172661,0.000780249584420471,0.00116030876071705,0.0015338671085385
"751",37.5,0.000388304172286596,0.000397278049245168,0.000195005145327007,0.000579929098800758,0.00076989589419738,0.00114493308263966,0.00151356860102468
"752",37.55,0.000383141720623702,0.000391996466279756,0.000192410720172774,0.000572224464779536,0.000759674584655277,0.00112975342323425,0.001493528136557
"753",37.6,0.000378045512692458,0.000386782651005177,0.000189849636272746,0.000564618548873861,0.000749584047302209,0.00111476741602769,0.00147374261946694
"754",37.65,0.000373014737663924,0.000381635774064763,0.000187321484193075,0.000557110146668499,0.000739622691754413,0.00109997272078386,0.00145420898788585
"755",37.7,0.000368048593988753,0.000376555015590162,0.000184825859221044,0.000549698067429004,0.000729788945557734,0.00108536702325578,0.00143492421343962
"756",37.75,0.000363146289301712,0.000371539565103789,0.000182362361315562,0.000542381133963698,0.000720081254010315,0.00107094803493904,0.00141588530094469
"757",37.8,0.000358307040327003,0.000366588621422105,0.000179930595058088,0.000535158182486704,0.000710498079986585,0.00105671349282683,0.00139708928810553
"758",37.85,0.000353530072784393,0.000361701392559712,0.000177530169604002,0.000528028062482097,0.000701037903762545,0.00104266115916652,0.00137853324521371
"759",37.9,0.000348814621296112,0.000356877095634257,0.000175160698634401,0.000520989636569096,0.00069169922284233,0.00102878882121764,0.0013602142748483
"760",37.95,0.000344159929294569,0.00035211495677212,0.000172821800308338,0.000514041780368359,0.000682480551786087,0.00101509429101153,0.00134212951157798
"761",38,0.000339565248930832,0.000347414211014926,0.000170513097215479,0.000507183382369336,0.000673380422039122,0.00100157540511242,0.00132427612166462
"762",38.05,0.000335029840983895,0.000342774102226842,0.000168234216329196,0.000500413343798683,0.000664397381762341,0.000988230024380141,0.00130665130276839
"763",38.1,0.000330552974770735,0.000338193883002674,0.000165984788960079,0.00049373057848977,0.000655529995664,0.000975056033734327,0.00128925228365459
"764",38.15,0.000326133928057119,0.000333672814576729,0.00016376445070987,0.000487134012753214,0.00064677684483271,0.000962051341920205,0.00127207632390195
"765",38.2,0.000321771986969213,0.000329210166732506,0.000161572841425815,0.000480622585248502,0.000638136526571752,0.000949213881275973,0.00125512071361269
"766",38.25,0.00031746644590593,0.000324805217713136,0.00015940960515544,0.000474195246856655,0.000629607654234678,0.000936541607501709,0.00123838277312419
"767",38.3,0.000313216607452059,0.000320457254132606,0.000157274390101725,0.000467850960553942,0.000621188857062169,0.000924032499429886,0.00122185985272224
"768",38.35,0.000309021782292146,0.000316165570887756,0.000155166848578703,0.000461588701286654,0.000612878780020207,0.000911684558797462,0.00120554933235613
"769",38.4,0.000304881289125132,0.000311929471071072,0.000153086636967463,0.000455407455846911,0.000604676083639497,0.000899495810019552,0.00118944862135528
"770",38.45,0.000300794454579743,0.0003077482658842,0.000151033415672554,0.000449306222749519,0.000596579443856183,0.000887464299964694,0.00117355515814773
"771",38.5,0.000296760613130628,0.000303621274552255,0.000149006849078799,0.000443284012109853,0.000588587551853825,0.000875588097731707,0.00115786640998023
"772",38.55,0.000292779107015238,0.000299547824238886,0.000147006605508502,0.000437339845522783,0.000580699113906646,0.000863865294428136,0.00114237987264011
"773",38.6,0.000288849286151451,0.000295527249962083,0.00014503235717906,0.000431472755942625,0.00057291285122406,0.000852294002950319,0.00112709307017895
"774",38.65,0.000284970508055922,0.000291558894510737,0.000143083780160963,0.000425681787564113,0.000565227499796443,0.000840872357765018,0.00111200355463795
"775",38.7,0.000281142137763177,0.000287642108361953,0.000141160554336191,0.000419965995704399,0.000557641810242177,0.000829598514692684,0.00109710890577504
"776",38.75,0.000277363547745423,0.000283776249599109,0.000139262363356998,0.000414324446686054,0.000550154547655943,0.000818470650692297,0.0010824067307939
"777",38.8,0.000273634117833089,0.000279960683830626,0.000137388894605085,0.000408756217721098,0.000542764491458272,0.000807486963647831,0.00106789466407459
"778",38.85,0.000269953235136085,0.00027619478410951,0.000135539839151153,0.000403260396796024,0.000535470435246342,0.000796645672156311,0.00105357036690616
"779",38.9,0.000266320293965768,0.000272477930853589,0.000133714891714844,0.000397836082557827,0.000528271186646018,0.000785945015317467,0.00103943152722089
"780",38.95,0.000262734695757632,0.000268809511766496,0.000131913750625057,0.000392482384201036,0.000521165567165135,0.000775383252525009,0.00102547585933051
"781",39,0.00025919584899469,0.000265188921759366,0.000130136117780635,0.00038719842135572,0.000514152412048008,0.000764958663259477,0.00101170110366407
"782",39.05,0.000255703169131573,0.000261615562873249,0.000128381698611442,0.000381983323976511,0.00050723057013119,0.000754669546882722,0.000998105026507779
"783",39.1,0.000252256078519313,0.000258088844202233,0.000126650202039788,0.000376836232232581,0.000500398903700442,0.000744514222433971,0.000984685419746575
"784",39.15,0.000248854006330827,0.00025460818181728,0.000124941340442245,0.000371756296398613,0.000493656288348927,0.000734491028427474,0.000971440100607569
"785",39.2,0.000245496388487093,0.000251172998690767,0.000123254829611809,0.00036674267674674,0.000487001612836632,0.000724598322651787,0.000958366911405332
"786",39.25,0.000242182667584001,0.000247782724621708,0.000121590388720444,0.000361794543439452,0.000480433778950983,0.000714834481970605,0.00094546371928899
"787",39.3,0.000238912292819896,0.0002444367961617,0.000119947740281965,0.00035691107642346,0.000473951701368688,0.000705197902125218,0.000932728415991194
"788",39.35,0.000235684719923787,0.000241134656541535,0.0001183266101153,0.000352091465324532,0.000467554307518768,0.00069568699753854,0.000920158917578923
"789",39.4,0.000232499411084235,0.000237875755598507,0.000116726727308094,0.00034733490934326,0.000461240537446785,0.000686300201120723,0.000907753164206126
"790",39.45,0.00022935583487891,0.000234659549704402,0.000115147824180664,0.000342640617151794,0.000455009343680272,0.000677035964076361,0.000895509119868235
"791",39.5,0.0002262534662048,0.000231485501694156,0.000113589636250317,0.000338007806791501,0.000448859691095333,0.000667892755713268,0.000883424772158511
"792",39.55,0.00022319178620909,0.000228353080795206,0.000112051902196,0.000333435705571569,0.000442790556784439,0.00065886906325282,0.000871498132026243
"793",39.6,0.000220170282220695,0.000225261762557477,0.000110534363823306,0.000328923549968544,0.000436800929925388,0.000649963391641893,0.000859727233536808
"794",39.65,0.000217188447682432,0.000222211028784064,0.000109036766029813,0.000324470585526781,0.000430889811651434,0.000641174263366338,0.000848110133633574
"795",39.7,0.000214245782083853,0.000219200367462553,0.000107558856770773,0.000320076066759826,0.000425056214922588,0.000632500218266042,0.000836644911901655
"796",39.75,0.000211341790894705,0.000216229272697005,0.000106100387025124,0.000315739257052706,0.000419299164398064,0.000623939813351523,0.000825329670333514
"797",39.8,0.000208475985499036,0.000213297244640591,0.000104661110761851,0.000311459428565128,0.000413617696309885,0.000615491622622097,0.000814162533096418
"798",39.85,0.000205647883129932,0.000210403789428863,0.00010324078490667,0.000307235862135584,0.00040801085833763,0.000607154236885587,0.000803141646301736
"799",39.9,0.000202857006804876,0.000207548419113676,0.000101839169309039,0.000303067847186351,0.000402477709484321,0.00059892626357956,0.000792265177776081
"800",39.95,0.000200102885261738,0.00020473065159775,0.000100456026709505,0.000298954681629386,0.000397017319953444,0.000590806326594123,0.000781531316834297
"801",40,0.000197385052895379,0.000201950010569846,9.90911227073645e-05,0.0002948956717731,0.000391628771027093,0.000582793066096224,0.000770938274054274
"802",40.05,0.000194703049694873,0.000199206025440592,9.77442257286548e-05,0.000290890132230019,0.000386311154945236,0.000574885138355503,0.000760484281053615
"803",40.1,0.000192056421181337,0.000196498231278913,9.64151069944572e-05,0.000286937385825324,0.000381063574786102,0.000567081215571646,0.00075016759026812
"804",40.15,0.000189444718346368,0.000193826168749093,9.51035404895195e-05,0.000283036763506245,0.000375885144347657,0.00055937998570325,0.000739986474732103
"805",40.2,0.00018686749759108,0.00019118938404845,9.38093029311937e-05,0.000279187604252337,0.000370774988030206,0.000551780152298208,0.00072993922786054
"806",40.25,0.000184324320665738,0.000188587428845605,9.25321737386812e-05,0.000275389254986598,0.000365732240720066,0.000544280434325577,0.000720024163233016
"807",40.3,0.000181814754609988,0.000186019860219378,9.12719350025915e-05,0.000271641070487447,0.000360756047674342,0.000536879566008953,0.000710239614379514
"808",40.35,0.000179338371693673,0.000183486240598276,9.00283714548044e-05,0.000267942413301553,0.000355845564406783,0.000529576296661329,0.000700583934567997
"809",40.4,0.000176894749358227,0.000180986137700568,8.8801270438636e-05,0.00026429265365749,0.000350999956574702,0.000522369390521423,0.000691055496593788
"810",40.45,0.000174483470158662,0.000178519124474969,8.75904218793081e-05,0.000260691169380241,0.000346218399866981,0.000515257626591494,0.00068165269257077
"811",40.5,0.000172104121706114,0.000176084779041895,8.63956182547145e-05,0.000257137345806521,0.000341500079893122,0.00050823979847661,0.000672373933724358
"812",40.55,0.000169756296610973,0.000173682684635311,8.52166545664855e-05,0.00025363057570093,0.000336844192073359,0.000501314714225388,0.000663217650186272
"813",40.6,0.000167439592426572,0.000171312429545162,8.40533283113456e-05,0.000250170259172921,0.000332249941529825,0.000494481196172169,0.000654182290791088
"814",40.65,0.000165153611593439,0.000168973607060354,8.29054394527625e-05,0.000246755803594577,0.000327716542978745,0.000487738080780649,0.000645266322874554
"815",40.7,0.000162897961384107,0.000166665815412338,8.17727903928869e-05,0.000243386623519196,0.000323243220623676,0.000481084218488945,0.000636468232073692
"816",40.75,0.000160672253848481,0.000164388657719236,8.06551859447772e-05,0.000240062140600678,0.000318829208049773,0.000474518473556082,0.000627786522128641
"817",40.8,0.000158476105759745,0.000162141741930528,7.95524333049102e-05,0.000236781783513699,0.000314473748119066,0.000468039723909905,0.000619219714686268
"818",40.85,0.000156309138560824,0.000159924680772316,7.84643420259732e-05,0.000233544987874686,0.000310176092866765,0.000461646860996411,0.000610766349105522
"819",40.9,0.000154170978311377,0.000157737091693112,7.73907239899352e-05,0.000230351196163558,0.000305935503398561,0.000455338789630469,0.000602424982264522
"820",40.95,0.000152061255635335,0.000155578596810193,7.63313933813971e-05,0.000227199857646256,0.00030175124978893,0.000449114427847956,0.000594194188369384
"821",41,0.00014997960566896,0.000153448822856494,7.5286166661215e-05,0.000224090428298045,0.000297622610980437,0.00044297270675927,0.00058607255876477
"822",41.05,0.000147925668009444,0.000151347401128042,7.42548625403966e-05,0.000221022370727565,0.000293548874684012,0.000436912570404227,0.000578058701746145
"823",41.1,0.00014589908666402,0.000149273967431911,7.32373019542696e-05,0.000217995154101665,0.000289529337280219,0.000430932975608332,0.000570151242373758
"824",41.15,0.000143899509999598,0.00014722816203473,7.22333080369153e-05,0.00021500825407097,0.000285563303721493,0.00042503289184041,0.000562348822288304
"825",41.2,0.000141926590692916,0.000145209629611704,7.124270609587e-05,0.000212061152696207,0.000281650087435335,0.000419211301071606,0.000554650099528292
"826",41.25,0.000139979985681195,0.000143218019196148,7.02653235870885e-05,0.000209153338375269,0.000277789010228479,0.00041346719763571,0.000547053748349087
"827",41.3,0.000138059356113312,0.000141252984129562,6.93009900901692e-05,0.000206284305771017,0.000273979402191994,0.000407799588090844,0.000539558459043628
"828",41.35,0.000136164367301461,0.000139314182012191,6.83495372838388e-05,0.000203453555739812,0.000270220601607349,0.000402207491082469,0.000532162937764816
"829",41.4,0.000134294688673326,0.000137401274654119,6.74107989216916e-05,0.00020066059526077,0.000266511954853399,0.000396689937207715,0.000524865906349547
"830",41.45,0.000132449993724737,0.000135513928026854,6.64846108081851e-05,0.000197904937365738,0.000262852816314313,0.000391245968881025,0.00051766610214441
"831",41.5,0.000130629959972818,0.000133651812215415,6.55708107748859e-05,0.000195186101069985,0.000259242548288417,0.000385874640201107,0.000510562277833002
"832",41.55,0.000128834268909628,0.000131814601370915,6.46692386569673e-05,0.000192503611303594,0.000255680520897956,0.000380575016819177,0.00050355320126489
"833",41.6,0.000127062605956273,0.000130001973663639,6.3779736269953e-05,0.000189856998843567,0.000252166111999777,0.000375346175808502,0.000496637655286183
"834",41.65,0.000125314660417503,0.000128213611236612,6.29021473867067e-05,0.000187245800246613,0.00024869870709689,0.000370187205535202,0.000489814437571714
"835",41.7,0.000123590125436776,0.000126449200159641,6.20363177146657e-05,0.000184669557782639,0.000245277699250955,0.000365097205530344,0.000483082360458831
"836",41.75,0.000121888697951799,0.000124708430383844,6.11820948733137e-05,0.000182127819368916,0.000241902488995627,0.00036007528636328,0.000476440250782766
"837",41.8,0.000120210078650527,0.000122990995696657,6.0339328371895e-05,0.000179620138504934,0.000238572484250808,0.000355120569516254,0.000469886949713599
"838",41.85,0.000118553971927626,0.000121296593677307,5.95078695873638e-05,0.000177146074207921,0.000235287100237764,0.00035023218726024,0.000463421312594787
"839",41.9,0.000116920085841396,0.000119624925652749,5.86875717425676e-05,0.000174705190949036,0.000232045759395103,0.000345409282532016,0.00045704220878325
"840",41.95,0.000115308132071144,0.000117975696654079,5.78782898846656e-05,0.00017229705859023,0.000228847891295628,0.000340651008812483,0.000450748521491021
"841",42,0.000113717825875002,0.000116348615373394,5.70798808637744e-05,0.000169921252321745,0.000225692932564033,0.000335956530006169,0.000444539147628428
"842",42.05,0.000112148886048204,0.000114743394121112,5.62922033118445e-05,0.000167577352600291,0.000222580326795451,0.000331325020321974,0.00043841299764881
"843",42.1,0.000110601034881791,0.000113159748783742,5.55151176217619e-05,0.000165264945087848,0.000219509524474849,0.000326755664155097,0.000432368995394763
"844",42.15,0.000109073998121755,0.000111597398782105,5.47484859266731e-05,0.000162983620591118,0.000216479982897237,0.000322247655970153,0.000426406077945883
"845",42.2,0.000107567504928629,0.000110056067029998,5.39921720795344e-05,0.00016073297500161,0.00021349116608873,0.000317800200185486,0.000420523195468027
"846",42.25,0.00010608128783749,0.000108535479893282,5.3246041632879e-05,0.000158512609236357,0.000210542544728408,0.00031341251105864,0.000414719311064054
"847",42.3,0.000104615082718401,0.000107035367149438,5.25099618188029e-05,0.000156322129179254,0.000207633596071002,0.000309083812572999,0.000408993400626051
"848",42.35,0.000103168628737267,0.000105555461947517,5.17838015291678e-05,0.000154161145623017,0.000204763803870386,0.000304813338325595,0.000403344452689034
"849",42.4,0.000101741668317114,0.000104095500768548,5.10674312960159e-05,0.000152029274211755,0.000201932658303856,0.000300600331416037,0.0003977714682861
"850",42.45,0.000100333947099783,0.00010265522338635,5.0360723272199e-05,0.000149926135384152,0.000199139655897224,0.000296444044336607,0.000392273460805045
"851",42.5,9.894521390803e-05,0.000101234372828779,4.96635512122157e-05,0.000147851354317249,0.000196384299450676,0.000292343738863458,0.000386849455846404
"852",42.55,9.75752207080382e-05,9.98326953393739e-05,4.89757904532574e-05,0.000145804560870823,0.000193666097965427,0.000288298685948953,0.000381498491082933
"853",42.6,9.62237225723323e-05,9.84499403394343e-05,4.82973178964612e-05,0.000143785389532368,0.00019098456657114,0.000284308165615105,0.000376219616120511
"854",42.65,9.48904776430906e-05,9.7085860390495e-05,4.76280119883654e-05,0.000141793479362645,0.000188339226454112,0.000280371466848115,0.000371011892360441
"855",42.7,9.35752470958563e-05,9.57402111572047e-05,4.69677527025686e-05,0.000139828473941835,0.000185729604786225,0.00027648788749402,0.000365874392863163
"856",42.75,9.22777951036387e-05,9.44127513706131e-05,4.63164215215878e-05,0.000137890021316251,0.000183155234654646,0.000272656734155406,0.000360806202213339
"857",42.8,9.09978888014044e-05,9.31032427918491e-05,4.5673901418916e-05,0.000135977773945633,0.000180615654992274,0.000268877322089209,0.00035580641638633
"858",42.85,8.97352982509542e-05,9.18114501761983e-05,4.50400768412765e-05,0.000134091388651003,0.000178110410508932,0.000265148975105583,0.00035087414261604
"859",42.9,8.84897964061808e-05,9.05371412375659e-05,4.44148336910703e-05,0.000132230526563088,0.000175639051623283,0.000261471025467821,0.0003460084992641
"860",42.95,8.72611590787054e-05,8.92800866133294e-05,4.37980593090181e-05,0.000130394853071288,0.000173201134395488,0.000257842813793329,0.000341208615690421
"861",43,8.60491649038873e-05,8.80400598295703e-05,4.31896424569918e-05,0.000128584037773211,0.000170796220460571,0.000254263688955638,0.000336473632125067
"862",43.05,8.48535953072073e-05,8.68168372666948e-05,4.25894733010362e-05,0.000126797754424739,0.000168423876962506,0.000250733007987456,0.00033180269954146
"863",43.1,8.36742344710167e-05,8.56101981254163e-05,4.19974433945775e-05,0.000125035680890646,0.000166083676489012,0.000247250135984733,0.000327194979530899
"864",43.15,8.25108693016504e-05,8.44199243931213e-05,4.14134456618168e-05,0.000123297499095744,0.000163775197007049,0.00024381444601175,0.000322649644178385
"865",43.2,8.13632893969025e-05,8.32458008106009e-05,4.08373743813086e-05,0.000121582894976569,0.000161498021799007,0.000240425319007208,0.000318165875939736
"866",43.25,8.02312870138567e-05,8.20876148391456e-05,4.02691251697195e-05,0.000119891558433586,0.00015925173939959,0.000237082143691319,0.000313742867519993
"867",43.3,7.91146570370726e-05,8.09451566280036e-05,3.97085949657686e-05,0.000118223183283919,0.000157035943533379,0.000233784316473882,0.000309379821753091
"868",43.35,7.80131969471225e-05,7.98182189821986e-05,3.91556820143452e-05,0.000116577467214597,0.000154850233053072,0.00023053124136335,0.000305075951482803
"869",43.4,7.69267067894729e-05,7.87065973307005e-05,3.86102858508036e-05,0.000114954111736312,0.000152694211878396,0.000227322329876851,0.000300830479444923
"870",43.45,7.58549891437138e-05,7.76100896949491e-05,3.80723072854328e-05,0.000113352822137685,0.000150567488935689,0.000224157000951192,0.000296642638150711
"871",43.5,7.47978490931252e-05,7.65284966577243e-05,3.75416483880992e-05,0.000111773307440031,0.000148469678098125,0.000221034680854807,0.000292511669771551
"872",43.55,7.37550941945821e-05,7.54616213323659e-05,3.70182124730606e-05,0.000110215280352626,0.000146400398126611,0.000217954803100653,0.000288436826024841
"873",43.6,7.27265344487946e-05,7.44092693323256e-05,3.65019040839511e-05,0.000108678457228465,0.000144359272611318,0.000214916808360055,0.000284417368061096
"874",43.65,7.17119822708762e-05,7.33712487410698e-05,3.59926289789321e-05,0.000107162558020505,0.000142345929913855,0.000211920144377458,0.000280452566352242
"875",43.7,7.07112524612427e-05,7.23473700823057e-05,3.54902941160119e-05,0.000105667306238398,0.000140360003110077,0.000208964265886132,0.000276541700581117
"876",43.75,6.97241621768332e-05,7.1337446290547e-05,3.49948076385287e-05,0.000104192428905697,0.000138401129933527,0.000206048634524766,0.000272684059532142
"877",43.8,6.8750530902653e-05,7.03412926820018e-05,3.45060788607966e-05,0.000102737656517541,0.000136468952719495,0.000203172718754977,0.000268878940983159
"878",43.85,6.77901804236356e-05,6.93587269257946e-05,3.4024018253915e-05,0.000101302722998805,0.000134563118349693,0.000200335993779719,0.000265125651598448
"879",43.9,6.68429347968177e-05,6.8389569015499e-05,3.35485374317353e-05,9.98873656627215e-05,0.000132683278197547,0.000197537941462577,0.000261423506822873
"880",43.95,6.59086203238278e-05,6.74336412409993e-05,3.30795491369878e-05,9.84913251699549e-05,0.000130829088074089,0.000194778050247943,0.000257771830777187
"881",44,6.4987065523683e-05,6.64907681606619e-05,3.26169672275646e-05,9.71143454881405e-05,0.000129000208174451,0.000192055815082068,0.000254169956154454
"882",44.05,6.40781011058904e-05,6.55607765738219e-05,3.21607066629577e-05,9.57561738518689e-05,0.000127196303024951,0.000189370737334973,0.000250617224117601
"883",44.1,6.31815599438539e-05,6.46434954935776e-05,3.17106834908507e-05,9.44165607231225e-05,0.000125417041430772,0.000186722324723227,0.000247112984198078
"884",44.15,6.22972770485777e-05,6.37387561198946e-05,3.12668148338628e-05,9.30952597521516e-05,0.000123662096424215,0.000184110091233563,0.000243656594195616
"885",44.2,6.14250895426689e-05,6.28463918130085e-05,3.08290188764428e-05,9.17920277387925e-05,0.000121931145213536,0.000181533557047345,0.000240247420079085
"886",44.25,6.05648366346316e-05,6.19662380671332e-05,3.0397214851912e-05,9.05066245942165e-05,0.000120223869132354,0.000178992248465864,0.000236884835888418
"887",44.3,5.97163595934545e-05,6.1098132484463e-05,2.99713230296556e-05,8.92388133031136e-05,0.000118539953589618,0.000176485697836459,0.000233568223637628
"888",44.35,5.88795017234843e-05,6.02419147494696e-05,2.95512647024589e-05,8.79883598862981e-05,0.000116879088020145,0.000174013443479461,0.000230296973218865
"889",44.4,5.80541083395841e-05,5.93974266034921e-05,2.91369621739881e-05,8.67550333637377e-05,0.000115240965835703,0.000171575029615939,0.000227070482307542
"890",44.45,5.72400267425763e-05,5.8564511819615e-05,2.87283387464147e-05,8.5538605718002e-05,0.00011362528437665,0.00016917000629626,0.000223888156268496
"891",44.5,5.64371061949612e-05,5.77430161778314e-05,2.83253187081809e-05,8.43388518581199e-05,0.000112031744864113,0.000166797929329433,0.000220749408063181
"892",44.55,5.56451978969156e-05,5.69327874404874e-05,2.79278273219053e-05,8.31555495838512e-05,0.000110460052352707,0.000164458360213248,0.000217653658157892
"893",44.6,5.48641549625626e-05,5.61336753280103e-05,2.75357908124271e-05,8.19884795503606e-05,0.000108909915683791,0.000162150866065194,0.000214600334432995
"894",44.65,5.40938323965136e-05,5.53455314949117e-05,2.71491363549873e-05,8.0837425233294e-05,0.000107381047439246,0.000159875019554143,0.000211588872093168
"895",44.7,5.33340870706779e-05,5.45682095060619e-05,2.67677920635466e-05,7.9702172894251e-05,0.000105873163895781,0.000157630398832814,0.000208618713578633
"896",44.75,5.25847777013372e-05,5.38015648132414e-05,2.63916869792359e-05,7.85825115466516e-05,0.000104385984979751,0.000155416587470973,0.000205689308477377
"897",44.8,5.18457648264844e-05,5.30454547319577e-05,2.60207510589418e-05,7.74782329219909e-05,0.000102919234222498,0.000153233174389405,0.000202800113438346
"898",44.85,5.11169107834207e-05,5.22997384185266e-05,2.56549151640223e-05,7.63891314364814e-05,0.000101472638716186,0.000151079753794619,0.000199950592085617
"899",44.9,5.03980796866111e-05,5.15642768474218e-05,2.52941110491536e-05,7.53150041580736e-05,0.000100045929070151,0.000148955925114286,0.000197140214933513
"900",44.95,4.96891374057938e-05,5.08389327888783e-05,2.49382713513048e-05,7.42556507738568e-05,9.86388393677392e-05,0.000146861292933411,0.000194368459302681
"901",45,4.89899515443421e-05,5.012357078676e-05,2.4587329578841e-05,7.32108735578307e-05,9.72511071236419e-05,0.000144795466931229,0.000191634809237102
"902",45.05,4.83003914178758e-05,4.94180571366777e-05,2.42412201007522e-05,7.21804773390501e-05,9.58824732417177e-05,0.000142758061818806,0.000188938755422036
"903",45.1,4.76203280331195e-05,4.87222598643612e-05,2.38998781360076e-05,7.11642694701333e-05,9.45326819732966e-05,0.000140748697277357,0.00018627979510289
"904",45.15,4.69496340670045e-05,4.80360487042831e-05,2.35632397430323e-05,7.01620597961337e-05,9.32014808759612e-05,0.000138766997897263,0.000183657432004996
"905",45.2,4.62881838460139e-05,4.73592950785268e-05,2.32312418093077e-05,6.917366062377e-05,9.18886207728017e-05,0.000136812593117776,0.0001810711762543
"906",45.25,4.56358533257649e-05,4.66918720759014e-05,2.29038220410916e-05,6.81988866910104e-05,9.0593855712138e-05,0.000134885117167413,0.000178520544298936
"907",45.3,4.49925200708296e-05,4.60336544312955e-05,2.25809189532586e-05,6.7237555137009e-05,8.93169429277049e-05,0.000132984209005036,0.000176005058831703
"908",45.35,4.435806323479e-05,4.53845185052775e-05,2.22624718592595e-05,6.62894854723905e-05,8.80576427992978e-05,0.000131109512261596,0.000173524248713403
"909",45.4,4.37323635405232e-05,4.47443422639247e-05,2.19484208611967e-05,6.53544995498766e-05,8.68157188138693e-05,0.000129260675182551,0.000171077648897067
"910",45.45,4.31153032607181e-05,4.41130052588928e-05,2.16387068400164e-05,6.4432421535255e-05,8.55909375270766e-05,0.000127437350570937,0.000168664800353022
"911",45.5,4.25067661986171e-05,4.34903886077146e-05,2.13332714458148e-05,6.35230778786837e-05,8.43830685252726e-05,0.000125639195731095,0.000166285249994833
"912",45.55,4.1906637668984e-05,4.28763749743293e-05,2.10320570882587e-05,6.26262972863299e-05,8.31918843879376e-05,0.000123865872413049,0.000163938550606069
"913",45.6,4.13148044792936e-05,4.22708485498415e-05,2.07350069271178e-05,6.17419106923385e-05,8.20171606505465e-05,0.000122117046757514,0.000161624260767922
"914",45.65,4.07311549111401e-05,4.16736950334999e-05,2.04420648629077e-05,6.0869751231126e-05,8.08586757678652e-05,0.000120392389241544,0.000159341944787643
"915",45.7,4.0155578701865e-05,4.10848016139024e-05,2.01531755276439e-05,6.00096542099992e-05,7.97162110776754e-05,0.000118691574624808,0.000157091172627799
"916",45.75,3.95879670263988e-05,4.0504056950421e-05,1.98682842757033e-05,5.91614570820919e-05,7.85895507649207e-05,0.000117014281896482,0.000154871519836349
"917",45.8,3.90282124793155e-05,3.99313511548442e-05,1.95873371747941e-05,5.83249994196181e-05,7.7478481826268e-05,0.000115360194222757,0.000152682567477509
"918",45.85,3.84762090570993e-05,3.93665757732322e-05,1.93102809970316e-05,5.75001228874402e-05,7.63827940350868e-05,0.000113728998894954,0.000150523902063429
"919",45.9,3.79318521406175e-05,3.88096237679898e-05,1.90370632101195e-05,5.66866712169424e-05,7.53022799068319e-05,0.000112120387278245,0.000148395115486643
"920",45.95,3.7395038477802e-05,3.82603895001474e-05,1.87676319686353e-05,5.58844901802157e-05,7.42367346648352e-05,0.000110534054760963,0.000146295804953305
"921",46,3.68656661665332e-05,3.77187687118521e-05,1.85019361054185e-05,5.50934275645423e-05,7.31859562064946e-05,0.000108969700704505,0.000144225572917197
"922",46.05,3.63436346377252e-05,3.7184658509062e-05,1.82399251230606e-05,5.43133331471802e-05,7.21497450698606e-05,0.000107427028393817,0.000142184027014492
"923",46.1,3.58288446386132e-05,3.66579573444493e-05,1.79815491854966e-05,5.35440586704468e-05,7.11279044006145e-05,0.000105905744988457,0.000140170779999286
"924",46.15,3.53211982162351e-05,3.6138565000503e-05,1.77267591096948e-05,5.27854578170926e-05,7.01202399194333e-05,0.000104405561474227,0.000138185449679867
"925",46.2,3.48205987011111e-05,3.5626382572831e-05,1.74755063574468e-05,5.20373861859686e-05,6.91265598897406e-05,0.000102926192615374,0.000136227658855727
"926",46.25,3.43269506911153e-05,3.51213124536596e-05,1.72277430272537e-05,5.12997012679786e-05,6.81466750858343e-05,0.000101467356907345,0.000134297035255309
"927",46.3,3.38401600355383e-05,3.46232583155319e-05,1.69834218463093e-05,5.05722624223162e-05,6.71803987613909e-05,0.000100028776530099,0.000132393211474473
"928",46.35,3.33601338193397e-05,3.41321250951951e-05,1.6742496162579e-05,4.98549308529839e-05,6.62275466183426e-05,9.86101773019675e-05,0.000130515824915692
"929",46.4,3.28867803475867e-05,3.36478189776807e-05,1.65049199369722e-05,4.91475695855883e-05,6.52879367761191e-05,9.72112886340505e-05,0.000128664517727938
"930",46.45,3.2420009130079e-05,3.31702473805774e-05,1.62706477356091e-05,4.84500434444131e-05,6.43613897412562e-05,9.58318434851575e-05,0.000126838936747294
"931",46.5,3.19597308661546e-05,3.26993189384842e-05,1.60396347221787e-05,4.77622190297613e-05,6.3447728377361e-05,9.44715783172705e-05,0.000125038733438241
"932",46.55,3.15058574296791e-05,3.22349434876554e-05,1.5811836650389e-05,4.70839646955685e-05,6.25467778754355e-05,9.31302330515381e-05,0.000123263563835644
"933",46.6,3.10583018542123e-05,3.17770320508249e-05,1.55872098565069e-05,4.64151505272824e-05,6.16583657245508e-05,9.18075510247849e-05,0.000121513088487421
"934",46.65,3.06169783183519e-05,3.13254968222124e-05,1.53657112519876e-05,4.57556483200037e-05,6.07823216828689e-05,9.05032789465353e-05,0.000119786972397872
"935",46.7,3.01818021312533e-05,3.088025115271e-05,1.51472983161926e-05,4.51053315568904e-05,5.99184777490113e-05,8.92171668565478e-05,0.000118084884971695
"936",46.75,2.97526897183218e-05,3.04412095352431e-05,1.49319290891941e-05,4.4464075387817e-05,5.90666681337652e-05,8.79489680828482e-05,0.000116406499958641
"937",46.8,2.93295586070762e-05,3.00082875903095e-05,1.47195621646667e-05,4.38317566082906e-05,5.82267292321296e-05,8.66984392002638e-05,0.000114751495398837
"938",46.85,2.89123274131823e-05,2.95814020516913e-05,1.45101566828645e-05,4.32082536386178e-05,5.73984995956925e-05,8.54653399894475e-05,0.000113119553568746
"939",46.9,2.8500915826653e-05,2.91604707523352e-05,1.43036723236817e-05,4.2593446503321e-05,5.6581819905339e-05,8.42494333963884e-05,0.000111510360927771
"940",46.95,2.8095244598215e-05,2.87454126104066e-05,1.41000692997978e-05,4.19872168108022e-05,5.57765329442853e-05,8.30504854924065e-05,0.000109923608065485
"941",47,2.76952355258388e-05,2.8336147615509e-05,1.38993083499045e-05,4.13894477332492e-05,5.4982483571435e-05,8.18682654346198e-05,0.000108358989649495
"942",47.05,2.73008114414313e-05,2.79325968150679e-05,1.37013507320153e-05,4.08000239867839e-05,5.41995186950549e-05,8.07025454268866e-05,0.000106816204373918
"943",47.1,2.69118961976878e-05,2.75346823008824e-05,1.35061582168547e-05,4.02188318118494e-05,5.34274872467655e-05,7.9553100681211e-05,0.000105294954908469
"944",47.15,2.65284146551028e-05,2.71423271958345e-05,1.3313693081328e-05,3.96457589538312e-05,5.26662401558446e-05,7.84197093796097e-05,0.000103794947848159
"945",47.2,2.61502926691385e-05,2.67554556407622e-05,1.31239181020699e-05,3.90806946439144e-05,5.19156303238386e-05,7.73021526364374e-05,0.000102315893663587
"946",47.25,2.57774570775463e-05,2.63739927814893e-05,1.2936796549071e-05,3.85235295801684e-05,5.11755125994793e-05,7.62002144611588e-05,0.00010085750665183
"947",47.3,2.54098356878432e-05,2.59978647560122e-05,1.27522921793819e-05,3.79741559088628e-05,5.04457437539035e-05,7.5113681721571e-05,9.94195048879124e-05
"948",47.35,2.50473572649393e-05,2.56269986818422e-05,1.2570369230893e-05,3.74324672060063e-05,4.97261824561695e-05,7.40423441074647e-05,9.80016101768625e-05
"949",47.4,2.4689951518914e-05,2.52613226435003e-05,1.23909924161905e-05,3.68983584591104e-05,4.90166892490696e-05,7.29859940947217e-05,9.66035480063354e-05
"950",47.45,2.43375490929425e-05,2.49007656801647e-05,1.22141269164864e-05,3.63717260491727e-05,4.83171265252352e-05,7.1944426909846e-05,9.52250474998088e-05
"951",47.5,2.39900815513665e-05,2.45452577734664e-05,1.20397383756227e-05,3.58524677328787e-05,4.76273585035293e-05,7.09174404949189e-05,9.38658413703363e-05
"952",47.55,2.36474813679113e-05,2.41947298354347e-05,1.18677928941481e-05,3.53404826250191e-05,4.69472512057253e-05,6.99048354729784e-05,9.25256658748577e-05
"953",47.6,2.33096819140454e-05,2.38491136965885e-05,1.16982570234677e-05,3.48356711811208e-05,4.62766724334687e-05,6.89064151138162e-05,9.12042607690579e-05
"954",47.65,2.2976617447482e-05,2.35083420941712e-05,1.15310977600629e-05,3.4337935180288e-05,4.56154917455162e-05,6.79219853001858e-05,8.99013692627675e-05
"955",47.7,2.26482231008202e-05,2.31723486605322e-05,1.13662825397824e-05,3.38471777082526e-05,4.49635804352525e-05,6.69513544944203e-05,8.8616737975902e-05
"956",47.75,2.23244348703248e-05,2.28410679116452e-05,1.12037792322031e-05,3.336330314063e-05,4.4320811508479e-05,6.59943337054536e-05,8.73501168949303e-05
"957",47.8,2.20051896048427e-05,2.25144352357714e-05,1.10435561350593e-05,3.28862171263792e-05,4.36870596614732e-05,6.50507364562409e-05,8.61012593298702e-05
"958",47.85,2.16904249948554e-05,2.21923868822569e-05,1.08855819687404e-05,3.24158265714647e-05,4.30622012593146e-05,6.41203787515746e-05,8.48699218718026e-05
"959",47.9,2.13800795616637e-05,2.18748599504702e-05,1.07298258708563e-05,3.19520396227169e-05,4.24461143144742e-05,6.32030790462894e-05,8.36558643508987e-05
"960",47.95,2.10740926467067e-05,2.1561792378873e-05,1.05762573908683e-05,3.14947656518901e-05,4.18386784656653e-05,6.22986582138551e-05,8.24588497949566e-05
"961",48,2.07724044010093e-05,2.12531229342252e-05,1.04248464847871e-05,3.10439152399148e-05,4.12397749569518e-05,6.14069395153495e-05,8.12786443884383e-05
"962",48.05,2.04749557747609e-05,2.09487912009219e-05,1.02755635099349e-05,3.05994001613433e-05,4.06492866171124e-05,6.05277485688101e-05,8.01150174320055e-05
"963",48.1,2.01816885070205e-05,2.06487375704627e-05,1.01283792197721e-05,3.01611333689848e-05,4.00670978392558e-05,5.96609133189588e-05,7.89677413025462e-05
"964",48.15,1.98925451155493e-05,2.03529032310478e-05,9.9832647587882e-06,2.97290289787295e-05,3.94930945606863e-05,5.88062640072957e-05,7.78365914136861e-05
"965",48.2,1.96074688867667e-05,2.0061230157304e-05,9.84019165745428e-06,2.93030022545582e-05,3.89271642430152e-05,5.79636331425572e-05,7.67213461767812e-05
"966",48.25,1.93264038658312e-05,1.97736611001345e-05,9.69913182723886e-06,2.8882969593736e-05,3.83691958525156e-05,5.71328554715353e-05,7.56217869623851e-05
"967",48.3,1.90492948468423e-05,1.94901395766966e-05,9.5600575556844e-06,2.84688485121879e-05,3.78190798407192e-05,5.63137679502541e-05,7.45376980621858e-05
"968",48.35,1.87760873631637e-05,1.92106098605005e-05,9.42294150154495e-06,2.80605576300546e-05,3.72767081252503e-05,5.55062097154992e-05,7.3468866651409e-05
"969",48.4,1.85067276778653e-05,1.8935016971631e-05,9.28775668998337e-06,2.7658016657425e-05,3.67419740708953e-05,5.4710022056694e-05,7.24150827516758e-05
"970",48.45,1.82411627742832e-05,1.86633066670889e-05,9.15447650782836e-06,2.72611463802456e-05,3.62147724709059e-05,5.39250483881234e-05,7.13761391943203e-05
"971",48.5,1.79793403466963e-05,1.83954254312538e-05,9.02307469888974e-06,2.68698686464023e-05,3.56949995285313e-05,5.31511342214963e-05,7.03518315841519e-05
"972",48.55,1.77212087911181e-05,1.81313204664614e-05,8.89352535933179e-06,2.64841063519749e-05,3.51825528387776e-05,5.23881271388457e-05,6.93419582636623e-05
"973",48.6,1.74667171962019e-05,1.78709396837007e-05,8.765802933104e-06,2.6103783427661e-05,3.46773313703942e-05,5.16358767657628e-05,6.83463202776735e-05
"974",48.65,1.72158153342591e-05,1.76142316934233e-05,8.63988220742817e-06,2.5728824825367e-05,3.41792354480793e-05,5.08942347449587e-05,6.73647213384159e-05
"975",48.7,1.69684536523887e-05,1.7361145796469e-05,8.51573830834181e-06,2.5359156504966e-05,3.36881667349084e-05,5.0163054710154e-05,6.63969677910395e-05
"976",48.75,1.67245832637159e-05,1.71116319751017e-05,8.39334669629654e-06,2.49947054212189e-05,3.32040282149772e-05,4.94421922602879e-05,6.54428685795455e-05
"977",48.8,1.64841559387406e-05,1.68656408841582e-05,8.27268316181121e-06,2.46353995108571e-05,3.27267241762608e-05,4.8731504934047e-05,6.45022352131393e-05
"978",48.85,1.62471240967921e-05,1.66231238423061e-05,8.15372382117932e-06,2.42811676798268e-05,3.2256160193685e-05,4.80308521847081e-05,6.35748817329977e-05
"979",48.9,1.60134407975909e-05,1.63840328234096e-05,8.03644511222936e-06,2.39319397906894e-05,3.17922431124063e-05,4.7340095355292e-05,6.26606246794444e-05
"980",48.95,1.5783059732915e-05,1.61483204480043e-05,7.92082379013843e-06,2.35876466501806e-05,3.13348810313005e-05,4.6659097654025e-05,6.17592830595332e-05
"981",49,1.55559352183694e-05,1.59159399748766e-05,7.80683692329761e-06,2.32482199969224e-05,3.08839832866559e-05,4.59877241301033e-05,6.08706783150288e-05
"982",49.05,1.53320221852593e-05,1.56868452927483e-05,7.69446188922906e-06,2.29135924892885e-05,3.0439460436068e-05,4.53258416497586e-05,5.99946342907849e-05
"983",49.1,1.51112761725632e-05,1.54609909120653e-05,7.5836763705541e-06,2.25836976934214e-05,3.0001224242536e-05,4.46733188726203e-05,5.91309772035138e-05
"984",49.15,1.4893653319007e-05,1.52383319568885e-05,7.47445835101146e-06,2.2258470071397e-05,2.9569187658756e-05,4.40300262283706e-05,5.82795356109417e-05
"985",49.2,1.46791103552369e-05,1.50188241568854e-05,7.36678611152551e-06,2.1937844969539e-05,2.91432648116105e-05,4.33958358936906e-05,5.74401403813475e-05
"986",49.25,1.44676045960898e-05,1.48024238394222e-05,7.26063822632348e-06,2.16217586068773e-05,2.87233709868504e-05,4.2770621769492e-05,5.66126246634787e-05
"987",49.3,1.42590939329603e-05,1.45890879217546e-05,7.15599355910123e-06,2.1310148063751e-05,2.83094226139689e-05,4.21542594584324e-05,5.57968238568408e-05
"988",49.35,1.40535368262635e-05,1.43787739033166e-05,7.05283125923736e-06,2.10029512705545e-05,2.79013372512635e-05,4.15466262427118e-05,5.49925755823568e-05
"989",49.4,1.38508922979918e-05,1.41714398581052e-05,6.95113075805425e-06,2.07001069966234e-05,2.7499033571085e-05,4.09476010621436e-05,5.41997196533906e-05
"990",49.45,1.36511199243655e-05,1.39670444271608e-05,6.85087176512656e-06,2.04015548392599e-05,2.71024313452708e-05,4.03570644925014e-05,5.34180980471319e-05
"991",49.5,1.34541798285747e-05,1.37655468111423e-05,6.75203426463555e-06,2.01072352128955e-05,2.67114514307603e-05,3.97748987241345e-05,5.26475548763372e-05
"992",49.55,1.32600326736128e-05,1.35669067629944e-05,6.65459851176958e-06,1.981708933839e-05,2.63260157553907e-05,3.92009875408517e-05,5.18879363614237e-05
"993",49.6,1.30686396552004e-05,1.33710845807084e-05,6.55854502916967e-06,1.95310592324641e-05,2.59460473038703e-05,3.86352162990687e-05,5.11390908029107e-05
"994",49.65,1.2879962494797e-05,1.31780411001716e-05,6.46385460341966e-06,1.92490876972645e-05,2.55714701039283e-05,3.80774719072161e-05,5.04008685542056e-05
"995",49.7,1.26939634327017e-05,1.29877376881102e-05,6.37050828158092e-06,1.89711183100615e-05,2.52022092126381e-05,3.75276428054063e-05,4.96731219947312e-05
"996",49.75,1.25106052212396e-05,1.28001362351166e-05,6.27848736777022e-06,1.86970954130741e-05,2.48381907029119e-05,3.69856189453541e-05,4.89557055033868e-05
"997",49.8,1.23298511180354e-05,1.26151991487688e-05,6.18777341978121e-06,1.84269641034247e-05,2.44793416501661e-05,3.64512917705504e-05,4.8248475432344e-05
"998",49.85,1.21516648793706e-05,1.2432889346833e-05,6.09834824574818e-06,1.81606702232194e-05,2.4125590119154e-05,3.59245541966838e-05,4.75512900811702e-05
"999",49.9,1.19760107536246e-05,1.22531702505544e-05,6.01019390085204e-06,1.78981603497537e-05,2.37768651509632e-05,3.54053005923088e-05,4.68640096712751e-05
"1000",49.95,1.18028534747994e-05,1.20760057780314e-05,5.92329268406805e-06,1.76393817858418e-05,2.34330967501786e-05,3.48934267597569e-05,4.6186496320681e-05
"1001",50,1.16321582561252e-05,1.19013603376736e-05,5.83762713495438e-06,1.73842825502669e-05,2.30942158722057e-05,3.43888299162879e-05,4.5518614019107e-05
"1002",50.05,1.14638907837472e-05,1.17291988217428e-05,5.75318003048156e-06,1.71328113683539e-05,2.27601544107549e-05,3.38914086754787e-05,4.48602286033683e-05
"1003",50.1,1.12980172104921e-05,1.15594865999757e-05,5.66993438190194e-06,1.68849176626595e-05,2.24308451854835e-05,3.34010630288465e-05,4.42112077330852e-05
"1004",50.15,1.11345041497136e-05,1.13921895132868e-05,5.58787343165879e-06,1.66405515437809e-05,2.21062219297928e-05,3.2917694327704e-05,4.35714208666958e-05
"1005",50.2,1.09733186692163e-05,1.12272738675516e-05,5.50698065033465e-06,1.63996638012807e-05,2.17862192787817e-05,3.24412052652436e-05,4.29407392377743e-05
"1006",50.25,1.08144282852553e-05,1.10647064274687e-05,5.42723973363834e-06,1.61622058947267e-05,2.14707727573502e-05,3.19714998588475e-05,4.23190358316448e-05
"1007",50.3,1.06578009566133e-05,1.09044544104986e-05,5.34863459943021e-06,1.5928129944845e-05,2.11598187684556e-05,3.15084834326221e-05,4.17061853622927e-05
"1008",50.35,1.05034050787523e-05,1.07464854808815e-05,5.27114938478527e-06,1.56973887247859e-05,2.08532945815165e-05,3.1052062600153e-05,4.11020642495664e-05
"1009",50.4,1.03512094780394e-05,1.05907677437284e-05,5.1947684430935e-06,1.54699356514997e-05,2.05511383209638e-05,3.06021452474786e-05,4.05065505966674e-05
"1010",50.45,1.02011834060463e-05,1.043726973919e-05,5.1194763411972e-06,1.52457247772232e-05,2.02532889549375e-05,3.01586405162788e-05,3.9919524167926e-05
"1011",50.5,1.00532965339212e-05,1.02859604366978e-05,5.0452578565646e-06,1.50247107810732e-05,1.99596862841263e-05,2.97214587872776e-05,3.9340866366857e-05
"1012",50.55,9.9075189468322e-06,1.01368092292791e-05,4.97209797449963e-06,1.48068489607477e-05,1.96702709307499e-05,2.92905116638555e-05,3.87704602144944e-05
"1013",50.6,9.76382113848167e-06,9.9897859279452e-06,4.89998188538723e-06,1.45920952243326e-05,1.93849843276809e-05,2.88657119558713e-05,3.82081903280014e-05
"1014",50.65,9.6221740056904e-06,9.8448607561496e-06,4.82889498197365e-06,1.43804060822125e-05,1.9103768707705e-05,2.84469736636882e-05,3.76539428995498e-05
"1015",50.7,9.48254884305091e-06,9.70200434431825e-06,4.75882285668168e-06,1.41717386390847e-05,1.88265670929183e-05,2.80342119624033e-05,3.710760567547e-05
"1016",50.75,9.34491733764883e-06,9.56118772444855e-06,4.68975129895994e-06,1.3966050586075e-05,1.85533232842596e-05,2.76273431862782e-05,3.65690679356639e-05
"1017",50.8,9.20925156385184e-06,9.42238232477804e-06,4.62166629266618e-06,1.37633001929542e-05,1.82839818511759e-05,2.72262848133675e-05,3.60382204732809e-05
"1018",50.85,9.07552397816524e-06,9.2855599645211e-06,4.5545540134841e-06,1.3563446300454e-05,1.80184881214207e-05,2.68309554503437e-05,3.55149555746528e-05
"1019",50.9,8.9437074141531e-06,9.15069284867258e-06,4.48840082637301e-06,1.3366448312681e-05,1.77567881709809e-05,2.6441274817515e-05,3.49991669994826e-05
"1020",50.95,8.81377507742456e-06,9.01775356287821e-06,4.42319328305039e-06,1.31722661896278e-05,1.74988288141345e-05,2.60571637340344e-05,3.4490749961288e-05
"1021",51,8.68570054068423e-06,8.88671506837065e-06,4.35891811950646e-06,1.29808604397796e-05,1.72445575936334e-05,2.5678544103298e-05,3.3989601108092e-05
"1022",51.05,8.55945773884608e-06,8.7575506969702e-06,4.29556225355083e-06,1.27921921128159e-05,1.69939227710134e-05,2.53053388985298e-05,3.3495618503362e-05
"1023",51.1,8.43502096420997e-06,8.63023414615026e-06,4.23311278239053e-06,1.26062227924058e-05,1.67468733170275e-05,2.49374721485508e-05,3.30087016071916e-05
"1024",51.15,8.31236486170001e-06,8.50473947416518e-06,4.17155698023911e-06,1.24229145890948e-05,1.65033589022019e-05,2.45748689237302e-05,3.25287512577222e-05
"1025",51.2,8.19146442416404e-06,8.38104109524125e-06,4.11088229595648e-06,1.22422301332841e-05,1.6263329887513e-05,2.42174553221164e-05,3.20556696528037e-05
"1026",51.25,8.07229498773352e-06,8.25911377482944e-06,4.05107635071909e-06,1.20641325682988e-05,1.60267373151842e-05,2.38651584557459e-05,3.15893603318884e-05
"1027",51.3,7.95483222724305e-06,8.1389326249187e-06,3.99212693572003e-06,1.18885855435462e-05,1.57935328996007e-05,2.35179064371275e-05,3.11297281581578e-05
"1028",51.35,7.83905215170894e-06,8.02047309941028e-06,3.93402200989887e-06,1.17155532077613e-05,1.55636690183414e-05,2.31756283659008e-05,3.06766793008788e-05
"1029",51.4,7.72493109986559e-06,7.90371098955072e-06,3.87674969770048e-06,1.15450002023394e-05,1.53370987033253e-05,2.28382543156645e-05,3.02301212179846e-05
"1030",51.45,7.61244573575988e-06,7.78862241942465e-06,3.82029828686304e-06,1.13768916547549e-05,1.51137756320726e-05,2.25057153209756e-05,2.97899626388814e-05
"1031",51.5,7.5015730444019e-06,7.67518384150466e-06,3.76465622623429e-06,1.12111931720642e-05,1.48936541190779e-05,2.21779433645141e-05,2.93561135474739e-05
"1032",51.55,7.39229032747191e-06,7.56337203225913e-06,3.70981212361611e-06,1.1047870834493e-05,1.46766891072944e-05,2.18548713644147e-05,2.89284851654102e-05
"1033",51.6,7.28457519908281e-06,7.45316408781664e-06,3.65575474363695e-06,1.08868911891054e-05,1.44628361597282e-05,2.15364331617597e-05,2.85069899355419e-05
"1034",51.65,7.1784055815971e-06,7.34453741968649e-06,3.60247300565156e-06,1.07282212435559e-05,1.42520514511407e-05,2.12225635082345e-05,2.80915415055967e-05
"1035",51.7,7.07375970149805e-06,7.23746975053404e-06,3.54995598166812e-06,1.05718284599209e-05,1.40442917598583e-05,2.09131980539415e-05,2.76820547120621e-05
"1036",51.75,6.97061608531421e-06,7.13193911001116e-06,3.49819289430199e-06,1.04176807486107e-05,1.38395144596877e-05,2.06082733353714e-05,2.7278445564276e-05
"1037",51.8,6.86895355559648e-06,7.02792383064019e-06,3.44717311475598e-06,1.02657464623598e-05,1.36376775119357e-05,2.03077267635299e-05,2.68806312287224e-05
"1038",51.85,6.76875122694753e-06,6.92540254375187e-06,3.39688616082684e-06,1.01159943902952e-05,1.34387394575324e-05,2.00114966122172e-05,2.64885300135309e-05
"1039",51.9,6.66998850210233e-06,6.8243541754747e-06,3.34732169493749e-06,9.96839375208108e-06,1.32426594092559e-05,1.97195220064599e-05,2.6102061353175e-05
"1040",51.95,6.57264506805977e-06,6.72475794277754e-06,3.29846952219486e-06,9.8229141921398e-06,1.30493970440581e-05,1.94317429110919e-05,2.57211457933689e-05
"1041",52,6.47670089226419e-06,6.62659334956271e-06,3.25031958847285e-06,9.67952577394754e-06,1.28589125954892e-05,1.9148100119483e-05,2.53457049761594e-05
"1042",52.05,6.38213621883654e-06,6.52984018280981e-06,3.20286197852012e-06,9.53819897440379e-06,1.26711668462217e-05,1.88685352424138e-05,2.49756616252105e-05
"1043",52.1,6.28893156485457e-06,6.43447850877033e-06,3.15608691409268e-06,9.39890467827428e-06,1.24861211206696e-05,1.85929906970948e-05,2.46109395312788e-05
"1044",52.15,6.19706771668111e-06,6.34048866921059e-06,3.10998475211044e-06,9.26161417270561e-06,1.23037372777051e-05,1.83214096963274e-05,2.42514635378769e-05
"1045",52.2,6.10652572634036e-06,6.24785127770429e-06,3.06454598283802e-06,9.12629914181159e-06,1.21239777034686e-05,1.80537362378061e-05,2.38971595271229e-05
"1046",52.25,6.017286907941e-06,6.1565472159733e-06,3.01976122808896e-06,8.99293166132947e-06,1.19468053042728e-05,1.7789915093559e-05,2.35479544057729e-05
"1047",52.3,5.9293328341461e-06,6.06655763027538e-06,2.97562123945361e-06,8.86148419334617e-06,1.17721834995991e-05,1.75298917995263e-05,2.32037760914352e-05
"1048",52.35,5.84264533268887e-06,5.97786392783972e-06,2.9321168965498e-06,8.73192958109279e-06,1.16000762151843e-05,1.72736126452732e-05,2.28645534989639e-05
"1049",52.4,5.75720648293377e-06,5.8904477733484e-06,2.88923920529649e-06,8.604241043807e-06,1.14304478761986e-05,1.70210246638374e-05,2.25302165270282e-05
"1050",52.45,5.67299861248258e-06,5.80429108546403e-06,2.84697929620996e-06,8.47839217166253e-06,1.1263263400511e-05,1.67720756217086e-05,2.22006960448577e-05
"1051",52.5,5.59000429382455e-06,5.71937603340232e-06,2.80532842272204e-06,8.35435692076444e-06,1.10984881920439e-05,1.6526714008938e-05,2.18759238791591e-05
"1052",52.55,5.50820634103049e-06,5.63568503354979e-06,2.76427795952053e-06,8.23210960821011e-06,1.09360881342131e-05,1.62848890293775e-05,2.15558328012038e-05
"1053",52.6,5.42758780648988e-06,5.5532007461254e-06,2.72381940091115e-06,8.11162490721432e-06,1.07760295834543e-05,1.60465505910454e-05,2.12403565140839e-05
"1054",52.65,5.34813197769056e-06,5.47190607188581e-06,2.68394435920092e-06,7.99287784229812e-06,1.06182793628337e-05,1.58116492966179e-05,2.09294296401334e-05
"1055",52.7,5.26982237404073e-06,5.39178414887375e-06,2.64464456310275e-06,7.87584378454074e-06,1.04628047557418e-05,1.55801364340454e-05,2.06229877085148e-05
"1056",52.75,5.1926427437323e-06,5.31281834920899e-06,2.60591185616084e-06,7.76049844689329e-06,1.03095734996705e-05,1.53519639672904e-05,2.03209671429665e-05
"1057",52.8,5.11657706064545e-06,5.23499227592124e-06,2.56773819519671e-06,7.64681787955403e-06,1.01585537800707e-05,1.51270845271872e-05,2.0023305249711e-05
"1058",52.85,5.04160952129367e-06,5.1582897598244e-06,2.53011564877563e-06,7.53477846540407e-06,1.00097142242908e-05,1.49054514024206e-05,1.97299402055208e-05
"1059",52.9,4.96772454180874e-06,5.08269485643205e-06,2.49303639569306e-06,7.42435691550277e-06,9.86302389559403e-06,1.4687018530623e-05,1.94408110459402e-05
"1060",52.95,4.89490675496543e-06,5.00819184291321e-06,2.45649272348106e-06,7.31553026464238e-06,9.71845228725515e-06,1.44717404895882e-05,1.9155857653662e-05
"1061",53,4.82314100724504e-06,4.93476521508785e-06,2.4204770269342e-06,7.20827586696077e-06,9.57596931673328e-06,1.42595724885993e-05,1.88750207470549e-05
"1062",53.05,4.75241235593762e-06,4.86239968446226e-06,2.38498180665489e-06,7.10257139161188e-06,9.43554531992212e-06,1.40504703598717e-05,1.85982418688426e-05
"1063",53.1,4.68270606628217e-06,4.79108017530308e-06,2.34999966761776e-06,6.99839481849291e-06,9.29715104547529e-06,1.38443905501074e-05,1.83254633749308e-05
"1064",53.15,4.61400760864438e-06,4.72079182174973e-06,2.31552331775296e-06,6.89572443402762e-06,9.16075764920597e-06,1.36412901121599e-05,1.805662842338e-05
"1065",53.2,4.54630265573161e-06,4.65151996496487e-06,2.28154556654808e-06,6.79453882700519e-06,9.02633668856057e-06,1.34411266968097e-05,1.77916809635243e-05
"1066",53.25,4.47957707984436e-06,4.58325015032243e-06,2.24805932366844e-06,6.69481688447358e-06,8.89386011716466e-06,1.32438585446467e-05,1.75305657252319e-05
"1067",53.3,4.41381695016401e-06,4.51596812463261e-06,2.21505759759557e-06,6.59653778768712e-06,8.76330027944081e-06,1.30494444780597e-05,1.72732282083075e-05
"1068",53.35,4.34900853007621e-06,4.44965983340332e-06,2.18253349428363e-06,6.49968100810733e-06,8.63462990529728e-06,1.28578438933315e-05,1.70196146720336e-05
"1069",53.4,4.28513827452961e-06,4.38431141813777e-06,2.15048021583352e-06,6.40422630345651e-06,8.50782210488656e-06,1.26690167528375e-05,1.67696721248491e-05
"1070",53.45,4.22219282742934e-06,4.31990921366776e-06,2.11889105918449e-06,6.31015371382322e-06,8.38285036343305e-06,1.24829235773478e-05,1.65233483141647e-05
"1071",53.5,4.16015901906485e-06,4.25643974552193e-06,2.08775941482296e-06,6.21744355781914e-06,8.25968853612875e-06,1.22995254384297e-05,1.6280591716311e-05
"1072",53.55,4.09902386357182e-06,4.19388972732894e-06,2.05707876550849e-06,6.12607642878672e-06,8.13831084309652e-06,1.21187839509512e-05,1.604135152662e-05
"1073",53.6,4.03877455642745e-06,4.13224605825504e-06,2.02684268501645e-06,6.03603319105686e-06,8.01869186441967e-06,1.19406612656832e-05,1.58055776496377e-05
"1074",53.65,3.97939847197893e-06,4.07149582047508e-06,1.99704483689746e-06,5.94729497625594e-06,7.90080653523715e-06,1.17651200619987e-05,1.55732206894643e-05
"1075",53.7,3.92088316100449e-06,4.01162627667724e-06,1.96767897325304e-06,5.8598431796617e-06,7.78463014090362e-06,1.15921235406694e-05,1.53442319402235e-05
"1076",53.75,3.86321634830679e-06,3.95262486760092e-06,1.93873893352763e-06,5.77365945660731e-06,7.67013831221333e-06,1.14216354167565e-05,1.51185633766562e-05
"1077",53.8,3.8063859303381e-06,3.89447920960669e-06,1.91021864331648e-06,5.68872571893296e-06,7.55730702068744e-06,1.12536199125964e-05,1.489616764484e-05
"1078",53.85,3.75037997285698e-06,3.83717709227905e-06,1.88211211318943e-06,5.60502413148455e-06,7.44611257392343e-06,1.1088041750878e-05,1.46769980530299e-05
"1079",53.9,3.69518670861588e-06,3.78070647606031e-06,1.85441343753017e-06,5.52253710865854e-06,7.33653161100624e-06,1.09248661478131e-05,1.44610085626211e-05
"1080",53.95,3.64079453507957e-06,3.72505548991637e-06,1.82711679339096e-06,5.44124731099276e-06,7.22854109798014e-06,1.07640588063956e-05,1.4248153779231e-05
"1081",54,3.58719201217362e-06,3.67021242903303e-06,1.80021643936249e-06,5.36113764180226e-06,7.12211832338054e-06,1.06055859097512e-05,1.40383889438993e-05
"1082",54.05,3.53436786006288e-06,3.61616575254324e-06,1.77370671445879e-06,5.28219124385991e-06,7.01724089382516e-06,1.04494141145748e-05,1.38316699244048e-05
"1083",54.1,3.48231095695944e-06,3.56290408128412e-06,1.74758203701692e-06,5.20439149612102e-06,6.9138867296637e-06,1.0295510544655e-05,1.36279532066973e-05
"1084",54.15,3.43101033695963e-06,3.51041619558416e-06,1.72183690361121e-06,5.12772201049134e-06,6.81203406068513e-06,1.01438427844841e-05,1.34271958864428e-05
"1085",54.2,3.38045518790985e-06,3.4586910330794e-06,1.69646588798209e-06,5.05216662863816e-06,6.7116614218821e-06,9.99437887295369e-06,1.32293556606812e-05
"1086",54.25,3.33063484930069e-06,3.40771768655912e-06,1.67146363997901e-06,4.97770941884369e-06,6.6127476492716e-06,9.84708729713345e-06,1.30343908195949e-05
"1087",54.3,3.28153881018908e-06,3.35748540183979e-06,1.64682488451744e-06,4.90433467290018e-06,6.5152718757711e-06,9.70193698613253e-06,1.28422602383861e-05
"1088",54.35,3.23315670714816e-06,3.30798357566741e-06,1.62254442054988e-06,4.83202690304669e-06,6.41921352712976e-06,9.55889730504302e-06,1.26529233692628e-05
"1089",54.4,3.18547832224434e-06,3.259201753648e-06,1.59861712005042e-06,4.76077083894619e-06,6.32455231791346e-06,9.4179380489635e-06,1.24663402335309e-05
"1090",54.45,3.13849358104136e-06,3.21112962820525e-06,1.57503792701291e-06,4.69055142470327e-06,6.23126824754366e-06,9.27902943710249e-06,1.22824714137914e-05
"1091",54.5,3.09219255063099e-06,3.16375703656589e-06,1.55180185646249e-06,4.62135381592145e-06,6.13934159638871e-06,9.14214210696022e-06,1.2101278046242e-05
"1092",54.55,3.04656543768987e-06,3.11707395877134e-06,1.52890399348023e-06,4.55316337679964e-06,6.0487529219074e-06,9.00724710858784e-06,1.19227218130806e-05
"1093",54.6,3.00160258656243e-06,3.07107051571646e-06,1.5063394922409e-06,4.48596567726751e-06,5.95948305484401e-06,8.87431589892352e-06,1.17467649350106e-05
"1094",54.65,2.95729447736925e-06,3.02573696721406e-06,1.48410357506345e-06,4.41974649015892e-06,5.87151309547392e-06,8.74332033620357e-06,1.15733701638455e-05
"1095",54.7,2.91363172414078e-06,2.98106371008546e-06,1.46219153147433e-06,4.35449178842319e-06,5.78482440989951e-06,8.61423267444865e-06,1.14025007752128e-05
"1096",54.75,2.87060507297595e-06,2.93704127627655e-06,1.44059871728315e-06,4.29018774237361e-06,5.69939862639551e-06,8.48702555802319e-06,1.12341205613544e-05
"1097",54.8,2.8282054002254e-06,2.89366033099887e-06,1.41932055367086e-06,4.22682071697259e-06,5.61521763180302e-06,8.36167201626761e-06,1.10681938240243e-05
"1098",54.85,2.78642371069903e-06,2.8509116708958e-06,1.39835252629001e-06,4.16437726915339e-06,5.53226356797201e-06,8.23814545820241e-06,1.09046853674801e-05
"1099",54.9,2.74525113589747e-06,2.80878622223306e-06,1.37769018437713e-06,4.10284414517733e-06,5.45051882825108e-06,8.1164196673028e-06,1.07435604915687e-05
"1100",54.95,2.70467893226731e-06,2.76727503911363e-06,1.35732913987692e-06,4.04220827802667e-06,5.36996605402451e-06,7.99646879634351e-06,1.05847849849041e-05
"1101",55,2.66469847947965e-06,2.72636930171636e-06,1.33726506657827e-06,3.98245678483224e-06,5.29058813129545e-06,7.87826736231236e-06,1.04283251181374e-05
"1102",55.05,2.62530127873167e-06,2.68606031455841e-06,1.31749369926172e-06,3.92357696433553e-06,5.2123681873149e-06,7.76179024139202e-06,1.02741476373154e-05
"1103",55.1,2.58647895107111e-06,2.64633950478075e-06,1.29801083285854e-06,3.86555629438491e-06,5.13528958725604e-06,7.64701266400909e-06,1.01222197573294e-05
"1104",55.15,2.54822323574303e-06,2.60719842045693e-06,1.27881232162085e-06,3.80838242946526e-06,5.05933593093286e-06,7.53391020994932e-06,9.97250915545105e-06
"1105",55.2,2.51052598855894e-06,2.56862872892422e-06,1.25989407830316e-06,3.75204319826095e-06,4.98449104956313e-06,7.42245880353864e-06,9.82498396495555e-06
"1106",55.25,2.47337918028767e-06,2.53062221513746e-06,1.24125207335461e-06,3.69652660125125e-06,4.91073900257449e-06,7.31263470888843e-06,9.67961276882938e-06
"1107",55.3,2.43677489506801e-06,2.49317078004478e-06,1.2228823341223e-06,3.6418208083384e-06,4.83806407445373e-06,7.20441452520507e-06,9.5363645935634e-06
"1108",55.35,2.40070532884251e-06,2.45626643898536e-06,1.20478094406518e-06,3.58791415650719e-06,4.76645077163815e-06,7.09777518216213e-06,9.39520890302879e-06
"1109",55.4,2.36516278781243e-06,2.4199013201085e-06,1.18694404197857e-06,3.53479514751617e-06,4.69588381944879e-06,6.99269393533483e-06,9.25611559243522e-06
"1110",55.45,2.33013968691354e-06,2.3840676628142e-06,1.16936782122912e-06,3.48245244561997e-06,4.62634815906498e-06,6.88914836169599e-06,9.11905498237055e-06
"1111",55.5,2.29562854831223e-06,2.34875781621446e-06,1.152048529e-06,3.4308748753221e-06,4.5578289445394e-06,6.78711635517235e-06,8.98399781292024e-06
"1112",55.55,2.2616219999221e-06,2.31396423761554e-06,1.13498246554636e-06,3.38005141915816e-06,4.49031153985356e-06,6.68657612226087e-06,8.85091523786623e-06
"1113",55.6,2.22811277394033e-06,2.27967949102052e-06,1.11816598346073e-06,3.32997121550878e-06,4.42378151601267e-06,6.58750617770393e-06,8.71977881896362e-06
"1114",55.65,2.19509370540392e-06,2.24589624565205e-06,1.10159548694832e-06,3.28062355644205e-06,4.35822464817979e-06,6.48988534022271e-06,8.59056052029445e-06
"1115",55.7,2.16255773076531e-06,2.21260727449512e-06,1.0852674311122e-06,3.23199788558517e-06,4.29362691284864e-06,6.3936927283083e-06,8.46323270269777e-06
"1116",55.75,2.13049788648723e-06,2.17980545285927e-06,1.06917832124797e-06,3.18408379602454e-06,4.22997448505439e-06,6.2989077560692e-06,8.33776811827436e-06
"1117",55.8,2.09890730765652e-06,2.14748375696046e-06,1.05332471214806e-06,3.13687102823445e-06,4.16725373562224e-06,6.20551012913516e-06,8.21413990496595e-06
"1118",55.85,2.06777922661668e-06,2.11563526252187e-06,1.0377032074154e-06,3.09034946803358e-06,4.105451228453e-06,6.11347984061608e-06,8.09232158120728e-06
"1119",55.9,2.03710697161885e-06,2.08425314339373e-06,1.0223104587863e-06,3.04450914456908e-06,4.04455371784532e-06,6.02279716711545e-06,7.97228704065043e-06
"1120",55.95,2.00688396549102e-06,2.05333067019183e-06,1.00714316546259e-06,2.99934022832799e-06,3.9845481458543e-06,5.93344266479781e-06,7.85401054696042e-06
"1121",56,1.97710372432531e-06,2.02286120895418e-06,9.92198073452673e-07,2.95483302917545e-06,3.92542163968548e-06,5.84539716550913e-06,7.73746672868102e-06
"1122",56.05,1.94775985618284e-06,1.99283821981612e-06,9.77471974921592e-07,2.91097799441947e-06,3.86716150912429e-06,5.75864177294974e-06,7.62263057416996e-06
"1123",56.1,1.91884605981632e-06,1.96325525570333e-06,9.62961707549818e-07,2.86776570690191e-06,3.80975524400025e-06,5.67315785889906e-06,7.50947742660278e-06
"1124",56.15,1.89035612340981e-06,1.93410596104234e-06,9.48664153900757e-07,2.82518688311523e-06,3.75319051168539e-06,5.58892705949129e-06,7.39798297904397e-06
"1125",56.2,1.86228392333555e-06,1.90538407048865e-06,9.3457624079682e-07,2.78323237134482e-06,3.69745515462662e-06,5.5059312715416e-06,7.28812326958505e-06
"1126",56.25,1.83462342292764e-06,1.87708340767207e-06,9.20694938703926e-07,2.74189314983637e-06,3.64253718791146e-06,5.42415264892198e-06,7.17987467654834e-06
"1127",56.3,1.80736867127241e-06,1.84919788395902e-06,9.07017261124377e-07,2.70116032498828e-06,3.58842479686685e-06,5.34357359898633e-06,7.07321391375571e-06
"1128",56.35,1.78051380201514e-06,1.82172149723169e-06,8.93540263997957e-07,2.66102512956838e-06,3.53510633469043e-06,5.26417677904391e-06,6.96811802586164e-06
"1129",56.4,1.7540530321829e-06,1.79464833068367e-06,8.80261045111148e-07,2.62147892095493e-06,3.48257032011401e-06,5.18594509288059e-06,6.86456438374917e-06
"1130",56.45,1.72798066102353e-06,1.76797255163195e-06,8.67176743514371e-07,2.58251317940154e-06,3.43080543509864e-06,5.10886168732733e-06,6.76253067998865e-06
"1131",56.5,1.70229106886021e-06,1.74168841034517e-06,8.54284538947143e-07,2.54411950632547e-06,3.37980052256111e-06,5.03290994887527e-06,6.66199492435789e-06
"1132",56.55,1.67697871596172e-06,1.71579023888753e-06,8.4158165127104e-07,2.50628962261941e-06,3.32954458413123e-06,4.95807350033667e-06,6.56293543942324e-06
"1133",56.6,1.65203814142799e-06,1.69027244997875e-06,8.29065339910378e-07,2.46901536698605e-06,3.28002677793961e-06,4.88433619755137e-06,6.46533085618066e-06
"1134",56.65,1.62746396209083e-06,1.66512953586921e-06,8.16732903300482e-07,2.43228869429531e-06,3.23123641643553e-06,4.81168212613785e-06,6.36916010975596e-06
"1135",56.7,1.60325087142958e-06,1.64035606723056e-06,8.04581678343472e-07,2.39610167396396e-06,3.18316296423444e-06,4.74009559828858e-06,6.27440243516361e-06
"1136",56.75,1.57939363850152e-06,1.61594669206144e-06,7.92609039871448e-07,2.36044648835724e-06,3.13579603599476e-06,4.66956114960883e-06,6.18103736312303e-06
"1137",56.8,1.55588710688689e-06,1.591896134608e-06,7.8081240011699e-07,2.32531543121222e-06,3.08912539432363e-06,4.60006353599866e-06,6.08904471593198e-06
"1138",56.85,1.53272619364823e-06,1.56819919429923e-06,7.69189208190875e-07,2.29070090608276e-06,3.04314094771111e-06,4.53158773057725e-06,5.9984046033961e-06
"1139",56.9,1.50990588830392e-06,1.54485074469666e-06,7.57736949566893e-07,2.25659542480547e-06,2.99783274849253e-06,4.46411892064914e-06,5.90909741881377e-06
"1140",56.95,1.48742125181566e-06,1.52184573245855e-06,7.46453145573708e-07,2.22299160598673e-06,2.95319099083865e-06,4.39764250471182e-06,5.82110383501577e-06
"1141",57,1.46526741558986e-06,1.49917917631801e-06,7.35335352893623e-07,2.18988217351021e-06,2.90920600877318e-06,4.33214408950405e-06,5.7344048004588e-06
"1142",57.05,1.44343958049255e-06,1.47684616607525e-06,7.24381163068211e-07,2.15725995506488e-06,2.86586827421733e-06,4.26760948709454e-06,5.6489815353724e-06
"1143",57.1,1.42193301587782e-06,1.45484186160343e-06,7.13588202010681e-07,2.12511788069304e-06,2.82316839506115e-06,4.20402471201029e-06,5.56481552795842e-06
"1144",57.15,1.40074305862943e-06,1.4331614918682e-06,7.02954129524894e-07,2.09344898135814e-06,2.78109711326101e-06,4.14137597840411e-06,5.48188853064213e-06
"1145",57.2,1.3798651122156e-06,1.41180035396055e-06,6.92476638830969e-07,2.06224638753222e-06,2.73964530296328e-06,4.07964969726081e-06,5.40018255637485e-06
"1146",57.25,1.3592946457567e-06,1.39075381214293e-06,6.82153456097357e-07,2.03150332780266e-06,2.69880396865344e-06,4.01883247364163e-06,5.31967987498685e-06
"1147",57.3,1.33902719310561e-06,1.37001729690833e-06,6.71982339979315e-07,2.00121312749787e-06,2.65856424333063e-06,3.95891110396622e-06,5.24036300959004e-06
"1148",57.35,1.31905835194078e-06,1.34958630405239e-06,6.619610811637e-07,1.97136920733195e-06,2.61891738670712e-06,3.89987257333187e-06,5.16221473303011e-06
"1149",57.4,1.29938378287155e-06,1.32945639375798e-06,6.52087501919983e-07,1.9419650820677e-06,2.57985478343239e-06,3.84170405286933e-06,5.08521806438686e-06
"1150",57.45,1.27999920855591e-06,1.30962318969252e-06,6.42359455657416e-07,1.91299435919805e-06,2.54136794134151e-06,3.78439289713491e-06,5.00935626552261e-06
"1151",57.5,1.26090041283011e-06,1.29008237811758e-06,6.32774826488259e-07,1.88445073764557e-06,2.5034484897276e-06,3.72792664153816e-06,4.93461283767786e-06
"1152",57.55,1.24208323985041e-06,1.27082970701056e-06,6.23331528796986e-07,1.85632800647962e-06,2.46608817763774e-06,3.67229299980486e-06,4.86097151811334e-06
"1153",57.6,1.22354359324645e-06,1.25186098519864e-06,6.14027506815414e-07,1.82862004365134e-06,2.42927887219252e-06,3.61747986147474e-06,4.78841627679841e-06
"1154",57.65,1.20527743528624e-06,1.23317208150443e-06,6.04860734203629e-07,1.80132081474569e-06,2.3930125569283e-06,3.56347528943349e-06,4.71693131314449e-06
"1155",57.7,1.18728078605273e-06,1.21475892390334e-06,5.95829213636689e-07,1.77442437175088e-06,2.35728133016253e-06,3.51026751747861e-06,4.64650105278352e-06
"1156",57.75,1.16954972263148e-06,1.19661749869266e-06,5.86930976396981e-07,1.74792485184449e-06,2.32207740338121e-06,3.45784494791871e-06,4.57711014439051e-06
"1157",57.8,1.15208037830964e-06,1.17874384967186e-06,5.78164081972171e-07,1.72181647619633e-06,2.28739309964869e-06,3.40619614920558e-06,4.50874345654958e-06
"1158",57.85,1.13486894178588e-06,1.16113407733427e-06,5.69526617658695e-07,1.69609354878772e-06,2.25322085203916e-06,3.35530985359901e-06,4.44138607466331e-06
"1159",57.9,1.1179116563911e-06,1.14378433806979e-06,5.6101669817067e-07,1.67075045524701e-06,2.21955320208978e-06,3.30517495486346e-06,4.37502329790415e-06
"1160",57.95,1.10120481932002e-06,1.12669084337866e-06,5.52632465254212e-07,1.64578166170109e-06,2.18638279827504e-06,3.25578050599654e-06,4.30964063620804e-06
"1161",58,1.08474478087312e-06,1.10984985909589e-06,5.44372087307025e-07,1.62118171364265e-06,2.15370239450204e-06,3.20711571698859e-06,4.24522380730913e-06
"1162",58.05,1.06852794370921e-06,1.09325770462648e-06,5.36233759003244e-07,1.5969452348131e-06,2.12150484862653e-06,3.15916995261312e-06,4.1817587338154e-06
"1163",58.1,1.05255076210813e-06,1.07691075219113e-06,5.28215700923436e-07,1.57306692610078e-06,2.08978312098935e-06,3.11193273024769e-06,4.11923154032439e-06
"1164",58.15,1.03680974124368e-06,1.0608054260823e-06,5.20316159189681e-07,1.54954156445437e-06,2.05853027297298e-06,3.06539371772464e-06,4.0576285505787e-06
"1165",58.2,1.02130143646653e-06,1.04493820193055e-06,5.12533405105706e-07,1.52636400181128e-06,2.02773946557799e-06,3.01954273121158e-06,3.99693628466061e-06
"1166",58.25,1.00602245259706e-06,1.02930560598094e-06,5.04865734801939e-07,1.50352916404077e-06,1.9974039580191e-06,2.97436973312089e-06,3.93714145622533e-06
"1167",58.3,9.90969443227835e-07,1.01390421437952e-06,4.97311468885495e-07,1.48103204990161e-06,1.96751710634057e-06,2.92986483004822e-06,3.87823096977235e-06
"1168",58.35,9.76139110035831e-07,9.98730652469468e-07,4.89868952094957e-07,1.45886773001421e-06,1.93807236205071e-06,2.88601827073922e-06,3.82019191795447e-06
"1169",58.4,9.61528202104033e-07,9.83781594097104e-07,4.82536552959925e-07,1.43703134584678e-06,1.90906327077512e-06,2.84282044408437e-06,3.76301157892376e-06
"1170",58.45,9.47133515252473e-07,9.69053760927407e-07,4.75312663465282e-07,1.41551810871561e-06,1.88048347092868e-06,2.80026187714155e-06,3.70667741371434e-06
"1171",58.5,9.32951891378443e-07,9.54543921768943e-07,4.68195698720062e-07,1.39432329879906e-06,1.8523266924057e-06,2.75833323318575e-06,3.65117706366106e-06
"1172",58.55,9.18980217805864e-07,9.40248891908215e-07,4.61184096630919e-07,1.37344226416522e-06,1.82458675528823e-06,2.71702530978583e-06,3.59649834785402e-06
"1173",58.6,9.0521542664361e-07,9.26165532453121e-07,4.54276317580089e-07,1.35287041981293e-06,1.79725756857223e-06,2.67632903690775e-06,3.54262926062803e-06
"1174",58.65,8.91654494152701e-07,9.12290749685493e-07,4.47470844107807e-07,1.33260324672614e-06,1.77033312891127e-06,2.63623547504403e-06,3.48955796908688e-06
"1175",58.7,8.78294440122276e-07,8.98621494422625e-07,4.40766180599119e-07,1.31263629094127e-06,1.74380751937767e-06,2.59673581336913e-06,3.4372728106618e-06
"1176",58.75,8.65132327254143e-07,8.85154761387638e-07,4.34160852975016e-07,1.29296516262749e-06,1.71767490824072e-06,2.55782136792017e-06,3.38576229070363e-06
"1177",58.8,8.52165260555884e-07,8.71887588588442e-07,4.27653408387845e-07,1.27358553517972e-06,1.69192954776178e-06,2.51948357980298e-06,3.33501508010829e-06
"1178",58.85,8.39390386742359e-07,8.58817056705482e-07,4.21242414920949e-07,1.25449314432421e-06,1.66656577300616e-06,2.48171401342292e-06,3.28502001297523e-06
"1179",58.9,8.26804893645448e-07,8.45940288487775e-07,4.14926461292431e-07,1.23568378723643e-06,1.64157800067127e-06,2.4445043547401e-06,3.23576608429803e-06
"1180",58.95,8.14406009632035e-07,8.33254448157425e-07,4.08704156563062e-07,1.21715332167127e-06,1.61696072793122e-06,2.40784640954887e-06,3.18724244768725e-06
"1181",59,8.02191003029996e-07,8.20756740822337e-07,4.02574129848204e-07,1.19889766510519e-06,1.59270853129717e-06,2.37173210178108e-06,3.13943841312459e-06
"1182",59.05,7.9015718156218e-07,8.08444411897104e-07,3.96535030033739e-07,1.18091279389035e-06,1.56881606549371e-06,2.33615347183288e-06,3.09234344474831e-06
"1183",59.1,7.78301891788228e-07,7.96314746531896e-07,3.90585525495945e-07,1.16319474242039e-06,1.54527806235068e-06,2.3011026749147e-06,3.04594715866933e-06
"1184",59.15,7.66622518554124e-07,7.84365069049278e-07,3.84724303825237e-07,1.14573960230786e-06,1.52208932971038e-06,2.26657197942411e-06,3.00023932081754e-06
"1185",59.2,7.55116484449392e-07,7.7259274238887e-07,3.78950071553757e-07,1.12854352157298e-06,1.49924475034996e-06,2.23255376534125e-06,2.95520984481803e-06
"1186",59.25,7.43781249271825e-07,7.60995167559635e-07,3.73261553886739e-07,1.11160270384369e-06,1.47673928091876e-06,2.19904052264655e-06,2.91084878989679e-06
"1187",59.3,7.32614309499645e-07,7.49569783099865e-07,3.67657494437605e-07,1.09491340756684e-06,1.45456795089039e-06,2.16602484976033e-06,2.86714635881544e-06
"1188",59.35,7.21613197771e-07,7.38314064544633e-07,3.62136654966746e-07,1.07847194523032e-06,1.43272586152941e-06,2.13349945200425e-06,2.82409289583476e-06
"1189",59.4,7.10775482370688e-07,7.2722552390061e-07,3.56697815123919e-07,1.06227468259595e-06,1.41120818487228e-06,2.1014571400839e-06,2.78167888470632e-06
"1190",59.45,7.00098766724015e-07,7.16301709128254e-07,3.51339772194242e-07,1.04631803794308e-06,1.39001016272259e-06,2.06989082859269e-06,2.73989494669221e-06
"1191",59.5,6.89580688897691e-07,7.055402036311e-07,3.46061340847708e-07,1.03059848132272e-06,1.3691271056601e-06,2.03879353453638e-06,2.69873183861211e-06
"1192",59.55,6.79218921107669e-07,6.94938625752263e-07,3.40861352892185e-07,1.01511253382198e-06,1.34855439206377e-06,2.00815837587823e-06,2.65818045091768e-06
"1193",59.6,6.69011169233843e-07,6.84494628277873e-07,3.35738657029867e-07,9.99856766838817e-07,1.32828746714818e-06,1.97797857010437e-06,2.6182318057937e-06
"1194",59.65,6.58955172341482e-07,6.74205897947439e-07,3.30692118617093e-07,9.84827801366854e-07,1.30832184201351e-06,1.9482474328091e-06,2.57887705528554e-06
"1195",59.7,6.49048702209344e-07,6.64070154971041e-07,3.25720619427533e-07,9.70022307290121e-07,1.28865309270867e-06,1.91895837629991e-06,2.54010747945282e-06
"1196",59.75,6.39289562864348e-07,6.54085152553267e-07,3.2082305741865e-07,9.55437002687657e-07,1.2692768593075e-06,1.89010490822195e-06,2.50191448454868e-06
"1197",59.8,6.29675590122747e-07,6.44248676423706e-07,3.15998346501437e-07,9.41068653147794e-07,1.25018884499782e-06,1.86168063020162e-06,2.46428960122453e-06
"1198",59.85,6.20204651137695e-07,6.34558544374093e-07,3.11245416313356e-07,9.26914071092015e-07,1.23138481518326e-06,1.83367923650911e-06,2.42722448275973e-06
"1199",59.9,6.10874643953098e-07,6.25012605801819e-07,3.06563211994437e-07,9.1297011510819e-07,1.21286059659749e-06,1.80609451273955e-06,2.39071090331593e-06
"1200",59.95,6.01683497063728e-07,6.15608741259873e-07,3.01950693966512e-07,8.99233689293176e-07,1.19461207643091e-06,1.77892033451259e-06,2.35474075621588e-06
"1201",60,5.92629168981447e-07,6.06344862013005e-07,2.97406837715523e-07,8.85701742604548e-07,1.17663520146947e-06,1.7521506661901e-06,2.31930605224613e-06
