"speed","original","FromData","r=1.3","r=1.5","r=1.8","r=2.5","r=5"
"1",0,0,0,0,0,0,0,0
"2",0.05,3.18798147617556e-18,1.94303076518576e-18,7.15927256575913e-20,6.76710020087755e-21,2.19661470701083e-22,9.2181531512136e-26,1.99889284592674e-37
"3",0.1,6.71680695028464e-16,4.12544927490092e-16,1.57597791093377e-17,1.5338054948307e-18,5.20170760859721e-20,2.41770476695023e-23,7.54680261856896e-35
"4",0.15,1.52175144861834e-14,9.39258669355685e-15,3.67514985839166e-16,3.64632516505774e-17,1.27281991092541e-18,6.32784613316841e-22,2.51083297667714e-33
"5",0.2,1.38361202763131e-13,8.57167113088526e-14,3.41677088041329e-15,3.44065137869262e-16,1.22804712476742e-17,6.43033367630586e-21,3.06960214565058e-32
"6",0.25,7.62815438777094e-13,4.74004552368369e-13,1.91879931536905e-14,1.95610060980559e-15,7.11159673652943e-17,3.88722783222073e-20,2.16245672867795e-31
"7",0.3,3.06478188160143e-12,1.90932747595398e-12,7.83289553675166e-14,8.07031113104392e-15,2.98107000191924e-16,1.69100033974001e-19,1.07347020132228e-30
"8",0.35,9.89791972180884e-12,6.18023968275528e-12,2.56564532974097e-13,2.66838862942753e-14,9.99664696798532e-16,5.86001779648435e-19,4.18185910708848e-30
"9",0.4,2.72442314820268e-11,1.70456612846719e-11,7.1526531478158e-13,7.50258326734652e-14,2.84675154380199e-15,1.71906003514104e-18,1.36356080260823e-29
"10",0.45,6.63726564245916e-11,4.16031789912773e-11,1.76302858720114e-12,1.86374282622395e-13,7.15477366502844e-15,4.43972219657687e-18,3.87974495427333e-29
"11",0.5,1.46853429292988e-10,9.22051889962776e-11,3.94328957057883e-12,4.19874525433863e-13,1.62939929908906e-14,1.03689653931551e-17,9.91151349935589e-29
"12",0.55,3.005696118144e-10,1.89015606248995e-10,8.15297184001882e-12,8.7398826974905e-13,3.42612792211455e-14,2.23223865417555e-17,2.32025823599597e-28
"13",0.6,5.76857542054391e-10,3.63294171101439e-10,1.57970696559684e-11,1.70420638906062e-12,6.74451805282281e-14,4.49275085081315e-17,5.05289301253302e-28
"14",0.65,1.04889600067803e-09,6.61488157493937e-10,2.89838501045107e-11,3.14564795320209e-12,1.2561693631887e-13,8.54510386136057e-17,1.03545829109648e-27
"15",0.7,1.82145025984236e-09,1.15020290510978e-09,5.07650855345215e-11,5.54114930439055e-12,2.23180233590898e-13,1.54876537664723e-16,2.01461604141406e-27
"16",0.75,3.04006235361401e-09,1.92211337708408e-09,8.54253906920876e-11,9.3754197285736e-12,3.80712266808383e-13,2.69275352622567e-16,3.74799079638205e-27
"17",0.8,4.90176329992459e-09,3.10286914988849e-09,1.38824356335346e-10,1.53158061903169e-11,6.26828043819229e-13,4.5151573437761e-16,6.70559659819768e-27
"18",0.85,7.66736695702451e-09,4.85903509600079e-09,2.18794752596663e-10,2.42601698042673e-11,1.0003989288944e-12,7.33356807469913e-16,1.15916530842867e-26
"19",0.9,1.16753889996764e-08,7.40709971080389e-09,3.35599630263743e-10,3.739233225654e-11,1.55315516789671e-12,1.15797548717654e-15,1.94362065118607e-26
"20",0.95,1.73576183918287e-08,1.10235727208712e-08,5.02450684646598e-10,5.62455022103653e-11,2.35270063700168e-12,1.78297555942235e-15,3.17141131862021e-26
"21",1,2.52563529125254e-08,1.60561834238225e-08,7.36089771935256e-10,8.27740406832418e-11,3.48596633012621e-12,2.68392896034643e-15,5.04973578603631e-26
"22",1.05,3.60432949248073e-08,2.29361812606299e-08,1.05743498818182e-09,1.19433871233066e-10,5.06312718387252e-12,3.95849982626722e-15,7.86475666421219e-26
"23",1.1,5.05400887977627e-08,3.21917305008454e-08,1.49229224169804e-09,1.69271786224774e-10,7.2220047627846e-12,5.73120214344866e-15,1.20056539685122e-25
"24",1.15,6.97404673081219e-08,4.44623817042628e-08,2.07213277546118e-09,2.36023845081087e-10,1.01329761203487e-11,8.15884182346857e-15,1.79943676725808e-25
"25",1.2,9.48339610457226e-08,6.05145938690902e-08,2.83493663113031e-09,3.24223004798579e-10,1.40044068387119e-11,1.14366937776998e-14,2.65220301709655e-25
"26",1.25,1.27231112393092e-07,8.12582729341514e-08,3.82610159396942e-09,4.39316067619301e-10,1.90886238568309e-11,1.58054640774119e-14,3.84932114774252e-25
"27",1.3,1.68590124092557e-07,1.07764284607256e-07,5.09941672130736e-09,5.87789976018821e-10,2.56884412451127e-11,2.15590865785149e-14,5.50792314267007e-25
"28",1.35,2.20844861789185e-07,1.41282892370357e-07,6.71809913861077e-09,7.77307431480529e-10,3.41642495951419e-11,2.90534024763819e-14,7.77819341924447e-25
"29",1.4,2.86234120266187e-07,1.83263064982554e-07,8.75589238885920e-09,1.01685176120399e-09,4.4941677184695e-11,3.87157701508776e-14,1.08509471459556e-24
"30",1.45,3.6733205438169e-07,2.35372591875408e-07,1.12982242443574e-08,1.31688090622708e-09,5.85198285681215e-11,5.10556513790467e-14,1.49665801984881e-24
"31",1.5,4.6707966797315e-07,2.99518939515698e-07,1.4443421536713e-08,1.6894903556731e-09,7.54801037459676e-11,6.66762185470457e-14,2.04255787448518e-24
"32",1.55,5.88817247210799e-07,3.77870777097838e-07,1.8303979231475e-08,2.1485848051731e-09,9.6495598599643e-11,8.62870258978482e-14,2.76007947856125e-24
"33",1.6,7.36317619040332e-07,4.72880095815671e-07,2.30078806695839e-08,2.71005827313448e-09,1.22341084849669e-10,1.10717786120691e-13,3.69517134732257e-24
"34",1.65,9.1382011043723e-07,5.87304842441661e-07,2.86999656188344e-08,3.39198236657214e-09,1.53903565421105e-10,1.40933291735645e-13,4.90409587394586e-24
"35",1.7,1.12606508017561e-06,7.24231984996868e-07,3.55433425252448e-08,4.21480234880254e-09,1.92193398787263e-10,1.78049518765054e-13,6.45533057183399e-24
"36",1.75,1.37832889166383e-06,8.87100925911847e-07,4.37208411266474e-08,5.20154062451455e-09,2.38355983621812e-10,2.23350948125657e-13,8.43174917123481e-24
"37",1.8,1.67645919308443e-06,1.07972717623723e-06,5.34365013888418e-08,6.37800722363323e-09,2.93683992927659e-10,2.7830913803316e-13,1.09331142061851e-23
"38",1.85,2.02691036956185e-06,1.30632620314349e-06,6.49170945480443e-08,7.7730168340366e-09,3.596301447356e-10,3.44602578496838e-13,1.40789153294304e-23
"39",1.9,2.43677903132989e-06,1.57153736212868e-06,7.84136718917229e-08,9.41861190458461e-09,4.37820494482334e-10,4.24137856706638e-13,1.80115903404707e-23
"40",1.95,2.91383940184232e-06,1.88044782500872e-06,9.42031367827042e-08,1.1350291314089e-08,5.30068232291043e-10,5.19072159790231e-13,2.29001688108892e-23
"41",2,3.4665784704244e-06,2.23861641487034e-06,1.12589835328118e-07,1.36072440787803e-08,6.38387966592771e-10,6.31837139053096e-13,2.8944381247505e-23
"42",2.05,4.10423077535791e-06,2.65209725969903e-06,1.33907161014496e-07,1.62325875504864e-08,7.65010473845956e-10,7.65164157420701e-13,3.63792799537838e-23
"43",2.1,4.83681268518637e-06,3.12746317732592e-06,1.5851916857258e-07,1.92736095401037e-08,9.12397892538181e-10,9.22110939388024e-13,4.54804211397403e-23
"44",2.15,5.67515604847836e-06,3.67182870564186e-06,1.86822192299051e-07,2.27820137859492e-08,1.08325933818962e-09,1.10608964035678e-12,5.65696613968635e-23
"45",2.2,6.63094108525201e-06,4.29287269368125e-06,2.19246464046753e-07,2.68141681741945e-08,1.28056691472338e-09,1.32089634981346e-12,7.00216254043934e-23
"46",2.25,7.71672839670389e-06,4.99886037115056e-06,2.56257726099174e-07,3.14313551087247e-08,1.50757209632529e-09,1.57074204037975e-12,8.62709056737546e-23
"47",2.3,8.94598997375623e-06,5.79866481624766e-06,2.98358834167631e-07,3.67000234203536e-08,1.76782245278309e-09,1.86028497235846e-12,1.05820059276556e-22
"48",2.35,1.03331390892003e-05,6.70178774415713e-06,3.46091345790469e-07,4.26920412003174e-08,2.06517869027507e-09,2.19466456101037e-12,1.29248470846361e-22
"49",2.4,1.18935589628303e-05,7.71837954139239e-06,4.0003708947078e-07,4.94849489402242e-08,2.40383197866656e-09,2.57953671143642e-12,1.57222155703266e-22
"50",2.45,1.36436300938934e-05,8.85925847416031e-06,4.60819709962595e-07,5.71622123601204e-08,2.78832153557184e-09,3.02111062361213e-12,1.90504581732051e-22
"51",2.5,1.56007561603874e-05,1.01359290021279e-05,5.29106185203229e-07,6.58134743079215e-08,3.22355243674475e-09,3.52618706783303e-12,2.29968593657955e-22
"52",2.55,1.77833883901924e-05,1.15605991323452e-05,6.05608310491367e-07,7.55348051170492e-08,3.71481362177272e-09,4.10219812858561e-12,2.7660952861828e-22
"53",2.6,2.02110483146721e-05,1.31461967516081e-05,6.91084145624782e-07,8.64289508146454e-08,4.26779606356479e-09,4.75724841266411e-12,3.31559617432748e-22
"54",2.65,2.29043488212193e-05,1.49063848792011e-05,7.86339420837823e-07,9.86055785800589e-08,4.88861106974067e-09,5.50015771521369e-12,3.96103771741062e-22
"55",2.7,2.58850134271846e-05,1.68555757857269e-05,8.92228897515757e-07,1.12181518862361e-07,5.58380868374202e-09,6.34050513529633e-12,4.71696863212303e-22
"56",2.75,2.91758937037192e-05,1.90089439275876e-05,1.00965767980978e-06,1.272810035763e-07,6.36039615330012e-09,7.28867463055903e-12,5.59982607349675e-22
"57",2.8,3.28009847842229e-05,2.13824376506053e-05,1.13958247343201e-06,1.44035899808301e-07,7.22585643379484e-09,8.3559019986253e-12,6.62814171025969e-22
"58",2.85,3.67854388983174e-05,2.3992789620253e-05,1.28301278807334e-06,1.62585938477669e-07,8.18816669403551e-09,9.55432327094764e-12,7.8227662980258e-22
"59",2.9,4.11555768785148e-05,2.68575259399795e-05,1.44101208005764e-06,1.83078937413087e-07,9.25581679207277e-09,1.08970245030425e-11,9.20711408320336e-22
"60",2.95,4.59388975930089e-05,2.99949739231416e-05,1.61469883202198e-06,2.05671018320577e-07,1.04378276888109e-08,1.23980929432873e-11,1.08074284461605e-21
"61",3,5.11640852642623e-05,3.3424268488103e-05,1.80524756659533e-06,2.30526817136316e-07,1.1743769767436e-08,1.40726695607953e-11,1.26530702712938e-21
"62",3.05,5.68610146392589e-05,3.71653571500768e-05,2.01388979123368e-06,2.57819687275927e-07,1.31837810269876e-08,1.59370029112944e-11,1.47768306143274e-21
"63",3.1,6.30607539834404e-05,4.1239003587297e-05,2.2419148715604e-06,2.87731895311002e-07,1.4768585118795e-08,1.80085043184276e-11,1.72152693235851e-21
"64",3.15,6.97955658764103e-05,4.56667897630685e-05,2.49067083075345e-06,3.20454808623604e-07,1.65095091949544e-08,2.03058043464659e-11,2.00090813622775e-21
"65",3.2,7.70989057934604e-05,5.04711165891651e-05,2.76156507271614e-06,3.56189074610157e-07,1.84185015385476e-08,2.28488105390745e-11,2.32034926731816e-21
"66",3.25,8.500541846284e-05,5.56752031199028e-05,3.05606502696568e-06,3.95144791027555e-07,2.05081489458877e-08,2.5658766397511e-11,2.68486875256372e-21
"67",3.3,9.35509319944235e-05,6.1303084270003e-05,3.37569871337055e-06,4.37541667096145e-07,2.27916938317136e-08,2.87583115704499e-11,3.10002693877113e-21
"68",3.35,0.000102772449781035,6.73796070530787e-05,3.72205522506662e-06,4.83609174996686e-07,2.52830510289568e-08,3.21715432265302e-11,3.57197574738667e-21
"69",3.4,0.000112708140179137,7.39304253411968e-05,4.09678512807897e-06,5.33586691421194e-07,2.79968242554444e-08,3.59240785797056e-11,4.10751212307134e-21
"70",3.45,0.000123397323980882,8.09819931495e-05,4.5016007763735e-06,5.87723628860589e-07,3.09483222206936e-08,4.00431185365427e-11,4.71413551405865e-21
"71",3.5,0.00013488045969465,8.85615564533043e-05,4.93827654125744e-06,6.46279556335519e-07,3.41535743467922e-08,4.45575124337635e-11,5.40010963450457e-21
"72",3.55,0.000147199126656121,9.66971435484127e-05,5.40864895424205e-06,7.09524309300255e-07,3.76293460782259e-08,4.94978238335607e-11,6.17452877180563e-21
"73",3.6,0.000160396005996717,0.000105417553968582,5.91461676267048e-06,7.77738088473047e-07,4.13931537564313e-08,5.48963973435242e-11,7.04738891519029e-21
"74",3.65,0.000174514859500775,0.0001147523459772,6.45814089760403e-06,8.51211547370262e-07,4.54632790357871e-08,6.07874264274138e-11,8.02966399579605e-21
"75",3.7,0.000189600506387213,0.000124731822653155,7.04124435364298e-06,9.30245868345029e-07,4.98587828187359e-08,6.72070221724899e-11,9.13338754296026e-21
"76",3.75,0.000205698798055576,0.000135387016593778,7.66601198054153e-06,1.01515282695483e-06,5.45995186887197e-08,7.41932829786548e-11,1.03717400765935e-20
"77",3.8,0.000222856590840354,0.000146749673260413,8.3345901866527e-06,1.10625484450598e-06,5.97061458206411e-08,8.17863651343098e-11,1.17591425713107e-20
"78",3.85,0.000241121716821155,0.000158852232994766,9.04918655441311e-06,1.20388502864594e-06,6.52001413495866e-08,9.0028554243513e-11,1.33113563444739e-20
"79",3.9,0.000260542952739901,0.000171727811736649,9.8120693682463e-06,1.30838720189788e-06,7.11038121796301e-08,9.89643374688274e-11,1.50455897375025e-20
"80",3.95,0.000281169987079508,0.000185410180476046,1.0625567055427e-05,1.42011591805403e-06,7.74403062155769e-08,1.08640476554094e-10,1.69806119777384e-20
"81",4,0.000303053385361635,0.000199933743474594,1.14920675406085e-05,1.53943646636749e-06,8.42336230016201e-08,1.19106081591289e-10,1.91368746268743e-20
"82",4.05,0.000326244553723981,0.000215333515293651,1.24140175148679e-05,1.66672486350353e-06,9.15086237519467e-08,1.30412685495641e-10,2.15366410414544e-20
"83",4.1,0.000350795700840288,0.000231645096667996,1.33939216202755e-05,1.80236783323363e-06,9.92910407594414e-08,1.42614319153219e-10,2.42041242913219e-20
"84",4.15,0.00037675979824869,0.000248904649266027,1.44343415511319e-05,1.94676277387618e-06,1.07607486169738e-07,1.55767587205368e-10,2.71656340031031e-20
"85",4.2,0.000404190539156311,0.000267148869378914,1.55378950731617e-05,2.10031771350915e-06,1.1648546010896e-07,1.6993174443455e-10,3.04497326179563e-20
"86",4.25,0.000433142295790054,0.000286414960582696,1.67072549620742e-05,2.2634512529994e-06,1.25953358154592e-07,1.85168772716412e-10,3.40874015758896e-20
"87",4.3,0.000463670075365399,0.00030674060541871,1.79451478630381e-05,2.4365924969139e-06,1.36040478140043e-07,2.01543458503236e-10,3.81122179630181e-20
"88",4.35,0.00049582947474666,0.000318157049826368,1.92543530727258e-05,2.62018097239667e-06,1.46777026284512e-07,2.19123470804291e-10,4.25605421832227e-20
"89",4.4,0.000529676633873606,0.000340028695540657,2.06377012457052e-05,2.81466653611397e-06,1.58194122640886e-07,2.37979439629073e-10,4.74717172418257e-20
"90",4.45,0.000565268188030611,0.000363039683846607,2.20980730270591e-05,3.02050926938843e-06,1.70323805855474e-07,2.58185034859886e-10,5.2888280256182e-20
"91",4.5,0.000602661219035551,0.000387228113646168,2.36383976132153e-05,3.23817936165976e-06,1.83199037234406e-07,2.79817045520797e-10,5.88561868365035e-20
"92",4.55,0.000641913205426582,0.000412632398260702,2.52616512430657e-05,3.46815698242709e-06,1.96853704112624e-07,3.02955459410556e-10,6.54250490098858e-20
"93",4.6,0.000683081971725573,0.000439291233246674,2.69708556215419e-05,3.71093214184311e-06,2.11322622522399e-07,3.27683543067795e-10,7.26483873913868e-20
"94",4.65,0.000726225636857552,0.000467243563594246,2.8769076277897e-05,3.9670045401467e-06,2.26641539159338e-07,3.54087922037421e-10,8.05838983382304e-20
"95",4.7,0.000771402561805837,0.000496528550358993,3.06594208610197e-05,4.23688340613444e-06,2.42847132644845e-07,3.8225866140795e-10,8.92937368567595e-20
"96",4.75,0.000818671296582728,0.000527185536777256,3.26450373741817e-05,4.52108732488667e-06,2.59977014084989e-07,4.12289346590264e-10,9.88448160667661e-20
"97",4.8,0.000868090526595642,0.000559254013915761,3.47291123516773e-05,4.82014405497572e-06,2.78069726926688e-07,4.44277164309111e-10,1.09309124064275e-19
"98",4.85,0.00091971901848848,0.00059277358590622,3.69148689798795e-05,5.13459033539833e-06,2.97164746113073e-07,4.78322983779544e-10,1.20764059061886e-19
"99",4.9,0.000973615565537705,0.000627783934815619,3.92055651652869e-05,5.46497168248487e-06,3.17302476540811e-07,5.14531438041407e-10,1.33292783725383e-19
"100",4.95,0.00102983893268219,0.000664324785202725,4.16044915521853e-05,5.81184217705044e-06,3.3852425082307e-07,5.53011005425873e-10,1.46984599666578e-19
"101",5,0.0010884478012654,0.00070243586841115,4.41149694925847e-05,6.1757642420627e-06,3.60872326362673e-07,5.93874091129075e-10,1.61935343095418e-19
"102",5.05,0.00114950071356762,0.000742156886649019,4.67403489711372e-05,6.55730841111239e-06,3.84389881740852e-07,6.37237108868819e-10,1.7824780267917e-19
"103",5.1,0.00121305601720544,0.000783527476904849,4.94840064877645e-05,6.95705308798057e-06,4.09121012427851e-07,6.83220562601449e-10,1.96032160703276e-19
"104",5.15,0.00127917180947432,0.000826587174748872,5.23493429007525e-05,7.37558429760632e-06,4.35110725822377e-07,7.31949128276933e-10,2.15406458677045e-19
"105",5.2,0.00134790588170949,0.000876957520892269,5.53397812330926e-05,7.81349542876612e-06,4.62404935627734e-07,7.83551735611439e-10,2.36497088578223e-19
"106",5.25,0.00141931566373896,0.000923811697569497,5.845876444486e-05,8.27138696878362e-06,4.91050455573193e-07,8.38161649857626e-10,2.59439310983201e-19
"107",5.3,0.00149345816850128,0.00097248419164569,6.17097531744371e-05,8.74986623059504e-06,5.21094992489849e-07,8.95916553554159e-10,2.84377801384766e-19
"108",5.35,0.00157038993689931,0.00102301401878021,6.50962234513856e-05,9.24954707250165e-06,5.52587138750958e-07,9.56958628237004e-10,3.11467226056673e-19
"109",5.4,0.00165016698295991,0.00107543991037161,6.86216643837853e-05,9.77104961094626e-06,5.85576364087356e-07,1.0214346360963e-09,3.40872848884091e-19
"110",5.45,0.00173284473936776,0.00112980027743883,7.22895758228392e-05,1.03149999266551e-05,6.20113006789272e-07,1.08949600156378e-09,3.72771170641283e-19
"111",5.5,0.00181847800344011,0.00118613317471441,7.61034660075522e-05,1.08820297644911e-05,6.56248264306344e-07,1.16129889281687e-09,4.07350602262743e-19
"112",5.55,0.0019071208836075,0.00124447626499295,8.00668491922655e-05,1.14727762273673e-05,6.94034183258355e-07,1.23700430318688e-09,4.44812173721691e-19
"113",5.6,0.0019988267464636,0.00130486678377706,8.41832432598214e-05,1.20878814645734e-05,7.33523648869653e-07,1.31677813245992e-09,4.85370280200197e-19
"114",5.65,0.00209364816444596,0.00136734150426206,8.84561673231128e-05,1.27279923548703e-05,7.74770373840808e-07,1.40079126806042e-09,5.29253467308631e-19
"115",5.7,0.00219163686420703,0.00142166067648539,9.28891393177404e-05,1.3393760184708e-05,8.17828886671499e-07,1.4892196661083e-09,5.76705257188589e-19
"116",5.75,0.00229284367573333,0.00148793306764876,9.74856735884892e-05,1.40858403219255e-05,8.62754519449164e-07,1.58224443234229e-09,6.2798501741308e-19
"117",5.8,0.00239731848226853,0.00155638113570804,0.000102249278472285,1.48048918852922e-05,9.09603395118278e-07,1.68005190290296e-09,6.83368874680663e-19
"118",5.85,0.00250511017109422,0.00162703921445192,0.00010718345388028,1.55515774102478e-05,9.58432414245669e-07,1.78283372497037e-09,7.43150675386798e-19
"119",5.9,0.00261626658522015,0.00169994101125526,0.000112291688881659,1.63265625112007e-05,1.0092992412975e-06,1.89078693725271e-09,8.07642995245547e-19
"120",5.95,0.00273083447603356,0.00177511957512734,0.000117577459291737,1.71305155407423e-05,1.0622622904441e-06,2.0041140503232e-09,8.77178200228599e-19
"121",6,0.00284885945695537,0.00185260726534988,0.000123044225266865,1.79641072461339e-05,1.11738071090893e-06,2.12302312680414e-09,9.52109561186413e-19
"122",6.05,0.00297038595814853,0.00193243572073602,0.000128695428908611,1.88280104234214e-05,1.17471437187842e-06,2.24772786139817e-09,1.03281242461764e-18
"123",6.1,0.00309545718232207,0.00201463582954039,0.00013453449187966,1.97228995695301e-05,1.23432384698978e-06,2.37844766076808e-09,1.11968544215963e-18
"124",6.15,0.00322411506167202,0.00209923770004856,0.000140564813033791,2.0649450532691e-05,1.29627039841374e-06,2.51540772326774e-09,1.21315186148249e-18
"125",6.2,0.00335640021599826,0.00218627063187335,0.000146789766062276,2.16083401615454e-05,1.3606159605499e-06,2.65883911852803e-09,1.31366088138468e-18
"126",6.25,0.00349235191203432,0.00227576308798376,0.000153212697158961,2.26002459532713e-05,1.42742312335224e-06,2.80897886690321e-09,1.42168907400781e-18
"127",6.3,0.00363200802402477,0.0023677426674912,0.00015983692270624,2.36258457010737e-05,1.49675511530259e-06,2.96607001878374e-09,1.53774187721278e-18
"128",6.35,0.0037754049955829,0.0024622360792161,0.000166665726984102,2.46858171413736e-05,1.56867578605002e-06,3.13036173378372e-09,1.66235516028979e-18
"129",6.4,0.00392257780285929,0.0025592691160569,0.000173702359904328,2.57808376010287e-05,1.64324958873422e-06,3.30210935981169e-09,1.79609686630962e-18
"130",6.45,0.00407355991904921,0.0026588666301818,0.000180950034771886,2.69115836449126e-05,1.72054156201117e-06,3.48157451203502e-09,1.93956873456494e-18
"131",6.5,0.00422838328026555,0.00276105250906256,0.000188411926075508,2.8078730724175e-05,1.8006173117991e-06,3.66902515174966e-09,2.09340810669707e-18
"132",6.55,0.00438707825280094,0.00286584965236808,0.000196091167309351,2.92829528254998e-05,1.88354299276338e-06,3.86473566516753e-09,2.25828982025618e-18
"133",6.6,0.00454967360180124,0.00297327994973421,0.000203990848827599,3.05249221216721e-05,1.96938528955836e-06,4.06898694213605e-09,2.43492819360277e-18
"134",6.65,0.00471619646137037,0.00308336425942523,0.000212114015733793,3.18053086237611e-05,2.05821139784479e-06,4.28206645480461e-09,2.62407910622403e-18
"135",6.7,0.00488667230612412,0.0031961223879004,0.000220463665806604,3.3124779835216e-05,2.15008900510096e-06,4.50426833625452e-09,2.82654217871032e-18
"136",6.75,0.00506112492420896,0.00331157307029862,0.0002290427474637,3.44840004081704e-05,2.24508627124604e-06,4.73589345911020e-09,3.04316305681898e-18
"137",6.8,0.00523957639179959,0.00342973395185209,0.000237854157765304,3.58836318022399e-05,2.34327180909373e-06,4.9772495141502e-09,3.27483580423786e-18
"138",6.85,0.00542204704908704,0.00355062157023919,0.000247128979972042,3.73243319460943e-05,2.44471466465458e-06,5.22865108893821e-09,3.52250540885764e-18
"139",6.9,0.00560855547776733,0.00367425133888528,0.000256422106407505,3.88067549020771e-05,2.549484297305e-06,5.49041974649523e-09,3.78717040756434e-18
"140",6.95,0.00579911848003856,0.00380063753121883,0.000265956147688198,4.03315505341362e-05,2.65765055984098e-06,5.76288410403502e-09,4.06988563477524e-18
"141",7,0.00599375105911276,0.00392979326588938,0.0002757337787961,4.18993641793282e-05,2.76928367843442e-06,6.04637991178679e-09,4.37176510016239e-18
"142",7.05,0.00619246640124655,0.0040617304929522,0.000285757613963428,4.35108363231443e-05,2.88445423250992e-06,6.34125013192912e-09,4.69398500123622e-18
"143",7.1,0.00639527585929326,0.00419645998102377,0.000296030204942204,4.51666022789034e-05,3.00323313455941e-06,6.64784501766164e-09,5.03778687670207e-18
"144",7.15,0.0066021889377773,0.00433399130541078,0.000306554039322737,4.68672918714476e-05,3.1256916099124e-06,6.96652219244037e-09,5.40448090675005e-18
"145",7.2,0.00681321327948962,0.00447433283721434,0.000317331538902089,4.86135291253699e-05,3.25190117647864e-06,7.29764672940577e-09,5.79544936669968e-18
"146",7.25,0.00702835465360186,0.00461749173340988,0.000328365058103482,5.04059319579929e-05,3.38193362448082e-06,7.64159123103162e-09,6.21215024068805e-18
"147",7.3,0.00724761694529469,0.00476347392790238,0.00033965688244755,5.22451118773141e-05,3.51586099619365e-06,7.99873590902543e-09,6.65612100237428e-18
"148",7.35,0.00747100214689468,0.00491228412355516,0.000351209227076298,5.41316736851184e-05,3.65375556570621e-06,8.36946866451147e-09,7.12898256992375e-18
"149",7.4,0.0076985103505121,0.00506392578518986,0.00036302423533052,5.60662151854603e-05,3.79568981872399e-06,8.75418516852846e-09,7.63244344284094e-18
"150",7.45,0.00793013974217105,0.00521840113355387,0.000375103977381399,5.80493268987e-05,3.94173643242664e-06,9.15328894287542e-09,8.16830402853784e-18
"151",7.5,0.00816588659742125,0.00537571114025073,0.000387450448916927,6.00815917812753e-05,4.09196825539738e-06,9.56719144134002e-09,8.73846116685461e-18
"152",7.55,0.00840574527842004,0.00553585552362794,0.000400065569883732,6.21635849513851e-05,4.24645828763982e-06,9.99631213134451e-09,9.34491286109394e-18
"153",7.6,0.00864970823247127,0.00569883274561597,0.000412951183284809,6.42958734207432e-05,4.40527966069725e-06,1.04410785760458e-08,9.9897632244893e-18
"154",7.65,0.00889776599200705,0.00586464000951104,0.000426109054033654,6.64790158325669e-05,4.56850561788992e-06,1.09019265169268e-08,1.06752276513994e-17
"155",7.7,0.00914990717599619,0.00603327325869344,0.000439540867865122,6.87135622059407e-05,4.7362094946846e-06,1.13792999569177e-08,1.14036382229125e-17
"156",7.75,0.009406118492763,0.00620472717627281,0.000453248230303419,7.1000053686701e-05,4.90846469921129e-06,1.18736512440859e-08,1.21774493569459e-17
"157",7.8,0.00966638474419811,0.00637899518565026,0.000467232665687442,7.33390223049732e-05,5.08534469294097e-06,1.23854411559347e-08,1.29992437133494e-17
"158",7.85,0.00993068883134238,0.00655606945198703,0.000481495616253705,7.57309907394838e-05,5.26692297153847e-06,1.29151389843532e-08,1.38717383649622e-17
"159",7.9,0.0101990117613236,0.00673594088456856,0.000496038441277012,7.81764720887676e-05,5.45327304590389e-06,1.34632226212578e-08,1.47977912460248e-17
"160",7.95,0.0104713326556248,0.00691859914005168,0.000510862416268954,8.06759696493729e-05,5.64446842341567e-06,1.40301786449686e-08,1.57804078898303e-17
"161",8,0.0107476287596623,0.00710403262658277,0.000525968732234303,8.3229976701173e-05,5.84058258938841e-06,1.46165024073661e-08,1.68227484679895e-17
"162",8.05,0.0110278754536498,0.00729222850877334,0.000541358494985268,8.58389762998705e-05,6.04168898875785e-06,1.52226981218712e-08,1.79281351442038e-17
"163",8.1,0.0113120462647255,0.00748317271351928,0.000557032724513569,8.85034410767837e-05,6.24786100800511e-06,1.58492789522945e-08,1.91000597559773e-17
"164",8.15,0.0116001128803162,0.00767684993664946,0.000572992354420202,9.12238330459921e-05,6.45917195733233e-06,1.64967671026026e-08,2.0342191838258e-17
"165",8.2,0.0118920451627148,0.00787324365038842,0.000589238231402737,9.40006034189096e-05,6.67569505310087e-06,1.71656939076472e-08,2.1658387003582e-17
"166",8.25,0.0121878111648424,0.00807233611161804,0.000605771114799948,9.68341924263517e-05,6.89750340054342e-06,1.78565999249068e-08,2.30526956939039e-17
"167",8.3,0.0124873771471707,0.00827410837092188,0.000622591676193476,9.97250291481488e-05,7.12466997676092e-06,1.85700350272886e-08,2.45293723199237e-17
"168",8.35,0.012790707595775,0.00847854028239576,0.000639700499066271,0.000102673531350357,7.35726761401437e-06,1.9306558497042e-08,2.60928848043833e-17
"169",8.4,0.0130977652414911,0.00868561051420803,0.000657098078517419,0.000105680105330105,7.59536898332201e-06,2.00667391208333e-08,2.77479245464943e-17
"170",8.45,0.0134085110801462,0.00889529655989178,0.000674784821032973,0.000108745145768114,7.83904657837132e-06,2.08511552860338e-08,2.94994168253618e-17
"171",8.5,0.0137229043938363,0.00910757475035156,0.000692761044312363,0.00011186903558892,8.08837269975545e-06,2.16603950782741e-08,3.13525316610265e-17
"172",8.55,0.0140409027732182,0.00932242026656669,0.000711026977149879,0.000115052145828808,8.3434194395428e-06,2.24950563803168e-08,3.33126951525118e-17
"173",8.6,0.0143624621407878,0.00953980715297249,0.000729582759370734,0.00011829483551149,8.60425866618849e-06,2.33557469723021e-08,3.53856013130735e-17
"174",8.65,0.0146875367751141,0.00975970833150119,0.00074842844182115,0.00012159745153152,8.87096200979647e-06,2.42430846334221e-08,3.75772244236903e-17
"175",8.7,0.0150160793359967,0.00998209561626323,0.000767563986411844,0.000124960328545454,9.14360084773924e-06,2.51576972450778e-08,3.98938319267034e-17
"176",8.75,0.0153480408905175,0.0102069397288501,0.000786989266214337,0.000128383788870753,9.42224629064376e-06,2.61002228955761e-08,4.23419978824304e-17
"177",8.8,0.0156833709399544,0.0104342103142392,0.000806704065609375,0.000131868142392402,9.70696916875002e-06,2.70713099864242e-08,4.49286170125252e-17
"178",8.85,0.0160220174475253,0.0106638759572813,0.000826708080486806,0.000135413686477258,9.99784001864967e-06,2.80716173402789e-08,4.76609193548408e-17
"179",8.9,0.0163639268669312,0.0108959041997501,0.000847000918496164,0.000139020705896071,1.02949290704109e-05,2.91018143106101e-08,5.05464855555837e-17
"180",8.95,0.0167090441716665,0.0111302615579361,0.000867582099347218,0.000142689472753176,1.05983062350955e-05,3.01625808931365e-08,5.35932628256225e-17
"181",9,0.0170573128850637,0.0113669135407617,0.000888451055159704,0.000146420246423807,1.09080410926752e-05,3.12546078390974e-08,5.68095815889228e-17
"182",9.05,0.0174086751110422,0.0116058246684001,0.000909607130861423,0.000150213273499001,1.12242028803503e-05,3.23785967704169e-08,6.0204172852251e-17
"183",9.1,0.0177630715655269,0.0118469584913767,0.00093104958463387,0.000154068787738046,1.15468604812787e-05,3.35352602968259e-08,6.37861863264887e-17
"184",9.15,0.0181204416085065,0.0120902776101325,0.000952777588404554,0.000157987010028423,1.18760824137175e-05,3.47253221350041e-08,6.75652093311776e-17
"185",9.2,0.0184807232766988,0.01233574369503,0.000974790228385096,0.000161968148353194,1.22119368205837e-05,3.59495172298032e-08,7.1551286515207e-17
"186",9.25,0.01884385331679,0.0125833175067812,0.000997086505654231,0.000166012397765763,1.25544914594364e-05,3.72085918776186e-08,7.57549404279397e-17
"187",9.3,0.0192097672192181,0.0128329589172761,0.00101966533678478,0.000170119940371966,1.29038136928854e-05,3.85033038519725e-08,8.0187192976493e-17
"188",9.35,0.0195783992524664,0.0130846269307942,0.00104252555451361,0.000174290945319407,1.32599704794297e-05,3.98344225313745e-08,8.48595878063618e-17
"189",9.4,0.0199496824978381,0.0133382797055754,0.00106566590845376,0.000178525568793972,1.36230283647281e-05,4.12027290295265e-08,8.97842136441439e-17
"190",9.45,0.0203235488846776,0.0135938745757337,0.00108908506584752,0.000182823954023456,1.39930534733059e-05,4.26090163279399e-08,9.49737286426976e-17
"191",9.5,0.0206999292260093,0.0138513680734906,0.0011127816123597,0.000187186231288199,1.43701115006994e-05,4.40540894110317e-08,1.00441385770783e-16
"192",9.55,0.0210787532545628,0.0141107159517099,0.00113675405290999,0.000191612517938677,1.47542677060407e-05,4.55387654037702e-08,1.06201059290943e-16
"193",9.6,0.0214599496591527,0.0143718732067144,0.00116100081254339,0.000196102918419938,1.51455869050857e-05,4.70638737119382e-08,1.1226727237122e-16
"194",9.65,0.0218434461213826,0.0146347941013627,0.0011855202373376,0.000200657524302796,1.55441334636842e-05,4.86302561650856e-08,1.18655225878205e-16
"195",9.7,0.0222291693526446,0.0148994321883701,0.0012103105953466,0.000205276414321705,1.59499712916972e-05,5.02387671622426e-08,1.25380828400862e-16
"196",9.75,0.0226170451313826,0.0151657403338496,0.00123537007757898,0.00020995965441919,1.63631638373594e-05,5.18902738204651e-08,1.32460727556648e-16
"197",9.8,0.0230069983405905,0.0154336707410586,0.00126069679901036,0.000214707297796761,1.67837740820895e-05,5.35856561262864e-08,1.39912342633591e-16
"198",9.85,0.0233989530055166,0.015703174974328,0.00128628879962849,0.000219519384972179,1.72118645357475e-05,5.5325807090147e-08,1.47753898624184e-16
"199",9.9,0.0237928323315448,0.0159742039831586,0.00131214404551023,0.000224395943843,1.76474972323406e-05,5.71116329038801e-08,1.56004461709336e-16
"200",9.95,0.0241885587422241,0.0162467081264629,0.00133826042992919,0.000229336989756258,1.80907337261769e-05,5.8944053101326e-08,1.64683976252966e-16
"201",10,0.0245860539174189,0.0165206371969364,0.00136463577449293,0.000234342525584198,1.85416350884667e-05,6.08240007221535e-08,1.73813303370415e-16
"202",10.05,0.024985238831552,0.016795940445539,0.00139126783030882,0.000239412541805931,1.90002619043708e-05,6.27524224789648e-08,1.83414261136421e-16
"203",10.1,0.0253860337919132,0.017072566606069,0.0014181542791772,0.000244547016594909,1.94666742704956e-05,6.47302789277613e-08,1.93509666501176e-16
"204",10.15,0.0257883584770076,0.0173504639198114,0.00144529273481102,0.000249745915912089,1.9940931792834e-05,6.67585446418536e-08,2.0412337898581e-16
"205",10.2,0.0261921319749157,0.0176295801602449,0.00147268074408074,0.00025500919360468,2.04230935851495e-05,6.88382083892888e-08,2.15280346231607e-16
"206",10.25,0.0265972728216413,0.0179098626577878,0.00150031578828338,0.000260336791510336,2.09132182678045e-05,7.09702733138838e-08,2.27006651480392e-16
"207",10.3,0.027003699039421,0.0181912583245687,0.00152819528443475,0.000265728639566698,2.14113639670286e-05,7.31557571199416e-08,2.39329563066685e-16
"208",10.35,0.0274113281749702,0.0184737136792037,0.00155631658658366,0.000271184655926121,2.19175883146276e-05,7.53956922607347e-08,2.52277586005623e-16
"209",10.4,0.0278200773376428,0.0187571748715645,0.00158467698714721,0.000276704747075513,2.24319484481282e-05,7.76911261308416e-08,2.65880515764119e-16
"210",10.45,0.0282298632374786,0.0190415877075218,0.00161327371826578,0.000282288807961104,2.29545010113594e-05,8.0043121262418e-08,2.80169494306399e-16
"211",10.5,0.0286406022231179,0.0193268976736474,0.00164210395317707,0.000287936722118062,2.34853021554652e-05,8.24527555254928e-08,2.9517706850878e-16
"212",10.55,0.0290522103195583,0.0196130499618608,0.00167116480760774,0.000293648361804802,2.40244075403482e-05,8.49211223323736e-08,3.10937251042611e-16
"213",10.6,0.0294646032657326,0.0198999894940055,0.00170045334118182,0.000299423588141866,2.45718723365401e-05,8.74493308462485e-08,3.27485583828304e-16
"214",10.65,0.0298776965518861,0.0201876609463386,0.00172996655884485,0.000305262251255248,2.5127751227496e-05,9.00385061940785e-08,3.44859204167768e-16
"215",10.7,0.030291405456733,0.0204760087739216,0.00175970141230253,0.000311164190424019,2.56920984123102e-05,9.26897896838652e-08,3.63096913666942e-16
"216",10.75,0.0307056450843696,0.020764977234897,0.00178965480147305,0.000317129234232146,2.62649676088497e-05,9.54043390263896e-08,3.82239250064858e-16
"217",10.8,0.0311203304009264,0.0210545104146385,0.00181982357595201,0.00032315720072434,2.68464120573023e-05,9.8183328561513e-08,4.02328562090457e-16
"218",10.85,0.0315353762709383,0.0213445522497593,0.00185020453648883,0.000329247897565831,2.74364845241343e-05,1.01027949489135e-07,4.23409087473462e-16
"219",10.9,0.0319506974934153,0.0216350465519678,0.00188079443647378,0.00033540112220592,2.80352373064566e-05,1.03939410104901e-07,4.45527034240885e-16
"220",10.95,0.0323662088375945,0.0219259370317578,0.00191158998343462,0.000341616662045182,2.86427222367927e-05,1.06918936040759e-07,4.68730665436213e-16
"221",11,0.032781825078356,0.0222171673219193,0.00194258784054174,0.000347894294606186,2.92589906882462e-05,1.09967770510464e-07,4.93070387404024e-16
"222",11.05,0.0331974610312872,0.0225086810008605,0.00197378462812099,0.000354233787707604,2.98840935800637e-05,1.13087174560123e-07,5.18598841788841e-16
"223",11.1,0.0336130315873756,0.0228004216157273,0.00200517692517321,0.000360634899641565,3.05180813835873e-05,1.16278427323891e-07,5.45371001403054e-16
"224",11.15,0.0340284517473183,0.0230923327053111,0.00203676127089943,0.000367097379354141,3.11610041285943e-05,1.19542826284906e-07,5.73444270125405e-16
"225",11.2,0.0344436366554298,0.023384357822733,0.00206853416623088,0.000373620966628816,3.18129114100186e-05,1.2288168754158e-07,6.02878586998169e-16
"226",11.25,0.0348585016331348,0.0236764405578933,0.00210049207536297,0.000380205392272819,3.24738523950488e-05,1.26296346079345e-07,6.33736534698174e-16
"227",11.3,0.0352729622120317,0.023968524559679,0.00213263142729216,0.000386850378306182,3.31438758306e-05,1.29788156047956e-07,6.66083452564198e-16
"228",11.35,0.0356869341665121,0.0242605535579162,0.00216494861735496,0.000393555638153407,3.38230300511523e-05,1.3335849104446e-07,6.99987554370873e-16
"229",11.4,0.0361003335459259,0.0245524713850605,0.00219744000876819,0.000400320876837589,3.45113629869534e-05,1.37008744401952e-07,7.35520051047105e-16
"230",11.45,0.0365130767062759,0.0248442219976155,0.00223010193416958,0.000407145791176898,3.52089221725784e-05,1.40740329484205e-07,7.72755278545512e-16
"231",11.5,0.036925080341433,0.0251357494972708,0.00226293069715788,0.000414030069983266,3.59157547558439e-05,1.44554679986312e-07,8.11770831077715e-16
"232",11.55,0.0373362615138598,0.0254269981517514,0.00229592257383174,0.000420973394263165,3.66319075070691e-05,1.48453250241431e-07,8.52647699939647e-16
"233",11.6,0.0377465376848303,0.0257179124153708,0.00232907381432641,0.000427975437420358,3.7357426828681e-05,1.52437515533769e-07,8.95470418160144e-16
"234",11.65,0.0381558267441385,0.0260084369492793,0.0023623806443476,0.000435035865460473,3.80923587651566e-05,1.56508972417904e-07,9.40327211215994e-16
"235",11.7,0.0385640470392824,0.026298516641402,0.00239583926670156,0.000442154337197314,3.88367490132986e-05,1.60669139044576e-07,9.87310154066884e-16
"236",11.75,0.0389711174041184,0.026588096626058,0.00242944586282087,0.000449330504460747,3.95906429328379e-05,1.64919555493061e-07,1.03651533477408e-15
"237",11.8,0.0393769571869734,0.0268771223032547,0.00246319659428491,0.000456564012306083,4.03540855573587e-05,1.69261784110259e-07,1.08804302497799e-15
"238",11.85,0.0397814862782099,0.0271655393576519,0.00249708760433446,0.000463854499224791,4.11271216055406e-05,1.73697409856608e-07,1.14199785752111e-15
"239",11.9,0.0401846251372342,0.0274532937771888,0.00253111501937967,0.00047120159735647,4.19097954927113e-05,1.78228040658958e-07,1.19848901151498e-15
"240",11.95,0.0405862948189421,0.0277403318713686,0.00256527495050075,0.000478604932701933,4.27021513427069e-05,1.82855307770542e-07,1.25763040516235e-15
"241",12,0.0409864169995943,0.0280266002891965,0.0025995634949406,0.000486064125337293,4.35042330000316e-05,1.87580866138146e-07,1.3195408966586e-15
"242",12.05,0.0413849140021167,0.0283120460367642,0.00263397673758879,0.000493578789628946,4.43160840423133e-05,1.92406394776647e-07,1.38434449351049e-15
"243",12.1,0.0417817088208191,0.0285966164944789,0.00266851075245628,0.000501148534449338,4.51377477930493e-05,1.97333597151023e-07,1.45217057062394e-15
"244",12.15,0.0421767251455279,0.0288802594339307,0.00270316160414018,0.000508772963393395,4.59692673346363e-05,2.02364201565997e-07,1.52315409752807e-15
"245",12.2,0.0425698873851274,0.0291629230343948,0.00273792534927802,0.000516451674995517,4.68106855216794e-05,2.07499961563421e-07,1.5974358751173e-15
"246",12.25,0.0429611206905065,0.0294445558989661,0.0027727980379908,0.000524184262947025,4.76620449945742e-05,2.12742656327583e-07,1.67516278231034e-15
"247",12.3,0.0433503509769068,0.0297251070703211,0.00280777571531446,0.000531970316313965,4.8523388193359e-05,2.18094091098542e-07,1.75648803304073e-15
"248",12.35,0.043737504945668,0.0300045260461059,0.00284285442261904,0.000539809419755141,4.93947573718269e-05,2.23556097593657e-07,1.84157144401189e-15
"249",12.4,0.0441225101053699,0.0302827627939458,0.00287803019901503,0.000547701153740306,5.02761946118979e-05,2.2913053443746e-07,1.93057971366731e-15
"250",12.45,0.0445052947923664,0.0305597677660762,0.00291329908274649,0.000555645094768394,5.11677418382422e-05,2.34819287600011e-07,2.02368671284576e-15
"251",12.5,0.044885788190711,0.0308354919135908,0.00294865711257027,0.000563640815585686,5.20694408331484e-05,2.40624270843895e-07,2.12107378761119e-15
"252",12.55,0.0452639203514727,0.0311098867003058,0.002984100329121,0.000571687885403841,5.29813332516366e-05,2.46547426180016e-07,2.22293007476762e-15
"253",12.6,0.0456396222114391,0.0313829041162398,0.00301962477626126,0.000579785870117665,5.39034606368038e-05,2.52590724332357e-07,2.32945283059085e-15
"254",12.65,0.0460128256112089,0.0316544966907057,0.00305522650241659,0.000588200993239526,5.48358644354026e-05,2.58756165211835e-07,2.44084777333127e-15
"255",12.7,0.0463834633126717,0.0319246175050162,0.00309090156189484,0.000596403211749096,5.57785860136439e-05,2.65045778399459e-07,2.55732944006564e-15
"256",12.75,0.0467514690158752,0.0321932202047998,0.00312664601618939,0.000604655047604895,5.67316666732209e-05,2.71461623638922e-07,2.67912155849975e-15
"257",12.8,0.0471167773752817,0.0324602590119289,0.003162455935266,0.000612956055402083,5.76951476675476e-05,2.78005791338811e-07,2.8064574343498e-15
"258",12.85,0.0474793240154133,0.0327256887360577,0.00319832739883277,0.000621305787499978,5.86690702182072e-05,2.84680403084612e-07,2.9395803549565e-15
"259",12.9,0.0478390455458878,0.0329894647857716,0.00323425649759286,0.000629703794236574,5.96534755316062e-05,2.91487612160667e-07,3.07874400981383e-15
"260",12.95,0.0481958795758467,0.0332515431793472,0.00327023933447968,0.000638149624142208,6.0648404815827e-05,2.98429604082288e-07,3.22421292872311e-15
"261",13,0.0485497647277775,0.0335118805551238,0.00330627202587419,0.000646642824152298,6.16538992976776e-05,3.05508597138188e-07,3.37626293831345e-15
"262",13.05,0.0489006406507321,0.033770434181487,0.00334235070280399,0.000655182939819058,6.2670000239929e-05,3.12726842943419e-07,3.53518163770038e-15
"263",13.1,0.0492484480329442,0.0340271619664659,0.00337847151212385,0.000663769515522137,6.36967489587392e-05,3.20086627003014e-07,3.7012688940881e-15
"264",13.15,0.0495931286138483,0.0342820224669427,0.00341463061767745,0.000672402094678097,6.47341868412569e-05,3.27590269286514e-07,3.87483735915429e-15
"265",13.2,0.0499346251955044,0.0345349748974801,0.0034508242014402,0.000681080219948666,6.57823553634019e-05,3.35240124813581e-07,4.05621300709237e-15
"266",13.25,0.0502728816534301,0.0347859791387636,0.00348704846464246,0.000689803433447681,6.68412961078145e-05,3.43038584250893e-07,4.24573569522281e-15
"267",13.3,0.0506078429468462,0.0350349957456633,0.00352329962887348,0.000698571276946674,6.79110507819735e-05,3.50988074520519e-07,4.44375974812478e-15
"268",13.35,0.0509394551283376,0.0352819859549166,0.00355957393716539,0.000707383292079028,6.89916612364744e-05,3.59091059419999e-07,4.65065456627866e-15
"269",13.4,0.0512676653529355,0.0355269116924325,0.00359586765505727,0.000716239020542632,7.00831694834658e-05,3.67350040254308e-07,4.86680526025304e-15
"270",13.45,0.0515924218866248,0.0357697355802219,0.00363217707163904,0.000725138004300987,7.11856177152388e-05,3.75767556479941e-07,5.09261331151327e-15
"271",13.5,0.0519136741142812,0.0360104209429549,0.00366849850057493,0.000734079785782693,7.22990483229639e-05,3.8434618636133e-07,5.32849726097488e-15
"272",13.55,0.0522313725470439,0.0362489318141472,0.00370482828110653,0.000743063908079268,7.34235039155748e-05,3.93088547639812e-07,5.57489342647262e-15
"273",13.6,0.0525454688291281,0.036485232941981,0.00374116277903508,0.000752089915141238,7.45590273387897e-05,4.01997298215374e-07,5.83225665036612e-15
"274",13.65,0.0528559157440845,0.0367192897947597,0.003777498387683,0.000761157351972449,7.57056616942707e-05,4.11075136841405e-07,6.10106107855517e-15
"275",13.7,0.0531626672205092,0.0369510685660031,0.0038138315288345,0.000770265764822547,7.68634503589151e-05,4.20324803832695e-07,6.38180097223202e-15
"276",13.75,0.0534656783372122,0.0371805361791829,0.00385015865365507,0.000779414701377572,7.80324370042741e-05,4.29749081786905e-07,6.67499155375425e-15
"277",13.8,0.0537649053278494,0.0374076602921053,0.00388647624358998,0.000788603710948633,7.92126656160976e-05,4.39350796319766e-07,6.9811698880818e-15
"278",13.85,0.0540603055850242,0.037632409300941,0.00392278081124141,0.000797832344658601,8.04041805139977e-05,4.49132816814245e-07,7.30089580128273e-15
"279",13.9,0.0543518376638662,0.0378547523439087,0.00395906890122444,0.000807100155626793,8.16070263712318e-05,4.59098057183935e-07,7.63475283767675e-15
"280",13.95,0.0546394612850931,0.0380746593046145,0.00399533709100157,0.000816406699151586,8.28212482345972e-05,4.69249476650923e-07,7.98334925725301e-15
"281",14,0.0549231373375625,0.0382921008150513,0.00403158199169597,0.000825751532890939,8.40468915444366e-05,4.79590080538394e-07,8.34731907506848e-15
"282",14.05,0.0552028278803205,0.0385070482582632,0.00406780024888322,0.000835134217040777,8.52840021547502e-05,4.90122921078247e-07,8.72732314440582e-15
"283",14.1,0.0554784961441549,0.038719473770677,0.00410398854336168,0.000844554314511202,8.65326263534118e-05,5.00851098233997e-07,9.12405028554791e-15
"284",14.15,0.0557501065326596,0.0389293502441069,0.00414014359190139,0.000854011391100488,8.7792810882484e-05,5.11777760539208e-07,9.53821846210242e-15
"285",14.2,0.0560176246228179,0.0391366513274363,0.00417626214797148,0.000863505015666846,8.90646029586314e-05,5.22906105951791e-07,9.97057600689636e-15
"286",14.25,0.0562810171651122,0.0393413514279799,0.00421234100244622,0.000873034760297914,9.03480502936279e-05,5.34239382724413e-07,1.04219028995452e-14
"287",14.3,0.0565402520831672,0.0395434257125322,0.00424837698428966,0.000882600200477937,9.1643201114955e-05,5.45780890291328e-07,1.08930120978915e-14
"288",14.35,0.0567952984729356,0.0397428501081063,0.00428436696121881,0.000892200915252636,9.2950104186488e-05,5.57533980171918e-07,1.13847509256037e-14
"289",14.4,0.0570461266014326,0.0399396013023668,0.00432030784034558,0.000901836487391702,9.42688088292687e-05,5.69502056891271e-07,1.18980025183237e-14
"290",14.45,0.0572927079050287,0.0401336567437639,0.00435619656879746,0.000911506503548934,9.55993649423619e-05,5.81688578918078e-07,1.24336873308526e-14
"291",14.5,0.0575350149873069,0.0403249946413701,0.00439203013431688,0.000921210554419955,9.69418230237894e-05,5.9409705962018e-07,1.29927647079757e-14
"292",14.55,0.0577730216164942,0.0405135939644276,0.00442780556583955,0.000930948234897523,9.82962341915461e-05,6.06731068238095e-07,1.3576234521635e-14
"293",14.6,0.0580067027224753,0.0406994344416097,0.00446351993405169,0.000940719144224393,9.9662650204689e-05,6.19594230876832e-07,1.41851388772783e-14
"294",14.65,0.0582360343933949,0.0408824965600007,0.00449917035192634,0.000950522886143722,0.000101041123484501,6.32690231516349e-07,1.4820563892332e-14
"295",14.7,0.0584609938718598,0.0410627615638014,0.00453475397523877,0.000960359069047,0.000102431707135726,6.46022813040993e-07,1.5483641549877e-14
"296",14.75,0.0586815595507464,0.0412402114527624,0.00457026800306116,0.000970227306119495,0.000103834454967874,6.59595778288243e-07,1.61755516307347e-14
"297",14.8,0.058897710968624,0.0414148289803534,0.00460570967823668,0.000980127215483195,0.00010524942151659,6.73412991117164e-07,1.68975237273135e-14
"298",14.85,0.0591094288048012,0.0415865976516706,0.00464107628783301,0.000990058420337233,0.000106676662065097,6.8747837749688e-07,1.76508393427066e-14
"299",14.9,0.059316694874004,0.0417555017210905,0.00467636516357552,0.00100002054909579,0.000108116232665693,7.01795926615469e-07,1.84368340786875e-14
"300",14.95,0.0595194921206949,0.0419215261896728,0.00471157368226027,0.00101001323552349,0.000109568190161317,7.16369692009653e-07,1.92568999164051e-14
"301",15,0.0597178046130399,0.0420846568023189,0.00474669926614681,0.00102003611886818,0.000111032592207173,7.31203792715639e-07,2.01124875937418e-14
"302",15.05,0.0599116175365342,0.0422448800446907,0.00478173938333117,0.0010300888439913,0.000112509497292415,7.46302414441553e-07,2.10051090834793e-14
"303",15.1,0.0601009171872924,0.0424021860588803,0.004816691548099,0.00104017106149556,0.000113998964761887,7.61669810761813e-07,2.19363401765853e-14
"304",15.15,0.0602856909650142,0.0425565569745578,0.00485155332125923,0.00105028242785014,0.000115501054837925,7.77310304333889e-07,2.29078231751298e-14
"305",15.2,0.0604659273656334,0.042707984387022,0.00488632231045816,0.00106042260551334,0.00011701582864221,7.93228288137847e-07,2.39212696995312e-14
"306",15.25,0.0606416159736566,0.0428564577095671,0.00492099617047441,0.00107059126305268,0.000118543348217678,8.09428226739085e-07,2.49784636150387e-14
"307",15.3,0.0608127474542046,0.0430019670774398,0.00495557260349483,0.00108078807526236,0.000120083676550481,8.25914657574735e-07,2.60812640825713e-14
"308",15.35,0.0609793135447601,0.0431445033434333,0.00499004935937147,0.00109101272327832,0.000121636877592006,8.42692192264131e-07,2.72316087392536e-14
"309",15.4,0.061141307046634,0.0432840580732805,0.00502442423585996,0.00110126489469059,0.000123203016280942,8.59765517943806e-07,2.84315170142237e-14
"310",15.45,0.0612987218161564,0.0434206235408501,0.00505869507883939,0.00111154428365322,0.000124782158565399,8.77139398627495e-07,2.96830935855339e-14
"311",15.5,0.0614515527556023,0.0435541927231512,0.00509285978251397,0.00112185059099162,0.000126374371425081,8.94818676591568e-07,3.0988531984211e-14
"312",15.55,0.0615997958038587,0.0436847592951518,0.00512691628959662,0.00113218352430734,0.000127979722893504,9.12808273786414e-07,3.23501183518158e-14
"313",15.6,0.0617434479268436,0.0438123176244178,0.00516086259147475,0.00114254279808039,0.000129598282080272,9.31113193274247e-07,3.37702353581158e-14
"314",15.65,0.0618825071076832,0.0439368627655746,0.00519469672835845,0.00115292813376902,0.000131230119193395,9.49738520693792e-07,3.52513662857674e-14
"315",15.7,0.0620169723366571,0.0440583904546012,0.00522841678941129,0.00116333925990693,0.000132875305561663,9.68689425752441e-07,3.67960992892213e-14
"316",15.75,0.0621468436009191,0.0441768971029568,0.00526202091286398,0.00117377591219811,0.000134533913657066,9.87971163746294e-07,3.8407131835359e-14
"317",15.8,0.0622721218740008,0.0442923797915499,0.0052955072861111,0.00118423783360908,0.000136206017117267,1.0075890771087e-06,4.00872753337187e-14
"318",15.85,0.0623928091051089,0.0444048362645525,0.00532887414579116,0.00119472477445873,0.000137891690768123,1.02754859698776e-06,4.18394599644951e-14
"319",15.9,0.0625089082082205,0.0445142649230641,0.00536211977785023,0.00120523649250566,0.000139591010646257,1.04785524485341e-06,4.36667397128693e-14
"320",15.95,0.0626204230509885,0.044620664818634,0.00539524251758941,0.00121577275303313,0.000141304054021679,1.06851463413456e-06,4.55722976185935e-14
"321",16,0.0627273584434613,0.0447240356466424,0.00542824074969618,0.0012263333289315,0.000143030899420461,1.08953247188698e-06,4.75594512501466e-14
"322",16.05,0.0628297201266271,0.0448243777395491,0.00546111290826032,0.00123691800077837,0.000144771626647464,1.11091456049233e-06,4.9631658413194e-14
"323",16.1,0.0629275147607895,0.0449216920600133,0.00549385747677409,0.00124752655691624,0.000146526316809111,1.13266679938913e-06,5.17925231034998e-14
"324",16.15,0.0630207499137828,0.0450159801938897,0.00552647298811741,0.00125815879352778,0.000148295052336221,1.15479518683612e-06,5.40458017148977e-14
"325",16.2,0.0631094340490346,0.0451072443431059,0.00555895802452801,0.00126881451470887,0.000150077917006893,1.17730582170876e-06,5.63954095133924e-14
"326",16.25,0.0631935765134818,0.0451954873184258,0.00559131121755686,0.00127949353253912,0.000151874995969443,1.20020490532929e-06,5.88454273889365e-14
"327",16.3,0.0632731875253503,0.0452807125321051,0.00562353124800926,0.00129019566715028,0.000153686375765401,1.22349874333127e-06,6.14001088969629e-14
"328",16.35,0.0633482781618026,0.0453629239904415,0.00565561684587162,0.00130092074679211,0.000155512144352559,1.24719374755899e-06,6.40638876022567e-14
"329",16.4,0.0634188603464639,0.045442126286227,0.00568756679022447,0.00131166860789624,0.000157352391128085,1.27129643800265e-06,6.68413847383345e-14
"330",16.45,0.0634849468368307,0.0455183245911049,0.0057193799091417,0.00132243909513754,0.000159207206951687,1.29581344476979e-06,6.97374171960511e-14
"331",16.5,0.063546551211572,0.0455915246478374,0.00575105507957647,0.00133323206149342,0.000161076684168842,1.32075151009376e-06,7.27570058557888e-14
"332",16.55,0.0636036878577277,0.0456617327624888,0.00578259122723402,0.00134404736830087,0.000162960916634093,1.34611749038e-06,7.59053842781979e-14
"333",16.6,0.0636563719578126,0.0457289557965265,0.00581398732643149,0.00135488488531127,0.000164859999734393,1.3719183582907e-06,7.91880077691284e-14
"334",16.65,0.0637046194768332,0.0457932011588485,0.00584524239994532,0.00136574449074314,0.000166774030412536,1.39816120486872e-06,8.2610562835089e-14
"335",16.7,0.0637484471492224,0.0458544767977377,0.00587635551884621,0.00137662607133267,0.000168703107190634,1.42485324170144e-06,8.61789770462852e-14
"336",16.75,0.0637878724657001,0.0459127911927494,0.00590732580232199,0.00138752952238218,0.000170647330193676,1.45200180312533e-06,8.989942932505e-14
"337",16.8,0.0638229136600663,0.0459681533465374,0.00593815241748883,0.00139845474780653,0.000172606801173154,1.47961434847203e-06,9.37783606782712e-14
"338",16.85,0.0638535896959326,0.0460205727766208,0.00596883457919071,0.00140940166017736,0.000174581623530757,1.50769846435676e-06,9.78224853932443e-14
"339",16.9,0.0638799202533983,0.0460700595070967,0.00599937154978787,0.00142037018076546,0.000176571902342148,1.5362618670098e-06,1.02038802717243e-13
"340",16.95,0.0639019257156785,0.0461166240603041,0.00602976263893402,0.00143136023958103,0.000178577744380809,1.56531240465198e-06,1.06434609042009e-13
"341",17,0.0639196271556891,0.0461602774484412,0.00606000720334299,0.00144237177541199,0.00018059925814197,1.5948580599149e-06,1.11017510615282e-13
"342",17.05,0.0639330463225957,0.0462010311651413,0.00609010464654483,0.00145340473586034,0.000182636553866617,1.62490695230691e-06,1.15795436802531e-13
"343",17.1,0.0639422056283316,0.046238897177012,0.00612005441863171,0.00146445907737667,0.000184689743565582,1.65546734072555e-06,1.20776653922994e-13
"344",17.15,0.0639471281340912,0.0462738879151392,0.00614985601599388,0.00147553476529266,0.000186758941043726,1.68654762601749e-06,1.25969779685313e-13
"345",17.2,0.0639478375368047,0.046306016266563,0.00617950898104598,0.00148663177385182,0.000188844261924198,1.71815635358683e-06,1.31383798249079e-13
"346",17.25,0.0639443581555993,0.0463352955657269,0.00620901290194388,0.00149775008623837,0.000190945823672798,1.75030221605277e-06,1.37028075939854e-13
"347",17.3,0.063936714918253,0.0463617395859047,0.00623836741229241,0.00150888969460434,0.000193063745622425,1.78299405595738e-06,1.42912377646433e-13
"348",17.35,0.0639249333476453,0.0463853625306096,0.00626757219084417,0.00152005060009481,0.000195198148997621,1.81624086852484e-06,1.49046883930382e-13
"349",17.4,0.0639090395482116,0.0464061790249879,0.00629662696118968,0.00153123281287158,0.000197349156939224,1.85005180447276e-06,1.55442208879299e-13
"350",17.45,0.0638890601924057,0.0464242041072022,0.00632553149143922,0.00154243635213494,0.000199516894529112,1.88443617287678e-06,1.62109418736547e-13
"351",17.5,0.0638650225071752,0.0464394532198057,0.00635428559389642,0.00155366124614392,0.000201701488815057,1.9194034440896e-06,1.69060051341799e-13
"352",17.55,0.0638369542604555,0.0464519422011133,0.00638288912472412,0.00156490753223478,0.000203903068835685,1.95496325271515e-06,1.76306136418158e-13
"353",17.6,0.0638048837476871,0.0464616872765715,0.00641134198360247,0.00157617525683795,0.000206121765645555,1.99112540063939e-06,1.83860216743325e-13
"354",17.65,0.0637688397783603,0.0464687050501299,0.0064396441133798,0.00158746447549338,0.000208357712340339,2.02789986011855e-06,1.9173537024389e-13
"355",17.7,0.063728851662593,0.0464730124956192,0.0064677954997162,0.00159877525286427,0.000210611044082132,2.06529677692606e-06,1.9994523305362e-13
"356",17.75,0.0636849491977455,0.0464746269481379,0.00649579617072042,0.00161010766274939,0.000212881898124879,2.10332647355931e-06,2.0850402357848e-13
"357",17.8,0.0636371626550769,0.0464735660954498,0.00652364619657997,0.00162146178809379,0.000215170413839925,2.14199945250736e-06,2.17426567612941e-13
"358",17.85,0.0635855227664471,0.0464698479693976,0.0065513456891849,0.00163283772099813,0.000217476732741692,2.1813263995809e-06,2.26728324554312e-13
"359",17.9,0.0635300607110698,0.0464634909373333,0.00657889480174547,0.00164423556272655,0.000219800998513494,2.22131818730553e-06,2.36425414763756e-13
"360",17.95,0.0634708081023191,0.0464545136935704,0.00660629372840386,0.00165565542371316,0.000222143357033481,2.26198587837972e-06,2.46534648124971e-13
"361",18,0.063407796974594,0.0464429352508586,0.0066335427038402,0.00166709742356713,0.000224503956400726,2.30334072919874e-06,2.57073553853799e-13
"362",18.05,0.0633410597702466,0.0464287749318851,0.00666064200287322,0.00167856169107652,0.000226882946961454,2.34539419344574e-06,2.68060411614355e-13
"363",18.1,0.0632706293265749,0.0464120523608054,0.00668759194005565,0.0016900483642107,0.000229280481335412,2.38815792575138e-06,2.79514283999891e-13
"364",18.15,0.0631965388628856,0.0463927874548048,0.00671439286926461,0.00170155759012159,0.000231696714442401,2.43164378542337e-06,2.91455050439203e-13
"365",18.2,0.0631188219676309,0.0463710004156948,0.00674104518328736,0.00171308952514365,0.000234131803528953,2.47586384024728e-06,3.03903442592075e-13
"366",18.25,0.0630375125856212,0.0463467117215459,0.00676754931340243,0.0017246443347926,0.000236585908195172,2.52083037035999e-06,3.16881081300284e-13
"367",18.3,0.062952645005319,0.0463199421183593,0.00679390572895644,0.00173622219376305,0.000239059190421733,2.56655587219729e-06,3.3041051516352e-13
"368",18.35,0.0628642538462144,0.0462907126117802,0.00682011493693692,0.00174782328592494,0.000241551814597055,2.61305306251706e-06,3.44515260812923e-13
"369",18.4,0.0627723740462897,0.0462590444588549,0.00684617748154117,0.00175944780431885,0.000244063947544636,2.6603348824994e-06,3.59219844958049e-13
"370",18.45,0.0626770408495718,0.0462249591598339,0.00687209394374155,0.00177109595115032,0.000246595758550573,2.70841450192559e-06,3.74549848286693e-13
"371",18.5,0.062578289793778,0.0461884784500224,0.00689786494084725,0.00178276793778296,0.00024914741939126,2.75730532343695e-06,3.90531951300477e-13
"372",18.55,0.0624761566980574,0.0461496242916825,0.00692349112606286,0.00179446398473075,0.00025171910436126,2.8070209868756e-06,4.07193982172981e-13
"373",18.6,0.0623706776508302,0.0461084188659859,0.00694897318804395,0.00180618432164914,0.000254310990301385,2.85757537370855e-06,4.24564966721113e-13
"374",18.65,0.0622618889977286,0.0460648845650222,0.00697431185044973,0.0018179291873254,0.000256923256626951,2.90898261153676e-06,4.42675180584517e-13
"375",18.7,0.062149827329641,0.046019043983863,0.0069995078714932,0.00182969882966784,0.000259556085356242,2.96125707869093e-06,4.61556203712216e-13
"376",18.75,0.062034529470862,0.045970919912683,0.00702456204348875,0.00184149350569435,0.00026220966113918,3.01441340891582e-06,4.81240977260185e-13
"377",18.8,0.0619160324673513,0.045920535328943,0.00704947519239765,0.00185331348151987,0.000264884171286188,3.06846649614454e-06,5.01763863008216e-13
"378",18.85,0.0617943735751032,0.0458679133896319,0.00707424817737139,0.0018651590323432,0.000267579805797281,3.12343149936505e-06,5.23160705409583e-13
"379",18.9,0.061669590248629,0.0458130774235739,0.00709888189029322,0.00187703044243289,0.000270296757391369,3.17932384758038e-06,5.45468896391975e-13
"380",18.95,0.0615417201295543,0.0457560509237993,0.00712337725531802,0.00188892800511243,0.00027303522153578,3.23615924486452e-06,5.68727443033772e-13
"381",19,0.061410801035334,0.0456968575399822,0.00714773522841066,0.00190085202274465,0.000275795396476016,3.29395367551594e-06,5.92977038245356e-13
"382",19.05,0.0612768709480857,0.0456355210709459,0.00717195679688307,0.00191280280671544,0.000278577483265735,3.35272340931065e-06,6.18260134591096e-13
"383",19.1,0.0611399680035441,0.0455720654572374,0.00719604297893018,0.00192478067741679,0.000281381685796978,3.41248500685687e-06,6.44621021393928e-13
"384",19.15,0.0610001304801383,0.0455065147737726,0.00721999482316489,0.00193678596422913,0.000284208210830637,3.47325532505308e-06,6.72105905270843e-13
"385",19.2,0.0608573967881931,0.0454388932225533,0.00724381340815225,0.00194881900550311,0.000287057268027168,3.53505152265196e-06,7.00762994254635e-13
"386",19.25,0.0607118054592563,0.045369225125458,0.00726749984194304,0.00196088014854074,0.000289929069977561,3.59789106593184e-06,7.30642585664164e-13
"387",19.3,0.0605633951355532,0.0452975349171065,0.00729105526160688,0.00197296974957599,0.000292823832234571,3.66179173447828e-06,7.61797157893074e-13
"388",19.35,0.0604122045595702,0.0452238471378,0.00731448083276505,0.00198508817375484,0.000295741773344213,3.72677162707759e-06,7.94281466294566e-13
"389",19.4,0.0602582725637685,0.0451481864265382,0.00733777774912316,0.00199723579511479,0.00029868311487752,3.79284916772483e-06,8.28152643348177e-13
"390",19.45,0.0601016380604283,0.0450705775141144,0.00736094723200386,0.00200941299656397,0.000301648081462592,3.8600431117485e-06,8.63470303303006e-13
"391",19.5,0.0599423400316274,0.0449910452162884,0.00738399052987971,0.00202162016985973,0.000304636900816912,3.92837255205406e-06,9.0029665150075e-13
"392",19.55,0.0597804175193513,0.0449096144270395,0.00740690891790635,0.00203385771558679,0.000307649803779959,3.99785692548905e-06,9.38696598591551e-13
"393",19.6,0.0596159096157397,0.0448263101119008,0.00742970369745618,0.00204612604313508,0.00031068702434611,4.06851601933195e-06,9.78737879865196e-13
"394",19.65,0.0594488554534676,0.044741157301373,0.00745237619565263,0.00205842557067708,0.000313748799697842,4.14036997790742e-06,1.02049117993081e-12
"395",19.7,0.0592792941962637,0.0446541810844225,0.00747492776490514,0.00207075672514495,0.000316835370239242,4.21343930933032e-06,1.06403026298877e-12
"396",19.75,0.0591072650295648,0.0445654066020609,0.00749735978244507,0.00208311994220725,0.000319946979629823,4.28774489238141e-06,1.10943210895002e-12
"397",19.8,0.0589328071513101,0.0444748590410086,0.00751967364986264,0.00209551566624538,0.00032308387481866,4.36330798351692e-06,1.1567770556697e-12
"398",19.85,0.0587559597628725,0.0443825636274425,0.00754187079264498,0.0021079443503298,0.000326246306078855,4.44015022401521e-06,1.20614894757451e-12
"399",19.9,0.0585767620601302,0.0442885456208289,0.00756395265971545,0.00212040645619595,0.000329434527042319,4.51829364726279e-06,1.25763529097604e-12
"400",19.95,0.0583952532246779,0.0441928303078417,0.00758592072297445,0.00213290245422,0.000332648794734903,4.59776068618299e-06,1.31132741637627e-12
"401",20,0.0582114724151777,0.0440954429963656,0.00760777647684163,0.00214543282339438,0.00033588936961186,4.67857418080974e-06,1.3673206480851e-12
"402",20.05,0.0580254587588518,0.0439964090095874,0.00762952143779984,0.00215799805130316,0.000339156515593668,4.7607573860097e-06,1.42571448148541e-12
"403",20.1,0.0578372513431148,0.0438957536801723,0.00765115714394081,0.00217059863409729,0.000342450500102196,4.84433397935564e-06,1.48661276829597e-12
"404",20.15,0.0576468892073489,0.0437935023445286,0.00767268515451268,0.0021832350764697,0.000345771594097239,4.92932806915398e-06,1.55012391019974e-12
"405",20.2,0.0574544113348189,0.0436896803371594,0.00769410704946955,0.00219590789163036,0.00034912007211342,5.01576420263e-06,1.61636106122161e-12
"406",20.25,0.0572598566447303,0.0435843129851024,0.00771542442902308,0.0022086176012812,0.000352496212297465,5.10366737427343e-06,1.68544233925768e-12
"407",20.3,0.0570632639844279,0.0434774256024573,0.00773663891319636,0.00222136473559104,0.000355900296445864,5.19306303434812e-06,1.75749104717752e-12
"408",20.35,0.0568646721217369,0.0433690434850018,0.00775775214137993,0.00223414983317047,0.000359332610042914,5.28397709756879e-06,1.83263590393971e-12
"409",20.4,0.056664119737446,0.0432591919048965,0.00777876577189039,0.00224697344104673,0.000362793442299162,5.37643595194847e-06,1.91101128618242e-12
"410",20.45,0.056461645417931,0.0431478961054774,0.00779968148153134,0.00225983611463863,0.000366283086190253,5.47046646782002e-06,1.99275748077187e-12
"411",20.5,0.0562572876479212,0.0430351812961381,0.00782050096515697,0.00227273841773149,0.00036980183849618,5.56609600703513e-06,2.07802094881442e-12
"412",20.55,0.0560510848034062,0.0429210726473001,0.00784122593523835,0.00228568092245217,0.000373349999840956,5.66335243234485e-06,2.16695460166192e-12
"413",20.6,0.0558430751446845,0.0428055952854726,0.00786185812143241,0.00229866420924417,0.000376927874732709,5.76226411696477e-06,2.25971808946426e-12
"414",20.65,0.0556332968095526,0.0426887742884005,0.00788239927015382,0.00231168886684281,0.000380535771604203,5.86285995432897e-06,2.35647810285001e-12
"415",20.7,0.0554217878066346,0.0425706346803016,0.00790285114414979,0.00232475549225064,0.000384174002853806,5.96516936803662e-06,2.45740868834253e-12
"416",20.75,0.0552085860088523,0.0424512014271923,0.00792321552207789,0.00233786469071288,0.000387842884886895,6.06922232199494e-06,2.56269157814815e-12
"417",20.8,0.054993729147034,0.0423304965180394,0.00794349419808692,0.00235101707569307,0.000391542738157719,6.17504933076277e-06,2.67251653498269e-12
"418",20.85,0.0547772548036646,0.0422085506257059,0.00796368898140093,0.00236421326884897,0.000395218583423391,6.28268147009848e-06,2.78708171263394e-12
"419",20.9,0.0545592004067717,0.0420853855918742,0.00798380169590661,0.0023774539000086,0.0003989808304676,6.39215038771697e-06,2.90659403299138e-12
"420",20.95,0.0543396032239524,0.0419610261047828,0.00800383417974373,0.0023907396071465,0.000402775030359373,6.50348831425947e-06,3.03126958030788e-12
"421",21,0.0541185003565363,0.0418354967724244,0.00802378828489918,0.0024040710363603,0.000406601520129212,6.61672807448078e-06,3.16133401349519e-12
"422",21.05,0.0538959287338858,0.0417088221184012,0.00804366587680436,0.00241744884184751,0.000410460641072258,6.73190309865845e-06,3.29702299729254e-12
"423",21.1,0.0536719251078328,0.0415810265778679,0.00806346883393598,0.00243087368588261,0.000414352738793031,6.84904743422822e-06,3.43858265318762e-12
"424",21.15,0.0534465260472513,0.0414521344935605,0.00808319904742057,0.00244434623879442,0.000418278163250665,6.9681957576506e-06,3.58627003101067e-12
"425",21.2,0.0532197679327639,0.041322170111914,0.00810285842064246,0.00245786717894384,0.000422237268804667,7.08938338651311e-06,3.7403536021664e-12
"426",21.25,0.0529916869515839,0.0411911575792643,0.00812244886885551,0.00247143719270188,0.000426230414261197,7.21264629187329e-06,3.90111377551398e-12
"427",21.3,0.0527623190924889,0.0410591209381382,0.00814197231879848,0.00248505697442804,0.000430257962919874,7.33802111084709e-06,4.0688434369535e-12
"428",21.35,0.0525317001409287,0.0409260841236274,0.00816143070831431,0.00249872722644915,0.00043432028262113,7.46554515944796e-06,4.24384851382754e-12
"429",21.4,0.0522998656742633,0.0407920709598489,0.00818082598597299,0.00251244865903842,0.000438417745794107,7.59525644568168e-06,4.42644856529947e-12
"430",21.45,0.0520668510571323,0.04065710515649,0.00820016011069847,0.00252622199039512,0.00044255072950511,7.72719368290212e-06,4.61697739992504e-12
"431",21.5,0.0518326914369539,0.0405212103054371,0.00821943505139945,0.0025400479466245,0.00044671961550663,7.86139630343352e-06,4.8157837216923e-12
"432",21.55,0.0515974217395525,0.0403844098774889,0.00823865278660402,0.0025539272617182,0.000450924790286936,7.99790447246456e-06,5.02323180586514e-12
"433",21.6,0.0513610766649145,0.040246727219153,0.00825781530409833,0.00256786067753516,0.000455166645120248,8.13675910221984e-06,5.23970220602991e-12
"434",21.65,0.0511236906830706,0.0401081855495249,0.00827692460056932,0.00258184894378294,0.000459445576117508,8.27800186641469e-06,5.4655924938118e-12
"435",21.7,0.0508852980301035,0.0399688079572495,0.00829598268125145,0.00259589281799952,0.000463761984277748,8.42167521499887e-06,5.70131803279617e-12
"436",21.75,0.050645932704281,0.0398286173975645,0.0083149915595775,0.00260999306553565,0.000468116275540057,8.56782238919538e-06,5.94731278826625e-12
"437",21.8,0.0504056284623121,0.0396876366894247,0.00833395325683355,0.00262415045953762,0.000472508860836188,8.71648743684039e-06,6.20403017444262e-12
"438",21.85,0.050164418815726,0.0395458885127069,0.00835286980181801,0.00263836578093064,0.000476940156143768,8.86771522803021e-06,6.47194394099316e-12
"439",21.9,0.049922337027372,0.0394033954054945,0.00837174323050493,0.0026526398184027,0.000481410582540162,9.02155147108237e-06,6.75154910066624e-12
"440",21.95,0.0496794161080399,0.0392601797614422,0.00839057558571139,0.00266697336838902,0.000485920566256973,9.17804272881646e-06,7.04336289998767e-12
"441",22,0.0494356888131997,0.039116263827218,0.00840936891676918,0.002681367235057,0.000490470538735201,9.33723643516194e-06,7.34792583505736e-12
"442",22.05,0.0491911876398579,0.0389716697000246,0.00842812527920071,0.00269582223029185,0.000495060936681069,9.4991809120996e-06,7.6658027145779e-12
"443",22.1,0.0489459448235323,0.0388264193251967,0.00844684673439912,0.00271033917368267,0.000499692202122511,9.66392538694307e-06,7.99758377234959e-12
"444",22.15,0.0486999923353408,0.0386805344938764,0.00846553534931271,0.00272491889250925,0.000504364782466365,9.83152000996847e-06,8.34388583157648e-12
"445",22.2,0.0484533618792045,0.0385340368407634,0.00848419319613366,0.00273956222172942,0.00050907913055624,1.00020158723982e-05,8.70535352343761e-12
"446",22.25,0.0482060848891648,0.0383869478419406,0.008502822351991,0.00275427000396704,0.000513835704731092,1.01754650247471e-05,9.08266056249831e-12
"447",22.3,0.0479581925268106,0.0382392888127744,0.00852142489864799,0.0027690430895006,0.000518634968884526,1.03519204955385e-05,9.47651108166118e-12
"448",22.35,0.0477097156788168,0.0380910809058889,0.00854000292220367,0.00278388233625253,0.000523477392524802,1.05314363103967e-05,9.88764102948358e-12
"449",22.4,0.047460684954592,0.0379423451092126,0.00855855851279888,0.00279878860977907,0.000528363450835586,1.07140675115256e-05,1.03168196328285e-11
"450",22.45,0.0472111306840335,0.0377931022440976,0.00857709376432655,0.00281376278326089,0.000533293624737445,1.08998701775799e-05,1.0764850927959e-11
"451",22.5,0.0469610829153889,0.0376433729635103,0.00859561077414636,0.00282880573749435,0.000538268400950097,1.10889014439376e-05,1.1232575363333e-11
"452",22.55,0.0467105714132229,0.0374931777502928,0.00861411164280368,0.00284391836088346,0.00054328827205542,1.12812195233827e-05,1.17208714775198e-11
"453",22.6,0.0464596256564877,0.0373425369154938,0.00863259847375295,0.00285910154943247,0.000548353736561241,1.14768837272051e-05,1.22306576558183e-11
"454",22.65,0.0462082748366964,0.0371914705967692,0.00865107337308534,0.00287435620673931,0.000553465298965913,1.16759544867287e-05,1.27628939693368e-11
"455",22.7,0.0459565478561968,0.0370399987568507,0.00866953844926081,0.00288968324398959,0.000558623469823688,1.18784933752744e-05,1.33185841004731e-11
"456",22.75,0.0457044733265453,0.036888141182082,0.00868799581284442,0.00290508357995142,0.000563828765810893,1.20845631305685e-05,1.38987773589265e-11
"457",22.8,0.045452079566979,0.0367359174810215,0.0087064475762471,0.00292055814097093,0.000569081709792935,1.22942276776052e-05,1.45045707925737e-11
"458",22.85,0.0451993946029854,0.036583347083111,0.0087248958534707,0.00293610786096851,0.000574382830892128,1.25075521519726e-05,1.51371113977538e-11
"459",22.9,0.0449464461649668,0.0364304492374096,0.00874334275985732,0.00295173368143588,0.000579732664556362,1.27246029236526e-05,1.57975984337236e-11
"460",22.95,0.0446932616869997,0.0362772430113913,0.00876179041184304,0.00296743655143378,0.000585131752628636,1.29454476213035e-05,1.64872858462846e-11
"461",23,0.0444398683056867,0.0361237472898071,0.00878024092671595,0.0029832174275906,0.000590580643417439,1.31701551570366e-05,1.72074848058187e-11
"462",23.05,0.0441862928590999,0.0359699807736078,0.00879869642237841,0.00299907727410158,0.000596079891768017,1.33987957516962e-05,1.79595663652329e-11
"463",23.1,0.0439325618858147,0.0358159619789306,0.00881715901711369,0.00301501706272899,0.000601630059134536,1.36314409606542e-05,1.87449642435763e-11
"464",23.15,0.0436787016240321,0.0356617092361447,0.00883563082935686,0.00303103777280297,0.000607231713653119,1.38681637001289e-05,1.95651777413775e-11
"465",23.2,0.0434247380107877,0.0355072406889584,0.0088541139774699,0.00304714039122316,0.000612885430215827,1.41090382740415e-05,2.0421774794048e-11
"466",23.25,0.0431706966812483,0.0353525742935842,0.00887261057952109,0.00306332591246121,0.000618591790545538,1.43541404014181e-05,2.13163951700033e-11
"467",23.3,0.0429166029680908,0.0351977278179628,0.00889112275306867,0.00307959533856406,0.000624351383271782,1.46035472443521e-05,2.22507538204858e-11
"468",23.35,0.0426624819009661,0.0350427188410445,0.00890965261494867,0.00309594967915799,0.000630164804007504,1.48573374365362e-05,2.32266443884098e-11
"469",23.4,0.0424083582060439,0.0348875647521269,0.0089282022810669,0.00311238995145354,0.000636032655426811,1.51155911123769e-05,2.42459428839134e-11
"470",23.45,0.0421542563056377,0.0347322827502487,0.00894677386619522,0.00312891718025124,0.000641955547343677,1.53783899367049e-05,2.53106115346806e-11
"471",23.5,0.0419002003179092,0.034576889843638,0.00896536948377188,0.00314553239794815,0.000647934096791635,1.56458171350912e-05,2.64227028194837e-11
"472",23.55,0.0416462140566502,0.0344214028492146,0.00898399124570605,0.0031622366445453,0.000653968928104484,1.59179575247846e-05,2.75843636938289e-11
"473",23.6,0.0413923210311405,0.0342658383921462,0.0090026412621864,0.00317903096765585,0.000660060672997985,1.61948975462817e-05,2.87978400170067e-11
"474",23.65,0.0411385444460804,0.0341102129054554,0.00902132164149385,0.00319591642251424,0.000666209970652608,1.64767252955436e-05,3.00654811903258e-11
"475",23.7,0.0408849072015975,0.0339545426296796,0.00904003448981833,0.00321289407198605,0.000672417467797295,1.67635305568724e-05,3.13897450167738e-11
"476",23.75,0.0406314318933247,0.0337988436125808,0.00905878191107958,0.00322996498657883,0.000678683818794294,1.70554048364624e-05,3.27732027928698e-11
"477",23.8,0.0403781408125489,0.0336431317089049,0.00907756600675204,0.00324713024445372,0.000685009685725049,1.73524413966385e-05,3.4218544643994e-11
"478",23.85,0.0401250559464301,0.0334874225801901,0.00909638887569361,0.00326439093143795,0.000691395738477175,1.76547352907986e-05,3.57285851150456e-11
"479",23.9,0.0398721989782867,0.0333317316946234,0.00911525261397846,0.00328174814103821,0.000697842654832524,1.79623833990727e-05,3.73062690288622e-11
"480",23.95,0.0396195912879493,0.0331760743269443,0.00913415931473377,0.00329920297445488,0.000704351120556358,1.82754844647148e-05,3.89546776254481e-11
"481",24,0.0393672539521784,0.033020465558394,0.00915311106798033,0.00331675654059716,0.000710921829487655,1.85941391312439e-05,4.06770349957182e-11
"482",24.05,0.0391152077451466,0.0328649202767113,0.00917210996047701,0.00333440995609904,0.000717555483630536,1.89184499803485e-05,4.2476714824123e-11
"483",24.1,0.0388634731389836,0.0327094531761719,0.00919115807556919,0.00335216434533616,0.000724252793246852,1.92485215705709e-05,4.43572474552532e-11
"484",24.15,0.0386120703043818,0.0325540787576724,0.00921025749304082,0.00337002084044359,0.000731014476949941,1.95844604767895e-05,4.63223273002639e-11
"485",24.2,0.0383610191112627,0.0323988113288564,0.00922941028897042,0.00338798058133445,0.000737841261799556,1.99263753305136e-05,4.8375820599742e-11
"486",24.25,0.0381103391295013,0.0322436650042832,0.00924861853559074,0.00340604471571943,0.000744733883397997,2.02743768610101e-05,5.05217735604808e-11
"487",24.3,0.0378600496297081,0.0320886537056379,0.00926788430115218,0.00342421439912721,0.000751693085987448,2.06285779372778e-05,5.27644208844795e-11
"488",24.35,0.0376101695840674,0.031933791161981,0.00928720964978988,0.00344249079492576,0.000758719622548549,2.09890936108891e-05,5.51081947094107e-11
"489",24.4,0.0373607176672298,0.0317790909100388,0.00930659664139444,0.00346087507434457,0.000765814254900197,2.13560411597164e-05,5.75577339807533e-11
"490",24.45,0.0371117122572587,0.0316245662945316,0.0093260473314863,0.00347936841649771,0.000772977753800618,2.17295401325618e-05,6.01178942767985e-11
"491",24.5,0.0368631714366293,0.0314702304685404,0.0093455637710936,0.00349797200840787,0.000780210899049702,2.21097123947098e-05,6.27937581087935e-11
"492",24.55,0.0366151129932773,0.0313160963939106,0.0093651480066338,0.00351668704503123,0.00078751447959264,2.24966821744238e-05,6.55906457196068e-11
"493",24.6,0.0363675544216989,0.0311621768416919,0.00938480207979847,0.00353551472928326,0.000794889293624846,2.28905761104034e-05,6.85141264054539e-11
"494",24.65,0.0361205129240983,0.0310084843926141,0.00940452802744193,0.00355445627206547,0.000802336148698227,2.32915233002262e-05,7.15700303864797e-11
"495",24.7,0.0358740054115832,0.0308550314375972,0.00942432788147296,0.00357351289229293,0.000809855861828766,2.36996553497923e-05,7.47644612532504e-11
"496",24.75,0.0356280485054052,0.0307018301782956,0.00944420366875025,0.00359268581692286,0.000817449259605484,2.41151064237962e-05,7.81038090175964e-11
"497",24.8,0.0353826585382464,0.0305488926276759,0.0094641574109809,0.00361197628098403,0.000825117178300756,2.45380132972438e-05,8.15947637976552e-11
"498",24.85,0.0351378515555491,0.0303962306106265,0.00948419112462244,0.00363138552760704,0.000832860463982022,2.49685154080404e-05,8.52443301684661e-11
"499",24.9,0.0348936433168874,0.0302438557645991,0.00950430682078808,0.00365091480805562,0.000840679972624915,2.54067549106708e-05,8.90598422110639e-11
"500",24.95,0.0346500492973812,0.0300917795402813,0.00952450650515516,0.00367056538175871,0.000848576570227792,2.58528767309951e-05,9.3048979294636e-11
"501",25,0.0344070846891494,0.0299400132022984,0.00954479217787683,0.00369033851634351,0.000856551132927723,2.63070286221835e-05,9.7219782628089e-11
"502",25.05,0.0341647644028028,0.0297885678299459,0.00956516583349694,0.00371023548766946,0.000864604547117944,2.67693612218166e-05,1.01580672619187e-10
"503",25.1,0.0339231030689745,0.0296374543179496,0.00958562946086791,0.00373025757986307,0.000872737709566762,2.72400281101726e-05,1.06140467081324e-10
"504",25.15,0.0336821150398868,0.0294866833772536,0.00960618504307186,0.00375040608535368,0.000880951527537984,2.77191858697297e-05,1.10908400330068e-10
"505",25.2,0.0334418143909545,0.0293362655358362,0.00962683455734467,0.00377068230491013,0.000889246918912847,2.82069941459091e-05,1.15894143213682e-10
"506",25.25,0.0332022149224218,0.0291862111395512,0.00964757997500302,0.00379108754767837,0.000897624812313481,2.8703615709084e-05,1.21107824124114e-10
"507",25.3,0.0329633301610332,0.0290365303529956,0.0096684232613745,0.00381162313121985,0.000906086147227924,2.92092165178827e-05,1.26560051037252e-10
"508",25.35,0.0327251733617369,0.0288872331604019,0.0096893663757305,0.00383229038155098,0.000914631874136713,2.97239657838133e-05,1.32261934633759e-10
"509",25.4,0.0324877575094188,0.0287383293665549,0.00971041127122209,0.00385309063318336,0.000923262954641055,3.02480360372384e-05,1.38225112554356e-10
"510",25.45,0.0322510953206675,0.0285898285977319,0.00973155989481863,0.00387402522916498,0.000931980361592617,3.07816031947289e-05,1.44461774846186e-10
"511",25.5,0.0320151992455682,0.0284417403026657,0.00975281418724924,0.00389509552112228,0.000940785079224939,3.13248466278261e-05,1.5098469065975e-10
"512",25.55,0.0317800814695241,0.0282940737535301,0.00977417608294702,0.00391630286930315,0.000949678103286502,3.18779492332424e-05,1.57807236258931e-10
"513",25.6,0.0315457539151066,0.0281468380469466,0.00979564750999589,0.00393764864262076,0.000958660441175453,3.24410975045315e-05,1.64943424409774e-10
"514",25.65,0.0313122282439299,0.028000042105012,0.00981723039008023,0.00395913421869836,0.000967733112076038,3.30144816052606e-05,1.72407935217109e-10
"515",25.7,0.0310795158585519,0.0278536946763463,0.00983892663843692,0.00398076098391489,0.000976897147096721,3.35982954437151e-05,1.80216148481484e-10
"516",25.75,0.0308476279043988,0.0277078043371602,0.00986073816381024,0.00400253033345155,0.000986153589410054,3.41927367491704e-05,1.88384177652711e-10
"517",25.8,0.0306165752717132,0.0275623794923411,0.00988266686840905,0.00402444367133923,0.000995503494394288,3.47980071497639e-05,1.96928905460126e-10
"518",25.85,0.030386368597524,0.0274174283765574,0.00990471464786659,0.00404650241050678,0.00100494792977676,3.5414312252001e-05,2.05868021303759e-10
"519",25.9,0.0301570182676386,0.0272729590553813,0.00992688339120266,0.00406870797283024,0.00101448797577906,3.60418617219316e-05,2.15220060494944e-10
"520",25.95,0.0299285344186547,0.0271289794264271,0.00994917498078826,0.00409106178918285,0.00102412472526406,3.66808693680323e-05,2.25004445439401e-10
"521",26,0.0297009269399916,0.026985497220507,0.00997159129231253,0.00411356529948606,0.00103385928388469,3.73315532258312e-05,2.35241528860556e-10
"522",26.05,0.0294742054759405,0.0268425200028023,0.00999413419475199,0.00413621995276128,0.00104369277023469,3.79941356443125e-05,2.45952639165913e-10
"523",26.1,0.0292483794277328,0.0267000551740497,0.0100168055503421,0.00415902720718257,0.00105362631600113,3.86688433741402e-05,2.57160128064514e-10
"524",26.15,0.0290234579556245,0.026558109971742,0.0100396072145512,0.00418198853013019,0.00106366106611891,3.93559076577397e-05,2.6888742054908e-10
"525",26.2,0.0287994499809969,0.0264166914713435,0.0100625410360559,0.00420510539824496,0.00107379817892718,4.00555643212769e-05,2.81159067362254e-10
"526",26.25,0.028576364188473,0.0262758065875179,0.0100856088567198,0.00422837929748357,0.00108403882632765,4.07680538685771e-05,2.9400080007248e-10
"527",26.3,0.0283542090280474,0.0261354620753696,0.0101088125115732,0.00425181172317463,0.00109438419394494,4.14936215770237e-05,3.07439588891496e-10
"528",26.35,0.0281329927172304,0.0259956645316971,0.0101321538287955,0.00427540418007562,0.00110483548128891,4.22325175954821e-05,3.21503703372243e-10
"529",26.4,0.0279127232432043,0.0258564203962584,0.0101556346296994,0.00429915818243071,0.00111539390191898,4.29849970442905e-05,3.36222776133078e-10
"530",26.45,0.027693408364992,0.0257177359530468,0.0101792567287169,0.00432307525402937,0.00112606068361052,4.37513201173624e-05,3.51627869761687e-10
"531",26.5,0.0274750556156365,0.0255796173315785,0.0102030219333873,0.00434715692826579,0.0011368370685233,4.45317521864485e-05,3.67751547060083e-10
"532",26.55,0.0272576723043908,0.0254420705081894,0.0102269320443475,0.00437140474819921,0.00114772431337205,4.53265639076025e-05,3.84627944800264e-10
"533",26.6,0.0270412655189178,0.0253051013073418,0.0102509888553232,0.00439582026661499,0.00115872368959907,4.61360313299e-05,4.02292851168934e-10
"534",26.65,0.0268258421274982,0.0251687154029402,0.0102751941531228,0.00442040504608655,0.00116983648354912,4.69604360064591e-05,4.20783787088941e-10
"535",26.7,0.0266114087812476,0.0250329183196559,0.0102995497176327,0.00444516065903805,0.00118106399664629,4.78000651078117e-05,4.40140091614611e-10
"536",26.75,0.0263979719163405,0.0248977154342591,0.0103240573218136,0.00447008868780797,0.00119240754557322,4.8655211537678e-05,4.60403011608582e-10
"537",26.8,0.0261855377562407,0.0247631119769593,0.0103487187316997,0.00449519072471337,0.00120386846245247,4.95261740511962e-05,4.81615795918302e-10
"538",26.85,0.0259741123139386,0.0246291130327519,0.0103735357063987,0.00452046837211507,0.00121544809503012,5.0413257375658e-05,5.03823794281684e-10
"539",26.9,0.0257637013941931,0.0244957235427729,0.0103985099980932,0.00454592324248347,0.00122714780686167,5.13167723338098e-05,5.27074561203476e-10
"540",26.95,0.0255543105957789,0.024362948305658,0.0104236433520441,0.00457155695846526,0.00123896897750021,5.22370359697692e-05,5.51417965056066e-10
"541",27,0.0253459453137367,0.0242307919789089,0.0104489375065952,0.00459737115295084,0.00125091300268696,5.31743716776194e-05,5.76906302672087e-10
"542",27.05,0.0251386107416286,0.0240992590802637,0.0104743941931793,0.00462336746914254,0.00126298129454409,5.41291093327343e-05,6.03594419709575e-10
"543",27.1,0.0249323118737944,0.0239683539890733,0.0105000151363256,0.00464954756062352,0.00127517528176997,5.51015854258988e-05,6.3153983708545e-10
"544",27.15,0.0247270535076116,0.0238380809476813,0.0105258020536681,0.00467591309142747,0.00128749640983676,5.60921432002821e-05,6.60802883788209e-10
"545",27.2,0.0245228402457559,0.023708444062808,0.0105517566559562,0.00470246573610907,0.00129994614119055,5.71011327913268e-05,6.91446836396955e-10
"546",27.25,0.0243196764984633,0.0235794473069382,0.0105778806470656,0.00472920717981511,0.0013125259554538,5.81289113696168e-05,7.23538065651039e-10
"547",27.3,0.0241175664857925,0.0234510945197122,0.0106041757240103,0.00475613911835635,0.00132523734963039,5.91758432867933e-05,7.57146190432389e-10
"548",27.35,0.0239165142398868,0.0233233894093191,0.0106306435769571,0.00478326325828011,0.00133808183831313,6.02423002245759e-05,7.92344239541519e-10
"549",27.4,0.0237165236072359,0.023196335553893,0.0106572858892392,0.00481058131694355,0.0013510609538938,6.13286613469683e-05,8.29208821668264e-10
"550",27.45,0.0235175982509359,0.0230699364029106,0.0106841043373726,0.00483809502258762,0.00136417624677582,6.2435313455709e-05,8.67820303978938e-10
"551",27.5,0.0233197416529476,0.0229441952785904,0.0107111005910725,0.00486580611441169,0.00137742928558944,6.35626511490425e-05,9.08262999763952e-10
"552",27.55,0.023122957116353,0.0228191153772941,0.0107382763132708,0.00489371634264889,0.00139082165740964,6.47110769838816e-05,9.50625365612975e-10
"553",27.6,0.0229272477676083,0.0226946997709271,0.0107656331601348,0.00492182746864205,0.00140435496797662,6.58810016414373e-05,9.95000208609238e-10
"554",27.65,0.0227326165587939,0.022570951408341,0.0107931727810864,0.00495014126492026,0.00141803084191898,6.70728440963873e-05,1.04148490406037e-09
"555",27.7,0.0225390662698607,0.0224478731167353,0.0108208968188227,0.00497865951527622,0.00143185092297973,6.82870317896683e-05,1.09018162431023e-09
"556",27.75,0.0223465995108722,0.0223254676030597,0.0108488069093363,0.00500738401484401,0.00144581687424486,6.95240008049632e-05,1.14119757920476e-09
"557",27.8,0.0221552187242412,0.0222037374554144,0.0108769046819376,0.00503631657017759,0.00145993037837482,7.07841960489692e-05,1.19464526881506e-09
"558",27.85,0.0219649261869626,0.0220826851444515,0.0109051917592768,0.00506545899932986,0.00147419313783882,7.20680714355281e-05,1.25064274905246e-09
"559",27.9,0.0217757240128392,0.0219623130247731,0.010933669757367,0.00509481313193232,0.00148860687515185,7.33760900737045e-05,1.30931391084381e-09
"560",27.95,0.0215876141547024,0.0218426233363297,0.0109623402856077,0.00512438080927529,0.00150317333311468,7.47087244598957e-05,1.37078877357065e-09
"561",28,0.0214005984066261,0.0217236182058156,0.0109912049468087,0.00515416388438862,0.00151789427505672,7.60664566740653e-05,1.43520379351199e-09
"562",28.05,0.0212146784061335,0.0216052996480622,0.0110202653372153,0.00518416422212311,0.0015327714850818,7.74497785801888e-05,1.50270218807117e-09
"563",28.1,0.0210298556363972,0.0214876695674296,0.0110495230465325,0.00521438369923223,0.00154780676831694,7.88591920310035e-05,1.57343427660633e-09
"564",28.15,0.0208461314284313,0.0213707297591948,0.011078979657951,0.00524482420445453,0.00156300195116407,8.02952090771591e-05,1.64755783872918e-09
"565",28.2,0.0206635069632752,0.021254481910937,0.0111086367481728,0.00527548763859646,0.00157835888155482,8.17583521808632e-05,1.72523849098105e-09
"566",28.25,0.0204819832741695,0.0211389276039199,0.011138495887437,0.00530637591461568,0.00159387942920838,8.32491544341219e-05,1.80665008284397e-09
"567",28.3,0.0203015612487231,0.0210240683144703,0.0111685586395464,0.00533749095770486,0.00160956548589236,8.47681597816781e-05,1.89197511309518e-09
"568",28.35,0.0201222416310706,0.0209099054153523,0.0111988265618941,0.00536883470537586,0.0016254189656869,8.63159232487472e-05,1.98140516756621e-09
"569",28.4,0.019944025024021,0.0207964401771387,0.0112293012054897,0.00540040910754436,0.00164144180525181,8.78930111736561e-05,2.07514137942475e-09
"570",28.45,0.0197669118911965,0.0206836737695769,0.0112599841149864,0.00543221612661492,0.00165763596409697,8.95000014454987e-05,2.17339491315619e-09
"571",28.5,0.0195909025591604,0.0205716072629505,0.0112908768287077,0.00546425773756645,0.00167400342485598,9.1137483746914e-05,2.27638747348455e-09
"572",28.55,0.0194159972195359,0.0204602416294367,0.0113219808786747,0.00549653592803795,0.00169054619356297,9.2806059802096e-05,2.38435184053754e-09
"573",28.6,0.0192421959311132,0.0203495777444577,0.0113532977906319,0.00552905269841466,0.00170726629993271,9.45063436301584e-05,2.49753243263122e-09
"574",28.65,0.0190694986219461,0.0202396163880279,0.0113848290840749,0.00556181006191454,0.00172416579764417,9.62389618039692e-05,2.61618589812124e-09
"575",28.7,0.0188979050914372,0.0201303582460946,0.0114165762722765,0.00559481004467503,0.00174124676462722,9.80045537145717e-05,2.74058173784577e-09
"576",28.75,0.0187274150124115,0.0200218039118736,0.0114485408623132,0.00562805468584011,0.00175851130335291,9.98037718413223e-05,2.87100295976604e-09
"577",28.8,0.0185580279331783,0.0199139538871789,0.0114807243550914,0.00566154603764759,0.00177596154112705,0.000101637282027865,3.00774676749583e-09
"578",28.85,0.0183897432795811,0.019806808583746,0.0115131282453731,0.00569528616551665,0.00179359963038726,0.000103505763764071,3.15112528450126e-09
"579",28.9,0.0182225603570351,0.019700368324549,0.0115457540218018,0.00572927714813558,0.00181142774900354,0.000105409910474088,3.30146631584841e-09
"580",28.95,0.018056478352552,0.0195946333451115,0.0115786031669273,0.00576352107754975,0.00182944810058234,0.000107350429810612,3.45911414947461e-09
"581",29,0.0178914963367527,0.0194896037948106,0.0116116771572306,0.00579802005924966,0.00184766291477416,0.000109328043955535,3.62443039906652e-09
"582",29.05,0.0177276132658659,0.0193852797381737,0.0116449774631484,0.00583277621225914,0.00186607444758479,0.000111343489927113,3.79779489073884e-09
"583",29.1,0.0175648279837149,0.0192816611561689,0.0116785055490962,0.0058677916692237,0.00188468498169008,0.000113397519893779,3.97960659582417e-09
"584",29.15,0.0174031392236897,0.0191787479474878,0.0117122628734921,0.00590306857649895,0.00190349682675445,0.000115490901494768,4.17028461221007e-09
"585",29.2,0.0172425456107062,0.0190765399298213,0.0117462508887788,0.00593860909423894,0.00192251231975304,0.000117624418167689,4.37026919678741e-09
"586",29.25,0.0170830456631515,0.0189750368411272,0.0117804710414458,0.00597441539648477,0.00194173382529761,0.00011979886948322,4.58002285171428e-09
"587",29.3,0.0169246377948156,0.018874238340891,0.0118149247720502,0.00601048967125282,0.00196116373596611,0.000122015071487046,4.80003146734197e-09
"588",29.35,0.0167673203168077,0.0187741440113784,0.0118496135152371,0.00604683412062333,0.00198080447263617,0.000124273857049246,5.03080552480521e-09
"589",29.4,0.0166110914394602,0.0186747533588796,0.011884538699759,0.00608345096082852,0.00200065848482227,0.000126576076221253,5.27288136143772e-09
"590",29.45,0.016455949274216,0.0185760658149463,0.0119197017484942,0.00612034242234093,0.00202072825101687,0.000128922596600585,5.52682250234576e-09
"591",29.5,0.0163018918355032,0.0184780807376195,0.0119551040784646,0.00615751074996136,0.00204101627903532,0.000131314303703498,5.79322106165072e-09
"592",29.55,0.0161489170425937,0.0183807974126498,0.0119907471008524,0.00619495820290672,0.00206152510636484,0.00013375210134575,6.07269921710151e-09
"593",29.6,0.0159970227214475,0.0182842150547087,0.0120266322210149,0.00623268705489764,0.00208225730051723,0.000136236912031652,6.36591076195578e-09
"594",29.65,0.0158462066065417,0.0181883328085916,0.0120627608384997,0.00627069959424582,0.00210321545938578,0.00013876967735158,6.67354273824099e-09
"595",29.7,0.0156964663426846,0.0180931497504118,0.0120991343470576,0.00630899812394109,0.00212440221160605,0.000141351358388157,6.99631715572619e-09
"596",29.75,0.0155477994868146,0.0179986648887858,0.0121357541346545,0.00634758496173808,0.00214582021692076,0.000143982936131277,7.33499280117116e-09
"597",29.8,0.015400203509783,0.0179048771660098,0.012172621583482,0.00638646244024248,0.00216747216654868,0.000146665411902168,7.6903671426638e-09
"598",29.85,0.0152536757981226,0.0178117854592275,0.0122097380699672,0.006425632906997,0.00218936078355777,0.000149399807786718,8.06327833411986e-09
"599",29.9,0.0151082136557993,0.0177193885815876,0.0122471049647803,0.0064650987245667,0.00221148882324229,0.000152187167078237,8.45460732529105e-09
"600",29.95,0.0149638143059493,0.0176276852833935,0.0122847236328411,0.00650486227062381,0.00223385907350418,0.000155028554729884,8.86528008291752e-09
"601",30,0.0148204748925995,0.0175366742532426,0.0123225954333241,0.00654492593803217,0.00225647435523863,0.000157925057816979,9.29626992896817e-09
"602",30.05,0.0146781924823728,0.0174463541191573,0.0123607217196618,0.00658529213493067,0.00227933752272379,0.000160877786009391,9.74860000223038e-09
"603",30.1,0.0145369640661771,0.0173567234497052,0.0123991038395466,0.0066259632848165,0.00230245146401487,0.000163887872054263,1.0223345849855e-08
"604",30.15,0.0143967865608786,0.0172677807551112,0.0124377431349308,0.00666694182662724,0.00232581910134244,0.000166956472269277,1.07216381558181e-08
"605",30.2,0.0142576568109588,0.0171795244883586,0.0124766409420246,0.00670823021482238,0.00234944339151495,0.000170084767046697,1.12446656136387e-08
"606",30.25,0.0141195715901554,0.017091953046282,0.0125157985912931,0.00674983091946403,0.00237332732632582,0.000173273961368439,1.17936779510945e-08
"607",30.3,0.0139825276030874,0.017005064770649,0.0125552174074507,0.00679174642629666,0.00239747393296466,0.00017652528533241,1.23699891150945e-08
"608",30.35,0.0138465214868636,0.0169188579492331,0.0125948987094533,0.00683397923682585,0.00242188627443302,0.000179839994690357,1.2974980625313e-08
"609",30.4,0.013711549812675,0.0168333308168762,0.0126348438104896,0.00687653186839619,0.00244656744996444,0.00018321937139749,1.36101051056606e-08
"610",30.45,0.0135776090873711,0.016748481556542,0.0126750540179692,0.00691940685426787,0.00247152059544907,0.000186664724174144,1.42768900031579e-08
"611",30.5,0.0134446957550197,0.016664308300358,0.0127155306335091,0.00696260674369245,0.00249674888386262,0.000190177389079736,1.49769415043038e-08
"612",30.55,0.0133128061984504,0.016580809130649,0.0127562749529181,0.00700613410198701,0.00252225552569987,0.0001937587300993,1.5711948659579e-08
"613",30.6,0.0131819367407816,0.0164979820809597,0.0127972882661783,0.00704999151060745,0.00254804376941259,0.000197410139742879,1.64836877273059e-08
"614",30.65,0.0130520836469318,0.0164158251370676,0.0128385718574248,0.0070941815672201,0.00257411690185213,0.000201133039658049,1.72940267487018e-08
"615",30.7,0.0129232431251134,0.0163343362379851,0.0128801270049233,0.00713870688577216,0.00260047824871636,0.000204928881255884,1.8144930366608e-08
"616",30.75,0.012795411328311,0.0162535132769525,0.012921954981044,0.00718357009656049,0.00262713117500132,0.000208799146350641,1.90384649010596e-08
"617",30.8,0.0126685843557433,0.0161733541024202,0.012964057052234,0.00722877384629887,0.00265407908545733,0.000212745347813494,1.99768036955861e-08
"618",30.85,0.0125427582543079,0.0160938565190203,0.013006434478987,0.00727432079818366,0.00268132542504975,0.000216769030240603,2.09622327488882e-08
"619",30.9,0.0124179290200103,0.0160150182885291,0.0130490885158097,0.00732021363195773,0.00270887367942432,0.000220871770635852,2.19971566473454e-08
"620",30.95,0.0122940925993766,0.0159368371308179,0.0130920204111859,0.0073664550439724,0.00273672737537707,0.000225055179108583,2.30841048146513e-08
"621",31,0.0121712448908492,0.0158593107247951,0.0131352314075377,0.0074130477472478,0.0027648900813289,0.000229320899586657,2.42257380957761e-08
"622",31.05,0.0120493817461668,0.0157824367093366,0.0131787227411835,0.00745999447153085,0.00279336540780475,0.000233670610545165,2.542485569339e-08
"623",31.1,0.011928498971728,0.0157062126842067,0.0132224956422932,0.00750729796335158,0.00282215700791744,0.000238106025751176,2.66844024758927e-08
"624",31.15,0.011808592329938,0.0156306362109686,0.0132665513348403,0.00755496098607686,0.00285126857785606,0.000242628895024831,2.80074766772307e-08
"625",31.2,0.0116896575405398,0.0155557048138843,0.0133108910365511,0.00760298631996214,0.00288070385737908,0.000247241005017187,2.93973380098148e-08
"626",31.25,0.0115716902819284,0.0154814159808045,0.0133555159588498,0.00765137676220069,0.00291046663031211,0.000251944180005153,3.08574162130056e-08
"627",31.3,0.0114546861924496,0.015407767164048,0.0134004273068011,0.00770013512697043,0.00294056072505018,0.000256740282703917,3.23913200608867e-08
"628",31.35,0.0113386408716821,0.0153347557812706,0.0134456262790494,0.00774926424547809,0.00297099001506478,0.000261631215097241,3.40028468543509e-08
"629",31.4,0.0112235498817034,0.0152623792163243,0.0134911140677537,0.00779876696600069,0.00300175841941545,0.000266618919286025,3.56959924238995e-08
"630",31.45,0.0111094087483398,0.0151906348201055,0.0135368918585198,0.00784864615392429,0.00303286990326596,0.000271705378355545,3.74749616710275e-08
"631",31.5,0.0109962129624006,0.015119519911393,0.0135829608303282,0.00789890469177979,0.00306432847840526,0.000276892617261776,3.93441796775915e-08
"632",31.55,0.0108839579808957,0.0150490317776765,0.0136293221554588,0.00794954547927557,0.00309613820377271,0.000282182703737228,4.13083034141976e-08
"633",31.6,0.010772639228238,0.0149791676759734,0.0136759769994112,0.00800057143332711,0.00312830318598821,0.000287577749216722,4.3372234080356e-08
"634",31.65,0.0106622520974291,0.0149099248336367,0.0137229265208212,0.00805198548808325,0.00316082757988662,0.000293079909783554,4.55411301109695e-08
"635",31.7,0.0105527919512299,0.0148413004491518,0.0137701718713738,0.00810379059494901,0.00319371558905687,0.000298691387136491,4.78204208856285e-08
"636",31.75,0.0104442541233151,0.0147732916929234,0.0138177141957111,0.00815598972260492,0.0032269714663855,0.000304414429578066,5.02158211792248e-08
"637",31.8,0.0103366339194121,0.0147058957080523,0.0138655546313369,0.00820858585702257,0.00326059951460464,0.000310251333024644,5.27333463945174e-08
"638",31.85,0.010229926618424,0.0146391096111013,0.0139136943085165,0.0082615820014764,0.00329460408684447,0.000316204442038731,5.53793286195472e-08
"639",31.9,0.0101241274735375,0.0145729304928521,0.0139621343501721,0.00831498117655143,0.00332898958719002,0.000322276150884028,5.81604335551859e-08
"640",31.95,0.0100192317133148,0.0145073554190511,0.0140108758717738,0.00836878642014689,0.00336376047124237,0.000328468904603726,6.10836783606153e-08
"641",32,0.00991523454277081,0.0144423814311452,0.0140599199812258,0.00842300078747561,0.00339892124668411,0.000334785200122564,6.41564504671979e-08
"642",32.05,0.00981213114443401,0.0143780055470083,0.0141092677787483,0.00847762735105891,0.00343447647384911,0.000341227587373166,6.73865274140052e-08
"643",32.1,0.00970991667939303,0.0143142247616564,0.0141589203567539,0.00853266920071687,0.00347043076629635,0.000347798670447184,7.07820977612392e-08
"644",32.15,0.00960858628832738,0.0142510360479544,0.0142088787997197,0.00858812944355382,0.00350678879138805,0.000354501108771817,7.4351783140925e-08
"645",32.2,0.00950813509252341,0.0141884363573111,0.0142591441840541,0.0086440112039389,0.00354355527087171,0.000361337618312241,7.8104661507557e-08
"646",32.25,0.00940855819487519,0.0141264226203656,0.0143097175779582,0.00870031762348156,0.00358073498146632,0.000368310972800543,8.20502916548759e-08
"647",32.3,0.00930985068087037,0.0140649917476632,0.0143606000412824,0.00875705186100157,0.00361833275545223,0.000375424004991716,8.61987390686724e-08
"648",32.35,0.00921200761956133,0.0140041406303215,0.0144117926253774,0.0088142170924937,0.00365635348126517,0.00038267960794733,9.05606031893871e-08
"649",32.4,0.00911502406452144,0.013943866140687,0.0144632963729393,0.00887181651108656,0.00369480210409375,0.000390080736347477,9.51470461624415e-08
"650",32.45,0.00901889505478681,0.0138841651329813,0.0145151123178502,0.00892985332699579,0.00373368362648075,0.000397630407831611,9.99698231585589e-08
"651",32.5,0.00892361561578336,0.013825034443938,0.0145672414850116,0.00898833076747073,0.00377300310892791,0.000405331704368917,1.05041314350965e-07
"652",32.55,0.00882918076023944,0.0137664708934299,0.0146196848901734,0.00904725207673533,0.00381276567050421,0.000413187773658859,1.10374558641235e-07
"653",32.6,0.00873558548908417,0.0137084712850864,0.0146724435397554,0.00910662051592189,0.00385297648945735,0.000421201830562544,1.15983289230647e-07
"654",32.65,0.00864282479233128,0.0136510324069015,0.0147255184306647,0.00916643936299882,0.00389364080382864,0.000429377158565626,1.21881971139437e-07
"655",32.7,0.00855089364994904,0.0135941510318317,0.0147789105501044,0.00922671191269063,0.00393476391207074,0.000437717111273364,1.2808584078197e-07
"656",32.75,0.00845978703271589,0.0135378239183854,0.0148326208753783,0.00928744147639139,0.00397635117366856,0.000446225113938621,1.34610947712045e-07
"657",32.8,0.00836949990306225,0.0134820478112019,0.0148866503736875,0.00934863138207015,0.00401840800976264,0.000454904665023416,1.41474198658839e-07
"658",32.85,0.0082800272158983,0.0134268194416212,0.0149410000019212,0.00941028497416922,0.00406093990377551,0.000463759337794869,1.48693403980916e-07
"659",32.9,0.00819136391942814,0.0133721355282453,0.0149956707064405,0.00947240561349412,0.00410395240204033,0.000472792781956212,1.5628732667277e-07
"660",32.95,0.00810350495595013,0.0133179927774886,0.0150506634228553,0.00953482172753703,0.00414745111443179,0.000482008725313631,1.64275734066021e-07
"661",33,0.00801644526264388,0.013264387884121,0.015105979075794,0.00959788544014074,0.00419144171499913,0.000491410975479729,1.72679452375366e-07
"662",33.05,0.00793017977234349,0.0132113175317999,0.0151616185786669,0.00966142637021469,0.00423592994260127,0.000501003421614441,1.81520424247899e-07
"663",33.1,0.00784470341429773,0.0131587783935949,0.0152175828334209,0.00972544794267595,0.00428092160154336,0.000510790036204088,1.90821769483244e-07
"664",33.15,0.00776001111491676,0.013106767132502,0.015273872730288,0.00978995359812593,0.00432642256221505,0.000520774876879547,2.0060784910159e-07
"665",33.2,0.00767609779850588,0.0130552804019494,0.0153304891475254,0.00985494679268675,0.00437243876172986,0.000530962088274232,2.10904332946489e-07
"666",33.25,0.00759295838798617,0.0130043148462947,0.0153874329511484,0.00992043099782801,0.00441897620456573,0.000541355903922844,2.21738271020092e-07
"667",33.3,0.00751058780560221,0.0129538671013125,0.0154447049946551,0.0099864097001832,0.00446604096320622,0.000551960648201705,2.33138168759469e-07
"668",33.35,0.00742898097361712,0.0129039337946737,0.0155023061187431,0.0100528864013555,0.00451357604440285,0.00056278073831157,2.45134066474591e-07
"669",33.4,0.00734813281499472,0.012854511546416,0.015560237151018,0.0101198646177124,0.00456171325138926,0.000573820686303842,2.57757623181029e-07
"670",33.45,0.00726803825406932,0.0128055969694057,0.015618498905694,0.01018734788017,0.00461039639832945,0.000585085101151106,2.71042205073586e-07
"671",33.5,0.00718869221720292,0.0127571866697902,0.0156770921832847,0.0102553397339645,0.00465963183605471,0.000596578690862873,2.85022978901076e-07
"672",33.55,0.00711008963343011,0.0127092772474436,0.015736017770287,0.0103238437384123,0.00470942598660892,0.000608306264647564,2.99737010517261e-07
"673",33.6,0.00703222543509072,0.0126618652964018,0.0157952764388547,0.0103928634666581,0.00475978534388845,0.000620272735121672,3.15223368898527e-07
"674",33.65,0.00695509455845039,0.0126149474052908,0.015854868946464,0.0104624025054098,0.00481071647428056,0.000632483120567062,3.31523235935363e-07
"675",33.7,0.00687869194430909,0.0125685201577458,0.0159147960355692,0.0105324644546604,0.00486222601730013,0.00064494254723748,3.48680022322272e-07
"676",33.75,0.00680301253859784,0.0125225801328222,0.0159750584332494,0.0106030529273965,0.00491432068622411,0.000657656251715209,3.6673948988905e-07
"677",33.8,0.00672805129296352,0.0124771239053984,0.016035656850846,0.0106741715492927,0.00496700726872374,0.000670629583319061,3.85749880736135e-07
"678",33.85,0.00665380316534219,0.0124321480465707,0.0160965919835897,0.0107458239583924,0.00502029262749339,0.000683868006564566,4.05762053557013e-07
"679",33.9,0.00658026312052073,0.0123876491240397,0.0161578645102185,0.0108180138047725,0.00507418370087642,0.000697377103677656,4.26829627552964e-07
"680",33.95,0.00650742613068714,0.0123436237024891,0.016219475092585,0.0108907447501945,0.00512868750348663,0.000711162577162732,4.49009134368049e-07
"681",34,0.00643528717596958,0.0123000683439562,0.0162814243752538,0.0109640204677385,0.00518381112682585,0.00072523025242641,4.7236017849708e-07
"682",34.05,0.00636384124496404,0.012256979608195,0.0163437129850888,0.0110378446414223,0.00523956173989642,0.000739586080457971,4.96945606644923e-07
"683",34.1,0.00629308333525123,0.012214354053031,0.0164063415308293,0.011112220965803,0.0052959465898081,0.000754236140567679,5.22831686542794e-07
"684",34.15,0.00622300845390219,0.0121721882347087,0.0164693106026556,0.0111871531455623,0.00535297300237934,0.000769186643184202,5.50088295756336e-07
"685",34.2,0.00615361161797332,0.0121304787082314,0.0165326207717442,0.0112626448950734,0.00541064838273184,0.000784443932712246,5.78789121050604e-07
"686",34.25,0.00608488785499059,0.0120892220276931,0.0165962725898108,0.011338699937951,0.00546898021587784,0.000800014490451638,6.09011868909481e-07
"687",34.3,0.00601683220342313,0.0120484147466036,0.0166602665886429,0.0114153220065814,0.00552797606729984,0.000815904937579115,6.40838487841519e-07
"688",34.35,0.0059494397131464,0.0120080534182054,0.0167246032796206,0.0114925148416343,0.00558764358352179,0.000832122038194018,6.74355403139967e-07
"689",34.4,0.00588270544589491,0.0119681345957838,0.0167892831532254,0.0115702821915549,0.00564799049267097,0.000848672702429102,7.09653764803349e-07
"690",34.45,0.00581662447570477,0.0119286548329696,0.0168543066785375,0.0116486278120354,0.00570902460503039,0.000865563989627936,7.46829709363634e-07
"691",34.5,0.00575119188934609,0.0118896106840347,0.0169196743027212,0.0117275554654661,0.00577075381358029,0.000882803111589893,7.859846364112e-07
"692",34.55,0.00568640278674528,0.0118509987041804,0.0169853864504972,0.0118070689203649,0.00583318609452836,0.00090039743588431,8.27225500652156e-07
"693",34.6,0.00562225228139763,0.0118128154498187,0.0170514435236031,0.0118871719507844,0.00589632950782764,0.000918354489234905,8.70665120380519e-07
"694",34.65,0.00555873550076982,0.0117750574788471,0.0171178459002408,0.0119678683356975,0.00596019219768166,0.00093668196097605,9.16422503299596e-07
"695",34.7,0.00549584758669309,0.0117377213509158,0.0171845939345123,0.0120491618583589,0.00602478239303565,0.000955387706582051,9.64623190679736e-07
"696",34.75,0.00543358369574661,0.011700803627689,0.0172516879558397,0.0121310563056424,0.00609010840805231,0.000974479751270777,1.01539962089662e-06
"697",34.8,0.00537193899963151,0.0116643008730982,0.017319128268375,0.0122135554673551,0.00615617864257274,0.00099396629368329,1.06889151345541e-06
"698",34.85,0.00531090868553563,0.0116282096535908,0.0173869151503941,0.0122966631355246,0.00622300158255976,0.00101385570964052,1.12524627466802e-06
"699",34.9,0.00525048795648892,0.0115925265383698,0.0174550488536786,0.0123803831036618,0.00629058580052389,0.00103415655597869,1.18461942621973e-06
"700",34.95,0.00519067203170987,0.0115572480996293,0.0175235296028831,0.0124647191659968,0.00635893995593039,0.00105487757446474,1.24717505793183e-06
"701",35,0.00513145614694296,0.0115223709127821,0.0175923575948877,0.0125496751166861,0.00642807279558587,0.00107602769579315,1.31308630610234e-06
"702",35.05,0.00507283555478714,0.0114878915566815,0.0176615329981382,0.0126352547489943,0.00649799315400455,0.00109761604366585,1.38253585888757e-06
"703",35.1,0.00501480552501564,0.011453806613837,0.0177310559519694,0.0127214618544447,0.00656870995375114,0.00111965193895626,1.45571649027046e-06
"704",35.15,0.00495736134488714,0.0114201126706236,0.0178009265659154,0.0128083002219414,0.00664023220576074,0.00114214490395934,1.53283162425258e-06
"705",35.2,0.00490049831944833,0.0113868063174854,0.0178711449190047,0.0128957736368616,0.00671256900963384,0.00116510466672875,1.61409593100015e-06
"706",35.25,0.0048442117718282,0.0113538841491328,0.0179417110590393,0.0129838858801154,0.00678572955390449,0.00118854116550286,1.69973595677521e-06
"707",35.3,0.00478849704352382,0.0113213427647342,0.0180126250018596,0.0130726407271748,0.00685972311628119,0.00121246455322083,1.78999078958928e-06
"708",35.35,0.00473334949467813,0.0112891787681015,0.0180838867305933,0.0131620419470697,0.00693455906385837,0.00123688520213039,1.88511276262843e-06
"709",35.4,0.0046787645043495,0.0112573887678704,0.0181554961948888,0.0132520933013503,0.00701024685329763,0.00126181370848886,1.98536819761917e-06
"710",35.45,0.00462473747077333,0.0112259693776746,0.018227453310132,0.0133427985430145,0.00708679603097583,0.00128726089735841,2.09103819042732e-06
"711",35.5,0.0045712638116159,0.0111949172163148,0.0182997579566486,0.0134341614154011,0.00716421623310019,0.00131323782749772,2.20241944131939e-06
"712",35.55,0.00451833896422028,0.0111642289079217,0.0183724099788878,0.0135261856510458,0.00724251718578712,0.00133975579635081,2.31982513245307e-06
"713",35.6,0.00446595838584476,0.0111339010821145,0.018445409184592,0.0136188749705006,0.00732170870510408,0.00136682634513492,2.44358585531558e-06
"714",35.65,0.0044141175538936,0.0111039303741533,0.0185187553439481,0.0137122330811153,0.00740180069707209,0.00139446126402862,2.57405059098496e-06
"715",35.7,0.0043628119661404,0.0110743134250868,0.0185924481887226,0.0138062636757793,0.00748280315762707,0.00142267259746168,2.71158774625725e-06
"716",35.75,0.00431203714094417,0.0110450468818943,0.0186664874113798,0.0139009704316247,0.00756472617253835,0.00145147264950796,2.85658624886053e-06
"717",35.8,0.0042617886174581,0.0110161273976238,0.0187408726641823,0.0139963570086867,0.00764757991728158,0.00148087398938275,3.00945670516238e-06
"718",35.85,0.0042120619558313,0.0109875516315235,0.018815603558275,0.0140924270485248,0.00773137465686537,0.00151088945704596,3.17063262397877e-06
"719",35.9,0.00416285273740338,0.0109593162491705,0.0188906796627502,0.0141891841727981,0.0078161207456073,0.00154153216891217,3.34057171029913e-06
"720",35.95,0.00411415656489227,0.0109314179225924,0.0189661005036969,0.0142866319817992,0.00790182862685959,0.00157281552366928,3.51975723296939e-06
"721",36,0.00406596906257514,0.0109038533303865,0.01904186556323,0.0143847740529419,0.00798850883267951,0.00160475320820631,3.70869947060546e-06
"722",36.05,0.00401828587646261,0.0108766191578329,0.0191179742785037,0.014483613939203,0.00807617198344453,0.00163735920365229,3.90793724026533e-06
"723",36.1,0.00397110267446642,0.0108497120970034,0.0191944260407046,0.0145831551675176,0.00816482878740738,0.00167064779152662,4.11803951366563e-06
"724",36.15,0.00392441514656045,0.0108231288468668,0.0192712201940289,0.0146834012371263,0.00825449004019096,0.00170463356000264,4.33960712601606e-06
"725",36.2,0.00387821900493549,0.0107968661133886,0.0193483560346387,0.0147843556178724,0.0083451666242174,0.00173933141028471,4.57327458283327e-06
"726",36.25,0.00383250998414762,0.0107709206096277,0.0194258328096015,0.0148860217484501,0.00843686950807162,0.00177475656310039,4.81971197041843e-06
"727",36.3,0.00378728384126036,0.010745289055828,0.0195036497158102,0.0149884030346002,0.00852960974579404,0.0018109245653081,5.07962697600843e-06
"728",36.35,0.00374253635598075,0.0107199681795069,0.0195818058988847,0.0150915028472535,0.00862339847610059,0.00184785129662121,5.35376702396618e-06
"729",36.4,0.00369826333078937,0.0106949547155389,0.019660300452054,0.0151953245206215,0.00871824692152734,0.00188555297644934,5.64292153474926e-06
"730",36.45,0.00365446059106449,0.010670245406236,0.0197391324150211,0.0152998713502315,0.00881416638749566,0.00192404617085724,5.9479243137893e-06
"731",36.5,0.00361112398520036,0.0106458370014244,0.0198183007728055,0.0154051465909053,0.00891116826129441,0.00196334779964165,6.26965607783191e-06
"732",36.55,0.00356824938471975,0.0106217262585169,0.0198978044545702,0.0155111534546814,0.00900926401097745,0.0020034751435269,6.60904712673631e-06
"733",36.6,0.00352583268438088,0.0105979099425826,0.0199776423324272,0.0156178951086796,0.00910846518417113,0.00204444585147899,6.96708016919546e-06
"734",36.65,0.00348386980227881,0.0105743848264122,0.0200578132202251,0.0157253746729049,0.00920878340678967,0.00208627794813868,7.34479331134181e-06
"735",36.7,0.00344235667994136,0.0105511476905809,0.0201383158723157,0.0158335952179908,0.00931023038165254,0.00212898984137285,7.74328321772185e-06
"736",36.75,0.00340128928241966,0.0105281953235074,0.0202191489823037,0.0159425597628821,0.00941281788700305,0.00217260032994473,8.16370845469406e-06
"737",36.8,0.00336066359837342,0.0105055245215096,0.0203003111817748,0.0160522712724526,0.00951655777492144,0.00221712861130192,8.60729302688127e-06
"738",36.85,0.00332047564015111,0.0104831320888579,0.0203818010390064,0.0161627326550603,0.00962146196963004,0.00226259428948194,9.07533011794509e-06
"739",36.9,0.00328072144386488,0.010461014837825,0.0204636170576579,0.016273946760037,0.0097275424656857,0.00230901738313449,9.56918604760773e-06
"740",36.95,0.00324139706946063,0.0104391695887328,0.020545757675442,0.0163859163751091,0.00983481132605477,0.00235641833365894,1.00903044575516e-05
"741",37,0.00320249860078306,0.0104175931699966,0.0206282212627766,0.016498644223753,0.00994328068006681,0.00240481801345647,1.06402107395705e-05
"742",37.05,0.00316402214563594,0.0103962824181673,0.0207110061214194,0.0166121329624812,0.0100529627212433,0.00245423773429523,1.12205167201387e-05
"743",37.1,0.00312596383583767,0.0103752341779695,0.0207941104830801,0.0167263851780553,0.0101638697049933,0.00250469925578568,1.18329256163848e-05
"744",37.15,0.00308831982727204,0.0103544453023387,0.0208775325080174,0.0168414033846319,0.0102760139461759,0.00255622479396596,1.24792372793694e-05
"745",37.2,0.00305108629993454,0.0103339126524553,0.0209612702836152,0.0169571900208322,0.0103894078165205,0.00260883702999299,1.31613537414707e-05
"746",37.25,0.00301425945797418,0.0103136330977759,0.0210453218229396,0.0170737474467386,0.0105040637419015,0.00266255911893751,1.38812850856997e-05
"747",37.3,0.0029778355297308,0.0102936035160641,0.0211296850632804,0.0171910779408184,0.0106199941994625,0.00271741469868045,1.46411556558125e-05
"748",37.35,0.00294181076776813,0.0102738207934172,0.021214357864671,0.0173091836967677,0.0107372117145836,0.00277342789890566,1.54432106271867e-05
"749",37.4,0.00290618144890256,0.010254281824292,0.0212993380083932,0.0174280668202815,0.0108557288576869,0.00283062335018689,1.62898229596389e-05
"750",37.45,0.00287094387422777,0.0102349835115293,0.0213846231954619,0.0175477293257425,0.0109755582408736,0.00288902619316328,1.71835007545783e-05
"751",37.5,0.00283609436913526,0.0102159227663749,0.0214702110450946,0.017668173132833,0.0110967125143887,0.00294866208779961,1.81268950402439e-05
"752",37.55,0.00280162928333084,0.0101970965085007,0.021556099093162,0.0177894000630633,0.0112192043629047,0.00300955722272527,1.91228080101568e-05
"753",37.6,0.00276754499084725,0.0101785016660234,0.0216422847906235,0.0179114118362218,0.0113430465016212,0.00307173832464709,2.01742017414213e-05
"754",37.65,0.0027338378900528,0.0101601351755219,0.0217287655019439,0.0180342100667385,0.0114682516721702,0.0031352326678283,2.12842074210641e-05
"755",37.7,0.00270050440365637,0.0101419939820533,0.0218155385034979,0.0181577962599698,0.011594832638326,0.00320006808362883,2.24561351103062e-05
"756",37.75,0.00266754097870864,0.0101240750391677,0.0219026009819543,0.0182821718083927,0.011722802181506,0.00326627297009653,2.36934840783628e-05
"757",37.8,0.00263494408659963,0.0101063753089223,0.0219899500326496,0.0184073379877197,0.0118521730960648,0.00333387630160437,2.49999537393399e-05
"758",37.85,0.00260271022305276,0.0100888917618937,0.0220775826579442,0.0185332959529227,0.0119829581843643,0.0034029076385216,2.63794552276586e-05
"759",37.9,0.00257083590811541,0.0100716213771898,0.0221654957655652,0.0186600467341718,0.0121151702516222,0.00347339713691153,2.78361236496515e-05
"760",37.95,0.00253931768614601,0.0100545611424614,0.0222536861669372,0.0187875912326868,0.012248822100526,0.00354537555824424,2.93743310511248e-05
"761",38,0.00250815212579784,0.0100377080539115,0.022342150575497,0.0189159302164974,0.0123839265256061,0.00361887427911274,3.09987001430565e-05
"762",38.05,0.00247733581999953,0.0100210591163063,0.0224308856049993,0.0190450643161169,0.0125204963073625,0.00369392530094158,3.27141188301315e-05
"763",38.1,0.00244686538593234,0.0100046113429838,0.0225198877678109,0.0191749940201262,0.0126585442061378,0.00377056125967396,3.45257555894044e-05
"764",38.15,0.00241673746500433,0.00998836175586263,0.0226091534731898,0.0193057196706636,0.0127980829557224,0.00384881543542194,3.6439075749195e-05
"765",38.2,0.00238694872282144,0.00997230738545165,0.0226986790255607,0.0194372414588292,0.0129391252566952,0.00392872176206762,3.84598587213385e-05
"766",38.25,0.00235749584915558,0.00995644527085776,0.0227884606227764,0.0195695594199943,0.0130816837694817,0.00401031483679589,4.05942162429584e-05
"767",38.3,0.00232837555790974,0.00994077245979484,0.0228784943543729,0.0197026734290208,0.0132257711071263,0.00409362992954274,4.28486116873298e-05
"768",38.35,0.00229958458708029,0.0099252860085927,0.0229687761998173,0.0198365831953892,0.0133713998277707,0.0041787029923402,4.5229880506889e-05
"769",38.4,0.00227111969871642,0.00990998298220553,0.023059302026749,0.019971288258235,0.0135185824268291,0.00426557066853783,4.77452518751651e-05
"770",38.45,0.00224297767887683,0.00989486045422162,0.0231500675892141,0.0201067879812921,0.0136673313288503,0.0043542703018783,5.04023715983497e-05
"771",38.5,0.00221515533758382,0.00987991550687274,0.023241068525899,0.0202430815477476,0.0138176588790631,0.00444483994540642,5.32093263714375e-05
"772",38.55,0.0021876495087746,0.00986514523104473,0.0233323003583566,0.0203801679550023,0.0139695773345907,0.00453731837018412,5.61746694581952e-05
"773",38.6,0.00216045705025024,0.00985054672628796,0.0234237584892344,0.0205180460093428,0.0141230988553303,0.00463174507378804,5.93074478789898e-05
"774",38.65,0.00213357484362192,0.0098361171008297,0.0235154382004987,0.0206567143205217,0.0142782354944858,0.0047281602885599,6.26172311953702e-05
"775",38.7,0.0021069997942549,0.00982185347158582,0.0236073346516616,0.0207961712962495,0.014434999188748,0.0048266049895814,6.61141419855762e-05
"776",38.75,0.00208072883121001,0.00980775296417546,0.023699442878008,0.0209364151365961,0.0145934017481108,0.00492712090234103,6.98088881106306e-05
"777",38.8,0.00205475890718285,0.00979381271293485,0.0237917577888275,0.0210774438283058,0.0147534548453175,0.00502975051006039,7.37127968765783e-05
"778",38.85,0.00202908699844071,0.00978002986093364,0.0238842741656501,0.0212192551390246,0.014915170004926,0.00513453706064355,7.78378512045464e-05
"779",38.9,0.00200371010475734,0.00976640155999224,0.0239769866604886,0.0213618466114426,0.0150785585919873,0.0052415245732126,8.21967279268977e-05
"780",38.95,0.00197862524934544,0.00975292497070053,0.0240698897940894,0.0215052155573525,0.0152436318003259,0.00535075784418861,8.68028383346053e-05
"781",39,0.00195382947878718,0.00973959726243838,0.0241629779541894,0.0216493590516224,0.0154104006404134,0.00546228245287484,9.16703711082558e-05
"782",39.05,0.00192931986296263,0.00972641561339713,0.0242562453937909,0.021794273926095,0.0155788759268332,0.00557614476650125,9.68143377729429e-05
"783",39.1,0.00190509349497611,0.00971337721060386,0.0243496862294419,0.0219399567633998,0.0157490682653176,0.00569239194467624,0.000102250620825139
"784",39.15,0.00188114749108079,0.00970047924994716,0.0244432944395367,0.022086403890695,0.015920988039359,0.0058110719432016,0.000107996024688572
"785",39.2,0.00185747899060119,0.00968771893620454,0.0245370638626319,0.022233611373334,0.0160946453963827,0.00593223351719465,0.000114068329664958
"786",39.25,0.00183408515585401,0.00967509348307263,0.0246309881957784,0.0223815750084574,0.0162700502334717,0.00605592622346036,0.000120486349054981
"787",39.3,0.00181096317206708,0.00966260011319867,0.0247250609928786,0.0225302903185219,0.0164472121826421,0.00618220042205782,0.000127269989635217
"788",39.35,0.0017881102472966,0.00965023605821565,0.0248192756630631,0.0226797525447591,0.016626140595656,0.00631110727699529,0.000134440315686994
"789",39.4,0.00176552361234273,0.00963799855877912,0.0249136254690951,0.022829956640577,0.0168068445283708,0.00644269875599124,0.000142019616784636
"790",39.45,0.00174320052066347,0.00962588486460584,0.0250081035257988,0.0229808972648984,0.0169893327246095,0.00657702762922787,0.000150031479562015
"791",39.5,0.00172113824828699,0.00961389223451701,0.0251027027985225,0.0231325687754509,0.0171736135995599,0.00671414746703093,0.000158500863689121
"792",39.55,0.00169933409372244,0.00960201793648228,0.0251974161016279,0.0232849652220005,0.0173596952226807,0.00685411263639181,0.000167454182302794
"793",39.6,0.00167778537786922,0.00959025924766786,0.0252922360970178,0.0234380803395447,0.0175475853001225,0.00699697829625768,0.000176919387150036
"794",39.65,0.0016564894439248,0.009578613454487,0.0253871552927011,0.0235919075414637,0.0177372911566539,0.00714280039150309,0.000186926058716243
"795",39.7,0.00163544365729115,0.00956707785265412,0.025482166041396,0.0237464399126361,0.017928819717088,0.00729163564549458,0.000197505501625893
"796",39.75,0.00161464540547984,0.00955564974724133,0.0255772605391738,0.0239016702025212,0.0181221774872046,0.00744354155115456,0.000208690845618889
"797",39.8,0.0015940920980157,0.00954432645273911,0.025672430824153,0.0240575908182237,0.018317370534173,0.00759857636043216,0.000220517152422583
"798",39.85,0.00157378116633939,0.00953310529311944,0.0257676687752353,0.0242141938175335,0.0185144044664626,0.00775679907207385,0.000233021528856154
"799",39.9,0.00155371006370854,0.00952198360190308,0.0258629661108973,0.0243714709019589,0.0187132844132501,0.00791826941759333,0.000246243246522703
"800",39.95,0.00153387626509784,0.0095109587222296,0.0259583143880336,0.0245294134097521,0.0189140150033159,0.00808304784532697,0.000260223868462618
"801",40,0.0015142772670979,0.00950002800693256,0.0260537050008554,0.0246880123089366,0.0191166003434329,0.0082511955024603,0.000275007383161652
"802",40.05,0.00149491058781304,0.00948918881861656,0.0261491291798527,0.0248472581903473,0.0193210439962526,0.00842277421490891,0.000290640346327431
"803",40.1,0.00147577376675799,0.00947843852973919,0.0262445779908141,0.0250071412606841,0.0195273489576828,0.00859784646492289,0.000307172030868885
"804",40.15,0.00145686436475353,0.00946777452269675,0.026340042333918,0.0251676513355952,0.0197355176337713,0.00877647536629292,0.000324654585535423
"805",40.2,0.00143817996382121,0.00945719418991382,0.0264355129428898,0.0253287778327935,0.019945551817093,0.00895872463701807,0.000343143202694581
"806",40.25,0.00141971816707701,0.00944669493393642,0.0265309803842328,0.025490509765217,0.0201574526626492,0.00914465856929856,0.000362696295750465
"807",40.3,0.00140147659862417,0.00943627416753006,0.0266264350565351,0.0256528357342416,0.0203712206632866,0.00933434199670904,0.000383375686728845
"808",40.35,0.0013834529034451,0.0094259293137819,0.0267218671898542,0.0258157439229572,0.0205868556246461,0.00952784025840338,0.000405246804579145
"809",40.4,0.00136564474729239,0.009415657806206,0.0268172668451877,0.0259792220895187,0.0208043566396506,0.00972521916019861,0.000428378894768451
"810",40.45,0.00134804981657916,0.00940545708885468,0.0269126239140291,0.0261432575605813,0.0210237220625482,0.00992654493238004,0.000452845240767502
"811",40.5,0.0013306658182684,0.00939532461643298,0.0270079281180077,0.0263078372248234,0.0212449494825121,0.0101318841840592,0.000478723398053598
"812",40.55,0.00131349047976182,0.00938525785441737,0.0271031690086346,0.0264729475265914,0.0214680356968377,0.0103413038539317,0.000506095441282246
"813",40.6,0.00129652154878775,0.00937525427918006,0.0271983359671299,0.0266385744596446,0.0216929766837213,0.0105548711572445,0.000535048225301377
"814",40.65,0.00127975679328858,0.00936531137811757,0.0272934182043657,0.0268047035610491,0.0219197675746759,0.0107726535288202,0.000565673660710839
"815",40.7,0.00126319400130738,0.0093554266497823,0.0273884047608987,0.0269713199051975,0.0221484026265696,0.0109947185619366,0.000598069004689148
"816",40.75,0.00124683098087398,0.00934559760402128,0.0274832845071248,0.0271384080980021,0.0223788751933462,0.0112211339429056,0.000632337167837241
"817",40.8,0.00123066555989052,0.0093358217621169,0.0275780461435346,0.0273059522712477,0.0226111776974238,0.0114519673811451,0.000668587037806093
"818",40.85,0.00121469558601631,0.00932609665693529,0.0276726782010867,0.0274739360771283,0.0228453016008144,0.0116872865345712,0.000706933820497497
"819",40.9,0.00119891892655231,0.00931641983307612,0.0277671690417038,0.0276423426829909,0.0230812373759989,0.0119271589301233,0.000747499399643999
"820",40.95,0.00118333346832505,0.00930678884702999,0.0278615068588885,0.0278111547662855,0.0233189744765804,0.0121716518792281,0.000790412715586699
"821",41,0.00116793711757006,0.00929720126733826,0.0279556796784607,0.0279803545097413,0.0235585013077513,0.0124208323880156,0.000835810164080856
"822",41.05,0.00115272779981492,0.00928765467475996,0.028049675359434,0.0281499235967949,0.0237998051966268,0.0126747670621065,0.000883836015965905
"823",41.1,0.00113770345976187,0.00927814666244141,0.02814348159502,0.0283198432072735,0.0240428723624712,0.0129335220057784,0.000934642858534196
"824",41.15,0.00112286206117008,0.00926867483609147,0.0282370859137663,0.0284900940133473,0.0242876878868598,0.0131971627153248,0.000988392059427021
"825",41.2,0.0011082015867375,0.00925923681416166,0.0283304756808425,0.0286606561757856,0.0245342356838392,0.0134657539664407,0.00104525425387362
"826",41.25,0.00109372003798243,0.00924983022803124,0.0284236380994658,0.0288315093405134,0.0247824984701195,0.0137393596954482,0.00110540985606164
"827",41.3,0.0010794154351248,0.00924045272219576,0.028516560212473,0.0290026326354948,0.0250324577353552,0.0140180428741984,0.00116904959539402
"828",41.35,0.00106528581696714,0.00923110195446219,0.028609228904046,0.0291740046679589,0.025284093712574,0.0143018653784929,0.00123637507833961
"829",41.4,0.00105132924077531,0.00922177559614717,0.0287016309015893,0.0293456035219872,0.0255373853488088,0.0145908878498711,0.00130759732279205
"830",41.45,0.00103754378215903,0.00921247133228118,0.0287937527777631,0.0295174067564732,0.0257923102759913,0.0148851695506234,0.00138294545735004
"831",41.5,0.00102392753495215,0.009203186861816,0.0288855809526848,0.0296893914034879,0.0260488447821856,0.015184768211916,0.00146265542223698
"832",41.55,0.00101047861109282,0.0091939198978377,0.0289771016962798,0.0298615339670418,0.0263069637832028,0.015489739874893,0.0015469784819845
"833",41.6,0.000997195140503447,0.00918466816778349,0.0290683011308116,0.0300338104222924,0.026566640794699,0.0158001387246908,0.00163617999037343
"834",41.65,0.000984075270970527,0.00917542941366506,0.0291591652335726,0.0302061962151918,0.0268278479048054,0.0161160169172692,0.00173054011571148
"835",41.7,0.000971117168024385,0.00916620139229195,0.0292496798397497,0.0303786662626024,0.0270905557473806,0.016437964929216,0.00183035459368192
"836",41.75,0.000958319014818803,0.00915698187550459,0.0293398306454635,0.0305511949528986,0.0273547334759608,0.0167649610528096,0.0019359355072945
"837",41.8,0.000945679012010604,0.00914776865040757,0.0294296032109812,0.0307237561470669,0.0276203487384875,0.0170975792319739,0.00204761209316783
"838",41.85,0.000933195377639177,0.00913855951960863,0.0295189829641118,0.0308963231803293,0.0278873676529057,0.0174358616346204,0.00216573157302394
"839",41.9,0.000920866347005965,0.00912935230146225,0.0296079552037787,0.0310688688643015,0.0281557547837133,0.0177798474251181,0.00229066000886352
"840",41.95,0.000908690172553962,0.00912014483031537,0.0296965051037769,0.0312413654897076,0.0284254731195582,0.0181295725479286,0.00242278317981908
"841",42,0.000896665123747211,0.00911093495675961,0.0297846177167078,0.0314137848296587,0.0286964840519653,0.0184850695043098,0.00256250747813563
"842",42.05,0.000884789486950342,0.00910172054788442,0.0298722779781086,0.0315860981435305,0.0289687473553097,0.0188463671222857,0.00271026082111034
"843",42.1,0.000873061565308157,0.00909249948753628,0.0299594707107607,0.031758276181437,0.0292422211681124,0.0192134903200873,0.00286649357509718
"844",42.15,0.000861479678625273,0.00908326967657979,0.0300461806291867,0.0319302891893244,0.0295168619757676,0.0195864598633523,0.00303167948687904
"845",42.2,0.00085004216324587,0.00907402903316321,0.030132392344338,0.0321021069147042,0.0297926245948069,0.019965292116411,0.00320631661678391
"846",42.25,0.000838747371933525,0.00906477549298606,0.0302180903684651,0.0322736986130271,0.03006946215879,0.0203499987880308,0.00339092826687856
"847",42.3,0.000827593673751176,0.0090555070095706,0.0303032591201851,0.032445033054734,0.0303473261059472,0.0207405866720815,0.00358606389640967
"848",42.35,0.000816579453941219,0.00904622155453732,0.0303878829297272,0.0326160785329675,0.0306261661686511,0.0211370573835983,0.00379230001533482
"849",42.4,0.000805703113805763,0.00903691711787984,0.0304719460443751,0.0327868028719863,0.0309059303648503,0.0215394070908394,0.00401024104533938
"850",42.45,0.00079496307058704,0.00902759170824747,0.0305554326340899,0.0329571734362698,0.0311865649915484,0.0219476262439532,0.00424052013608724
"851",42.5,0.000784357757348026,0.00901824335322413,0.0306383267973253,0.0331271571403426,0.0314680146204522,0.0223616993009809,0.00448379992266962
"852",42.55,0.000773885622853226,0.00900887009961507,0.0307206125670248,0.033296720459316,0.0317502220958819,0.0227816044519652,0.00474077320821785
"853",42.6,0.000763545131449715,0.00899947001373272,0.0308022739168012,0.0334658294401576,0.03203312853505,0.0232073133420233,0.00501216355348139
"854",42.65,0.000753334762948363,0.0089900411816837,0.0308832947672999,0.0336344497137015,0.0323166733308152,0.0236387907943241,0.00529872575280737
"855",42.7,0.000743253012505346,0.00898058170966155,0.0309636589927441,0.0338025465074047,0.0326007941570157,0.0240759945339815,0.00560124617339615
"856",42.75,0.000733298390503877,0.00897108972423425,0.0310433504276486,0.0339700846588422,0.0328854269764629,0.0245188749139429,0.0059205429319519
"857",42.8,0.000723469422436232,0.00896156337264112,0.0311223528737175,0.034137028629968,0.0331705060517184,0.0249673746440674,0.00625746587993406
"858",42.85,0.000713764648786051,0.00895200082308244,0.0312006501069046,0.0343033425221202,0.0334559639587227,0.0254214285246216,0.00661289636550029
"859",42.9,0.000704182624910925,0.00894240026501649,0.0312782258846487,0.034468990091793,0.0337417316033848,0.0258809631855402,0.00698774673702076
"860",42.95,0.000694721920925316,0.00893275990945462,0.0313550639532614,0.0346339347671497,0.034027738241192,0.0263458968328316,0.00738295954968861
"861",43,0.000685381121583763,0.00892307798925421,0.0314311480554847,0.0347981396653038,0.0343139114999514,0.0268161390036356,0.00779950643340027
"862",43.05,0.000676158826164446,0.00891335275941699,0.0315064619381959,0.0349615676103419,0.034600177405711,0.0272915903314539,0.00823838657668356
"863",43.1,0.000667053648353096,0.00890358249738163,0.031580989360261,0.0351241811520887,0.034886460411936,0.0277721423231728,0.00870062487257455
"864",43.15,0.000658064216127228,0.00889376550332022,0.0316547141005413,0.0352859425856219,0.0351726834320194,0.0282576771495634,0.00918726913872759
"865",43.2,0.000649189171640777,0.0088839001004329,0.0317276199660194,0.0354468139714932,0.0354587678751385,0.0287480674509365,0.00969938763169663
"866",43.25,0.000640427171109085,0.00887398463523786,0.031799690800081,0.035606757156696,0.0357446336855657,0.0292432026842655,0.0102380651787867
"867",43.3,0.000631776884694285,0.00886401747786778,0.0318709104908968,0.0357657337963064,0.0360301993853999,0.0297428834542486,0.0108043990311919
"868",43.35,0.00062323699639108,0.00885399702235594,0.0319412629799412,0.0359237053758395,0.0363153821208136,0.0302469787723159,0.0113994939342661
"869",43.4,0.000614806203912915,0.00884392168692853,0.0320107322706186,0.0360806332342749,0.0366000977118009,0.0307553215800751,0.0120244564278488
"870",43.45,0.000606483218578591,0.00883378991428871,0.0320793024369765,0.0362364785877166,0.0368842607054158,0.0312677346075544,0.0126803883200804
"871",43.5,0.000598266765199273,0.00882360017190212,0.0321469576325474,0.0363912025537315,0.0371677844325796,0.0317840303079089,0.0133683792817609
"872",43.55,0.000590155581965948,0.00881335095227894,0.0322136820992381,0.0365447661762513,0.0374505810683285,0.0323040108199189,0.0140894985136194
"873",43.6,0.000582148420337329,0.00880304077325235,0.0322794601763318,0.0366971304511066,0.0377325616955988,0.0328274679601638,0.0148447854469821
"874",43.65,0.000574244044928185,0.0087926681782536,0.0323442763095436,0.0368482563521041,0.0380136363724312,0.0333541832464729,0.0156352394486806
"875",43.7,0.000566441233398164,0.00878223173658495,0.03240811506013,0.0369981048576316,0.0382937142025664,0.0338839279542712,0.0164618085147321
"876",43.75,0.000558738776341043,0.00877173004368942,0.0324709611140697,0.0371466369777931,0.0385727034094137,0.0344164632073946,0.0173253769543068
"877",43.8,0.000551135477174483,0.00876116172141238,0.032532799291268,0.0372938137819984,0.0388505114132629,0.0349515401046881,0.0182267520858898
"878",43.85,0.000543630152030247,0.00875052541826367,0.0325936145548004,0.0374395964269997,0.039127044911691,0.035488899883703,0.0191666499919861
"879",43.9,0.000536221629644912,0.00873981980967311,0.0326533920201782,0.037583946185338,0.0394022099630625,0.0360282741225856,0.0201456804068142
"880",43.95,0.00052890875125107,0.0087290435982404,0.0327121169646178,0.0377268244741478,0.0396759120729944,0.0365693849810741,0.021164330843372
"881",44,0.000521690370469035,0.00871819551398095,0.0327697748363108,0.0378681928842925,0.0399480562836764,0.0371119454813599,0.0222229501017552
"882",44.05,0.000514565353199055,0.0087072743145653,0.0328263512636954,0.0380080132098052,0.0402185472659312,0.0376556598293702,0.023321724701938
"883",44.1,0.000507532577514042,0.00869627878555391,0.0328818320646928,0.0381462474775618,0.0404872894138211,0.0382002237767262,0.0244606874654168
"884",44.15,0.000500590933552805,0.00868520774062444,0.0329362032559043,0.0382828579771489,0.0407541869416531,0.0387453250234465,0.0256396631798413
"885",44.2,0.000493739323413835,0.00867406002179484,0.0329894510617826,0.0384178072909169,0.0410191439832464,0.039290643661263,0.0268582843912746
"886",44.25,0.00048697666104959,0.00866283449963615,0.0330415619237284,0.0385510583241226,0.0412820646932166,0.0398358526569953,0.0281159352551924
"887",44.3,0.000480301872161337,0.00865153007348293,0.033092522509133,0.0386825743351567,0.041542853350132,0.0403806183753195,0.0294117873991298
"888",44.35,0.000473713894094534,0.00864014567163256,0.0331423197203257,0.0388123189657694,0.0418014144612827,0.0409246011398296,0.03074475316045
"889",44.4,0.000467211675734736,0.00862868025154074,0.0331909407034429,0.0389402562712818,0.0420576528688928,0.0414674558311326,0.0321134821872093
"890",44.45,0.000460794177404083,0.0086171328000049,0.0332383728571916,0.0390663507507143,0.0423114738575182,0.0420088325203224,0.033516352269774
"891",44.5,0.000454460370758313,0.00860550233334326,0.0332846038414832,0.0391905673767645,0.0425627832623748,0.0425483771358963,0.0349514629992991
"892",44.55,0.000448209238684351,0.00859378789756544,0.0333296215859637,0.0393128716256318,0.0428114875784094,0.0430857321619871,0.0364166326848846
"893",44.6,0.000442039775198461,0.00858198856853037,0.0333734142983804,0.0394332295065772,0.0430574940697833,0.043620537365321,0.0379093989276873
"894",44.65,0.00043595098534495,0.00857010345210327,0.033415970472827,0.0395516075912331,0.0433007108795937,0.0441524305482549,0.0394270231991269
"895",44.7,0.000429941885095461,0.00855813168429553,0.0334572788977934,0.0396679730425325,0.0435410471394682,0.0446810483247408,0.0409664996995833
"896",44.75,0.000424011501248827,0.00854607243139965,0.0334973286640757,0.0397822936432924,0.0437784130788687,0.0452060269160986,0.0425245686859599
"897",44.8,0.000418158871331505,0.00853392489011487,0.0335361091724687,0.0398945378243115,0.044012720133725,0.045727002962968,0.0440977343838834
"898",44.85,0.000412383043498596,0.00852168828766207,0.0335736101412952,0.04000467469202,0.0442438810542278,0.0462436143499096,0.0456822871984623
"899",44.9,0.000406683076435441,0.00850936188188879,0.033609821613708,0.0401126740555562,0.0444718100114204,0.046755501038683,0.047274330780977
"900",44.95,0.000401058039259806,0.00849694496136533,0.033644733964774,0.0402185064532511,0.0446964227023412,0.0472623059062539,0.0488698125928161
"901",45,0.000395507011424656,0.00848443684546836,0.0336783379083541,0.0403221431784996,0.0449176364534863,0.0477636755834905,0.0504645583802008
"902",45.05,0.000390029082621521,0.00847183688445729,0.033710624503714,0.0404235563048989,0.045135370322228,0.0482592612902456,0.0520543096449225
"903",45.1,0.000384623352684455,0.00845914445953723,0.0337415851619178,0.0405227187106914,0.0453495451960212,0.0487487196627494,0.0536347634974566
"904",45.15,0.00037928893149459,0.00844635898291357,0.0337712116519435,0.0406196041023912,0.0455600838890516,0.0492317135689786,0.0552016141225214
"905",45.2,0.000374024938885287,0.00843347989783338,0.0337994961065463,0.0407141870376052,0.0457669112361291,0.0497079129078988,0.0567505950170379
"906",45.25,0.000368830504547895,0.0084205066786172,0.0338264310278449,0.0408064429469778,0.0459699541835449,0.0501769953884241,0.0582775211184209
"907",45.3,0.000363704767938094,0.00840743883067877,0.0338520092926243,0.0408963481552223,0.0461691418766594,0.0506386472840943,0.059778329930947
"908",45.35,0.000358646878182865,0.00839427589053538,0.033876224157346,0.0409838799011995,0.0463644057439859,0.0510925641596075,0.0612491207802617
"909",45.4,0.000353655993988038,0.00838101742580601,0.0338990692628741,0.0410690163570278,0.0465556795775809,0.0515384515655562,0.0626861913802847
"910",45.45,0.000348731283546475,0.00836766303519397,0.033920538638887,0.0411517366461556,0.0467428996094871,0.0519760256978425,0.0640860709800852
"911",45.5,0.00034387192444683,0.00835421234846639,0.0339406267079739,0.0412320208603739,0.0469260045840514,0.0524050140185556,0.065445549467058
"912",45.55,0.000339077103582943,0.00834066502641367,0.0339593282894286,0.0413098500757617,0.0471049358259612,0.0528251558353929,0.0667617019311332
"913",45.6,0.000334346017063826,0.00832702076080098,0.0339766386027154,0.0413852063675103,0.0472796373038037,0.0532362028369092,0.068031908336257
"914",45.65,0.000329677870124269,0.00831327927431083,0.0339925532706083,0.0414580728236084,0.0474500556890049,0.0536379195812639,0.0692538680937055
"915",45.7,0.000325071877036051,0.00829944032046678,0.0340070683220023,0.0415284335573698,0.0476161404100174,0.0540300839364481,0.0704255972347054
"916",45.75,0.000320527261019764,0.00828550368355182,0.0340201801943881,0.0415962737187783,0.0477778437016324,0.0544124874703164,0.0715454939801159
"917",45.8,0.000316043254157249,0.0082714691785127,0.0340318857359929,0.0416615795046362,0.0479351206493203,0.054784935789115,0.0726122157765349
"918",45.85,0.000311619097304647,0.00825733665085059,0.0340421822075673,0.0417243381674833,0.0480879292284885,0.0551472488235237,0.073624796694482
"919",45.9,0.000307254040006054,0.00824310597650265,0.0340510672838548,0.0417845380233225,0.0482362303386527,0.0554991504735122,0.0745825770334328
"920",45.95,0.000302947340407798,0.00822877706171111,0.0340585390547067,0.0418421684580968,0.0483799878324112,0.055840821729064,0.0754852027625904
"921",46,0.000298698265173323,0.00821434984287779,0.0340645960258326,0.0418972199328985,0.0485191685391761,0.0561717949148002,0.0763326096166832
"922",46.05,0.000294506089398684,0.00819982428641327,0.0340692371192353,0.0419496839879746,0.0486537422837298,0.0564920596458872,0.0771250046511
"923",46.1,0.000290370096528662,0.00818520038856579,0.0340724616732897,0.0419995532454714,0.0487836818995413,0.0568015099091458,0.077862845820629
"924",46.15,0.000286289578273477,0.00817047817524852,0.0340742694424773,0.0420468214109356,0.048908963236879,0.057100054622588,0.0785468201335431
"925",46.2,0.000282263834526133,0.00815565770184388,0.0340746605967795,0.0420914832735808,0.0490295651657634,0.0573876175574462,0.0791778209047748
"926",46.25,0.000278292173280349,0.00814073905300903,0.034073635720711,0.0421335347052971,0.0491454695737779,0.0576641372125374,0.0797569245918853
"927",46.3,0.000274373910549122,0.00812572234245825,0.034071195812068,0.0421729726585127,0.0492566613589266,0.0579295666430755,0.0802853676490198
"928",46.35,0.00027050837028389,0.00811060771274313,0.0340490449462828,0.0422097951627663,0.0493631284174354,0.0581838732458338,0.0807645237787046
"929",46.4,0.0002666948842943,0.00809539533501748,0.0340436896242096,0.0422440013201285,0.0494648616267486,0.0584270385032465,0.0811958819044811
"930",46.45,0.000262932792168595,0.00808008540878923,0.0340369242535569,0.0422755912994645,0.0495618548238002,0.0586590576889412,0.0815810251287706
"931",46.5,0.000259221441194599,0.00806467816166843,0.034028751463182,0.0423045663295186,0.0496541047786457,0.0588799395373236,0.081921610883755
"932",46.55,0.000255560186281314,0.00804917384909802,0.0340191742838141,0.0423309286908809,0.0497416111636292,0.0590897058800706,0.082219352429806
"933",46.6,0.000251948389881118,0.00803357275407895,0.0340081961448059,0.0423546817068274,0.0498243765182074,0.0592883912523725,0.0824760018068574
"934",46.65,0.000248385421912569,0.00801787518688034,0.0339958208706243,0.0423758297331415,0.0499024062096863,0.059476042472,0.0826933343006045
"935",46.7,0.000244870659683812,0.00800208148474389,0.0339820526769902,0.0423943781468227,0.0499757083898921,0.0596527181939741,0.0828731344468925
"936",46.75,0.000241403487816586,0.00798619201157617,0.0339668961667566,0.0424103333338179,0.0500442939480863,0.0598184884439969,0.0830171835659516
"937",46.8,0.000237983298170831,0.00797020715763289,0.0339503563254755,0.0424237026757357,0.0501081764602254,0.0599734341335072,0.0831272487911627
"938",46.85,0.000234609489769898,0.00795412733919143,0.0339324385167386,0.0424344945356791,0.0501673721348843,0.0601176465594526,0.0832050734642995
"939",46.9,0.000231281468726345,0.00793795299821687,0.0339131484771683,0.0424427182430599,0.0502218997558329,0.0602512268913806,0.083252369180841
"940",46.95,0.000227998648168347,0.00792168460201719,0.033892492311232,0.0424483840776481,0.0502717806217378,0.0603742856490006,0.0832708087069862
"941",47,0.000224760448166675,0.00790532264289029,0.0338704764857416,0.0424515032527024,0.0503170384829641,0.0604869420523607,0.0832620203376618
"942",47.05,0.00022156629566229,0.00788886763776355,0.0338471078241446,0.0424520878973505,0.0503576994758457,0.060589323939686,0.0832275832793302
"943",47.1,0.000218415624394516,0.00787232012782489,0.0338223935005573,0.0424501510381785,0.0503937920545435,0.0606815665959119,0.0831690240226248
"944",47.15,0.000215307874829799,0.00785568067814284,0.0337963410335943,0.0424457065801369,0.0504253469207837,0.0607638126154931,0.0830878136040682
"945",47.2,0.00021224249409106,0.00783894987728629,0.0337689582799775,0.0424387692867627,0.0504523969516456,0.0608362112760353,0.0829853656602516
"946",47.25,0.000209218935887629,0.00782212833692741,0.0337402534279269,0.0424293547597557,0.0504749771256016,0.0608989180102781,0.0828630349387769
"947",47.3,0.000206236660445758,0.00780521669144704,0.0337102349903744,0.0424174794179909,0.0504933274717079,0.060952093884727,0.0827221175099166
"948",47.35,0.000203295134439724,0.00778821559752454,0.0336789117979841,0.0424031604759762,0.0505070834257842,0.0609959050866335,0.0825638496406663
"949",47.4,0.000200393830923498,0.00777112573373009,0.0336462929919984,0.0423864159218085,0.0505164863385292,0.0610305224209363,0.0823894086460655
"950",47.45,0.000197532229262999,0.00775394780010036,0.0336123880169291,0.0423672644946881,0.0505230295353244,0.0610561208186293,0.0821999138561369
"951",47.5,0.000194709815068921,0.00773668251772214,0.0335772066130931,0.0423457256620145,0.0505238764581181,0.0610728788578128,0.0819964261719413
"952",47.55,0.000191926080130126,0.00771933062829496,0.0335407588089917,0.0423218195960969,0.0505190114950555,0.0610809782985471,0.0817799518418023
"953",47.6,0.000189180522347612,0.0077018928936988,0.0335030549135779,0.0422955671505651,0.0505114451547991,0.061080603632559,0.0815514422906504
"954",47.65,0.000186472645669049,0.00768437009555662,0.0334641055083925,0.0422669898364809,0.0504997551948253,0.0610719416485799,0.0813117962469927
"955",47.7,0.000183801960023871,0.00766676303478621,0.0334239214396118,0.0422361097982425,0.0504839919978936,0.0610551810140903,0.0810618615693744
"956",47.75,0.000181167981258941,0.0076490725311543,0.0333825138099455,0.042202949789219,0.0504642072591092,0.0610305118738945,0.0808024371654691
"957",47.8,0.000178570231074769,0.00763129942282121,0.0333398939705193,0.0421675331473265,0.0504404539063101,0.0609981254662156,0.0805342749738583
"958",47.85,0.000176008236962287,0.00761344456588698,0.0332960735126037,0.0421298837703863,0.0504127860208692,0.0609582137563487,0.0802580819822203
"959",47.9,0.000173481532140181,0.00759550883393108,0.0332510642593462,0.0420900260914974,0.0503812587592977,0.0609109690883735,0.0799745222600911
"960",47.95,0.000170989655492779,0.00757749311754592,0.0332048782573786,0.0420479850542811,0.0503459282755629,0.0608565838547708,0.0796842187607082
"961",48,0.000168532151508476,0.00755939832388022,0.0331575277684579,0.0420037860882274,0.0503068516444907,0.0607952501842457,0.0793877560570461
"962",48.05,0.000166108570218718,0.00754122537616207,0.0331090252609693,0.0419574550839438,0.0502640867860837,0.0607271596473435,0.0790856815821887
"963",48.1,0.000163718467137526,0.0075229752132345,0.0330593834015117,0.041909018368615,0.0502176923912046,0.0606525029801044,0.0787785082559206
"964",48.15,0.000161361403201557,0.00750464878908476,0.0330086150463758,0.0418585026814466,0.0501677278484124,0.0605714671933887,0.0784667143236481
"965",48.2,0.000159036944710714,0.00748624707236594,0.0329567332330844,0.0418059351493363,0.050114253172305,0.0604842456416796,0.0781507483413282
"966",48.25,0.000156744663269276,0.00746777104593173,0.0329037511718678,0.0417513432626229,0.0500573289332387,0.060391022739691,0.077831028859806
"967",48.3,0.000154484135727578,0.00744922170635369,0.0328496822372233,0.0416947548511287,0.0499970161887305,0.060291983494266,0.07750794661438
"968",48.35,0.00015225494412421,0.00743060006344921,0.0327945399594392,0.0416361980603522,0.0499333764164085,0.0601873138612634,0.0771818661491774
"969",48.4,0.000150056675628747,0.00741190713980819,0.0327383380161733,0.0415757013279509,0.0498664714487107,0.0600771886737418,0.0768531273712424
"970",48.45,0.000147888922485003,0.00739314397031686,0.0326810902240526,0.0415132933604769,0.0497963634093185,0.0599617895348492,0.0765220470337065
"971",48.5,0.000145751281954806,0.00737431160167837,0.032622810530336,0.0414490031104435,0.0497231146514331,0.0598412925926807,0.0761889201482499
"972",48.55,0.000143643356262293,0.00735541109194791,0.0325635130046411,0.0413828597537279,0.049646787697924,0.0597158714207046,0.0758540213275518
"973",48.6,0.00014156475253872,0.00733644351005272,0.0325032118306806,0.0413148926672576,0.0495674451832907,0.0595856968990057,0.0755176060588002
"974",48.65,0.000139515082767782,0.0073174099353194,0.0324419212981214,0.0412451314071349,0.049485149797633,0.0594509371085642,0.0751799118349375
"975",48.7,0.000137493963731448,0.00729831145700939,0.0323796557944989,0.041173605687122,0.0493999642325346,0.0593117572378485,0.0748411595808991
"976",48.75,0.0001355010169563,0.00727914917384811,0.0323164297972135,0.0411003453575315,0.0493119511289125,0.0591683195011729,0.0745015543662344
"977",48.8,0.000133535868660372,0.00725992419355786,0.0322522578655904,0.041025380384505,0.049221173026801,0.0590207830681778,0.0741612865931165
"978",48.85,0.000131598149700497,0.007240637632394,0.0321871546331064,0.0409487408298195,0.0491276923172281,0.0588693040040275,0.0738205328368237
"979",48.9,0.000129687495520147,0.00722129061468168,0.0321211347996267,0.0408704568310273,0.0490315711959348,0.0587140352194542,0.0734794570141996
"980",48.95,0.000127803546097766,0.00720188427236655,0.032054213123819,0.0407905585821471,0.0489328716191805,0.0585551264303609,0.0731382110002977
"981",49,0.000125945945895598,0.00718241974454477,0.0319864044156308,0.0407090763147666,0.0488316552614419,0.058392724126213,0.0727969354889249
"982",49.05,0.000124114343809004,0.00716289817702477,0.0319177235289184,0.04062604027967,0.0487279834751222,0.0582269715468187,0.0724557607402496
"983",49.1,0.000122308393116261,0.00714332072186799,0.0318481853541656,0.0405414807289172,0.0486219172521504,0.0580580086668431,0.0721148072820215
"984",49.15,0.000120527751428843,0.00712368853695384,0.0317778048113743,0.0404554278984773,0.0485135171875672,0.0578859721876738,0.0717741865669632
"985",49.2,0.000118772080642187,0.0071040027855293,0.0317065968430004,0.040368443429001,0.0484028434448752,0.0577109955359063,0.071434001588447
"986",49.25,0.000117041046886925,0.00708426463577787,0.0316345764071377,0.0402794988788381,0.0482899557234306,0.0575332088683089,0.0710943474571117
"987",49.3,0.000115334320480598,0.0070644752603917,0.031561758470729,0.0401891515294859,0.0481749132275001,0.0573527390824105,0.0707553117772554
"988",49.35,0.000113651575879837,0.00704463583613148,0.0314881580029796,0.0400974313887974,0.0480577746372172,0.0571697098325561,0.0704169758254809
"989",49.4,0.000111992491633005,0.0070247475434141,0.0314137899689004,0.0400043683691095,0.0479385980812826,0.0569842415508702,0.0700794139994717
"990",49.45,0.00011035675033331,0.00700481156589301,0.0313386693229923,0.0399099922729039,0.0478174411782105,0.0567964514727279,0.0697426949237996
"991",49.5,0.000108744038572377,0.00698482909004178,0.0312628110030674,0.0398143327789731,0.0476943607317237,0.0566064536663333,0.069406881706953
"992",49.55,0.000107154046894269,0.00696480130474926,0.0311862299242434,0.0397174194291299,0.0475694131460501,0.0564143590660809,0.0690720323280203
"993",49.6,0.000105586469749973,0.00694472940091445,0.0311089409730529,0.0396192816153856,0.0474426541049741,0.0562202755092509,0.0687381999009557
"994",49.65,0.00010404100545233,0.00692461457105608,0.0310309590017641,0.0395199485677135,0.0473141386295804,0.0560243077758521,0.0684054333801836
"995",49.7,0.000102517356131413,0.00690445800891464,0.0309522988227856,0.0394194493422311,0.0471839210606707,0.0558265576310823,0.0680737773555103
"996",49.75,0.000101015227690351,0.006884260909072,0.0308729752032562,0.039317812809924,0.0470520550427019,0.055627123870272,0.0677432726458313
"997",49.8,9.95343297615932e-05,0.00686402446657005,0.030793002859831,0.0392150676459203,0.0469185935092089,0.0554261023660387,0.0674139565064417
"998",49.85,9.80743756636121e-05,0.00684374987653967,0.0307123964535546,0.0391112423191692,0.0467835886695064,0.05522358611721,0.0670858628743163
"999",49.9,9.66350823580391e-05,0.00682343833382948,0.0306311705848997,0.0390063650826205,0.0466470919967387,0.0550196652993865,0.0667590225660599
"1000",49.95,9.52161704072345e-05,0.00680309103265033,0.0305493397890423,0.0389004639639832,0.0465091542173329,0.0548143667341983,0.0664334636444896
"1001",50,9.38173639322836e-05,0.00678270916621887,0.03046691853119,0.03879356675683,0.0463698253015392,0.0546079568565725,0.0661092114694436
"1002",50.05,9.2438390571419e-05,0.00676229392641093,0.0303839212021256,0.0386857010122402,0.0462291544552518,0.0544003359405438,0.0657862889372607
"1003",50.1,9.10789814388662e-05,0.00674184650341703,0.0303003621138768,0.038576894030865,0.0460871901129301,0.0541916439824926,0.0654647166580914
"1004",50.15,8.97388710841045e-05,0.00672136808541066,0.030216255495588,0.0384671728555019,0.0459439799316909,0.0539819578425368,0.0651445131211444
"1005",50.2,8.84177974515484e-05,0.00670085985822042,0.0301316154894789,0.0383565642640259,0.045799570786353,0.0537713518832635,0.0648256948483673
"1006",50.25,8.71155018406369e-05,0.00668032300500664,0.0300464561470095,0.0382450947628201,0.0456540087655692,0.0535598980259912,0.0645082765374763
"1007",50.3,8.58317288663349e-05,0.00665975870595263,0.029960791425178,0.0381327905806058,0.0455073391688923,0.0533476658071528,0.0641922711948909
"1008",50.35,8.45662264200412e-05,0.00663916813794618,0.029874635182968,0.038019677662684,0.0453596065047592,0.0531347224346875,0.0638776902592738
"1009",50.4,8.33187456308968e-05,0.00661855247429089,0.0297880011779484,0.0379057816655868,0.0452108544893542,0.0529211328443393,0.0635645437163329
"1010",50.45,8.20890408274959e-05,0.00659791288440512,0.0297009030630056,0.0377911279521034,0.0450611260462854,0.0527069597557198,0.0632528390773003
"1011",50.5,8.08768694999924e-05,0.00657725053353589,0.0296133543832807,0.0376757415867646,0.0449104633071362,0.0524922637281581,0.0629425854923011
"1012",50.55,7.96819922625998e-05,0.00655656658248438,0.0295253685731364,0.0375596473315579,0.0447589076126015,0.0522771032159668,0.0626337886351576
"1013",50.6,7.85041728164829e-05,0.00653586218732281,0.029436958953408,0.0374428696421853,0.0446064995145422,0.0520615346234593,0.0623264560996387
"1014",50.65,7.73431779130346e-05,0.00651513849913882,0.0293481387286851,0.0373254326645377,0.0444532787785516,0.051845612359235,0.0620205875130522
"1015",50.7,7.61987773175397e-05,0.00649439666377089,0.029258920984755,0.0372073602315418,0.0442992843871909,0.0516293888898885,0.0617161881973886
"1016",50.75,7.50707437732175e-05,0.00647363782155734,0.0291693186862551,0.0370886758604333,0.0441445545439282,0.0514129147931544,0.0614132605685561
"1017",50.8,7.39588529656433e-05,0.00645286310709298,0.0290793446743403,0.0369694027502025,0.043989126677467,0.0511962388101351,0.0611118062594896
"1018",50.85,7.28628834875465e-05,0.00643207364898329,0.0289890116645714,0.0368495637794674,0.0438330374467335,0.0509794078968948,0.0608118261796003
"1019",50.9,7.17826168039768e-05,0.00641127056962762,0.0288983322449106,0.0367291815046198,0.0436763227463251,0.0507624672752057,0.0605133205699607
"1020",50.95,7.07178372178434e-05,0.0063904549849837,0.0288073188738196,0.0366082781582353,0.0435190177123858,0.0505454604823994,0.0602162890545285
"1021",51,6.96683318358167e-05,0.00636962800435089,0.0287159838785163,0.0364868756478084,0.0433611560634033,0.0503284294203986,0.0599207306877871
"1022",51.05,6.86338905345944e-05,0.00634879073016601,0.0286243394533265,0.0363649955547256,0.0432027726365113,0.0501114144037925,0.0596266439989564
"1023",51.1,6.76143059275275e-05,0.00632794425779442,0.0285323976581644,0.0362426591335157,0.0430438998056937,0.0498944542070066,0.0593340270330905
"1024",51.15,6.6609373331601e-05,0.00630708967533217,0.0284401704171526,0.0361198873113793,0.0428845697447132,0.0496775861105569,0.0590428773893025
"1025",51.2,6.56188907347703e-05,0.006286228063422,0.0283476695172983,0.03599670068789,0.0427248139043945,0.049460845946257,0.0587531922561794
"1026",51.25,6.46426587636471e-05,0.00626536049506258,0.0282549066073305,0.0358731195349923,0.0425646642422325,0.049244268141533,0.0584649684447324
"1027",51.3,6.36804806515328e-05,0.00624448803543809,0.0281618931966531,0.035749163797232,0.0424041484017303,0.0490278857627724,0.0581782024189722
"1028",51.35,6.27321622067976e-05,0.0062236117417426,0.0280686406543504,0.0356248530921344,0.0422432968500246,0.0488117305576047,0.0578928903241154
"1029",51.4,6.17975117815992e-05,0.00620273266301872,0.0279751602083415,0.0355002067108474,0.0420821382245093,0.0485958329962721,0.0576090280127467
"1030",51.45,6.08763402409427e-05,0.00618185184000314,0.0278814629446257,0.0353752436189674,0.0419207004822332,0.0483802223119999,0.0573265387446583
"1031",51.5,5.99684609320737e-05,0.00616097030496732,0.0277875598066112,0.0352499824575367,0.0417590109090423,0.0481649265403631,0.0570456348308011
"1032",51.55,5.9073689654206e-05,0.00614008908158232,0.0276934615945344,0.0351244415442153,0.041597096128873,0.0479499725576663,0.0567660944107816
"1033",51.6,5.81918446285787e-05,0.00611920918477549,0.0275991789650268,0.0349986388746923,0.0414349821132633,0.0477353861184437,0.0564879847155186
"1034",51.65,5.73227464688392e-05,0.00609833162059957,0.0275047224307047,0.0348725921241758,0.0412726941908866,0.0475211918918872,0.0562113004637223
"1035",51.7,5.64662181517521e-05,0.0060774573861033,0.0274101023598342,0.0347463186490264,0.0411102570571727,0.0473074134973033,0.0559360362031997
"1036",51.75,5.56220849882272e-05,0.00605658746921636,0.027315328976181,0.0346198354886593,0.0409476947841585,0.0470940735387869,0.055662186326962
"1037",51.8,5.47901745946675e-05,0.0060357228486349,0.0272204123588434,0.0344931593674652,0.0407850308302695,0.0468807675354051,0.0553897450880654
"1038",51.85,5.39703168646317e-05,0.00601486449370386,0.0271253624421851,0.0343663066968888,0.0406222880501872,0.0466687944709017,0.0551187066133198
"1039",51.9,5.31623439408094e-05,0.0059940133643323,0.0270301890158911,0.0342392935776897,0.040459488704825,0.0464568957915626,0.0548490649158174
"1040",51.95,5.23660901873061e-05,0.00597317041087637,0.0269349017250151,0.0341121358022172,0.0402966544712172,0.0462455164710706,0.0545808139060425
"1041",52,5.15813921622355e-05,0.00595233657406609,0.0268395100701928,0.0339848488569148,0.0401338064525589,0.0460346745236288,0.0543139474019612
"1042",52.05,5.08080885906149e-05,0.00593151278490069,0.0267440234078632,0.0338574479248519,0.0399709651881655,0.0458243871365329,0.0540484591380278
"1043",52.1,5.00460203375637e-05,0.00591069996458806,0.0266484509505164,0.0337299478883024,0.0398081506633687,0.0456146706984359,0.0537843427734304
"1044",52.15,4.92950303817984e-05,0.00588989902445679,0.0265528017671241,0.0336023633315634,0.0396453823195674,0.0454055408269761,0.0535215919001643
"1045",52.2,4.85549637894251e-05,0.00586911086589113,0.0264570847835377,0.0334747085437396,0.0394826790641183,0.0451970123954445,0.0532602000507745
"1046",52.25,4.78256676880239e-05,0.00584833638025746,0.0263613087829669,0.0333469975216344,0.0393200592802221,0.0449890995586931,0.0530001607060651
"1047",52.3,4.71069912410244e-05,0.0058275764488663,0.0262654824065222,0.0332192439727218,0.0391575408367778,0.044781815778277,0.05274146730266
"1048",52.35,4.63987856223692e-05,0.00580683194289034,0.0261696141537914,0.033091461318159,0.0389951410981554,0.0445751738467997,0.0524841132401594
"1049",52.4,4.57009039914607e-05,0.00578610372333545,0.0260737123834987,0.0329636626959,0.0388328769339545,0.0443691859115607,0.0522280918877055
"1050",52.45,4.50132014683918e-05,0.0057653926409825,0.025977785314204,0.0328358609638519,0.0386707647286831,0.0441638634974546,0.051973396589686
"1051",52.5,4.43355351094558e-05,0.00574469953635623,0.0258818410250212,0.0327080687030472,0.0385088203913232,0.0439592175291077,0.0517200206704438
"1052",52.55,4.36677638829327e-05,0.00572402523968268,0.0257858874564389,0.0325802982209326,0.0383470593649001,0.0437552583524033,0.0514679574382471
"1053",52.6,4.30097486451505e-05,0.00570337057085651,0.0256899324110637,0.0324525615545491,0.0381854966357963,0.043551995755129,0.0512172001884316
"1054",52.65,4.23613521168178e-05,0.00568273633942907,0.0255939835546233,0.0323248704740211,0.0380241467432866,0.0433494389872931,0.0509677422066319
"1055",52.7,4.17224388596258e-05,0.00566212334456191,0.025498048416749,0.0321972364857539,0.0378630237886115,0.0431475967803814,0.0507195767715384
"1056",52.75,4.10928752531165e-05,0.00564153237502316,0.0254021343919963,0.0320696708359108,0.0377021414442387,0.0429464773662876,0.0504726971581661
"1057",52.8,4.04725294718151e-05,0.00562096420917259,0.0253062487407701,0.0319421845137508,0.0375415129628355,0.0427460884954172,0.0502270966410702
"1058",52.85,3.9861271462624e-05,0.00560041961494776,0.0252103985903784,0.031814788255106,0.0373811511862736,0.0425464374543392,0.0499827684977897
"1059",52.9,3.92589729224751e-05,0.00557989934985416,0.0251145909360738,0.0316874925458222,0.0372210685544619,0.0423475310827864,0.0497397060120749
"1060",52.95,3.86655072762391e-05,0.00555940416096636,0.0250188326420754,0.031560307625151,0.037061277113998,0.0421493757900165,0.0494979024766882
"1061",53,3.80807496548879e-05,0.00553893478493265,0.0249231304427622,0.0314332434893323,0.0369017885269106,0.041951977529535,0.0492573511960064
"1062",53.05,3.75045768739091e-05,0.00551849194796759,0.0248274909436936,0.0313063098949356,0.036742614079002,0.0417553419340645,0.0490180454877996
"1063",53.1,3.69368674119698e-05,0.00549807636586495,0.0247319206228464,0.0311795163624462,0.036583764688345,0.0415594742142933,0.0487799786849646
"1064",53.15,3.63775013898249e-05,0.00547768874401651,0.0246364258317333,0.0310528721796771,0.0364252509134602,0.0413643792137977,0.0485431441367806
"1065",53.2,3.58263605494718e-05,0.00545732977742093,0.0245410127966182,0.0309263864052743,0.0362670829614764,0.0411700614209089,0.0483075352102113
"1066",53.25,3.52833282335449e-05,0.00543700015069238,0.0244456876197573,0.030800067872227,0.0361092706961791,0.0409765249822495,0.0480731452912417
"1067",53.3,3.47482893649505e-05,0.00541670053808889,0.0243504562805583,0.0306739252434533,0.0359518163596917,0.0407837737156599,0.0478399677860769
"1068",53.35,3.42211304267378e-05,0.00539643160354865,0.0242553246369506,0.0305479667840514,0.0357947433543638,0.0405918111229823,0.0476079961227075
"1069",53.4,3.37017394422046e-05,0.00537619400068896,0.0241602984265262,0.030422200741746,0.0356380616719431,0.0404006404020359,0.0473772237519662
"1070",53.45,3.31900059552352e-05,0.00535598837285984,0.0240653832678676,0.0302966350816323,0.0354817641967316,0.0402102644584474,0.0471476441487636
"1071",53.5,3.26858210108678e-05,0.00533581535316743,0.0239705846618879,0.0301712775605542,0.0353258668479565,0.0400206859170741,0.0469192508131431
"1072",53.55,3.21890771360895e-05,0.00531567556449821,0.023875907993068,0.0300461357304444,0.0351703775903243,0.0398319071328616,0.0466920372709441
"1073",53.6,3.16996683208566e-05,0.00529556961957769,0.0237813585308068,0.0299212169417701,0.035015304097743,0.0396439302014808,0.0464659970745157
"1074",53.65,3.12174899993372e-05,0.00527549812099596,0.023686941430733,0.0297965283469029,0.0348606537603105,0.0394567569695254,0.0462411238032506
"1075",53.7,3.07424390313753e-05,0.00525546166124969,0.0235926617360344,0.0296720769034778,0.0347064336911901,0.0392703890443692,0.0460174110641063
"1076",53.75,3.02744136841722e-05,0.00523546082279195,0.0234985243788563,0.0295478693778064,0.0345526507334488,0.0390848278037759,0.0457948524922366
"1077",53.8,2.98133136141849e-05,0.0052154961780767,0.0234045341815381,0.029423912348058,0.0343993114665317,0.0389000744049149,0.0455734417513231
"1078",53.85,2.9359039849238e-05,0.00519556828961025,0.0233106958580278,0.0293002122076305,0.0342464222128604,0.0387161297933261,0.045353172534222
"1079",53.9,2.8911494770847e-05,0.00517567771000008,0.0232170140152651,0.02917677516845,0.034093989044255,0.0385329947115168,0.0451340385634977
"1080",53.95,2.8470582096752e-05,0.00515582498200547,0.0231234931545076,0.0290536072641679,0.0339420177881496,0.0383506689234466,0.0449160335917982
"1081",54,2.80362068636575e-05,0.00513601063859332,0.023030137672672,0.0289307143533468,0.0337905140337056,0.0381691541962362,0.0446991514021774
"1082",54.05,2.76082754101785e-05,0.00511623520300429,0.0229369518637133,0.0288081021226605,0.0336394831378549,0.0379884501143711,0.0444833858084116
"1083",54.1,2.71866953599891e-05,0.00509649918879058,0.0228439399199959,0.0286857760900544,0.0334889302312137,0.037808556698615,0.0442687306552442
"1084",54.15,2.67713756051725e-05,0.00507680309990521,0.0227511059336578,0.0285637416078644,0.0333388602238664,0.0376294738045149,0.0440551798185925
"1085",54.2,2.63622262897689e-05,0.00505714743072831,0.0226584538979814,0.0284420038659151,0.0331892778110455,0.0374512023565077,0.0438427272057606
"1086",54.25,2.59591587935212e-05,0.00503753266617382,0.022565987708685,0.0283205678944884,0.0330401874785851,0.0372737393753769,0.0436313667555235
"1087",54.3,2.55620857158149e-05,0.00501795928170633,0.0224737111653669,0.0281994385674504,0.0328915935084813,0.0370970854843663,0.0434210924385182
"1088",54.35,2.51709208598111e-05,0.00499842774345392,0.0223816279728018,0.0280786206051661,0.0327434999841322,0.0369212399365158,0.0432118982573567
"1089",54.4,2.47855792167688e-05,0.00497893850823288,0.0222897417423199,0.0279581185774862,0.0325959107955919,0.0367462018522936,0.0430037782468651
"1090",54.45,2.4405976950558e-05,0.00495949202364949,0.0221980559931631,0.0278379369066766,0.0324488296446859,0.0365719702253465,0.042796726474176
"1091",54.5,2.40320313823571e-05,0.00494008872815165,0.0221065741537648,0.0277180798702231,0.0323022600499188,0.0363985439279335,0.042590737038523
"1092",54.55,2.36636609755365e-05,0.00492072905111735,0.0220152995631568,0.0275985516037665,0.0321562053514611,0.0362259217163653,0.0423858040710617
"1093",54.6,2.33007853207245e-05,0.00490141341290594,0.021924235472205,0.0273071020447327,0.0320106687157973,0.0360541022359916,0.042181921734161
"1094",54.65,2.2943325121053e-05,0.00488214222494565,0.0218333850450861,0.0273604972306096,0.0318656531406192,0.0358830840263876,0.0419790842153446
"1095",54.7,2.25912021775836e-05,0.00486291588979867,0.021742751360421,0.0272419787108321,0.0317211614591431,0.0357128655258368,0.0417772857318369
"1096",54.75,2.22443393749089e-05,0.00484373480125169,0.0216523374126936,0.0271238041402455,0.0315771963447373,0.035543445076093,0.0415765205498599
"1097",54.8,2.19026606669298e-05,0.0048245993443713,0.021562146113582,0.027005976986493,0.0314337603153389,0.0353748209268523,0.0413767829588122
"1098",54.85,2.15660910628058e-05,0.00480550989560087,0.0214721802930673,0.0268885005914786,0.0312908557374702,0.0352069912397275,0.0411780672797112
"1099",54.9,2.12345566130757e-05,0.00478646682282054,0.0213824427009836,0.0267713781742855,0.0311484848307931,0.0350399540927661,0.0409803678656128
"1100",54.95,2.09079843959486e-05,0.00476747048544904,0.021292936008021,0.0266546128333928,0.0310066496718098,0.0348737074839774,0.0407836791010569
"1101",55,2.05863025037616e-05,0.00474852123448915,0.0212036628071681,0.0265382075494104,0.0308653521981032,0.0347082493354162,0.0405879952892655
"1102",55.05,2.0269440029604e-05,0.00472961941264968,0.0211146256149511,0.026422165187536,0.0307245942122132,0.0345435774968191,0.0403933110429963
"1103",55.1,1.99573270541048e-05,0.00471076535437391,0.0210258268725553,0.0263064884998435,0.0305843773852693,0.0343796897489373,0.0401996208232285
"1104",55.15,1.9649894632382e-05,0.00469195938597458,0.0209372689471926,0.0261911788972198,0.030444544999205,0.0342165838071403,0.040006919176388
"1105",55.2,1.93470747811532e-05,0.00467320182567299,0.0208489541333021,0.0260762412944853,0.0303054129159835,0.0340542573246435,0.0398152006933852
"1106",55.25,1.90488004660036e-05,0.00465449298370922,0.0207608846536494,0.0259616769831953,0.0301668262262734,0.0338927078954768,0.0396244596687102
"1107",55.3,1.87550055888121e-05,0.00463583316240208,0.0206730626607311,0.0258474882892532,0.0300287861121238,0.0337319330578234,0.0394346908666705
"1108",55.35,1.84656249753309e-05,0.00461722265624388,0.0205854902376967,0.0257336774368189,0.0298912936418087,0.0335719302965121,0.039245888922103
"1109",55.4,1.818059436292e-05,0.00459866175198701,0.0204981693998501,0.0256202465508793,0.0297543497735808,0.0334126970463193,0.0390580485009481
"1110",55.45,1.78998503884323e-05,0.00458015072870779,0.0204111020955183,0.0255071976590199,0.0296179553584704,0.0332542306941954,0.0388711642995863
"1111",55.5,1.76233305762492e-05,0.00456168985791865,0.0203242902073627,0.0253945326937222,0.0294821111436474,0.0330965246923198,0.0386852310449916
"1112",55.55,1.73509733264645e-05,0.00454327940361744,0.0202377355535837,0.0252822534945121,0.0293468177755729,0.0329395837010264,0.0385002434947103
"1113",55.6,1.70827179032147e-05,0.00452491962239781,0.0201514398888887,0.0251703618098012,0.0292120758027609,0.0327834062359247,0.0383161964364259
"1114",55.65,1.68185044231543e-05,0.00450661076352158,0.0200654049056825,0.0250588604362175,0.0290778468681046,0.0326279804825573,0.0381330846879461
"1115",55.7,1.65582738440755e-05,0.00448835306900555,0.0199796322352572,0.0249477485338206,0.0289442086644991,0.0324733079353944,0.0379509030972048
"1116",55.75,1.6301967953668e-05,0.00447014677369487,0.0198941234487926,0.0248370288413755,0.0288111623345837,0.0323193857468178,0.0377696465419401
"1117",55.8,1.60495293584204e-05,0.0044519921053646,0.019808880058464,0.0247267027643539,0.0286786295723611,0.0321662110377594,0.0375893099295878
"1118",55.85,1.58009014726597e-05,0.00443388928479322,0.0197239035185063,0.0246167716274228,0.0285466495804217,0.0320137808996572,0.0374098790697792
"1119",55.9,1.55560285077282e-05,0.00441583852584189,0.0196391952263575,0.0245072366764159,0.0284152223793058,0.0318620923964755,0.0372313763110332
"1120",55.95,1.53148554612951e-05,0.00439784003553962,0.0195547565235988,0.0243980990800356,0.0282843479106728,0.0317111425663553,0.0370537692670396
"1121",56,1.50773281068032e-05,0.00437989401417415,0.0194705886970609,0.0242893599317434,0.0281540260398539,0.0315609284234702,0.036877062090015
"1122",56.05,1.48433929830475e-05,0.0043620006553735,0.0193866929797509,0.0241810202514119,0.0280242565581089,0.0314114469595554,0.0367012498336951
"1123",56.1,1.46129973838846e-05,0.00434416014616942,0.0193030705520472,0.0240730809872889,0.0278950391852153,0.0312626951458057,0.0365263275808524
"1124",56.15,1.43860893480719e-05,0.0043263726671257,0.0192197225425112,0.0239655430174751,0.0277663735714795,0.0311146699341336,0.0363522904428049
"1125",56.2,1.4162617649235e-05,0.00430863839236411,0.0191366500289652,0.023858407151712,0.0276382593000794,0.0309673682587999,0.0361791335594268
"1126",56.25,1.39425317859611e-05,0.0042909574896849,0.0190538540395104,0.0237516741330815,0.0275106958892858,0.0308207870379116,0.0360068520990702
"1127",56.3,1.37257819720176e-05,0.00427333012063728,0.0189713355533776,0.0236453446394847,0.0273836827944108,0.0306749231746221,0.0358354412582104
"1128",56.35,1.35123191266954e-05,0.00425575644059959,0.0188890955018766,0.0235394192852265,0.027257219409856,0.0305297735584499,0.0356648962612883
"1129",56.4,1.33020948652725e-05,0.00423823659886189,0.0188071347695208,0.0234338986228024,0.0271313050713752,0.0303853350668368,0.0354952123609002
"1130",56.45,1.30950614896003e-05,0.00422077073871861,0.0187254541947315,0.0233287831441546,0.0270059390577088,0.0302416045660223,0.0353263848372469
"1131",56.5,1.28911719788084e-05,0.00420335899752143,0.0186440545707758,0.0232240732822007,0.0268811205925158,0.0300985789122496,0.0351584089980304
"1132",56.55,1.26903799801275e-05,0.00418600150679068,0.0185629366468472,0.0231197694125266,0.0267568488464739,0.0299562549531693,0.0349912801786331
"1133",56.6,1.24926397998295e-05,0.00416869839227765,0.0184821011287404,0.0230158718545667,0.0266331229387787,0.029814629528584,0.034824993741581
"1134",56.65,1.22979063942824e-05,0.00415144977404328,0.0184015486798019,0.022912380873111,0.0265099419390009,0.0296736994715989,0.0346595450765331
"1135",56.7,1.21061353611195e-05,0.00413425576654489,0.0183212799218742,0.0228092966797927,0.0263873048689066,0.0295334616097393,0.0344949296002772
"1136",56.75,1.19172829305213e-05,0.00411711647871383,0.0182412954359602,0.0227066194342206,0.0262652107038581,0.0293939127656119,0.034331142756244
"1137",56.8,1.17313059566086e-05,0.00410003201403149,0.0181615957632105,0.0226043492454969,0.0261436583746405,0.0292550497580489,0.0341681800146271
"1138",56.85,1.1548161908946e-05,0.00408300247060338,0.0180821814057051,0.0225024861734713,0.0260226467689776,0.0291168694029142,0.0340060368721535
"1139",56.9,1.13678088641538e-05,0.00406602794124894,0.0180030528272521,0.0224010302300055,0.0259021747330446,0.0289793685139179,0.0338447088519075
"1140",56.95,1.1190205497628e-05,0.00404910851355216,0.0179242104541627,0.0222999813801992,0.0257822410729279,0.0288425439033782,0.0336841915031334
"1141",57,1.10153110753655e-05,0.00403224426998236,0.0178456546760415,0.022199339543624,0.025662844556082,0.0287063844719978,0.0335244804010883
"1142",57.05,1.08430854458957e-05,0.00401543528792848,0.0177673858465919,0.0220991045955666,0.025543983912789,0.0285709025839833,0.0333655711469477
"1143",57.1,1.0673489032315e-05,0.00399868163977427,0.0176894042843959,0.0219992763682315,0.0254256578375608,0.0284360958610095,0.0332074593676783
"1144",57.15,1.05064828244238e-05,0.00398198339302738,0.0176117102735369,0.0218998546517407,0.025307864990301,0.0283019444862685,0.0330501407156562
"1145",57.2,1.03420283709652e-05,0.00396534061030826,0.0175343040644813,0.0218008391954442,0.0251906039978145,0.0281684534567346,0.0328936108687689
"1146",57.25,1.01800877719641e-05,0.00394875334949751,0.0174571858747195,0.0217022297089244,0.0250738734549571,0.0280356195914519,0.032737865530102
"1147",57.3,1.00206236711643e-05,0.00393222166378058,0.0173803558895386,0.0216040258631553,0.0249576719259573,0.0279034397128508,0.0325829004278867
"1148",57.35,9.86359924856452e-06,0.00391574560170405,0.017303814262673,0.0215062272915026,0.0248419979455457,0.0277718424433614,0.0324287113152388
"1149",57.4,9.70897821305018e-06,0.00389932520728553,0.0172275611168642,0.0214088335906043,0.0247268500199437,0.0276409593048465,0.0322752939697573
"1150",57.45,9.5567247951213e-06,0.00388296052005524,0.0171515965449144,0.0213118443218508,0.0246122266285279,0.0275107206006083,0.0321226441940319
"1151",57.5,9.40680373971423e-06,0.00386665157512927,0.0170759206099395,0.0212152590118728,0.0244981262243551,0.0273811231703432,0.0319707578147161
"1152",57.55,9.25918029911694e-06,0.00385039840328474,0.0170005333462892,0.0211190771538417,0.0243845472356094,0.0272521638597349,0.0318196306828295
"1153",57.6,9.11382022597631e-06,0.00383420103103656,0.0169254347600599,0.0210232982082626,0.024271488066462,0.027123839520693,0.0316692586733309
"1154",57.65,8.97068976639636e-06,0.00381805948070425,0.0168506248297363,0.020927921603917,0.0241589470980965,0.0269961470117902,0.0315196376849456
"1155",57.7,8.82975565312645e-06,0.00380197377046796,0.0167761035069238,0.0208329467389119,0.0240469226898496,0.0268690831988359,0.0313707636401651
"1156",57.75,8.69098509883836e-06,0.00378594391444579,0.0167018707169345,0.0207383729815402,0.0239354131801298,0.0267426449552195,0.0312226334744867
"1157",57.8,8.55434578949105e-06,0.00376996992277147,0.0166279263591644,0.0206441996708785,0.0238244168870306,0.0266168291619248,0.0310752413671268
"1158",57.85,8.41980587778216e-06,0.00375405180161369,0.0165542703080413,0.02055042611808,0.0237139321097318,0.0264916327084321,0.0309285841424734
"1159",57.9,8.28733397668516e-06,0.00373818955331946,0.0164809024133286,0.0204570477629736,0.0236039571289838,0.0263670524926135,0.0307826578205143
"1160",57.95,8.15689915307123e-06,0.00372238317640692,0.0164078225009056,0.0203640713306488,0.0234944902082469,0.0262430854213682,0.0306374584447866
"1161",58,8.02847092141452e-06,0.00370663266568248,0.0163350303730786,0.0202714924722178,0.0233855295941628,0.0261197284105261,0.0304929820817852
"1162",58.05,7.90201923758019e-06,0.00369093801224951,0.016262525809432,0.0201793103968424,0.0232770735177695,0.0259969783855917,0.0303492248213577
"1163",58.1,7.77751449269412e-06,0.00367529920364476,0.0161903085671495,0.0200875242888564,0.0231691201949647,0.0258748322816603,0.0302061827761265
"1164",58.15,7.65492750709285e-06,0.00365971622382702,0.0161183783816717,0.019996133308641,0.023061601046719,0.025753287043859,0.0300638520815099
"1165",58.2,7.53422952435361e-06,0.00364418905328181,0.0160467349671747,0.019905136593285,0.022954647036594,0.0256323396275103,0.0299222288954128
"1166",58.25,7.41539220540259e-06,0.00362871766908603,0.0159753780170186,0.0198145332572122,0.0228482586977247,0.0255119869982466,0.029781309397872
"1167",58.3,7.29838762270116e-06,0.00361330204492886,0.01590430720455,0.0197243223932475,0.0227422982740813,0.0253922261326821,0.0296410897914017
"1168",58.35,7.18318825450877e-06,0.00359794215121507,0.0158335221831097,0.0196345072118222,0.0226368314838315,0.0252730540178439,0.0295015662999847
"1169",58.4,7.06976697922157e-06,0.00358263795512549,0.0157630225869923,0.0195450782816111,0.0225318564678896,0.0251544676520933,0.0293627351699328
"1170",58.45,6.95809706978596e-06,0.00356738942061721,0.0156928080317165,0.0194560389347271,0.0224273713569397,0.0250364640449714,0.0292245926696244
"1171",58.5,6.84815218818615e-06,0.00355219650856057,0.0156228781145898,0.019367388186476,0.0223233742721755,0.0249190402175109,0.0290871350898701
"1172",58.55,6.73990638000464e-06,0.00353705917672363,0.0155532324148886,0.0192791250339312,0.0222198633254907,0.0248021807472531,0.0289503587435637
"1173",58.6,6.63333406905501e-06,0.00352197737988102,0.0154838704948069,0.0191912484571462,0.0221168366207481,0.0246859077963117,0.0288142599665884
"1174",58.65,6.52841005208577e-06,0.00350695106987549,0.0154147918995548,0.019103757419316,0.0220142922538461,0.0245702177956571,0.0286788351169073
"1175",58.7,6.4251094935548e-06,0.00349198019561364,0.015345996157933,0.0190166508675218,0.0219122283134505,0.0244550835291233,0.028544080574199
"1176",58.75,6.32340792047311e-06,0.00347706470317591,0.0152774827825585,0.018929927733042,0.0218106428812332,0.0243405143230149,0.0284099927386003
"1177",58.8,6.22328121731735e-06,0.00346220453584747,0.0152092512707742,0.0188435869325004,0.0217095340330662,0.0242265072700311,0.0282765680306238
"1178",58.85,6.12470562101017e-06,0.00344739963416539,0.0151413011045291,0.0187576273677463,0.0216088998387665,0.024113059474861,0.0281438028894217
"1179",58.9,6.02765771596742e-06,0.00343264993602764,0.0150736317511212,0.0186720479267914,0.0215087383630489,0.0240001680548017,0.0280116937731243
"1180",58.95,5.93211442921155e-06,0.00341795537662838,0.0150062426634541,0.0185868474841466,0.0214090476657932,0.0238878301396213,0.0278802371589928
"1181",59,5.83805302555027e-06,0.00340331588866065,0.0149391332806137,0.0185020249015483,0.0213098258027567,0.0237760428719264,0.027749429544826
"1182",59.05,5.74545110281976e-06,0.00338873140222388,0.0148723030279984,0.0184175790281344,0.0212110708256554,0.0236648034068351,0.0276192674499731
"1183",59.1,5.65428658719159e-06,0.00337420184498711,0.0148057511152514,0.0183335087011707,0.0211127807828769,0.0235541089123607,0.0274897474171194
"1184",59.15,5.56453772854234e-06,0.00335972714214048,0.0147394773135732,0.0182498127464582,0.0210149537198254,0.0234439565693971,0.0273608660130508
"1185",59.2,5.47618309588562e-06,0.00334530721656362,0.0146734808429784,0.0181664899788164,0.0209175876793544,0.0233343435718081,0.0272326198285658
"1186",59.25,5.38920157286516e-06,0.00333094198872784,0.0146077610786905,0.0180835392023889,0.0208206807019948,0.0232252671262997,0.0271050054770586
"1187",59.3,5.30357235330864e-06,0.00331663137688179,0.0145423173842631,0.0180009592112746,0.0207242308265546,0.0231167244527172,0.0269780193102768
"1188",59.35,5.21927493684125e-06,0.0033023752970145,0.0144771491119487,0.0179187487899877,0.0206282360905223,0.0230087127841282,0.026851658450663
"1189",59.4,5.13628912455821e-06,0.0032881736629114,0.014412255602701,0.0178369067134629,0.0205326945299487,0.0229012293663401,0.0267259193534167
"1190",59.45,5.05459501475583e-06,0.0032740263862433,0.0143476361870143,0.0177554317480888,0.0204376041805041,0.0227942714587316,0.0266007986972233
"1191",59.5,4.97417299871987e-06,0.00325993337657036,0.0142832901848294,0.0176743226515921,0.0203429630772209,0.0226878363336293,0.0264762931756136
"1192",59.55,4.89500375657095e-06,0.00324589454139249,0.0142192169061399,0.0175935781737796,0.0202487692552159,0.0225819247801238,0.0263523994557824
"1193",59.6,4.81706825316603e-06,0.00323190978621459,0.0141554156509982,0.0175131970565422,0.0201550207495679,0.0224765271584878,0.0262291143284476
"1194",59.65,4.74034773405523e-06,0.00321797901457405,0.0140918857100919,0.0174331780345564,0.0200617155959935,0.0223716442147746,0.0261064345446036
"1195",59.7,4.6648237214935e-06,0.00320410212808106,0.0140286263649322,0.0173535198355085,0.0199688518309772,0.0222672732740278,0.0259843569508963
"1196",59.75,4.59047801050622e-06,0.00319027902649043,0.0139656368883243,0.0172742211806638,0.0198764274922941,0.022163411674805,0.0258628781794157
"1197",59.8,4.51729266500813e-06,0.00317650960765993,0.0139029165441925,0.0171952807846413,0.0197798572677243,0.022060056768464,0.0257419951298491
"1198",59.85,4.44525001397508e-06,0.00316279376772092,0.0138404645883067,0.0171166973562928,0.0196882459533335,0.0219572059198572,0.025621704643386
"1199",59.9,4.37433264766748e-06,0.00314913140100666,0.0137782802685237,0.0170384695989875,0.0195970675868475,0.0218548565072794,0.0255020035788863
"1200",59.95,4.30452341390543e-06,0.00313552240013807,0.013716362824834,0.0169605962106539,0.0195063202255048,0.021753005922111,0.0253828888103419
"1201",60,4.23580541439421e-06,0.00312196665610557,0.013654711866974,0.0168830758842672,0.0194208286133216,0.0216516515690361,0.0252643572260708
