Car1,Car2,type1,type2,PET,DV1_PET,DV2_PET,MD,DV1,DV2,TTC,DV1_TTC,DV2_TTC
1683,1696,BR,vru,3.06700000000001,0.315940267637915,5.92388001821091,5.08715770831999,0.286247748664046,5.36714528745086,5.68984087213199,0.291960360474201,5.47425675889126
2521,2525,BR,vru,2.46600000000002,0.345083373914107,6.47031326088952,5.76345610740007,0.32072795235813,6.01364910671494,5.67061138461701,0.266889279020561,5.00417398163553
3528,3530,BR,vru,4.868,0.220302076067527,4.13066392626613,5.35430135003976,0.232598538326517,4.36122259362219,4.14269076224295,0.319591951199286,5.99234908498661
3853,3930,RT,vru,2.6,0.110897393861112,2.07932613489584,3.93377508896687,0.19398810032714,3.63727688113387,2.06543580101576,0.117943475960108,2.21144017425202
5177,5190,vru,LR,4.53299999999999,3.03641957009664,0.161942377071821,6.47705475871226,3.26481387526025,0.174123406680547,6.55638431687857,1.80627621460482,0.0963347314455904
5185,5190,vru,LR,2.93299999999999,4.82549937057562,0.2573599664307,5.12260678719527,4.3448771078742,0.231726779086624,3.37359208330039,4.20234160840736,0.224124885781726
5195,5200,vru,LR,3.06700000000001,4.57215744408938,0.2438483970181,5.49291535067276,3.25639263350812,0.1736742737871,6.65352946701197,2.96233866324884,0.157991395373271
5279,5285,BR,vru,2.734,0.251482260855684,4.71529239104407,4.60312647506094,0.217996759711777,4.08743924459582,5.16539245429074,0.22149114816058,4.15295902801088
5652,5680,vru,BR,6.06700000000001,4.0440365697127,0.215681950384677,5.92112532527119,3.67155291566007,0.195816155501871,4.89051874341875,3.68289009810622,0.196420805232332
5680,5685,BR,vru,4.06700000000001,0.135797429631748,2.54620180559528,5.60126008074707,0.198825681376004,3.72798152580008,5.78473932900239,0.13147199128025,2.46509983650469
5849,5858,vru,BR,3.86800000000003,2.17564127706048,0.116034201443226,2.96640933589669,3.7215459821943,0.198482452383696,5.5695457187152,3.26479501481204,0.174122400789975
6020,6029,BR,vru,2.6,0.206161935660072,3.86553629362635,6.18786598087208,0.201001466955707,3.7687775054195,5.31265637715855,0.272737288868992,5.11382416629359
6148,6151,vru,BR,3.20099999999999,3.0013703820934,0.160073087044981,5.51282519919148,3.58790005719749,0.191354669717199,9.28088092712677,4.50940961327436,0.240501846041299
6281,6292,BR,vru,5.2,0.094123062894098,1.76480742926434,3.29568111131549,0.531294098830703,9.96176435307568,6.38252713933263,0.13736418761832,2.5755785178435
6281,6299,BR,vru,3,0.188078990178762,3.52648106585178,3.79606984734406,0.173203616628714,3.24756781178839,6.78076226756794,0.131988310558796,2.47478082297743
6840,6912,vru,RL,1.13400000000001,10.0480905723114,0.535898163856607,5.32690022368826,6.98135085015905,0.372338712008483,4.13396421826592,2.59193529104087,0.138236548855513
7116,7181,TR,vru,0.665999999999985,0.326276689848934,6.11768793466751,2.12538262229851,0.369032806286871,6.91936511787882,0.972135090382843,0.265129393836653,4.97117613443725
8125,8131,vru,BR,2.467,5.7973160428827,0.309190188953744,6.14239279804042,4.95901013188652,0.264480540367281,2.42098397801146,10.7571259147569,0.573713382120368
8470,8497,RT,vru,1.8,0.156720551774157,2.93851034576545,2.98799861065857,0.300944576391214,5.64271080733526,3.03273024251033,0.291271216164407,5.46133530308263
10268,10305,vru,BR,8.46700000000001,3.28007673259639,0.174937425738474,4.76793637793981,1.48443665082243,0.0791699547105296,4.07220122188651,4.98907190993161,0.266083835196352
10366,10447,BR,vru,2.267,0.141830897519565,2.65932932849185,3.37463214726736,0.181076798867958,3.39518997877421,8.68552477056071,0.223148285876185,4.18403036017847
11131,11188,vru,BR,1.733,3.09416371456499,0.165022064776799,2.99273069272155,4.12267825454525,0.219876173575747,3.3697809830956,2.7159287737041,0.144849534597552
11198,11207,vru,BR,3.00000000000001,2.02915540184837,0.108221621431913,2.58214173764267,3.53234691132518,0.188391835270676,3.0158159878464,4.65079254297189,0.248042268958501
12978,13017,BR,vru,2.53299999999999,0.219039496213333,4.106990554,6.68364220840543,0.198992533603035,3.73111000505691,6.78198443788612,0.220271186015146,4.13008473778399
14790,14815,BR,vru,3.6,0.244722665458314,4.5885499773434,5.46805938538803,0.213457259684946,4.00232361909274,7.86189220913865,0.169854434322488,3.18477064354665
15170,15195,vru,BR,3.6,2.03190992917104,0.108368529555789,2.94047093134398,2.69466284545194,0.143715351757437,6.05448546353906,3.26323710068613,0.174039312036594
15800,15803,vru,BR,3.46700000000001,2.31939797304413,0.12370122522902,6.8632755098898,2.25732966921063,0.120390915691234,5.10917512704395,2.69499684362404,0.143733164993282
16007,16023,vru,BR,8.733,4.96840970025757,0.264981850680404,7.51697071695753,5.20025315354347,0.277346834855652,4.86840742536434,4.10556230090877,0.218963322715134
16106,16114,RT,vru,2.93300000000001,0.180498279581532,3.38434274215372,4.17687626539196,0.211793599746175,3.97112999524078,2.8076356383581,0.207955015901337,3.89915654815006
18697,18757,vru,BT,0.667000000000007,15.3707083787173,0.819771113531591,5.33485232830126,16.1169383382173,0.85957004470492,1.90642817091511,10.4727837689533,0.558548467677512
21543,21554,vru,BR,4.26700000000001,3.55093240889608,0.189383061807791,5.91593342932489,2.65352583993275,0.141521378129747,4.1010345221684,6.72691338433572,0.358768713831238
21554,21557,BR,vru,2.86699999999999,0.235674380870968,4.41889464133065,4.97910327325776,0.207844575960466,3.89708579925873,3.47433135100115,0.42268039165552,7.925257343541
22629,22661,BR,vru,1.53299999999999,0.229779730690611,4.30836995044895,2.99224809389008,0.216943030104655,4.06768181446228,8.80170362565578,0.127649940855713,2.39343639104462
24199,24233,BR,vru,9.467,0.176788758892684,3.31478922923782,7.39847051607528,0.16386810889385,3.07252704175968,4.97639930730719,0.187031209373228,3.50683517574802
24199,24307,BR,vru,7.067,0.160589577756853,3.01105458294098,4.81704667752494,0.112017476810686,2.10032769020036,7.18017124013591,0.164993254567663,3.09362352314368
24383,24421,TR,vru,0.6,0.297234712422938,5.57315085793009,2.11742621647245,0.288513799193784,5.40963373488344,3.11150763641256,0.271880854523426,5.09776602231424
24715,24726,vru,BR,9.4,3.16687517166903,0.168900009155682,7.59409607380851,1.60636884588774,0.085673005114013,4.38024817353507,6.21131271895804,0.331270011677762
24716,24726,vru,BR,7.4,1.83525515369797,0.0978802748638916,4.85157048004741,1.49487131508747,0.0797264701379982,3.99228339744534,4.46557116394194,0.238163795410237
24718,24726,vru,BR,8.33400000000001,2.7874547554076,0.148664253621738,5.09535026026098,1.23270336806625,0.0657441796302002,3.91395256873674,5.91004459230731,0.31520237825639
25181,25182,vru,BR,2.401,3.49643620345682,0.186476597517697,4.48427798862275,3.88270216933524,0.207077449031213,4.19984309125882,5.38046660195,0.286958218770667
29581,29592,BR,vru,6.40099999999999,0.22866335930121,4.28743798689769,5.5110366582424,0.120993608311885,2.26863015584785,4.28368826634203,0.202417095833517,3.79532054687844
30215,30224,BR,vru,2.33500000000001,0.257179719039011,4.82211973198145,5.22850508106614,0.311228035532479,5.83552566623398,3.53171205145285,0.369677002833909,6.93144380313579
30587,30615,vru,BR,3.66700000000001,1.39500113858461,0.0744000607245123,2.66111775988171,4.86641193681421,0.259541969963425,3.82665567508221,2.56803056531112,0.136961630149927
30980,31019,RT,vru,5.73299999999999,0.270583836866189,5.07344694124105,5.24681898812716,0.159198791393597,2.98497733862994,3.62690076584498,0.264220678155684,4.95413771541908
31561,31568,vru,BR,5.06700000000001,2.86868694018019,0.15299663680961,8.40445878717894,2.37786538885768,0.126819487405743,3.45715836293981,3.80108973653746,0.202724785948664
31976,31987,BR,vru,2.8,0.153837669972378,2.88445631198209,3.9381974673027,0.215426842951802,4.03925330534629,7.01805955152745,0.162958611462111,3.05547396491458
33109,33190,BR,vru,3.334,0.185895787635208,3.48554601816016,2.52735376746458,0.0201039466784375,0.376949000220704,3.37920688820567,0.0183821738866701,0.344665760375064
33406,33407,BR,vru,2.93399999999998,0.115663805211399,2.16869634771373,3.55625202453792,0.241608033574836,4.53015062952817,4.61031514562647,0.187667655364978,3.51876853809333
33697,33744,vru,BR,4.934,1.74464757143994,0.0930478704767969,3.18617840594666,2.93243660803787,0.156396619095353,3.59451679080036,4.63967369335146,0.247449263645411
33830,33932,RT,vru,2.80100000000002,0.0915263233554215,1.71611856291415,6.42928024383962,0.0546304040311054,1.02432007558323,3.24198544796425,0.076826461644002,1.44049615582504
35726,35817,vru,BR,6.667,2.79746553457726,0.149198161844121,3.93668292831487,1.58487414969607,0.0845266213171236,9.02397185056491,2.54956569936147,0.135976837299278
36148,36158,RB,vru,1.93399999999998,0.101801067967183,1.90877002438468,4.55483680370368,0.210347192824457,3.94400986545857,2.91719545321086,0.127065180270805,2.38247213007759
38253,38264,RT,vru,3.6,0.161920699225831,3.03601311048433,5.25897961087836,0.163942361196537,3.07391927243508,4.00352834545303,0.0379745895162664,0.712023553429994
38620,38623,vru,BR,2.734,3.4775765993639,0.185470751966075,6.99772978695213,2.59957484939249,0.138643991967599,6.11400729030758,5.16300416402786,0.275360222081486
40494,40538,RT,vru,3.8,0.205410279828197,3.85144274677869,4.21392489668703,0.196041286699361,3.67577412561303,4.4536068247915,0.161775637448523,3.0332932021598
41527,41538,vru,BR,1.66700000000001,2.83771743399672,0.151344929813158,1.99777722141588,3.31335938840486,0.176712500714926,3.30590277909879,4.55378202831522,0.242868374843478
41538,41539,BR,vru,1.46700000000001,0.129597720859749,2.4299572661203,1.70577178548288,0.336349194437067,6.30654739569501,4.14200803698369,0.271305183512822,5.08697219086541
42807,42811,BR,vru,3.26700000000001,0.231921889076803,4.34853542019006,5.13718882399132,0.550725709567415,10.326107054389,5.18501361830897,0.24876741943325,4.66438911437343
43945,43946,vru,BR,3.93399999999998,3.19518462922335,0.170409846891912,3.88378713736492,4.1313091180685,0.220336486296987,7.02760951475575,4.61634855568033,0.246205256302951
44869,44935,vru,RB,1.066,6.73533610274439,0.359217925479701,3.49741494383594,6.41355463193642,0.342056247036609,4.19851097175935,3.07359009414426,0.163924805021027
45288,45297,vru,BR,3.2,2.57675822198215,0.137427105172381,2.9954179015217,4.01558054563968,0.214164295767449,3.15886715741438,6.15404480938767,0.328215723167342
48557,48558,vru,BR,3.73400000000001,4.50507585120496,0.240270712064264,7.03007064368142,3.24359640897256,0.172991808478537,4.35843031447801,7.07688311932202,0.377433766363841
51377,51386,vru,BL,6.46600000000002,1.21805345609322,0.0649628509916382,0.0767628274793136,3.49789281291504,0.186554283355469,3.77361217593534,0.74661564985673,0.0398195013256923
51721,51726,LR,vru,3.26599999999999,0.199438141206099,3.73946514761436,5.80872129426346,0.199285331408355,3.73659996390665,2.31683680956521,0.213615825099716,4.00529672061967
52277,52285,vru,BR,1.66700000000001,6.98964584445303,0.372781111704162,3.44258396099034,8.26305370344105,0.440696197516856,7.07972106289439,5.04005206421717,0.268802776758249
59669,59707,vru,BR,9.6,6.83310316554674,0.36443216882916,3.6362045768914,7.39380543192658,0.394336289702751,2.13670797999395,5.75925252000762,0.307160134400406
60977,60980,vru,BR,4.93299999999999,1.64892167647392,0.0879424894119423,8.13357726591186,1.39351628319599,0.0743208684371193,3.87403407157252,1.39651968640566,0.0744810499416353
61116,61131,RT,vru,5.8,0.172213034600134,3.22899439875251,4.7170677621381,0.124913183285917,2.34212218661094,3.40412230206253,0.238923084978894,4.47980784335426
61537,61546,BR,vru,4.33399999999998,0.316785292874382,5.93972424139466,6.31115346289545,0.161485031025667,3.02784433173126,4.25905521400329,0.298201425387903,5.59127672602319
62970,62977,BR,vru,3.2,0.22072494695331,4.13859275537456,7.42258579112847,0.217491259802899,4.07796112130436,8.78590164108261,0.230418084936383,4.32033909255718
66068,66085,vru,BR,4.00100000000002,3.49376889813624,0.186334341233933,4.0370095299603,3.49423658660765,0.186359284619075,3.08569048128193,2.69166689946296,0.143555567971358
69044,69145,RB,vru,3.06600000000002,0.198613744628333,3.72400771178123,4.49559523459384,0.198623899102988,3.72419810818102,3.4656738397175,0.145672832864056,2.73136561620105
69192,69196,vru,BR,4.2,2.09779140462856,0.111882208246857,5.04399621613053,3.7088104205405,0.197803222428827,4.82074686855236,4.79343719939277,0.255649983967614
69602,69608,BR,vru,3.40099999999999,0.21030271884086,3.94317597826613,5.30052096989244,0.149971428333366,2.81196428125061,7.18692521318055,0.198362949304004,3.71930529945007
74263,74330,RT,vru,5.86700000000001,0.0741741923021137,1.39076610566463,5.10769317065995,0.0968950420956765,1.81678203929393,5.59521572385593,0.0820379047510572,1.53821071408232
77099,77185,RT,vru,1.66700000000001,0.11515939608833,2.1592386766562,4.05220470775549,0.112703747784797,2.11319527096495,4.71877413138889,0.203220828517496,3.81039053470305
78945,78964,vru,BR,3.46700000000001,3.38103430717349,0.18032182971592,5.12304549859747,3.78313025488896,0.201766946927411,2.88998256996659,4.79115182365564,0.255528097261634
82676,82678,vru,BR,5.53299999999999,3.47521092558664,0.185344582697954,6.12552596517642,3.38822216719303,0.180705182250295,4.6252910659145,5.73054162306947,0.305628886563705
83139,83154,BR,vru,7.66600000000002,0.270115194699764,5.06465990062058,5.71472013297178,0.199177699468236,3.73458186502942,4.63746413033031,0.273371238877354,5.12571072895039
83389,83400,BR,vru,8.06600000000001,0.215609214755617,4.04267277666782,6.71807568443585,0.201510761516277,3.7783267784302,4.87117721865296,0.0314713537056191,0.590087881980358
83640,83642,BR,vru,8.86800000000001,0.12213089102981,2.28995420680893,6.10887211285145,0.0923984000528014,1.73247000099003,4.3280373030024,0.266218705083191,4.99160072030983
83984,83990,vru,BR,3.46600000000002,3.51483521309794,0.18745787803189,4.78631729632533,4.4513289417363,0.237404210225936,4.25836152275161,5.65893585948998,0.301809912506132
88319,88332,BR,vru,3.26700000000001,0.146761217875686,2.75177283516911,3.2343258291451,0.191926917711701,3.5986297070944,7.17877663765489,0.231626962188361,4.34300554103176
89211,89249,vru,BR,2.534,3.92275244596085,0.209213463784579,5.55039220538031,3.12556061654411,0.166696566215686,3.1034475124237,6.68855523059932,0.356722945631964
89405,89494,vru,BR,3.86599999999999,2.26705808555348,0.120909764562852,1.71899908937513,5.45327139670381,0.290841141157536,5.78765951579336,2.88530829922144,0.15388310929181
90503,90511,BR,vru,5.86700000000001,0.146521525790444,2.74727860857083,6.6741336353862,0.115782147803644,2.17091527131832,7.40727585734478,0.194801635477073,3.65253066519511
91205,91208,TR,vru,3.66700000000001,0.17021892249048,3.19160479669649,7.60925208844265,0.169966841693404,3.18687828175133,6.90262785074597,0.0824035125340469,1.54506586001338
91361,91372,vru,BR,5.867,1.96226691391608,0.104654235408858,6.22178244320033,1.81668736897304,0.0968899930118955,3.47260831289248,5.83372964410765,0.311132247685741
91369,91372,vru,BR,4.333,3.06759015332578,0.163604808177375,5.39141615054566,2.82072833871176,0.150438844731294,3.62030914684185,5.75592867567057,0.30698286270243
91621,91629,vru,BR,7.4,2.53719878339697,0.135317268447838,7.31025335937867,1.76642002532965,0.0942090680175814,4.7336574165651,4.82766197722869,0.257475305452197
92334,92440,vru,BR,3.73400000000001,2.55300571737513,0.136160304926674,3.39701896807342,4.74026970265074,0.252814384141373,7.74689939839398,0.478946983795491,0.0255438391357595
92438,92440,vru,BR,7.06599999999999,2.51266886990287,0.13400900639482,7.466029252251,1.2943261941662,0.0690307303555306,3.86055188283898,6.57076925088848,0.350441026714052
93140,93150,vru,BR,2.733,3.70995465827496,0.197864248441331,5.23959176682841,3.49070687003993,0.186171033068796,3.61351096032048,5.9058925963905,0.31498093847416
93150,93165,BR,vru,6.067,0.218839592342154,4.10324235641539,5.61422831660617,0.178556383386943,3.34793218850518,3.27041122106233,0.216164254678048,4.0530797752134
93620,93639,BR,vru,5.4,0.156244386934408,2.92958225502015,4.97824703193962,0.075690151506817,1.41919034075282,9.69999343388731,0.162732848639859,3.05124091199735
94833,94850,RT,vru,3.19933333333332,0.0393292230311045,0.737422931833209,2.11298040229061,0.150979160555889,2.83085926042291,0.604996313075211,1.75615013216728,32.9278149781365
94902,94906,BR,vru,4.2,0.223484850010599,4.19034093769872,6.94114779261029,0.177771820602587,3.3332216362985,4.50220299236862,0.245267969543476,4.59877442894018
95156,95167,BR,vru,4.534,0.166361667855263,3.11928127228618,4.57234964037322,0.129353105148885,2.4253707215416,2.31485469408996,0.211007019803698,3.95638162131934
96290,96311,RT,vru,2.13333333333333,0.140221756521319,2.62915793477474,4.08866649000739,0.141423243083109,2.65168580780829,6.25750187377986,0.0887779966045817,1.66458743633591
97353,97354,vru,BR,3.6,3.70123287148522,0.197399086479212,5.6376046223958,3.08162557558253,0.164353364031068,3.48700235877643,5.92302889752831,0.315894874534843
98375,98379,vru,TB,2.26600000000002,1.26263888940722,0.067340740768385,1.63911573096449,2.9545435575195,0.15757565640104,3.3176428913772,2.13029139225676,0.113615540920361
99340,99343,vru,BR,3.134,1.98106720758109,0.105656917737658,8.29035042453595,1.98106720758109,0.105656917737658,3.61546089898096,2.67370879356283,0.142597802323351
100033,100045,BR,vru,2.86700000000001,0.151437404692576,2.83945133798581,8.55219572297249,0.155363367090804,2.91306313295257,3.39355602757637,0.144538853560834,2.71010350426564
101951,101959,vru,BR,3.867,2.9109680679446,0.155251630290379,5.22274143506324,4.46079613300105,0.237909127093389,3.63782087338716,7.64184472550762,0.407565052027073
102155,102174,vru,BR,2,2.37672813433214,0.126758833831048,5.13884739125591,5.33708355590041,0.284644456314689,3.83554412524408,6.45984124994397,0.344524866663678
103194,103199,BR,vru,2.73299999999999,0.180650610344298,3.38719894395558,5.80946657435413,0.210027657930138,3.93801858619008,3.88683656135528,0.355704074988301,6.66945140603064
103869,103889,RT,vru,4.068,0.105515152074792,1.97840910140236,5.96080351692477,0.155307825538464,2.91202172884621,4.18166794647413,0.158575893362486,2.97329800054662
105534,105537,vru,BR,6,3.16881682785497,0.169003564152265,4.20223271412449,1.26027247752341,0.0672145321345818,8.35199356246314,4.87242733214807,0.259862791047897
105537,105542,BR,vru,4.46699999999999,0.127301713944248,2.38690713645466,9.39213474950725,0.107706278334437,2.01949271877069,4.71024818850921,0.155536511365348,2.91630958810028
105825,105827,vru,BR,2.46700000000001,3.09868406075744,0.165263149907064,7.02638110132373,2.59052236663989,0.138161192887461,3.80724121271017,7.65886228504558,0.408472655202431
105952,105956,vru,BR,2,3.0469152861076,0.162502148592405,2.58397160332578,5.90091153946992,0.314715282105062,3.89975302202699,5.13332092830099,0.273777116176053
107648,107658,vru,BR,4.133,1.01125425898563,0.0539335604792335,3.4083905015686,4.06879361590016,0.217002326181342,3.43610770515585,2.58428501494159,0.137828534130218
107658,107662,BR,vru,5.2,0.182219540175577,3.41661637829207,4.99868268558738,0.07873891802509,1.47635471297044,4.14500367450878,0.274835751748572,5.15317034528572
109398,109424,BR,vru,1.4,0.21006433165859,3.93870621859857,1.9052922761214,0.164272178588485,3.08010334853409,2.26064375050752,0.209865290560217,3.93497419800407
109398,109431,BR,vru,3.06700000000001,0.216853866145749,4.06600999023279,3.72004280670374,0.106835242779771,2.00316080212071,5.8853171635727,0.145339340089781,2.7251126266834
110841,110848,vru,RT,2.06566666666666,1.75938406802842,0.0938338169615158,3.6101593097572,10.9069147666294,0.581702120886903,2.14980453340255,2.84374841589815,0.151666582181235
111408,111412,BR,vru,6.668,0.188429476610603,3.53305268644881,5.31895160628606,0.147027177827642,2.75675958426829,5.45426079275937,0.171410053514141,3.21393850339014
111753,111762,vru,BR,2.667,4.00749221766242,0.213732918275329,4.20489831873025,6.11795642781786,0.326291009483619,2.58009265385667,8.46652994019869,0.451548263477263
112123,112161,RB,vru,1.933,0.272510358016394,5.10956921280739,2.18091425000038,0.276198385363992,5.17871972557486,1.77611387725867,0.239235584611253,4.485667211461
113537,113541,vru,BR,2.2,4.62928445675723,0.246895171027052,4.29341271982391,5.76765448753809,0.307608239335365,3.45762577133365,7.05718414248966,0.376383154266115
113669,113710,vru,LR,2.2,2.54672413430882,0.135825287163137,3.42244683042758,4.87326106308116,0.259907256697662,4.32627609475431,1.96881365677633,0.105003395028071
115185,115214,RL,vru,0.8,0.232612019408276,4.36147536390517,1.87122225703723,0.214857762635679,4.02858304941898,9.02316307301849,0.0686959074853724,1.28804826535073
115188,115202,vru,BR,1.93399999999998,3.9256630900299,0.209368698134928,3.61182231183722,4.57350636531096,0.243920339483251,3.0197427119426,7.40135609149936,0.394738991546633
116770,116782,RT,vru,1.732,0.116505112567679,2.18447086064399,4.97806338938135,0.084924063245908,1.59232618586078,4.05360825102069,0.214547727257593,4.02276988607988
116900,116903,vru,BR,2.93299999999999,2.05689946223696,0.109701304652638,2.35255760715891,3.50504933811776,0.186935964699614,5.36743261228465,3.18191745938233,0.169702264500391
122023,122042,RT,vru,2.934,0.170441707179204,3.19578200961008,3.74700046395666,0.256842539173679,4.81579760950649,4.71678504040492,0.16169132955257,3.03171242911069
124020,124022,vru,BR,3.066,4.18188158209753,0.223033684378535,6.19866704556153,2.61602637660964,0.139521406752514,3.73121068511725,6.9784397334077,0.372183452448411
128419,128437,vru,TR,2.333,3.55530056770506,0.189616030277603,5.52974976020419,5.8843520168263,0.313832107564069,8.73488019755425,1.27661758928295,0.0680862714284239
131978,131989,vru,BR,3.86600000000002,4.84484224622001,0.258391586465067,6.96828071957756,5.02068817180077,0.267770035829374,2.28205289963628,9.69091834581609,0.516848978443525
137595,137596,vru,BR,3.40099999999999,3.32557159616799,0.177363818462293,8.40908956794171,2.72471741339524,0.145318262047746,3.47985837113343,4.57592002927613,0.244049068228061
137941,137943,vru,BR,3.868,2.11864251253777,0.112994267335348,7.26665882093084,1.10805519783695,0.0590962772179709,2.64722585129306,2.72508804598339,0.145338029119114
141347,141360,RT,vru,6.133,0.111538995043685,2.09135615706909,6.32128426997566,0.119114620587729,2.23339913601992,5.64855325810686,0.124907132798795,2.34200873997741
143888,143894,vru,RT,2.06700000000001,1.61416082536808,0.0860885773529642,3.63654671725516,1.83870468682217,0.0980642499638493,0.0456499749463878,Inf,Inf
147730,147736,RT,vru,2.4,0.110940299053874,2.08013060726014,3.3817344649238,0.218232542583595,4.0918601734424,3.28854624932242,0.198282242254665,3.71779204227496
148019,148020,vru,BR,4.26699999999998,2.81997998964889,0.150398932781274,8.01068654574579,2.99548662898229,0.159759286879056,5.46979550240544,2.61024802073009,0.139213227772272
148362,148369,BR,vru,4.93300000000001,0.174615039352441,3.27403198785826,5.98772622013445,0.152046258263906,2.85086734244824,4.11354730902148,0.295568996741805,5.54191868890884
148362,148379,BR,vru,3.6,0.170218783893591,3.19160219800483,5.91746929380998,0.165218044931876,3.09783834247268,8.12456770962802,0.13500097519752,2.5312682849535
151040,151042,BR,vru,3.4,0.0824858154855196,1.54660904035349,8.29426221785972,0.0411618199332729,0.771784123748868,5.05518494725904,0.0278634718805166,0.522440097759687
154282,154303,RT,vru,2.93300000000001,0.152435962351499,2.85817429409061,5.49530388589902,0.0376154826585922,0.705290299848604,3.19647704645623,0.0593840080520675,1.11345015097627
154587,154593,vru,BR,1,18.1010383239685,0.965388710611651,6.99805713534073,21.6410080178572,1.15418709428572,2.29327516236793,8.26250615417544,0.440666994889357
156528,156532,vru,BR,4.00099999999999,4.19808868398516,0.223898063145875,7.51824714231272,3.50062350258501,0.186699920137867,4.14263622016604,7.18132343315004,0.383003916434669
156709,156716,RT,vru,6.40100000000001,0.0821659822094041,1.54061216642633,5.10984767498834,0.0910921349276458,1.70797752989336,4.59698053727095,0.135798300475762,2.54621813392054
156786,156810,BR,vru,2.93500000000001,0.103969033845179,1.94941938459711,7.03156768482488,0.102538082418838,1.92258904535321,6.36793286780413,0.115083538529455,2.15781634742729
159121,159127,vru,BR,1.534,3.0912835381311,0.164868455366992,3.19464121213202,5.15473576148701,0.274919240612641,5.85700329254096,6.07616377508903,0.324062068004748
162430,162433,vru,BR,2.068,4.25849897478276,0.227119945321747,4.6371538998629,5.78388343126133,0.308473783000604,4.14191439041341,7.1661165349261,0.382192881862725
163536,163537,RT,vru,4.733,0.157297033781164,2.94931938339683,6.43546238926227,0.0758421613836939,1.42204052594426,3.46023871894548,0.256065965015712,4.8012368440446
163536,163539,RT,vru,3.4,0.140177456883954,2.62832731657413,4.76734510917888,0.161469202120745,3.02754753976396,3.61856582312479,0.217306148583972,4.07449028594947
165361,165364,BR,vru,3.73299999999999,0.129072459552963,2.42010861661806,8.01812653254454,0.126696423208039,2.37555793515073,5.16183094591466,0.0326898851443264,0.612935346456119
166527,166533,vru,BR,7.068,4.67269011462639,0.249210139446741,8.01529820628497,3.91702201131331,0.208907840603377,4.13692170542133,8.34102362972984,0.444854593585591
168961,168962,BR,vru,6,0.188665418188167,3.53747659102814,6.77372679513762,0.157261536645442,2.94865381210204,7.31256257965541,0.0341294257804543,0.639926733383519
172627,172628,vru,BR,2.8,4.94450199049494,0.263706772826397,6.81486757199567,3.44607718070284,0.183790782970818,3.68247193568572,6.95620579945396,0.370997642637544
174640,174641,vru,TR,2,4.54933444930736,0.242631170629726,6.540161246892,4.28365879979201,0.228461802655574,3.8132650838365,2.95295073587142,0.157490705913142
176415,176447,RT,vru,1.8,0.279162149705344,5.2342903069752,2.65326757458495,0.133996475890636,2.51243392294942,4.37626751080706,0.183775446303887,3.44578961819788
178692,178738,RT,vru,5.19899999999998,0.0596964472549352,1.11930838603004,7.79220093117927,0.0500035794971068,0.937567115570752,4.12991193004166,0.105873658239096,1.98513109198304
181136,181137,vru,BR,3.266,4.67368329058394,0.249263108831143,7.51923060920999,4.12532754167081,0.22001746888911,3.86792620662167,7.79940190441828,0.415968101568975
184003,184010,vru,BR,2.53300000000002,5.90207509397605,0.314777338345389,5.89735923565982,4.6242898573454,0.246628792391754,2.5782334522901,10.1976702029684,0.543875744158315
189414,189419,RT,vru,1.666,0.38167126617429,7.15633624076794,5.30145280590982,0.254661493419244,4.77490300161083,8.79725954562771,0.137192792448327,2.57236485840612
192373,192380,BR,vru,5.8,0.227746771428635,4.27025196428691,6.85511401974155,0.108298603333304,2.03059881249946,4.9106618521896,0.120608399363091,2.26140748805795
195277,195282,BR,vru,2.13400000000001,0.230934861869283,4.33002866004906,5.129514787112,0.199404042671303,3.73882580008693,4.05280151047624,0.285865568881828,5.35997941653427
196753,196762,BR,vru,1.8,0.243282730178755,1.82462047634066,7.08003793083295,0.299428755647996,2.24571566735997,3.19164007613019,0.341810379088283,2.56357784316212
201858,201864,RT,vru,1.73299999999999,0.184325349485417,3.45610030285158,3.07150193349145,0.155298599134171,2.91184873376571,1.7774871207995,0.158221302536885,2.96664942256659
203946,203952,BR,vru,2.867,0.113320169739419,2.1247531826141,8.84886386334939,0.113083949029233,2.12032404429812,4.42584890730661,0.177543002133294,3.32893128999926
205145,205168,RB,vru,5.6,0.0878141183940695,1.6465147198888,7.68350101569687,0.160555106078356,3.01040823896918,4.3398319110383,0.164650165699621,3.08719060686789
206132,206134,vru,BR,1.46600000000005,11.1579086412805,0.595088460868295,3.22945812374942,11.4623488074304,0.611325269729623,4.81821167054041,8.13242050746902,0.433729093731681
206150,206156,BR,vru,8.46700000000001,0.230197728536828,4.31620741006552,7.60440468611979,0.204351435602513,3.83158941754713,3.31590455476267,0.208997744541157,3.91870771014669
209148,209164,vru,BR,3.4,3.78353953308917,0.201788775098089,4.49630500459086,3.75409656612245,0.200218483526531,6.24587168347976,3.89172519287525,0.207558676953347
209923,209984,BR,vru,7.467,0.304807999886792,5.71514999787734,4.63985945484341,0.199559145022012,3.74173396916272,4.51214915474952,0.263730146257026,4.94494024231923
211250,211320,RB,vru,2.26599999999999,0.1753260943634,3.28736426931376,3.95900487652166,0.177738724307678,3.33260108076896,3.54287592324191,0.148226452370685,2.77924598195034
211790,211798,vru,BR,2.73400000000001,3.7744982499654,0.201306573331488,5.89791217714929,3.14397047915913,0.167678425555154,3.04303245368806,8.60862540510519,0.459126688272277
212704,212705,vru,BR,5.533,2.54342622853051,0.135649398854961,8.12702510863905,2.16022643045099,0.11521207629072,3.89059534341331,5.7291907545233,0.305556840241243
212705,212707,BR,vru,3.4,0.174476528990765,3.27143491857685,6.71699873605828,0.247054664721694,4.63227496353177,8.16313638098383,0.172058071900632,3.22608884813685
215991,215996,vru,BR,8.66800000000003,3.15621263123412,0.168331340332487,6.69944620548874,2.67876132145204,0.142867270477442,3.41284288124543,7.10464736261082,0.378914526005911
215996,216004,BR,vru,9.46800000000003,0.128514372070899,2.40964447632936,8.79892104266879,0.127400949198462,2.38876779747117,4.36854786942905,0.194636317703772,3.64943095694573
216515,216530,RB,vru,3.2,0.126293092360364,2.36799548175682,4.57218282757674,0.219750995479342,4.12033116523766,4.55655774132475,0.153991323814274,2.88733732151763
217458,217459,TR,vru,2.33299999999999,0.200512737810518,3.75961383394722,5.51080767656261,0.211778605118796,3.97084884597743,3.61434905870501,0.191054905848197,3.58227948465369
218161,218201,vru,BR,8.334,3.39290605778295,0.180954989748424,5.87591275929873,2.49159698980203,0.132885172789442,4.75528232847799,6.80206693883471,0.362776903404518
220057,220059,BR,vru,3.934,0.157344011998994,2.95020022498113,6.32661066485966,0.147204583418082,2.76008593908904,3.92470897162259,0.296399627045807,5.55749300710888
220264,220291,BR,vru,3.6,0.0615919491858361,1.15484904723443,6.20913972979225,0.0699989169268953,1.31247969237929,6.67521600907553,0.0590536521358541,1.10725597754726
221315,221324,BR,vru,3.8,0.196972206813827,3.69322887775926,7.00471054063125,0.163809509381707,3.071428300907,4.7352352297684,0.0516779526177659,0.968961611583111
222104,222129,vru,BR,1.2,4.70441210343773,0.250901978850012,2.39650622750771,5.19073273074573,0.276839078973106,2.20332631309959,3.1015830551076,0.165417762939072
227659,227660,vru,BR,3.134,2.60718527291362,0.13904988122206,4.73148971943972,3.6866327579918,0.196620413759563,4.60433421347481,7.01705864658434,0.374243127817831
228680,228683,vru,BR,4.06800000000003,4.19928647716451,0.223961945448774,4.84286222978939,3.80367943524697,0.202862903213172,3.0470521752832,7.24258432668619,0.38627116408993
228744,228754,vru,BR,1.734,5.25499672708404,0.280266492111149,0.61817953583178,5.2836383279087,0.281794044155131,6.77323220768799,4.00093129996035,0.213383002664552
229293,229295,BR,vru,3.866,0.143772300687561,2.69573063789178,4.29533535135104,0.290017908772519,5.43783578948472,9.52143761828118,0.18697003894746,3.50568823026488
229293,229301,BR,vru,1.6,0.117131049706409,2.19620718199518,1.81629265643582,0.289187580402648,5.42226713254965,5.09714622156882,0.17420746570216,3.26638998191549
229719,229723,BR,vru,4.268,0.307411077368533,5.76395770065999,1.95931094803799,0.394273907317537,7.39263576220382,5.77387115066798,0.279182173839262,5.23466575948616
231856,231859,vru,BR,3.00099999999999,4.01762597413675,0.214273385287293,5.75235142604177,3.23204577344927,0.172375774583961,3.15965775318946,6.96052807751477,0.371228164134121
233591,233599,BR,vru,5.80099999999999,0.121945930882583,2.28648620404843,4.65108005569009,0.21535117289716,4.03783449182175,5.58224534790282,0.261851974525218,4.90972452234784
235706,235720,BR,vru,2.80100000000002,0.219640237333605,4.1182544500051,6.47191130535512,0.225894485206775,4.23552159762704,9.44001299502671,0.170087177043173,3.18913456955949
237849,237864,BR,vru,2.534,0.273203253576754,5.12256100456414,5.37550749740434,0.248816967050927,4.66531813220488,4.35530019803822,0.264815678500097,4.96529397187682
239268,239271,BR,vru,8.06700000000001,0.180610286484543,3.38644287158518,5.04606967033791,0.168542320457085,3.16016850857034,4.33395815800422,0.2623487320932,4.9190387267475
239945,239993,RB,vru,0.933999999999984,0.306983592858352,5.75594236609409,1.95839485323684,0.306983592858352,5.75594236609409,1.34337193806332,0.249717894378248,4.68221051959215
245916,246082,RB,vru,3,0.170786910991084,3.20225458108282,6.94001906100675,0.159303911165273,2.98694833434886,5.53918927915047,0.0687825536034741,1.28967288006514
247246,247359,vru,BR,3.6,1.08614991950142,0.0579279957067424,3.48805453296533,1.85393929308244,0.0988767622977304,6.4686359960917,0.549544510577759,0.0293090405641472
247497,247509,RT,vru,4.4,0.0680305702451222,1.27557319209604,3.51810319391563,0.154780162873345,2.90212805387522,6.17729138289144,0.0881639410015379,1.65307389377884
247799,247814,BR,vru,2.86600000000002,0.286770172170515,5.37694072819715,4.42361999260107,0.287449391902858,5.38967609817859,3.78488564726083,0.231497492777195,4.3405779895724
248333,248340,vru,BR,2.26700000000001,5.43403954172261,0.289815442225206,5.20663697324275,5.45414347716339,0.290887652115381,7.36137795782673,4.96037012443617,0.264553073303262
248923,248925,BR,vru,2.933,0.188811817746111,3.54022158273958,5.40664996937181,0.317871345243929,5.96008772332367,3.70228007740094,0.367567171331178,6.89188446245958
249293,249310,vru,BR,3.33399999999998,3.12772284915585,0.166811885288312,4.90783383037603,2.60453844398753,0.138908717012668,4.1522506184766,6.42079016314285,0.342442142034285
249341,249370,BR,vru,3.80099999999999,0.135611293219532,2.54271174786622,3.92132253688604,0.11782654865705,2.20924778731969,5.59867028644697,0.109068199312872,2.04502873711635
253031,253039,vru,BR,3.53299999999999,1.5007057567528,0.0800376403601493,5.35941081324347,6.49939901167496,0.346634613955998,3.01775885223085,7.15386427695087,0.381539428104047
253367,253370,vru,BR,1.66700000000001,4.87181995079369,0.259830397375663,2.2638951447603,5.94056681311337,0.316830230032713,3.60191127286049,6.52234317263699,0.347858302540639
254915,254916,BR,vru,3.33299999999999,0.142351756032668,2.66909542561253,4.9590402752376,0.157300061839271,2.94937615948633,3.69837418623485,0.224337682687329,4.20633155038742
258032,258076,LR,vru,2.533,0.269628382955831,5.05553218042183,5.10673046709568,0.267804042958483,5.02132580547156,3.62672719727233,0.243344294505619,4.56270552198035
258970,258976,vru,RT,4.00033333333334,15.8336798471944,0.844462925183701,4.11700380211745,1.51160998111464,0.0806191989927806,4.03316438574934,Inf,Inf
259547,259594,RB,vru,5.2,0.0906323843115983,1.69935720584247,7.01359639029682,0.0890866990930664,1.670375607995,6.5028657749346,0.0959383739351096,1.7988445112833
259803,259814,RL,vru,0.6,0.343126824041038,6.43362795076946,5.51383286552466,0.353666216637692,6.63124156195672,7.53453307404767,0.0924433291854806,1.73331242222776
260651,260658,RT,vru,5.068,0.124223121563712,2.32918352931959,5.82181818920708,0.0953807066740596,1.78838825013862,4.85340522539806,0.176035296722975,3.30066181355579
261210,261213,vru,BR,2.93399999999998,4.85914544817849,0.259154423902853,4.39366778735757,4.95859672263532,0.264458491873884,4.66458425020523,5.5175534066102,0.294269515019211
262407,262448,RT,vru,1.4,0.135060007868492,2.53237514753422,3.20257144303855,0.189628196515782,3.55552868467092,4.79528521057644,0.147100135400816,2.7581275387653
263502,263521,vru,BR,1.6,2.25634393624912,0.12033834326662,1.06596409911035,3.46901399194479,0.185014079570389,3.25937936039227,3.22219744836474,0.171850530579453
263978,263984,RT,vru,1.334,0.127259065485801,2.38610747785877,4.93295245943211,0.206083111735331,3.86405834503746,1.44447902150802,0.196250800455158,3.67970250853422
266653,266670,vru,RT,3.13399999999998,0.354205291945453,0.0188909489037575,5.9034741752088,1.67451370415273,0.0893073975548124,4.80881121852542,1.56928757446554,0.0836953373048286
266765,266771,RT,vru,9.86700000000001,0.0735674132371753,1.37938899819704,7.37999734925204,0.0247890223785118,0.464794169597096,2.48475994671567,0.180290709885962,3.38045081036179
266765,266784,RT,vru,1.33299999999999,0.138149590472629,2.5903048213618,1.88384389531811,0.216802445633224,4.06504585562295,8.12980734907557,0.063706304601155,1.19449321127166
269068,269073,BR,vru,2.26700000000001,0.164753474859341,3.08912765361265,4.68098789708859,0.272475903421791,5.10892318915858,5.20851605172911,0.280513311366928,5.2596245881299
276555,276556,vru,BR,3.53400000000001,4.40706811413148,0.235043632753679,5.28641100602965,4.50324894485184,0.240173277058765,3.60602934638012,7.48468852315927,0.399183387901828
282890,282891,BR,vru,2.86699999999999,0.250808596124028,4.70266117732552,7.2968289497931,0.225925800791331,4.23610876483745,4.31398061055099,0.333851923176985,6.25972355956847
287707,287710,RT,vru,3.66800000000003,0.163694968339612,3.06928065636772,5.33436717271507,0.191520774644976,3.5910145245933,3.44582492918229,0.218329038512409,4.09366947210766
288326,288328,BR,vru,2.93299999999999,0.330542099276883,6.19766436144156,6.51325845636517,0.284148594381301,5.32778614464939,5.01786286686327,0.265737505021915,4.98257821916091
290357,290358,BR,vru,3.2,0.134400419151722,2.52000785909478,4.37083559124982,0.212752833381226,3.98911562589799,3.65121832960386,0.15520181133406,2.91003396251362
294065,294074,BR,vru,4.4,0.353164919377252,6.62184223832348,5.74269378168266,0.277804274005625,5.20883013760547,5.5093608407563,0.258776151086188,4.85205283286602
294882,294887,RT,vru,2.668,0.167421438139931,3.1391519651237,5.30557479908517,0.209049579722553,3.91967961979787,3.2879837303053,0.285151231346666,5.34658558774998
297248,297262,vru,BR,2.73299999999999,4.07583333526795,0.217377777880958,5.00797979349557,4.65559781902554,0.248298550348029,3.20140180089427,5.06309048317301,0.270031492435894
299039,299045,vru,TR,3.333,2.2112373818749,0.117932660366661,5.24380803586951,4.28504246282206,0.228535598017177,3.86106417246929,2.68381224802813,0.143136653228167
300035,300039,BR,vru,3.534,0.142307426181949,2.66826424091155,6.21535700280348,0.0782462004126024,1.46711625773629,4.04298284705185,0.0374111177925252,0.701458458609848
300764,300806,BR,vru,1.8,0.154319040735868,2.89348201379752,2.13792970666469,0.128948962653794,2.41779304975864,2.99236743104795,0.135385677527188,2.53848145363478
305728,305734,vru,BR,3.06699999999998,2.93230098560907,0.15638938589915,3.60251906390773,4.02744094401292,0.214796850347356,3.55234811720465,5.77880971657443,0.30820318488397
305740,305748,BR,vru,2.4,0.221246054177519,4.14836351582848,4.40736609257393,0.246281619141361,4.61778035890052,8.11363901338675,0.162909866988869,3.05456000604129
311363,311365,BR,vru,6.466,0.257856634361117,4.83481189427094,7.24574203273644,0.187606347064449,3.51761900745842,6.30430077962988,0.274517521518169,5.14720352846567
311461,311466,BR,vru,3.86700000000001,0.195214995603902,3.66028116757317,5.04424660023339,0.219987444355534,4.12476458166627,4.29717861878324,0.24037727965601,4.50707399355018
312248,312253,BR,vru,2.466,0.285285797937957,5.34910871133668,7.05056382609554,0.319061388453909,5.98240103351079,4.85759413379885,0.286356171980851,5.36917822464095
315437,315448,RT,vru,5.53400000000001,0.101763779275883,1.90807086142282,5.43576291744734,0.127658803195147,2.393602559909,4.59553410954569,0.150760684010308,2.82676282519328
322087,322114,RT,vru,2.6,0.191678730812491,3.5939762027342,5.39179631300018,0.257573165700511,4.82949685688459,4.47263659213314,0.212513488891542,3.98462791671641
322681,322684,RT,vru,2.66700000000001,0.182427635233356,3.42051816062542,5.78517415466576,0.185997624688724,3.48745546291357,2.54325038614841,0.108502203220493,2.03441631038424
325450,325452,vru,BR,2.734,3.51614455417428,0.187527709555962,6.48123777037867,6.5714901901526,0.350479476808139,3.73067369251829,6.48908557745153,0.346084564130748
325511,325531,RT,vru,2.66700000000001,0.192642999496125,3.61205624055235,4.25490769849846,0.215745617719129,4.04523033223367,3.79185189933136,0.188648209417241,3.53715392657326
326583,326588,BR,vru,2.4,0.202308370304183,3.79328194320343,7.48939555441648,0.206184176692859,3.8659533129911,4.64528069565984,0.314775157172171,5.90203419697821
337256,337260,BR,vru,2.80100000000001,0.22903164985065,4.29434343469969,4.82700764448085,0.289667997909207,5.43127496079763,5.98345405802679,0.300970559262324,5.64319798616858
337762,337766,BR,vru,7.86600000000002,0.164422797982877,3.08292746217894,7.26405006128946,0.145511130234505,2.72833369189697,2.54571520043943,0.410895186411195,7.7042847452099
339088,339101,BR,vru,2.73400000000001,0.175283063947401,3.28655744901376,6.23398088448113,0.125892169048089,2.36047816965168,2.91343036322109,0.106228135390115,1.99177753856466
339691,339713,RT,vru,4.2,0.142443450188734,2.67081469103877,5.62673331010065,0.106608013522232,1.99890025354184,4.89905461481138,0.165734287135878,3.10751788379771
339828,339841,BR,vru,0.933,0.220160627216471,4.12801176030883,1.63895347908835,0.287028487860979,5.38178414739336,6.79716932788674,0.258546792029585,4.84775235055472
340168,340173,vru,BR,4.8,4.12192296719276,0.219835891583614,8.30851565488986,3.24821725689868,0.173238253701263,3.28931031554175,8.59140723507911,0.458208385870886
340519,340554,RT,vru,3,0.165784475709442,3.10845891955204,5.08743633159866,0.138637194232457,2.59944739185857,5.66150660811145,0.112050378903646,2.10094460444336
340892,340902,vru,BR,7.6,2.43752463191134,0.130001313701938,7.99428385309856,2.00121786436512,0.106731619432807,4.28958536540706,3.707867077744,0.197752910813013
340982,341105,RT,vru,2.13299999999999,2.37832366487619,44.5935687164285,4.60906408267439,0.114853581606441,2.15350465512076,0.185565375518595,2.40890071739597,45.1668884511745
341165,341167,vru,BR,4.00099999999999,2.43966750286568,0.130115600152836,4.15958740485474,3.27356488717855,0.17459012731619,6.48045592955117,4.0416552333523,0.215554945778789
341961,341968,vru,BR,3.267,4.99501974044924,0.266401052823959,7.74527238404423,4.82907999224121,0.257550932919531,6.51802517542367,5.18963538328347,0.276780553775119
342106,342115,BR,vru,3.734,0.310326943582024,5.81863019216295,8.33109835172627,0.0686606121186907,1.28738647722545,4.07784493199562,0.0660126080844777,1.23773640158396
345921,345954,RT,vru,3.93399999999998,0.195154473887498,3.65914638539059,3.70012707119337,0.211303121828994,3.96193353429364,2.75789839712202,0.313722138947243,5.8822901052608
348992,349012,RT,vru,2.4,0.274653379978984,5.14975087460595,5.04969017994815,0.112138430357772,2.10259556920823,4.44407554346447,0.204606996658631,3.83638118734932
350191,350196,RT,vru,3.26700000000001,0.131880050600782,2.47275094876467,4.74530615510506,0.242439667676938,4.54574376894259,3.49355871319652,0.243415364806941,4.56403809013013
351943,352007,RT,vru,2.86699999999998,0.162018546180664,3.03784774088745,5.83343816766278,0.129128773341379,2.42116450015085,2.70736714560888,0.123257274365082,2.31107389434528
352894,352912,RT,vru,2.06666666666667,0.167730322056989,3.14494353856855,4.66901932199671,0.200951237108274,3.76783569578013,3.73205170001831,0.212747893948798,3.98902301153996
352990,352991,BR,vru,2.934,0.219016928941886,4.10656741766036,7.06951376588219,0.262943071156016,4.93018258417531,6.23161146762776,0.295525013704358,5.54109400695671
353818,353831,BR,vru,2.13299999999999,0.0833130258170389,1.56211923406948,2.51275760613685,0.13938650282726,2.61349692801112,1.73229947314362,0.152158269410082,2.85296755143904
353834,353841,BR,vru,6.40100000000002,0.179766366350785,3.37061936907721,4.68603137123681,0.373215360904236,6.99778801695442,7.34901577629198,0.188330266157483,3.5311924904528
355426,355429,BR,vru,2.86699999999998,0.195911240006105,3.67333575011448,4.64142256442295,0.232134038974286,4.35251323076785,3.10172554342799,0.318957154428334,5.98044664553127
355506,355515,BR,vru,3.46700000000001,0.197085841838289,3.69535953446792,5.71943459415798,0.243986623363814,4.5747491880715,8.84129041818455,0.149249653181065,2.79843099714497
357967,358018,BR,vru,2.934,0.202555642212298,3.79791829148059,5.82956677018817,0.183122183591449,3.43354094233967,4.97695882298563,0.205050827793732,3.84470302113248
360879,360881,vru,LR,2.6,3.12735775423043,0.166792413558956,6.32356915883808,2.99100087794638,0.159520046823807,3.09977056281954,2.97912473309185,0.158886652431565
361300,361306,vru,BR,3.33399999999998,3.86597630371865,0.206185402864995,3.93230606266767,4.65472367206506,0.248251929176803,3.73277937513511,6.68064612823714,0.356301126839314
362497,362517,vru,BR,6.73299999999999,2.13769582979304,0.114010444255629,4.63263929803302,1.40902669868155,0.0751480905963492,3.53474567903494,6.19376875114427,0.330334333394361
364578,364585,BR,vru,3.734,0.23354443769791,4.3789582068358,5.60207615732239,0.252887858364621,4.74164734433664,4.36782434307328,0.320175831569093,6.00329684192049
367021,367041,vru,RT,1.66699999999995,1.18956785855818,0.0634436191231032,4.07453137164843,3.47659263504181,0.185418273868896,1.66046478330739,1.50856898469176,0.0804570125168937
367041,367051,RT,vru,1.86699999999995,0.127493376582657,2.39050081092481,3.04697672008525,0.317739047041604,5.95760713203008,2.65335435202418,0.219001903822661,4.1062856966749
367044,367054,vru,BR,4.534,1.77259040431794,0.0945381548969567,8.95430285298284,1.48107637532693,0.0789907400174365,3.72491339840253,2.32627577474473,0.124068041319719
373218,373237,BR,vru,5.6,0.120959894300394,2.26799801813238,7.4220091770424,0.125237667609318,2.34820626767472,4.76496048678946,0.0876908547860245,1.64420352723796
374049,374053,vru,BR,2.93399999999998,2.85408971280489,0.152218118016261,4.17095126992437,3.75960125723113,0.200512067052327,4.42577652701979,4.92120855412417,0.262464456219956
374186,374188,BR,vru,2.4,0.23434018819353,4.39387852862868,5.34818638434262,0.216670107616426,4.06256451780798,3.61837788600382,0.379518064832994,7.11596371561863
375229,375247,vru,BR,7.8,1.13705859254284,0.0606431249356179,4.27921969093757,1.06555300980282,0.0568294938561507,5.32468127651994,2.33242257267709,0.124395870542778
375460,375466,BR,vru,2.13299999999999,0.290983811432407,5.45594646435763,3.9832273129356,0.305746346349365,5.7327439940506,2.56759254588238,0.175087437395045,3.28288945115709
375788,375797,vru,BR,6.333,4.06680943583102,0.216896503244321,6.73188682964655,3.70937630943497,0.197833403169865,3.85724260006309,6.52045617222866,0.347757662518862
375790,375797,vru,BR,3.867,3.12943966839075,0.16690344898084,4.03111162922435,3.1875980411371,0.170005228860645,4.25879823381396,4.88724952033274,0.260653307751079
376462,376468,RT,vru,2.86600000000002,0.0880396916686333,1.65074421878687,3.3193109444678,0.16927219783585,3.17385370942219,3.41686233056896,0.147344001201245,2.76270002252334
376465,376468,RT,vru,3.26699999999998,0.170695652586002,3.20054348598753,4.75805492012807,0.249770217732534,4.68319158248501,6.49889190069792,0.149485554108649,2.80285413953717
378933,378939,vru,BR,8.066,4.06569222481642,0.216836918656876,7.73919234410537,2.95272131283194,0.157478470017704,9.93747113989945,3.67179496810173,0.195829064965426
381693,381741,vru,BR,4.26600000000002,2.78835033226488,0.148712017720794,5.29288656527463,2.71605363912141,0.144856194086475,4.63743973404536,3.9304087884302,0.209621802049611
382346,382347,RB,vru,3.13400000000001,0.0815671656550368,1.52938435603194,4.6296651762786,0.161449289972069,3.0271741869763,2.59979598138258,0.139041066250433,2.60701999219562
382393,382402,vru,BR,5.2,7.4690809236074,0.398350982592395,7.46509655474759,7.71414747069975,0.41142119843732,4.10276261053185,6.21329998698827,0.331375999306041
383762,383780,vru,BR,3.2,4.17613996074601,0.22272746457312,4.06178595389076,3.82819538492006,0.20417042052907,4.42838519328717,5.38592470583521,0.287249317644545
383780,383785,BR,vru,1.66700000000001,0.326292820206091,6.1179903788642,3.00476797767794,0.297401818571502,5.57628409821567,3.22303648069416,0.495378715298869,9.2883509118538
385070,385083,vru,TB,8.068,1.53966848272822,0.082115652412172,5.71544110853446,1.69800745338691,0.0905603975139688,2.80162208947761,3.34315441804968,0.17830156896265
385076,385083,vru,TB,6.934,0.860032838205715,0.0458684180376381,7.1400442528523,1.42253607507793,0.075868590670823,3.84727304980196,2.51230934640766,0.133989831808409
386179,386202,BR,vru,6.8,0.227462859890272,4.2649286229426,3.8804147252865,0.115397998129826,2.16371246493424,5.11759314817764,0.230609151757827,4.32392159545925
388313,388437,RT,vru,6.13399999999998,0.144947348087282,2.71776277663654,6.40884599882441,0.0874542731978683,1.63976762246003,4.19986077122185,0.126323475807263,2.36856517138619
388313,388447,RT,vru,5,0.0789399299886335,1.48012368728688,7.65848462020399,0.0606028162330767,1.13630280437019,4.41840216545374,0.0786724740848928,1.47510888909174
389791,389811,RT,vru,2.868,0.124498906714754,2.33435450090164,4.27464031058299,0.247042762359387,4.6320517942385,3.78045388764214,0.140316762662505,2.63093929992197
390637,390643,BR,vru,4.6,0.125813805091588,2.35900884546728,6.99712079776227,0.102912068680731,1.9296012877637,2.71778516078605,0.190225875465303,3.56673516497443
392326,392353,vru,BR,1.8,4.17611006597992,0.222725870185596,2.54467179458547,4.32742703312527,0.230796108433348,2.74624379720533,6.92774951164725,0.36947997395452
392808,392876,vru,BR,3.26700000000001,11.7995875980385,0.629311338562054,4.22640907404342,16.4172879928402,0.87558869295148,7.17290270178115,1.24748068449567,0.0665323031731026
394558,394562,BR,vru,1.467,0.104242336751949,1.95454381409903,2.29950584706677,0.182547722133569,3.42276979000442,0.660248826171607,0.110128227868313,2.06490427253087
395424,395656,RT,vru,3.067,0.0571571284723372,1.07169615885632,3.62462186897937,0.079421079995474,1.48914524991514,1.75771123498724,0.139853217066548,2.62224781999777
396284,396338,RT,vru,4.867,0.0948627396413219,1.77867636827479,5.8230105569707,0.0589974565029058,1.10620230942948,6.21957154099716,0.0997991576857062,1.87123420660699
396626,396681,vru,TB,4.20099999999999,1.99152210758515,0.106214512404541,3.00583884573877,2.14762402034923,0.114539947751959,3.76028551448846,1.2877244082535,0.0686786351068533
396627,396642,vru,BR,4.4,2.09806426907937,0.111896761017567,5.90592528381571,1.78711065046388,0.0953125680247401,3.37012881695051,5.45798780271257,0.291092682811337
396828,396869,vru,TB,2.33299999999999,11.5884987892019,0.618053268757434,6.6490417341566,11.8957160725777,0.63443819053748,7.04104627210794,3.46758085739029,0.184937645727482
397006,397019,vru,BR,9.2,3.46936568114032,0.185032836327484,5.68555463823514,1.79752636151898,0.0958680726143458,3.4173530438485,6.94567454667358,0.370435975822591
397416,397460,vru,BR,8.868,4.31769838718561,0.230277247316566,6.23517352477121,4.60735439056489,0.245725567496794,4.31938149208192,4.99766263108005,0.266542006990936
401627,401642,vru,BR,4.73299999999999,2.69029118321111,0.143482196437926,5.44859894642468,2.26657474743523,0.120883986529879,3.53973411628594,6.16925195277125,0.329026770814467
403803,403806,BR,vru,1.93299999999999,0.267130991411128,5.00870608895866,5.0438922192079,0.512870201793108,9.61631628362077,6.43239766847597,0.196479773585868,3.68399575473503
405293,405297,BR,vru,4,0.250119353828054,4.68973788427602,5.87459714368745,0.218206648955364,4.09137466791308,3.79942675880477,0.335005626242131,6.28135549203996
405537,405540,vru,BR,4,3.9868545849515,0.212632244530747,4.18610487688188,4.05138703187766,0.216073975033475,3.69625655343267,7.02694944825437,0.374770637240233
405538,405540,vru,BR,6.93299999999999,5.65009633281015,0.301338471083208,6.8064785632232,3.93042605418943,0.209622722890103,4.58058272883239,6.76128848577167,0.360602052574489
405923,405981,RB,vru,1.66700000000001,0.257655992997201,4.83104986869752,4.74748193631011,0.185509516037123,3.47830342569605,7.41947423635511,0.105522205345928,1.97854135023616
407525,407527,vru,BR,3.20200000000001,3.61621053849305,0.192864562052963,7.73338286403733,4.84317504003072,0.258302668801638,5.14669563908045,5.65139114179815,0.301407527562568
408121,408124,vru,BR,2.46700000000001,4.74196224045455,0.252904652824242,4.50979317066622,5.32291970956293,0.283889051176689,6.38549409300339,5.18093621978002,0.276316598388268
409712,409720,vru,TR,3.73299999999999,3.89544760491994,0.20775720559573,7.6813608747301,3.89696569402904,0.207838170348216,2.63058177756335,6.46626448150739,0.344867439013727
414344,414353,RT,vru,4.8,0.106515679366978,1.99716898813083,5.551981525726,0.09102511211373,1.70672085213244,4.11048641774162,0.0420942918457816,0.789267972108404
423913,423914,BR,vru,5.80100000000002,0.160922665164091,3.0172999718267,6.57025614888635,0.016543375927588,0.310188298642274,3.36122917060657,0.0818936591057403,1.53550610823263
426096,426101,BR,vru,3.4,0.1926344170974,3.61189532057625,8.21568391986636,0.176400985359699,3.30751847549435,3.25948511269881,0.048677259140375,0.912698608882031
426379,426388,vru,BR,2.80066666666667,5.38795872072889,0.287357798438874,7.90721662446709,4.81303765828905,0.256695341775416,7.13347513792074,3.90638940106237,0.20834076805666
431441,431444,BR,vru,2.4,0.190890930249394,3.57920494217613,0.96832831664042,0.166603003267288,3.12380631126166,7.65987883996347,0.130261308661141,2.4423995373964
432355,432525,RB,vru,1.73300000000002,0.175703962310204,3.29444929331632,1.85204845946782,0.181798022243017,3.40871291705656,3.82373299032366,0.147999980230664,2.77499962932494
435336,435341,vru,BR,3.73299999999999,4.38687936893408,0.233966899676484,5.1767043258136,4.67922466046206,0.249558648557976,5.48290992665428,6.1573477424177,0.328391879595611
436573,436578,RT,vru,1.6,0.203877150848823,3.82269657841543,2.22520302923479,0.261437422256946,4.90195166731774,3.10416216674918,0.16636960477293,3.11943008949244
440017,440056,RL,vru,1,0.20196555681614,3.78685419030262,2.33313679750355,0.107235852351496,2.01067223159055,8.52828236835774,0.02095063704325,0.392824444560937
440971,441012,vru,RL,0.866000000000001,14.5410126681506,0.775520675634698,6.78155010445691,15.1093936543505,0.805834328232029,1.81067243578641,6.84349386944943,0.36498633970397
440981,440983,vru,BR,2.2,4.03175275255724,0.21502681346972,5.32105428610503,3.25380179598227,0.173536095785721,3.61988932585115,6.01897104947934,0.321011789305565
441032,441034,BR,vru,3.13300000000001,0.198647398185671,3.72463871598133,5.89628149146711,0.201050245463283,3.76969210243656,3.87396080012365,0.315827092092854,5.92175797674102
441363,441372,TR,vru,3.067,7.33172773446873,0.391025479171666,4.65993583561781,8.06716336117374,0.430248712595933,4.72952841666883,5.04967101641243,0.269315787541996
447548,447561,BR,vru,3.66700000000001,0.22293066783897,4.17995002198069,4.88578965398062,0.169524420828528,3.17858289053489,6.50781144356864,0.195524375017552,3.6660820315791
448360,448362,vru,BR,2.8,3.34405248092195,0.178349465649171,4.97118294780944,4.82454445793437,0.2573090377565,3.51177852742239,5.16194341079123,0.275303648575532
449988,449989,TR,vru,2.46599999999999,0.165850285379828,3.10969285087177,6.00193184238356,0.184960057383854,3.46800107594725,3.52923701322827,0.144325642161923,2.70610579053606
451487,451488,BR,vru,3.46700000000001,0.155264164327437,2.91120308113945,7.32417333195201,0.151161601141711,2.83428002140709,3.44923196692103,0.0921109678453591,1.72708064710048
454253,454259,vru,BR,5.001,2.41753847454774,0.128935385309213,6.98867200847692,3.38865995420124,0.180728530890733,4.14897068607866,5.03482701604076,0.268524107522174
455107,455136,BR,vru,2.66699999999998,0.221480944731852,4.15276771372222,4.63307209742026,0.237243691358782,4.44831921297716,5.64798638230905,0.178307183718113,3.34325969471462
455592,455601,vru,BR,3,4.37253316625721,0.233201768867051,4.84328464556994,4.15758430139741,0.221737829407862,7.53504817998869,4.08205929788327,0.217709829220441
456993,457000,vru,BR,1.93299999999999,3.64841576194418,0.194582173970356,3.61730510296408,4.99715510368927,0.266514938863428,3.22742571420447,6.20429815231289,0.330895901456687
457261,457282,TR,vru,1,0.297371104754912,5.57570821415461,2.65351579600497,0.315760459817632,5.9205086215806,3.18319202405444,0.28429550815044,5.33054077782074
457417,457426,TB,vru,2.13300000000001,0.328033935055172,6.15063628228448,4.09296467109029,0.218577171632021,4.09832196810039,5.02990163281919,0.253513998752458,4.75338747660858
457871,457885,BR,vru,3.33299999999999,0.188281754888449,3.53028290415843,5.93394998676565,0.212134449986586,3.97752093724848,5.8013112462865,0.0582043143189109,1.09133089347958
461259,461265,vru,BR,2.4,4.07016694314181,0.217075570300897,3.96740807807884,5.02750653244835,0.268133681730579,4.12936175187811,6.56668634064666,0.350223271501155
463660,463686,vru,BR,4.26700000000001,3.31996606822475,0.177064856971987,6.42944909059609,3.8543130973189,0.205563365190341,4.48837274668122,4.24513535553862,0.22640721896206
463674,463686,vru,BR,6.66700000000001,2.05664967299986,0.109687982559993,5.69831910573672,3.08948654354643,0.164772615655809,3.79988008472962,5.04464221054582,0.269047584562443
465437,465519,RT,vru,4.06600000000002,0.0906960545412036,1.70055102264757,5.8910385996517,0.0775911565221578,1.45483418479046,0.186737104484232,2.21397696958911,41.5120681797958
466835,466837,vru,BR,7.333,4.43217066129765,0.236382435269208,8.20785662606956,3.288296769102,0.17537582768544,4.03446600271655,1.49417404625313,0.0796892824668337
466836,466837,vru,BR,4.666,3.25913704666946,0.173820642489038,7.7520527953765,3.83699234991302,0.204639591995361,4.52987900378571,5.88148837384338,0.313679379938314
467753,467758,vru,BR,4.66700000000001,2.7841119753253,0.148485972017349,7.05538689755028,2.48737884484456,0.132660205058376,4.12976853153971,5.62602918799309,0.300054890026298
468274,468305,BR,vru,9.735,0.197418541626565,3.7015976554981,7.33114804342042,0.0845642069169911,1.58557887969358,6.9762973774733,0.282032793342734,5.28811487517626
469629,469634,vru,BR,5.334,3.31586088958271,0.176845914111078,6.68543088761658,2.77248849521449,0.147866053078106,3.32528368529776,5.93105645795027,0.316323011090681
471826,471831,BR,vru,4.8,0.15553574729965,2.91629526186843,1.83874746956398,0.645427442314604,12.1017645433988,3.46924270436827,0.305403820156837,5.7263216279407
473990,473996,RT,vru,3.066,0.118373208343041,2.21949765643202,5.08041988038111,0.0935739218507263,1.75451103470112,2.58792493078769,0.117128027292657,2.19615051173731
474097,474112,BR,vru,0.532999999999993,0.540083894419612,10.1265730203677,1.72367592435739,0.542764147556789,10.1768277666898,0.316705165169242,0.246798880689881,4.62747901293526
475106,475116,vru,BR,3.334,2.89613249578887,0.154460399775407,5.89972428188292,3.03135108111303,0.161672057659361,5.14556389158406,4.8718446843684,0.259831716499648
476211,476224,BR,vru,4.06700000000001,0.198938429735168,3.73009555753441,7.59349868208551,0.193839328224874,3.63448740421638,8.36639897379612,0.170940859468648,3.20514111503715
476788,476789,BR,vru,3.53299999999999,0.207547268974425,3.89151129327047,5.80200287637068,0.181105984858904,3.39573721610446,7.66996640034113,0.188353402465881,3.53162629623526
477223,477242,vru,TB,9.00099999999999,1.27527922121556,0.0680148917981631,2.38849151465365,1.08637729948509,0.057940122639205,3.37066133536245,1.11435497892151,0.0594322655424807
477353,477448,vru,TB,9.13400000000001,1.08466239705318,0.0578486611761695,0.910202478067904,1.69120555555303,0.090197629629495,2.29528133602174,1.27678915969465,0.0680954218503813
478328,478352,TR,vru,1.93299999999999,0.204296986928171,3.8305685049032,4.971936340078,0.203081927058934,3.80778613235501,6.11506095419694,0.0936388031978195,1.75572755995912
478707,478719,vru,RT,2.2,2.00081198673876,0.106709972626067,6.01339154533753,1.19833538132153,0.0639112203371481,2.16778912687256,2.59877682728304,0.138601430788429
478814,478819,vru,BR,1.933,4.89587874918139,0.261113533289674,2.90863481072109,5.35804090483414,0.285762181591154,3.71319413374883,8.02029882566098,0.427749270701919
480177,480230,TB,vru,9.33400000000001,0.0598173304362362,1.12157494567943,2.15276253888115,0.0470471916967386,0.882134844313848,7.02589949470484,0.0106333251851588,0.199374847221728
481384,481433,BR,vru,2.46699999999999,0.189075769668641,3.54517068128702,6.36915174925542,0.184467841214216,3.45877202276656,9.99095145121485,0.133664904854804,2.50621696602758
483286,483300,BR,vru,6.8,0.113750787936969,2.13282727381816,8.03108216413922,0.108770715806765,2.03945092137685,5.90061378416296,0.0414837484884047,0.777820284157588
484613,484663,vru,BR,1.466,12.3463872356738,0.658473985902602,2.44937124758683,12.3710079374523,0.659787089997455,1.49172523134137,7.19289048562074,0.383620825899773
485559,485565,BR,vru,2.33300000000001,0.233148919458909,4.37154223985455,4.76999659332241,0.236965025700513,4.44309423188461,3.82529322607043,0.363484376662176,6.8153320624158
488434,488482,vru,TR,1.26700000000001,7.11002899712218,0.379201546513183,1.31716227741638,7.37372415072634,0.393265288038738,4.14528691468269,4.86460099916157,0.25944538662195
489356,489375,RB,vru,1.00100000000002,0.1774177775304,3.326583328695,1.72865268049781,0.177390145589221,3.32606522979789,2.8447561187919,0.12941097800754,2.42645583764138
490872,490940,RT,vru,2.99900000000001,0.12170575281331,2.28198286524956,4.29006954207738,0.116598289433762,2.18621792688304,3.14062697705867,0.109572146203313,2.05447774131213
492534,492542,BR,vru,3.2,0.219744231889198,4.12020434792247,4.60102716396319,0.210004756443448,3.93758918331465,3.45402705946135,0.342173279464475,6.41574898995891
493583,493590,vru,BR,2.26700000000001,2.56963877662042,0.137047401419756,6.84025996913073,2.88434204458055,0.153831575710963,3.76722166744994,5.78118049478887,0.30832962638874
494740,494742,BR,vru,2.93500000000001,0.16476906410167,3.08941995190632,3.52641519253494,0.26206757564424,4.91376704332951,4.45889985823189,0.418324210664242,7.84357894995453
494866,494868,vru,BR,4.533,5.24506821167159,0.279736971289152,5.79451403860542,4.80328225262608,0.256175053473391,3.73032531272955,6.71828672379847,0.358308625269252
494953,494956,BR,vru,5.6,0.210873639566745,3.95388074187647,4.31433844242372,0.144079274890283,2.70148640419281,6.08558874617969,0.182292075590639,3.41797641732448
494953,494968,BR,vru,4.6,0.262776936173897,4.92706755326057,4.5292814478978,0.153276668441283,2.87393753327406,4.73820575094436,0.240356553800829,4.50668538376555
495359,495364,BR,vru,5.667,0.301226957567494,5.64800545439051,7.49636424078455,0.277200685066494,5.19751284499676,4.81342164526674,0.288717469192709,5.4134525473633
497166,497196,LR,vru,2.333,0.269562013485348,5.05428775285027,6.21379496945572,0.322972151137938,6.05572783383633,4.44595541436972,0.176721753187515,3.31353287226591
497724,497727,vru,BR,3.06700000000001,1.64827698419575,0.0879081058237733,7.27119306270235,1.44030175472417,0.076816093585289,3.05666045361816,2.61572771366934,0.139505478062365
499209,499211,vru,BR,4.8,3.82865176051521,0.204194760560811,5.48234811578547,3.10133476988479,0.165404521060522,3.81379800297842,6.30810785085094,0.33643241871205
499676,499677,BR,vru,6.267,0.138384478017282,2.59470896282404,7.7010308883122,0.119218130296041,2.23533994305077,5.02398635839083,0.300962785831009,5.64305223433142
502258,502263,vru,BR,2.734,4.06657154793253,0.216883815889735,3.07580327749104,5.24198532617755,0.279572550729469,6.35482470678002,4.95554099795879,0.264295519891136
502488,502489,vru,BR,2.4,6.17788377069982,0.329487134437324,6.88108264172397,5.10885488968482,0.27247226078319,6.77198613285617,5.57735940812601,0.297459168433387
504355,504362,vru,LR,5.33300000000002,2.02563802798167,0.108034028159022,8.25806113218222,1.8188542041609,0.0970055575552479,1.93410377518796,5.63709243361375,0.300644929792734
505249,505263,RB,vru,1.867,0.147962779931108,2.77430212370827,3.1224459254406,0.320296687906785,6.00556289825222,4.84193492615582,0.182585035972314,3.42346942448088
505850,505851,vru,BR,3.334,2.34526207502948,0.125080644001572,7.86863721266182,1.98678076917421,0.105961641022625,3.54701270789739,2.62377618397115,0.139934729811795
511535,511536,BR,vru,3.4,0.166132497583456,3.1149843296898,5.39999418627161,0.155082700281537,2.90780063027882,4.65757095257946,0.0416325812877879,0.780610899146022
511617,511638,vru,BR,0.6,27.7705759698516,1.48109738505875,2.82751310723082,27.7705759698516,1.48109738505875,1.18505815099385,11.1047149735575,0.592251465256401
513218,513282,RT,vru,1.93333333333333,0.162359321303536,3.0442372744413,3.39899322742033,0.238605619464397,4.47385536495745,4.32652879159841,0.187247028443416,3.51088178331406
513307,513420,RT,vru,4.067,0.218142442158341,4.09017079046889,5.51336008863378,0.1494974926574,2.80307798732625,2.64119178218488,0.240458884592787,4.50860408611476
513453,513458,vru,BR,3.53299999999999,3.05587916114592,0.162980221927783,4.42225560372115,5.56132101330732,0.29660378737639,3.72394248332132,6.01309950580472,0.320698640309585
514177,514185,vru,BR,2.53299999999999,4.25894727096738,0.227143854451594,4.93910115725618,5.09079595350757,0.271509117520404,4.62737861391744,6.43941797214695,0.34343562518117
515612,515641,BR,vru,2.73399999999998,0.254493930338292,4.77176119384297,5.13174183552148,0.24436470378388,4.58183819594776,6.62956878713362,0.189205925676521,3.54761110643477
517824,517842,BR,vru,2.534,0.275723441702202,5.16981453191629,6.59754989273017,0.268107983108271,5.02702468328008,6.70763434017968,0.222454006772479,4.17101262698398
518999,519005,BR,vru,2.601,0.14618337028616,2.74093819286551,8.26436956804509,0.0472014515670995,0.885027216883115,4.20149022392084,0.0566472630333203,1.06213618187476
519230,519254,RT,vru,2,0.148857146024419,2.79107148795785,4.24052370696008,0.0215703142464321,0.404443392120603,6.27418063879422,0.189845090868289,3.55959545378041
521643,521649,RT,vru,2.4,0.148278287620397,2.78021789288245,3.62640791971763,0.171223713905706,3.21044463573199,2.96666456261546,0.220814286896133,4.14026787930249
521678,521681,vru,BR,2.6,3.63611104339587,0.193925922314446,4.01201796129035,4.54719361297853,0.242516992692188,4.31938156731761,6.23042987965335,0.332289593581512
525479,525499,vru,RT,0.533333333333333,5.16168255159789,0.275289736085221,1.31995883841492,5.53773265630819,0.29534574166977,0.525615323952836,4.73148678831617,0.252345962043529
525561,525592,BR,vru,1.33400000000001,0.380331584959252,7.13121721798597,1.2142664224226,0.37438321710552,7.0196853207285,4.461096984875,0.272595341275676,5.11116264891893
525648,525654,RT,vru,1.26700000000001,0.167783764765781,3.1459455893584,2.1397770651952,0.274964889319519,5.15559167474099,5.76827776423316,0.107824619927624,2.02171162364295
525652,525654,RT,vru,1.93400000000001,0.198360676954333,3.71926269289374,3.12886481715033,0.292528547281057,5.48491026151982,7.12677455721698,0.127879227342445,2.39773551267084
525860,525865,vru,BR,3.466,3.84089456993534,0.204847710396551,4.86698049457749,3.86692420859418,0.20623595779169,3.23770560469526,6.24131521228427,0.332870144655161
526718,526726,LR,vru,2.73299999999999,0.130000138981182,2.43750260589716,5.69756467420232,0.136245039896803,2.55459449806506,3.84405352891446,0.147703081537346,2.76943277882524
528837,528843,BR,vru,3.06700000000001,0.2951620885942,5.53428916114124,6.64894496201875,0.245597426811972,4.60495175272448,3.65537086757845,0.313968149159202,5.88690279673503
530436,530441,BR,vru,6.19999999999999,0.159118025674248,2.98346298139215,7.78680967035486,0.137890962053388,2.58545553850102,7.33239976737497,0.147615396835334,2.76778869066252
534940,534948,BR,vru,5.335,0.260891355351464,4.89171291283995,5.91208944163972,0.220256852654353,4.12981598726911,2.92795281820872,0.272206992211575,5.10388110396703
536576,536595,vru,RB,2.067,4.03256527627582,0.215070148068044,3.9464164255694,4.07239792989236,0.217194556260926,3.07625774878094,3.70809657973493,0.197765150919196
537261,537278,BR,vru,2.73400000000001,0.318363059968667,5.96930737441251,2.3097930320274,0.190594154708054,3.57364040077601,8.25548527542712,0.199373755633461,3.7382579181274
537619,537620,vru,BR,2.53299999999999,3.63716856958527,0.193982323711214,5.19234950135909,6.20931465100801,0.331163448053761,3.67384522093266,6.62914000260308,0.353554133472164
537713,537715,vru,BR,3.73399999999998,3.71574839650381,0.198173247813536,5.46271171548778,2.22358565955857,0.118591235176457,4.20631410926852,6.08638256164672,0.324607069954492
537715,537718,BR,vru,1.6,0.212049689332397,3.97593167498245,2.72060238686431,0.256829105326188,4.81554572486602,3.45294460171081,0.313234525003776,5.87314734382081
539611,539617,vru,BR,4.4,4.46198319026939,0.237972436814367,7.02234792535378,5.10780388991458,0.272416207462111,5.6568987323079,4.06121849308282,0.216598319631084
540510,540532,vru,BR,2.866,5.45917153588495,0.291155815247198,6.65653173366824,2.87110809495532,0.153125765064284,2.98810870344725,8.38007858212356,0.446937524379923
542804,542812,LR,vru,3.40100000000002,0.142275408139772,2.66766390262072,6.01662447523619,0.328284394659944,6.15533239987395,5.91169910280299,0.0326890043952756,0.612918832411417
544319,544321,vru,BR,4.867,5.18195220505933,0.276370784269831,5.58195113029689,3.73446240922693,0.199171328492103,9.8432514843023,4.18411887252262,0.22315300653454
544635,544638,BR,vru,3.06700000000001,0.123236906722618,2.31069200104909,8.19841809244859,0.134464052337692,2.52120098133172,3.38635884760799,0.175363383073063,3.28806343261993
544682,544687,RT,vru,2.33400000000001,0.179397898478323,3.36371059646856,6.57098450424201,0.181345247098091,3.40022338308921,3.21049525355556,0.0714234161886202,1.33918905353663
545878,545879,BR,vru,2.2,0.205024327607436,3.84420614263943,3.62159548152604,0.251673724929628,4.71888234243053,3.14658320550159,0.348681227437742,6.53777301445766
546777,546786,BR,vru,7.268,0.26761234146358,5.01773140244213,3.38187685160542,0.270666221036923,5.0749916444423,2.82671992894654,0.34490352234909,6.46694104404545
549120,549124,BR,vru,6.6,0.217278707765913,4.07397577061087,7.45413483597181,0.180610234816492,3.38644190280923,9.71444030800994,0.217546727472049,4.07900114010091
550365,550376,vru,BR,4.73399999999998,2.61949286005411,0.139706285869553,6.89200135291588,2.34940033631362,0.12530135127006,3.24770986444406,5.29864892571097,0.282594609371252
551270,551273,vru,BR,8.334,4.33830180000373,0.231376096000199,5.99373985622901,3.20790623928386,0.171088332761806,4.50100247071771,6.81189156668209,0.363300883556378
551273,551287,BR,vru,2.93300000000001,0.203563253851322,3.81681100971229,4.99043630156938,0.153820048553682,2.88412591038154,7.16106380268401,0.157551279333924,2.95408648751107
551538,551566,RT,vru,7.2,0.105661841821789,1.98115953415854,4.88604157263625,0.0975311035097561,1.82870819080793,4.32869887267606,0.126780853273672,2.37714099888135
551890,551894,BR,vru,4.66700000000001,0.187151555347201,3.50909166276002,5.77932172204086,0.167680395011561,3.14400740646678,3.27414853605369,0.32236102604465,6.04426923833718
551965,551966,BR,vru,4.06800000000003,0.193569289957015,3.62942418669404,4.94730568452555,0.147346297078617,2.76274307022408,5.22533837112505,0.332901563782836,6.24190432092817
552124,552129,vru,BR,2.53400000000001,3.81193629985882,0.203303269325804,3.6181920830174,5.28009807910723,0.281605230885719,3.85449498925945,6.35146617652614,0.338744862748061
552342,552364,RT,vru,1.4,0.115944873778322,2.17396638334354,5.61629942849747,0.129073819931191,2.42013412370983,2.22230786401387,0.13646903727758,2.55879444895463
552996,552997,BR,vru,8.268,0.239744673488612,4.49521262791147,6.30435561558264,0.195163007939526,3.65930639886612,3.77782617935609,0.388614427098719,7.28652050810098
553518,553519,BR,vru,2.133,0.175908950288541,3.29829281791015,3.48757346323624,0.231995590591334,4.34991732358751,3.97184255448265,0.285684158651263,5.35657797471118
553647,553669,BR,vru,2.73299999999999,0.209276708140918,3.92393827764221,5.61323365067485,0.201962168803108,3.78679066505828,8.22320107126991,0.146391088860608,2.74483291613641
555222,555226,vru,RB,8.801,1.30019264456168,0.0693436077099565,5.42551447346448,1.47887005389518,0.0788730695410762,9.23279466660463,1.35939357627191,0.072500990734502
555781,555823,BR,vru,2,0.17014700741204,3.19025638897575,4.62335534712259,0.193490738780534,3.62795135213502,5.89542772920789,0.0464612569061518,0.871148566990346
556430,556435,RT,vru,4.46699999999999,0.0554897827118444,1.04043342584708,7.9969526577855,0.0673178671153544,1.2622100084129,7.57076083647573,0.069216104275483,1.29780195516531
556462,556473,vru,LR,2.53299999999999,6.55386943790417,0.349539703354889,4.5648523309832,3.95135643058758,0.210739009631337,7.74933051497193,4.36343774839912,0.23271667991462
558233,558240,BR,vru,3,0.29902874341763,5.60678893908056,5.296128574974,0.252765568875895,4.73935441642304,6.36585864048338,0.267334007977236,5.01251264957317
558453,558551,RB,vru,0.866000000000001,0.313824337470559,5.88420632757298,1.27208836281956,0.33425100343091,6.26720631432956,0.0256385149749913,0.312137893908767,5.85258551078938
559234,559272,vru,TB,5.136,6.02572785143438,0.3213721520765,6.1836738248162,6.25308720931392,0.333497984496743,3.97924373491182,4.5182540235001,0.240973547920005
560139,560155,vru,LR,2.733,1.81797564442553,0.0969587010360284,6.16462822699497,2.11263424901582,0.112673826614177,4.39560947850047,1.54208944766283,0.0822447705420178
560510,560521,vru,LR,4.46599999999999,1.87923504615943,0.100225869128503,6.58866523182873,2.61393089295473,0.139409647624252,2.97510785434678,2.27792238419178,0.121489193823562
560673,560682,BR,vru,0.334000000000015,0.50001561442447,9.37529277045881,2.4930390868902,0.508587203340722,9.53601006263854,1.39207477121683,0.3131905372787,5.87232257397562
561302,561309,BR,vru,2.6,0.367517870672205,6.89096007510385,1.78076355937035,0.368615969056571,6.9115494198107,6.03556358004693,0.21807945200852,4.08898972515975
561383,561427,vru,TB,8.93399999999999,2.80461925297613,0.14957969349206,2.87537376338694,2.85509009323909,0.152271471639418,5.35246983486573,2.52964420195579,0.134914357437642
562497,562506,vru,BR,9.266,4.06836241108677,0.216979328591294,4.82378330652438,2.53295684377097,0.135091031667785,3.65770418672985,8.81662973264503,0.470220252407735
565271,565283,vru,BR,2.46599999999999,1.69768350999569,0.0905431205331034,5.57455961250334,4.77905031499041,0.254882683466155,3.93009021610735,4.61496831166549,0.246131643288826
565540,565558,BR,vru,3.26700000000001,0.189250923554619,3.54845481664911,6.01698938104586,0.237335713064576,4.4500446199608,5.49811255695118,0.235047900355403,4.4071481316638
566977,566995,BR,vru,2.6,0.277472182641448,5.20260342452715,5.80572002395685,0.271023190228568,5.08168481678566,4.75457860547549,0.236495304388077,4.43428695727645
567125,567170,vru,TB,2.467,5.27702464723577,0.281441314519241,4.86446671022097,5.25312338919829,0.280166580757242,6.66147528437044,3.02871826812103,0.161531640966455
570224,570249,BR,vru,5.40000000000001,0.184117179442076,3.45219711453892,7.1103739360799,0.157764796201133,2.95808992877124,7.31150429336605,0.165729514079387,3.10742838898851
571545,571556,BR,vru,7.33500000000001,0.120212150939924,2.25397783012358,3.69000065105244,0.105826549874395,1.98424781014491,4.38300373739759,0.263973760647211,4.94950801213521
571759,571772,RT,vru,3.46899999999999,0.175763535352075,3.2955662878514,3.92002902917471,0.105228984129489,1.97304345242791,2.58228589508121,0.0549137949180926,1.02963365471424
571759,571773,RT,vru,4.66899999999999,0.12139262489706,2.27611171681988,5.01022509934173,0.0151484490451295,0.284033419596177,2.2902551241102,0.126573715163309,2.37325715931205
574864,574895,vru,BR,2.93500000000001,3.0601235774269,0.163206590796102,3.31550773735006,4.21311791019566,0.224699621877102,3.98275242484953,5.32380750165288,0.283936400088154
576229,576273,TR,vru,0.8,0.323006265650462,6.05636748094617,1.86013599953428,0.328323586632784,6.1560672493647,1.52950660256539,0.265275428562669,4.97391428555004
576719,576742,BR,vru,2.86700000000001,0.229889916085107,4.31043592659575,5.70982255741062,0.20464609813117,3.83711433995944,7.57081391498709,0.164312421917472,3.0808579109526
577794,577810,BR,vru,2.4,0.281329585892695,5.27492973548803,4.31534956146493,0.159253809221876,2.98600892291017,5.60213274547757,0.216999101114752,4.0687331459016
582020,582035,BR,vru,5.666,0.212941785905347,3.99265848572526,3.76200489100693,0.197486570313466,3.70287319337749,6.797135108072,0.137219988643334,2.57287478706252
584747,584757,RT,vru,1.667,0.0814677167763454,1.52751968955648,4.69368302255814,0.107321721847636,2.01228228464318,3.34398927319098,0.0567783072721712,1.06459326135321
585071,585073,vru,BR,4.93299999999999,4.40406234865865,0.234883325261795,6.37848868966239,3.37727368472146,0.180121263185144,4.05714567289941,7.28068003769275,0.388302935343613
587897,587916,vru,BR,5.6,1.47377092887166,0.0786011162064888,2.05510977660757,1.86575047087583,0.0995066917800443,4.25605832037534,2.79058926535687,0.1488314274857
588502,588503,vru,BR,2.8,4.81813544480868,0.25696722372313,4.94151965673203,7.87137794684102,0.419806823831521,3.00473702676926,8.19598275479976,0.437119080255987
591378,591389,RT,vru,8.33299999999999,0.228373200476856,4.28199750894104,6.92263971767032,0.0494525107041693,0.927234575703175,6.11225551017314,0.0473970182449069,0.888694092092004
591607,591608,vru,TR,8.26599999999999,4.05147060916629,0.216078432488869,7.13959016595242,3.9466722716675,0.210489187822266,5.95340696485212,2.90054168303331,0.154695556428443
592975,592983,vru,BR,2.868,4.69247836109892,0.250265512591942,3.95657100902046,4.85912104695138,0.259153122504073,4.04375359911454,6.78819252285605,0.362036934552323
594671,594674,vru,BR,2.6,4.60961314545508,0.245846034424271,3.89262390219764,5.76060272180695,0.307232145163037,3.88452165028556,6.36727362852052,0.339587926854428
595719,595736,RT,vru,2.73299999999999,0.0960630255800859,1.80118172962661,4.69656497551906,0.229090329149812,4.29544367155897,2.63973783431372,0.229674128318663,4.30638990597493
596055,596067,vru,BR,3.2,3.29401886434436,0.175681006098366,3.43641281957965,4.76505492932488,0.254136262897327,3.0069001482313,7.22991712687973,0.385595580100252
596354,596356,BR,vru,4.86700000000001,0.108227728978375,2.02926991834453,4.07287426550043,0.126913017142149,2.3796190714153,3.92920672648581,0.159354650210894,2.98789969145426
596354,596367,BR,vru,2.934,0.137134760542765,2.57127676017684,4.28095573863677,0.2222933134896,4.16799962793,5.04684477452185,0.118815463849366,2.22778994717561
596704,596708,vru,BR,5.468,2.58878819461975,0.138068703713054,8.27455719038084,0.546137672768153,0.0291273425476348,3.48779367495858,3.41652387626265,0.182214606734008
599751,599754,BR,vru,3.934,0.277780865529759,5.20839122868299,7.15476766091633,0.250395542936692,4.69491643006297,4.59502003626087,0.267341560600402,5.01265426125753
599751,599757,BR,vru,2.734,0.266961181820301,5.00552215913064,5.13858581251603,0.261558274054706,4.90421763852575,5.16039306044823,0.261043258732199,4.89456110122873
607626,607654,vru,BR,3.934,4.33644592257936,0.231277115870899,5.39431681989768,5.37126890472371,0.286467674918598,4.60866539933821,5.80692259491449,0.30970253839544
610634,610651,RT,vru,2.86600000000002,0.0725583343957751,1.36046876992078,2.93320494503581,0.207227500728819,3.88551563866536,6.0995434692036,0.108195519997394,2.02866599995114
610634,610657,RT,vru,3.53399999999998,0.0720914746009732,1.35171514876825,3.86094683072574,0.158655962641541,2.97479929952889,7.09471555734589,0.0808447092271391,1.51583829800886
611307,611310,vru,BR,3.4,4.05769600463376,0.216410453580467,5.56543828405135,4.44034118603989,0.236818196588794,3.03893449987758,7.03882713240576,0.375404113728307
612794,612795,LR,vru,2,0.237651074901742,4.45595765440766,5.95960156472239,0.226479706638125,4.24649449946484,3.02932111694501,0.202728764228542,3.80116432928517
614756,614759,BR,vru,4.93399999999998,0.128110107895569,2.40206452304191,3.93170960980232,0.137574481086373,2.5795215203695,5.84377711241897,0.113197887827987,2.12246039677475
616037,616038,vru,BR,2.53299999999999,6.31133740498035,0.336604661598952,5.40425356325624,7.49383294433539,0.399671090364554,4.76307723391424,6.48454526629343,0.345842414202316
618497,618511,BR,vru,3.2,0.146673397153545,2.75012619662896,5.13831688704214,0.143414688897801,2.68902541683378,2.94428579514805,0.171578271906126,3.21709259823986
618985,619032,BR,vru,9.868,0.233463371295366,4.37743821178811,6.96847335848513,0.211089492323943,3.95792798107393,8.91365714304343,0.123972165909898,2.32447811081058
618985,619034,BR,vru,8.334,0.232841752764656,4.3657828643373,5.27954343403221,0.195743802803976,3.67019630257456,8.33914160149732,0.127204276945741,2.38508019273264
619638,619655,vru,BR,8.80099999999999,2.70942575980687,0.1445027071897,3.18151869760789,3.57134284848684,0.190471618585965,5.64409283744314,5.57394113415093,0.297276860488049
619771,619779,vru,BR,3.8,2.87813747195165,0.153500665170755,6.018753175803,2.12419255751751,0.113290269734267,3.54699491223476,5.2176073310261,0.278272390988059
619779,619781,BR,vru,4.66700000000001,0.196284439779085,3.68033324585785,5.49687799699063,0.163991743438259,3.07484518946735,3.08500654448701,0.302934408736267,5.68002016380501
621135,621139,vru,BR,2.60099999999999,4.0753757824942,0.217353375066357,4.16796075144238,4.97109784396759,0.265125218344938,4.7299382555302,6.02822381332595,0.321505270044051
622208,622217,vru,BR,4.33399999999998,1.75405609492069,0.0935496583957702,4.42937175936991,5.17237479957577,0.275859989310708,6.32074789183055,2.42497606486019,0.129332056792543
622827,622834,BR,vru,7.201,0.149490017748842,2.8029378327908,7.14740882462619,0.125140500927666,2.34638439239374,4.6239059506824,0.0672344468274758,1.26064587801517
625386,625406,vru,BR,5.668,1.35411477858709,0.0722194548579779,4.43804482582678,3.21765046862799,0.171608024993493,4.26734572821881,4.79241407921254,0.255595417558002
625404,625406,vru,BR,3.66700000000001,2.6549515557907,0.141597416308837,4.78758700124729,3.3324569745213,0.177731038641136,5.76753821809679,4.65948403976126,0.248505815453934
625896,625899,vru,BR,2.6,3.77634922105355,0.201405291789522,5.58055301584341,3.5187025065867,0.187664133684624,2.51536217613781,8.91659767674346,0.475551876092985
625972,625992,TR,vru,1.33399999999998,0.20235212364725,3.79410231838594,2.85677086698869,0.202043630687591,3.78831807539233,6.66687895030711,0.121411657863174,2.2764685849345
626830,626847,BR,vru,3.26800000000003,0.133036719407807,2.49443848889637,7.24657647152539,0.0969580368107973,1.81796319020245,5.67083808443404,0.108219184485108,2.02910970909577
627063,627068,BR,vru,5.66599999999999,0.169042853227258,3.16955349801109,8.13420171364537,0.169042853227258,3.16955349801109,3.86111556450932,0.185558079130695,3.47921398370053
627150,627151,BR,vru,4.4,0.253117803902081,4.74595882316401,5.54915474592197,0.240912264589076,4.51710496104517,3.589903089804,0.42221735034019,7.91657531887856
627256,627257,BR,vru,2.86700000000001,0.306940616891657,5.75513656671857,5.673994278902,0.287901882148827,5.39816029029051,7.1194942626352,0.255949691023535,4.79905670669128
628659,628665,BR,vru,2.467,0.270018938715919,5.06285510092349,5.38714521546353,0.258145859883343,4.84023487281268,5.16006381499576,0.217625000721966,4.08046876353686
628844,628845,BR,vru,4.6,0.283281786212051,5.31153349147596,8.34455868177213,0.166853183769453,3.12849719567724,7.38010631875586,0.235395699832187,4.4136693718535
629688,629698,BR,vru,3.46700000000001,0.180116035108338,3.37717565828134,5.49103496348443,0.183702701610629,3.4444256551993,4.76673324813011,0.258733132995851,4.85124624367221
631864,631883,vru,BR,7.33399999999998,2.76691229246037,0.147568655597887,3.1819068861122,1.59072141593752,0.0848384755166676,3.07942762640674,5.43966897616882,0.290115678729004
631879,631883,vru,BR,6.20099999999999,1.66402577050599,0.0887480410936526,8.38866338303367,1.25561158319513,0.0669659511037401,4.00242810932422,3.258565383397,0.173790153781173
631883,631886,BR,vru,4.80099999999999,0.112714101949125,2.1133894115461,7.49719130313755,0.100365641240105,1.88185577325196,4.59884847679541,0.130209209229333,2.44142267304999
631883,631890,BR,vru,3.53300000000002,0.127349155643499,2.38779666831561,7.92748394747393,0.119816964755298,2.24656808916183,6.8492473102125,0.059556306737135,1.11668075132128
632244,632249,vru,BR,4.13300000000001,2.04633786404844,0.109138019415917,6.90347325303669,1.50903794895963,0.0804820239445137,2.04070741842409,3.63982429790895,0.194123962555144
633562,633569,BR,vru,4.80099999999999,0.238069257418933,4.463798576605,7.74950704517291,0.238069257418933,4.463798576605,3.5790128589307,0.268858170462293,5.041090696168
634006,634011,vru,BR,4.53400000000001,4.99863742550154,0.266593996026749,8.36404339280667,4.27286011460034,0.227885872778685,4.13402938180963,8.71710435580799,0.46491223230976
634608,634626,BR,vru,2.13400000000001,0.141690137570595,2.65669007944866,6.18654760382701,0.163756047127753,3.07042588364537,5.50123950524703,0.0740121358558283,1.38772754729678
635462,635472,vru,BR,2.53300000000001,3.60767343442106,0.19240924983579,4.37483347638213,4.86805378748613,0.259629535332594,5.39662706815251,3.85800159227995,0.205760084921597
635466,635472,vru,BR,4.20099999999999,3.05904034976171,0.163148818653958,5.400414853266,3.49178669445151,0.186228623704081,4.34700089490792,4.74975475122876,0.253320253398867
635472,635478,BR,vru,6.534,0.10730442233399,2.01195791876232,8.65124821909406,0.0886017515372387,1.66128284132323,4.75193250212196,0.127563225323837,2.39181047482194
636970,636981,vru,BR,2.6,4.00463296334316,0.213580424711635,5.83454010355547,3.54932462336957,0.189297313246377,2.85053149795559,5.85085298745502,0.312045492664268
637723,637746,BR,vru,1.067,0.407218868493246,7.63535378424836,1.47366532872824,0.41542965215735,7.78930597795031,3.90868358650221,0.302947298266437,5.6802618424957
638462,638471,BR,vru,4.73399999999998,0.093729026778884,1.75741925210407,8.1215168251238,0.0891544305462871,1.67164557274288,5.68093132315117,0.102147529866031,1.91526618498807
639193,639197,vru,BR,3.73399999999998,1.98287152702189,0.105753148107834,1.70362014885059,3.85841742016374,0.205782262408733,3.84577887113153,3.82892440652689,0.204209301681434
641358,641372,vru,BR,8.135,4.11521645333545,0.219478210844558,6.63079832112949,3.46163582301601,0.18462057722752,4.60358582180528,6.4866763037526,0.345956069533472
641392,641398,BR,vru,2.2,0.24958179482343,4.67965865293931,4.78887529919211,0.266749595992931,5.00155492486746,3.8876529769666,0.289769451357153,5.43317721294663
642316,642360,vru,LR,2.333,3.19085186825766,0.170178766307075,5.84231722380064,3.81604213773427,0.203522247345828,3.25657670626813,3.23260229769886,0.172405455877272
642356,642360,vru,LR,4.067,2.87941687747112,0.153568900131793,8.37232620271318,2.66410672964962,0.14208569224798,5.76703739799563,1.79622199430445,0.0957985063629039
642470,642471,vru,BR,3.066,3.32867803890759,0.177529495408405,5.69760304085792,2.77347655967652,0.147918749849415,4.46655419783933,5.4929995588353,0.292959976471216
644998,645045,vru,BR,2.13299999999999,2.10700395263719,0.11237354414065,2.26543755127148,3.50315467976693,0.186834916254236,4.47390654145914,3.59133338185792,0.191537780365756
645738,645748,BR,vru,6.46700000000001,0.152441517530538,2.85827845369759,6.74916599921545,0.141273926866221,2.64888612874164,3.39456768213509,0.108190481910535,2.02857153582253
645738,645750,BR,vru,4.33400000000001,0.0852239042223566,1.59794820416919,4.64411239803876,0.173794921181083,3.2586547721453,4.55976823192842,0.108933434465041,2.04250189621951
646119,646131,vru,BR,7.33500000000001,3.89684947943991,0.207831972236795,6.56128101973522,1.85339732153924,0.0988478571487594,4.24479565539827,6.65323847685024,0.354839385432013
648459,648469,vru,BR,3.26699999999999,1.79104224236707,0.0955222529262437,9.23204123921805,1.73689791612863,0.0926345555268604,2.44832483835608,5.10120733199542,0.272064391039756
648468,648469,vru,BR,2.466,2.1039160787899,0.112208857535461,8.34888088784559,3.82799224523799,0.204159586412693,2.57716080301344,5.10614893036211,0.272327942952646
650073,650075,BR,vru,3.13400000000001,0.217663749508461,4.08119530328365,4.44309670273283,0.286558747588968,5.37297651729315,3.84748132030124,0.301182624091181,5.64717420170964
651903,651908,BR,vru,3.534,0.21016937829333,3.94067584299993,5.47218698460521,0.201117796043969,3.77095867582442,4.53361933552522,0.184723788041284,3.46357102577408
653799,653801,vru,BR,1.26699999999998,4.14855027437132,0.221256014633137,1.55719799592367,5.29497233081393,0.282398524310076,2.02313739158701,6.02627388313854,0.321401273767389
653998,654059,vru,BR,7.934,2.28908858931405,0.122084724763416,2.3297972558673,1.78187347654925,0.0950332520826265,2.75271765109112,3.70521395654543,0.197611411015756
654059,654061,BR,vru,5.866,0.0888772374531246,1.66644820224609,5.0046737846617,0.0879670664042159,1.64938249507905,4.44332819599667,0.102998336701368,1.93121881315066
654329,654334,BR,vru,3,0.120988543362262,2.26853518804241,8.17556123880014,0.110340864528212,2.06889120990398,2.7359068851548,0.162119150639938,3.03973407449883
654906,654913,vru,BR,3.734,2.69710074222188,0.143845372918501,6.26543378579345,2.86920550026096,0.153024293347251,3.41511394779431,6.85204769296634,0.365442543624872
655193,655195,vru,TR,2.6,3.9617925209069,0.211295601115034,5.98187976599023,3.94292061699954,0.210289099573309,2.60975144678232,3.63879492721268,0.194069062784676
655234,655235,vru,BR,1.468,9.07121576036739,0.483798173886261,3.60262253674875,8.17950216216267,0.436240115315343,1.8332244099505,7.90196997213463,0.421438398513847
655250,655261,RT,vru,3.4,0.164866775014391,3.09125203151983,4.95548084961478,0.180337249089029,3.3813234204193,4.63000651117334,0.175542477659949,3.29142145612404
657239,657247,BR,vru,2.6,0.196942217361812,3.69266657553398,5.12454634453671,0.279048664511208,5.23216245958515,7.15972156325042,0.171213581279431,3.21025464898933
657261,657288,RB,vru,4.534,0.0706883841755029,1.32540720329068,5.55766570427288,0.0922210377040318,1.7291444569506,4.31878852973109,0.0743491782376831,1.39404709195656
658493,658500,TR,vru,1.067,0.297989964949613,5.58731184280524,3.00648020453976,0.306958387427212,5.75546976426022,6.32732381132648,0.0969681177060373,1.8181522069882
659161,659162,BR,vru,4.467,0.196682388729737,3.68779478868257,4.63418145383285,0.179785626001002,3.37098048751879,3.92922610987462,0.351492474703229,6.59048390068554
660929,660932,vru,TR,3.2,4.27370619013379,0.227930996807135,8.3491928682058,4.27029366932561,0.227748995697366,3.78233839606266,5.08787008596147,0.271353071251279
662724,662731,BR,vru,4.468,0.301510434893766,5.65332065425812,6.77305750911604,0.234401008239595,4.3950189044924,4.36341362469752,0.244231237910448,4.5793357108209
663801,663808,RT,vru,3.53300000000002,0.0857418504989604,1.60765969685551,5.64955758341776,0.193170342668927,3.62194392504238,3.5161060821266,0.201116621849707,3.77093665968201
663986,663989,BR,vru,2.46600000000002,0.20516429758764,3.84683057976826,4.51680454470683,0.269458923779736,5.05235482087005,5.32659858494785,0.300154452489696,5.62789598418181
664570,664593,RT,vru,3.26700000000001,0.130692583268759,2.45048593628923,5.40226294003426,0.113735709328012,2.13254454990022,2.63600342823891,0.269222757970807,5.04792671195263
664622,664624,vru,LR,4.2,2.72449625322417,0.145306466838622,6.1263397489593,2.70868126052159,0.144463000561151,2.76765166722197,3.09926791904046,0.165294289015491
665719,665721,vru,BR,2.468,5.14862854954189,0.274593522642234,5.10893912262641,5.49007825658179,0.292804173684362,4.81366564815497,5.63221668571917,0.300384889905022
667957,667958,vru,BR,3.13299999999999,3.32872685725109,0.177532099053391,4.43331731499996,4.12818810234196,0.220170032124904,5.2212628346603,5.3838252815796,0.287137348350912
669379,669383,vru,BR,3,3.26733802975166,0.174258028253422,6.73671567954773,3.36598168925597,0.179519023426985,2.70572373077126,5.89804321572347,0.314562304838585
670537,670560,vru,BR,3.33400000000001,3.17971548549838,0.169584825893247,4.41081048103578,4.30123154344627,0.229399015650468,3.4099519415234,6.72938633383879,0.358900604471402
670963,670964,vru,BR,3.2,3.13915096611574,0.167421384859506,8.42415508523432,2.60696682960082,0.139038230912044,3.14020624763252,1.29494428863502,0.069063695393868
671067,671073,vru,BR,1.93299999999999,5.08929334121108,0.271428978197924,3.58719252773133,4.99222741683948,0.266252128898106,3.05800206356648,9.11986387031632,0.486392739750204
671794,671801,RT,vru,4,0.169195716777441,3.17241968957702,4.95280758728169,0.195257026389463,3.66106924480244,4.43182705329864,0.169097354200438,3.1705753912582
674829,674852,RB,vru,2,0.158989996310355,2.98106243081916,4.76371339874775,0.22992328648142,4.31106162152663,4.23059281904454,0.0948659051284059,1.77873572115761
680181,680182,BR,vru,0.733999999999999,0.338051914982122,6.33847340591478,0.649025311507548,0.394896082374503,7.40430154452193,0.770713303264313,0.286296202760282,5.36805380175529
683776,683777,vru,BR,3.066,3.82633457454583,0.204071177309111,6.64031550691062,5.55142220140603,0.296075850741655,4.25621884456808,6.50223560419031,0.34678589889015
685646,685649,BR,vru,3,0.130711130522961,2.45083369730551,8.47465288688308,0.0711991447432585,1.3349839639361,3.98267400719606,0.225986211014833,4.23724145652811
686534,686544,BR,vru,3.066,0.222617784843118,4.17408346580845,6.48590698973024,0.200953032483002,3.76786935905628,6.55733894880622,0.205590016777787,3.85481281458351
686761,686771,vru,BR,2.86700000000001,2.87923719402458,0.153559317014644,5.59702869767751,3.93672034707197,0.209958418510505,3.27354448340999,1.10365318666804,0.0588615032889623
686768,686771,vru,BR,3.73300000000001,3.21127117398833,0.171267795946044,6.53616971016289,2.99491491253758,0.159728795335337,3.57362525848507,5.55145094246136,0.296077383597939
689258,689264,vru,BR,1.8,2.15768281411374,0.115076416752733,0.582535749799081,2.4658914496318,0.131514210647029,2.96175768025519,2.74378409089166,0.146335151514222
689501,689504,vru,BR,4.4,5.34708265838411,0.285177741780486,7.36943296655916,4.35834678306493,0.232445161763463,3.22593617538698,7.80432225810996,0.416230520432531
689502,689504,vru,BR,3.06699999999998,3.35694740639984,0.179037195007992,6.01997820008896,4.73808144234835,0.252697676925245,3.36122009678514,5.26068318750961,0.280569770000513
690196,690230,vru,BR,2.535,4.77814236832482,0.25483425964399,6.01787861742506,4.26108556350148,0.227257896720079,6.27441647105252,3.81023988047338,0.203212793625247
690605,690614,BR,vru,2.801,0.221415391236719,4.15153858568848,4.91939789656286,0.208484060249147,3.9090761296715,5.18143356096012,0.195535076021291,3.66628267539921
692938,692972,vru,BT,0.532999999999993,11.6232611669518,0.619907262237429,2.64075559193157,9.88724087231173,0.527319513189959,1.66211247960631,11.1698977534962,0.595727880186466
693843,693844,vru,BR,2.6,4.64245590673411,0.247597648359153,4.08375150967,4.99641074445309,0.266475239704165,3.07249461625204,8.14527926219442,0.434414893983703
696571,696575,vru,BR,9,3.57984606690954,0.190925123568509,6.40794737855501,2.6803979560581,0.142954557656432,5.34623144397182,6.58997674682748,0.351465426497466
696870,696873,vru,BR,2.26699999999999,4.6996080876997,0.250645764677317,5.86455261077653,4.06420404597483,0.216757549118658,3.02844071120665,7.13345996373586,0.380451198065913
697753,697757,BR,vru,1.86599999999999,0.213490066306042,4.0029387432383,3.21433429818119,0.180174001537591,3.37826252882983,3.66104469457111,0.280316557804706,5.25593545883824
698554,698556,TR,vru,3.13499999999998,0.138221329454973,2.59164992728074,6.60367825339198,0.180990581933037,3.39357341124445,3.51985297038152,0.175007313329685,3.28138712493159
700879,700886,BR,vru,2.533,0.236863585269416,4.44119222380154,4.0762676891536,0.288168119816945,5.40315224656772,4.41892847485576,0.19161545383056,3.59278975932301
702916,702918,vru,BR,2.53299999999999,5.24560598899631,0.27976565274647,4.70930327026403,3.49157096288694,0.186217118020637,2.70500401161303,9.4519015703235,0.50410141708392
703269,703273,BR,vru,4.93300000000001,0.218875407597821,4.10391389245914,5.64089014025468,0.149353569038385,2.80037941946972,4.13887402029097,0.274294696660115,5.14302556237717
703302,703303,vru,BR,2.26700000000001,4.6899194507478,0.250129037373216,4.66921900983187,4.05888453713241,0.216473841980395,2.957519360319,8.17313691740987,0.435900635595193
704846,704851,vru,TR,2.267,3.99097766204792,0.212852141975889,6.08453277064849,4.7032559694333,0.250840318369776,3.77396004372702,3.28539842946833,0.175221249571644
705081,705089,vru,BR,6.2,2.94921090410449,0.157291248218906,6.93897455933088,1.59934939833605,0.0852986345779227,3.62575799230106,6.14684143072091,0.327831542971782
706948,706949,vru,BR,4,3.91392969651024,0.208742917147213,6.28966986890413,3.73821893567814,0.199371676569501,4.23644885468514,3.36710992106322,0.179579195790039
707695,707748,RT,vru,2.73300000000002,0.173119495075203,3.24599053266005,4.9827818216187,0.175769653660832,3.29568100614061,2.7203140894021,0.243874939110426,4.57265510832049
708187,708209,vru,BR,5.13400000000001,1.71273414738566,0.0913458211939017,6.00833182892727,0.739195496124672,0.0394237597933158,4.25168908972159,0.639774790516022,0.0341213221608545
708384,708385,vru,BR,3.134,3.77620383719758,0.201397537983871,4.57289500281984,3.24276376311117,0.172947400699263,4.13907882900539,5.13049392570008,0.273626342704004
709308,709334,RT,vru,1.4,0.0858075927682602,1.60889236440488,3.08682426869277,0.0969152384134259,1.81716072025174,3.12646370619967,0.123663283610727,2.31868656770113
712191,712204,BR,vru,2.13400000000001,0.233380938566746,4.3758925981265,5.69887571904581,0.235933152734732,4.42374661377622,5.55172204923467,0.176109574752145,3.30205452660272
715522,715538,BR,vru,3.13299999999999,0.225668678570212,4.23128772319147,4.73909471863323,0.227748505717166,4.27028448219687,8.99164246632308,0.149299629766206,2.79936805811637
716125,716128,BR,vru,1.93400000000001,0.404267585187556,7.58001722226667,5.07669607380749,0.356874795752002,6.69140242035004,4.63584158673872,0.291491300623443,5.46546188668956
716212,716266,BR,vru,1.86700000000001,0.17850359197727,3.34694234957382,6.51617798148845,0.102881923672066,1.92903606885123,5.23456653052588,0.0948519948302754,1.77847490306766
716557,716563,vru,BR,3.601,2.20729890914014,0.117722608487474,9.39022164335258,1.84956238692883,0.098643327302871,3.85623792304987,2.64563681346103,0.141100630051255
717691,717698,BR,vru,4.067,0.183015040372911,3.43153200699208,7.18890254086698,0.158041224014892,2.96327295027923,6.7862546909812,0.208385184813792,3.90722221525861
717923,717929,vru,BR,4.73299999999999,2.10330045692768,0.112176024369476,8.26044736986598,2.1068788815268,0.112366873681429,4.60342938939872,3.90880551051433,0.208469627227431
717986,717999,vru,BR,4.468,2.2115204600723,0.117947757870523,4.20669124381647,4.19031343602768,0.22348338325481,4.50971556756837,5.38399480710894,0.287146389712477
718749,718753,BR,vru,4.13299999999999,0.292770604981929,5.48944884341117,4.83135096785657,0.256371627730667,4.80696801995,4.5776393128378,0.261009143497186,4.89392144057224
718749,718755,BR,vru,3.6,0.307222822511097,5.76042792208308,4.94303560403358,0.267627259766982,5.01801112063092,3.99126434768103,0.247380266079241,4.63837998898577
718962,718963,BR,vru,3.666,0.338278576607446,6.34272331138962,7.19967323690687,0.286788662493951,5.37728742176159,5.33605061194124,0.286677759596426,5.37520799243298
719077,719078,RT,vru,2.6,0.0972288189650299,1.82304035559431,2.83206189652828,0.205537548370654,3.85382903194976,5.04109110750896,0.161972383626609,3.03698219299892
719827,719834,BR,vru,1.43366666666667,0.165277575588439,3.09895454228323,3.11960725979563,0.0348766806038489,0.653937761322167,0.882868373193774,0.165277575588439,3.09895454228323
721442,721479,vru,LR,7.99999999999998,2.01323812944776,0.107372700237214,3.71025977473174,1.24428681690427,0.0663619635682277,4.07130001893255,3.60781979661733,0.192417055819591
721543,721593,RB,vru,8.66600000000002,0.105816229679587,1.98405430649227,8.29299739180109,0.111985149186032,2.0997215472381,5.31439153344996,0.0993310862055279,1.86245786635365
721794,721799,BR,vru,3,0.259675198090628,4.86890996419927,6.71987407405908,0.219651495648647,4.11846554341213,5.68433635311122,0.22829966389463,4.2806186980243
722302,722304,vru,BR,2.934,3.77936908896205,0.20156635141131,5.58720620405092,4.33679173003373,0.231295558935132,4.67083361634329,5.83446404533577,0.311171415751241
724104,724110,TR,vru,2.8,0.238958590306056,4.48047356823855,6.09808697460349,0.241468933619438,4.52754250536447,2.73513055045218,0.153931274855321,2.88621140353728
726716,726717,RT,vru,2.46700000000001,0.0624617669204579,1.17115812975859,8.62502061300012,0.128670350998185,2.41256908121597,4.05444447159064,0.108969361711135,2.04317553208379
729515,729516,BR,vru,2.06700000000001,0.358763878761265,6.72682272677371,5.23273426847093,0.302429592495914,5.67055485929839,5.94356879055103,0.285571422614097,5.35446417401431
730108,730109,BR,vru,2.93399999999998,0.387064301956324,7.25745566168107,5.09857351709321,0.292864320204395,5.49120600383241,3.47413909781106,0.314418087221408,5.89533913540139
734100,734110,vru,BR,2.2,4.86988372605155,0.259727132056083,5.87246710707067,5.57838292668181,0.297513756089697,3.08077813656604,10.0762881213003,0.537402033136016
735141,735162,RT,vru,1.33399999999998,0.235542367418284,4.41641938909282,3.02145150218839,0.244953467026895,4.59287750675428,3.26894781811678,0.224179520519131,4.2033660097337
735641,735648,BR,vru,2.33299999999999,0.251423698369778,4.71419434443333,5.3065289560977,0.231945354439968,4.34897539574941,7.47500521050421,0.167325245002498,3.13734834379684
737080,737116,RT,vru,2.467,0.283464139205204,5.31495261009758,4.16253541283379,0.150525706257306,2.82235699232449,2.67383609332754,0.307234968774037,5.76065566451319
737191,737194,BR,vru,2.935,0.252495294558998,4.73428677298122,8.55531688218258,0.225100995178364,4.22064365959433,3.63413772598865,0.04909457448596,0.920523271611751
737363,737372,vru,BR,2.2,4.936964744336,0.263304786364587,4.93141682111747,5.6212910155923,0.299802187498256,3.16657217319695,7.56679049037253,0.403562159486535
737463,737479,RT,vru,3.06700000000001,0.139201057493641,2.61001982800577,5.19775816064014,0.193683599104118,3.63156748320221,4.295008418066,0.140126591697799,2.62737359433373
739285,739400,RT,vru,9.266,0.188222755426006,3.52917666423761,4.57601494252527,0.190825010808562,3.57796895266053,3.92689789916814,0.135116431155141,2.53343308415889
740071,740074,vru,BR,2.4,4.30739422187142,0.229727691833142,5.66595812292941,5.47708847308635,0.292111385231272,3.9652034146192,6.14919810724643,0.327957232386476
741040,741070,BR,vru,2.66700000000001,0.258453808300751,4.84600890563908,7.47638193003017,0.336812059256624,6.3152261110617,5.18416045417539,0.237382104810635,4.45091446519941
742216,742228,BR,vru,3.4,0.275436299039083,5.16443060698281,7.85586051574064,0.255868818281336,4.79754034277505,4.79993120330833,0.256309599614909,4.80580499277954
744226,744240,RT,vru,7.13299999999999,0.237744030058473,4.45770056359637,4.84161084528943,0.213722189290638,4.00729104919946,2.06356892295883,0.313131717671303,5.87121970633692
745548,745594,TR,vru,1.53399999999998,0.41999498774965,7.87490602030594,5.19505395444528,0.44457394674525,8.33576150147344,2.2500608313325,0.332256164327975,6.22980308114953
746579,746583,vru,RT,5.134,1.25506119960352,0.0669365973121877,3.38090656524225,5.27095679242015,0.281117695595742,3.96302384215065,3.55745282169091,0.189730817156849
748434,748448,RL,vru,3.067,0.236746424913307,4.43899546712451,4.51539022448147,0.193922605358662,3.63604885047491,6.22532014145441,0.164096407768798,3.07680764566496
751054,751102,RT,vru,1.6,0.146741512446726,2.75140335837612,2.30515197598847,0.174471599578133,3.27134249209,2.59559136256151,0.174264544803798,3.26746021507122
752761,752779,BR,vru,2.866,0.177306338063487,3.32449383869038,4.28400860744975,0.180452495472155,3.3834842901029,4.63050206149455,0.159436951036061,2.98944283192615
756974,756987,BR,vru,3.13400000000001,0.173817740640699,3.25908263701311,8.27786598456797,0.053959084376241,1.01173283205452,4.16703677279128,0.0470811601006911,0.882771751887959
760932,760937,vru,BR,2.4,4.80583875353894,0.256311400188743,4.33550904139423,4.30536047849352,0.229619225519654,9.33565710151986,3.87067860388862,0.206436192207393
762742,762756,BR,vru,3.867,0.232762785147925,4.36430222152359,5.23874464376207,0.242899700557455,4.55436938545229,6.95231093117476,0.156852059409452,2.94097611392723
763774,763780,vru,BR,3,4.2960462312227,0.229122465665211,5.53684794090118,5.67864989789079,0.302861327887509,9.10077870712269,4.084013836856,0.217814071298987
764724,764736,vru,BR,4,1.71581693031668,0.0915102362835562,6.94998411968028,1.85965484838071,0.0991815919136377,4.49824383007065,5.31795032635126,0.283624017405401
765041,765078,BR,vru,1.13400000000001,0.16483142582057,3.09058923413569,2.03387184907077,0.318275396026524,5.96766367549732,0.723761757166166,0.16483142582057,3.09058923413569
767545,767557,BR,vru,2.467,0.237919256676519,4.46098606268473,6.02330812003771,0.224452184124306,4.20847845233073,7.12707950630238,0.188982065014031,3.54341371901309
768504,768506,BR,vru,2.6,0.145586644813465,2.72974959025247,7.35794034088908,0.135592982685434,2.54236842535189,2.96951630997177,0.187305274710726,3.5119739008261
769325,769393,RT,vru,1.86566666666668,0.135665237349627,2.54372320030552,2.76090246841152,0.0866608987270601,1.62489185113238,7.45368160586999,0.0409062339901828,0.766991887315928
771024,771026,vru,BR,2.4,3.3224196935175,0.1771957169876,4.83173218856279,3.81397452611808,0.203411974726297,5.78665090950838,4.01965786903083,0.214381753014978
771026,771033,BR,vru,6.934,0.153207651059616,2.87264345736779,6.99300950092531,0.130133296748701,2.43999931403814,3.25407377751304,0.233698837239648,4.3818531982434
773200,773209,BR,vru,2.735,0.195018823209888,3.6566029351854,4.69973805443482,0.202360125642633,3.79425235579936,6.91255648481343,0.213061415613219,3.99490154274785
774630,774634,BR,vru,2.86700000000001,0.139998698719082,2.62497560098279,6.51313405171056,0.109864963863608,2.05996807244264,3.05406410553848,0.150221693440101,2.81665675200189
774831,774832,TR,vru,1.734,0.237929591527215,4.46117984113528,3.97197751946131,0.215428621132422,4.03928664623291,3.3167708794867,0.183444958081167,3.43959296402188
774864,774865,vru,RT,4.666,2.22615418592507,0.118728223249337,6.3163193783173,3.29529774781847,0.175749213216985,5.30425704462694,2.17429829861811,0.115962575926299
776194,776199,vru,BR,6.53300000000001,5.89918994689469,0.314623463834383,6.83494600489572,2.4085213625627,0.128454472670011,3.86238505598712,5.62983970621588,0.300258117664847
776199,776213,BR,vru,5.80000000000001,0.228166652246348,4.27812472961902,5.98927420965694,0.213304322653914,3.99945604976088,3.80271017046136,0.240821067307959,4.51539501202422
776611,776612,vru,TR,2.8,3.11915314508703,0.166354834404642,6.82502680887423,3.49658229262759,0.186484388940138,3.97884057517601,2.33374969588633,0.124466650447271
776675,776686,BR,vru,2.33400000000001,0.286336640313415,5.36881200587654,4.53990845163692,0.309226411241564,5.79799521077932,6.93110165432174,0.180482252047835,3.3840422258969
777631,777642,vru,BR,2.2,3.10597967570995,0.165652249371198,8.15804374289586,4.26266121216847,0.227341931315651,3.81593059629779,1.7124062083654,0.0913283311128215
783691,783767,vru,TB,1.06699999999999,4.12788656423102,0.220153950092321,2.75764784660639,4.06273414377669,0.216679154334757,1.64717123828061,4.29640539745676,0.229141621197694
783779,783784,vru,BR,1.6,5.2418970172086,0.279567840917792,4.5224876064402,4.93522931425099,0.263212230093386,7.37905753810111,4.63385082343402,0.247138710583148
784493,784591,RB,vru,1.53400000000001,0.182105815064793,3.41448403246487,1.51024235096797,0.190043783417126,3.56332093907111,0.00943255192998008,0.193773988003567,3.63326227506689
784493,784653,RB,vru,3.26700000000001,0.0840264460137493,1.5754958627578,2.00285103433127,0.0826763758175749,1.55018204657953,1.66002929006914,0.0644567257949764,1.20856360865581
785144,785218,vru,LR,1.266,3.53370685354067,0.188464365522169,2.74260604498904,3.98679394628839,0.212629010468714,5.56605282555345,2.49541190083455,0.133088634711176
787687,787767,vru,BR,6.066,4.39651805739177,0.234480963060894,6.31077397159238,3.96412469281493,0.211419983616796,5.17822111695863,5.29827070674821,0.282574437693238
787721,787767,vru,BR,5.2,2.33241384851807,0.124395405254297,3.94248823376041,3.39036623499775,0.180819532533213,5.64470673162234,5.52042686899823,0.294422766346572
788464,788469,RT,vru,4.06700000000001,0.0857945860690585,1.60864848879485,5.77760116147129,0.0834715276354435,1.56509114316457,7.77016765150779,0.0753391494992054,1.4126090531101
788534,788544,vru,BR,3.93299999999999,1.9963232112864,0.106470571268608,4.83683477881971,3.68433928323806,0.19649809510603,4.47261035365051,4.12008050704556,0.21973762704243
788954,788969,RT,vru,1.53399999999998,0.156133739802123,2.9275076212898,6.17425527604839,0.312776589506834,5.86456105325313,3.21444211762316,0.153357878212294,2.87546021648051
789378,789413,vru,BR,2.6,2.57467984111657,0.137316258192884,1.95118006829952,4.05390248924608,0.216208132759791,5.23610856760607,3.62145563335452,0.193144300445574
790042,790098,vru,TB,7.46599999999999,4.29386201338073,0.229005974046972,1.30890864224558,4.30968503444313,0.229849868503634,5.02171568791301,2.90049182046689,0.154692897091568
790513,790603,vru,TB,7.4,1.34861422593597,0.0719260920499186,1.93286823374983,1.17491161348629,0.062661952719269,3.06284840706598,1.67857984553226,0.0895242584283874
790820,790829,TB,vru,3.534,0.101680538487626,1.90651009664298,3.98384850139343,0.110109481119749,2.0645527709953,2.84394665207691,0.111496342898212,2.09055642934148
791002,791017,BR,vru,2.26700000000001,0.247634871321446,4.64315383727711,5.96425116773452,0.243551324363286,4.5665873318116,5.95777389571755,0.181823396602952,3.40918868630536
791993,792015,BR,vru,5.73300000000002,0.209057837089769,3.91983444543317,5.64938901155653,0.161043361295135,3.01956302428377,4.12326164852125,0.181103659355561,3.39569361291678
797665,797697,BR,vru,4.00099999999999,0.211693625693142,3.96925548174642,4.96627996858753,0.18333345438034,3.43750226963138,6.86006418494795,0.187071072421756,3.50758260790792
801448,801471,BR,vru,2.93299999999999,0.247647527781247,4.64339114589839,5.60471887399698,0.164823422321719,3.09043916853224,6.32842395729727,0.228662118713763,4.28741472588305
804099,804109,BR,vru,3.2,0.182178328028284,3.41584365053032,5.30957440957604,0.17664645515059,3.31212103407356,4.17952573784004,0.170316405191226,3.19343259733549
805171,805176,BR,vru,6.6,0.203750298849857,3.82031810343481,5.75722463059118,0.0789561750688128,1.48042828254024,5.06822947072264,0.229099076090855,4.29560767670353
806982,807022,RT,vru,1.6,0.212259682335392,3.9798690437886,1.76227811180974,0.238333862376112,4.46875991955209,3.2119726749165,0.18427404009037,3.45513825169443
807076,807156,RB,vru,2.93399999999998,0.211993379858578,3.97487587234834,3.850172972517,0.222109294111477,4.16454926459019,4.17997076801455,0.155451033320151,2.91470687475283
807239,807290,BR,vru,3.467,0.105429000334863,1.97679375627869,0.637098346399036,0.0851021480727015,1.59566527636315,4.41628604371536,0.0877635331631862,1.64556624680974
808280,808285,TR,vru,2.26700000000001,0.265177577293668,4.97207957425627,7.21702500952268,0.307562575962643,5.76679829929956,4.87790195700997,0.224788477808896,4.21478395891681
814848,814851,BR,vru,2.93400000000001,0.0555999826394704,1.04249967449007,5.60021897473565,0.292191380072987,5.47858837636851,3.34239149722483,0.169612743863587,3.18023894744226
815062,815064,TR,vru,2.33299999999999,0.269817746451474,5.05908274596514,9.18962756668568,0.240900056897216,4.51687606682281,3.02486707151496,0.174753936130137,3.27663630244007
824772,824870,RT,vru,7.53299999999999,0.327492980304149,6.14049338070279,4.61469518717198,0.283869630299677,5.32255556811894,3.86760196122005,0.245814586601216,4.6090234987728
826562,826571,BR,vru,3.2,0.322117803692902,6.0397088192419,6.2290350901118,0.306855721010491,5.75354476894671,9.97575201408852,0.191564288644835,3.59183041209066
828088,828094,RT,vru,1.99999999999997,0.189041687214242,3.54453163526704,5.67086115225977,0.222751843424679,4.17659706421273,2.77165289137923,0.104723263027797,1.9635611817712
828356,828362,BR,vru,3,0.28408365289844,5.32656849184574,6.26992624000036,0.256626223274664,4.81174168639994,2.87998199316944,0.33272636029234,6.23861925548137
828825,828838,vru,BR,5.133,4.03501830901194,0.215200976480637,8.49063731057109,3.22826462006302,0.172174113070028,3.61486289583538,8.26954566869218,0.441042435663583
828838,828850,BR,vru,3.2,0.217073799205739,4.07013373510761,7.43611077927706,0.220682779572046,4.13780211697586,6.7601217033684,0.179506248249991,3.36574215468734
831847,831874,TR,vru,1.6,0.277740299674622,5.20763061889916,4.11532418838817,0.307116280231033,5.75843025433187,5.74528310112851,0.14371280950736,2.694615178263
832124,832138,RT,vru,2.66700000000001,0.237047722802565,4.44464480254809,5.21703371592215,0.204179726230093,3.82836986681424,3.42240705430121,0.269139688500771,5.04636915938945
832460,832467,vru,BR,2.4,2.30232714601166,0.122790781120622,7.63650766820055,2.42317896478381,0.129236211455136,2.44837860103491,2.70583279183496,0.144311082231198
832894,833022,RB,vru,1.2,0.302657958736859,5.6748367263161,1.61154325089444,0.328510793494637,6.15957737802444,2.37023637568766,0.201424805442663,3.77671510204994
834063,834127,RB,vru,2.26699999999998,0.22519954215685,4.22249141544094,5.55375521378363,0.152853206829503,2.86599762805319,3.12377716791748,0.113237993037934,2.12321236946126
834453,834461,RT,vru,2.59899999999998,0.122489604365652,2.29668008185597,5.63191257097467,0.162169512289485,3.04067835542785,6.50706440344746,0.14091793774224,2.642211332667
834933,834934,BR,vru,2.53299999999999,0.326232700135715,6.11686312754466,6.18410939903413,0.259272659932318,4.86136237373097,3.35017538051963,0.480001718556179,9.00003222292835
835452,835475,RT,vru,3.067,0.112192228121717,2.10360427728219,4.89857622415856,0.190237884174838,3.5669603282782,4.49130977847383,0.125996518062192,2.36243471366609
836417,836423,BR,vru,2.134,0.261083491694197,4.8953154692662,4.05490458064531,0.323224981073118,6.06046839512096,4.40850334282585,0.249275068209394,4.67390752892614
840275,840277,vru,BR,2.733,1.89415240745774,0.10102146173108,4.13246215541193,4.8404762283267,0.258158732177424,4.4203526763022,4.76163444764481,0.253953837207723
841964,841968,BR,vru,2.73300000000001,0.183825222981691,3.44672293090671,8.96469842660926,0.201243051931241,3.77330722371077,3.31458815457459,0.120211995423001,2.25397491418128
842299,842303,BR,vru,3.4,0.161955200015636,3.03666000029317,7.7321386032017,0.162823607189341,3.05294263480015,4.6191505548323,0.145053541501492,2.71975390315297
843784,843796,vru,BR,7.068,4.39088648451689,0.234180612507567,7.58298875549901,4.31753878021291,0.230268734944688,5.01188438999585,5.23264277857133,0.279074281523804
847052,847057,RT,vru,0.8,0.111952749309027,2.09911404954425,1.96761437516932,0.110793079364299,2.0773702380806,4.14312118322744,0.123351131939108,2.31283372385828
848758,848759,BR,vru,2.73400000000001,0.174258572715492,3.26734823841548,3.42426572611952,0.23479813024709,4.40246494213294,5.805677327516,0.149214958358308,2.79778046921828
849423,849427,vru,TR,2.93300000000001,3.74642674455084,0.199809426376045,7.28476944231318,3.7771672488606,0.201448919939232,3.16810834327312,3.17271170763392,0.169211291073809
849642,849650,BR,vru,2.6,0.266447953145554,4.99589912147914,5.60289271554719,0.30297899742512,5.68085620172101,5.89482669572289,0.18596479773772,3.48683995758225
851233,851269,RT,vru,2.06700000000001,0.251173719202886,4.7095072350541,5.93416841786713,0.219337501548479,4.11257815403397,4.14755179146063,0.165452829245887,3.10224054836039
853074,853106,vru,BR,2.4,2.88802816382508,0.154028168737337,2.0362374424465,5.02626032120723,0.268067217131052,1.97163587421206,8.34844401101951,0.445250347254374
853095,853106,vru,BR,2.4,3.38453165833976,0.180508355111454,4.28613154992977,5.68447021867183,0.303171744995831,2.17158590272049,8.44435167782492,0.450365422817329
856302,856309,vru,BR,2.33499999999998,4.39716119070727,0.234515263504388,5.43337615903194,4.61263239080692,0.246007060843036,3.60826884926371,7.90337928405921,0.421513561816491
856780,856781,BR,vru,2,0.156434833338096,2.9331531250893,5.85518078154943,0.122924686408386,2.30483787015723,2.03888609869205,0.260521212499965,4.88477273437435
857732,857748,RT,vru,3.868,0.102147841634733,1.91527203065124,4.83283634417146,0.200607605643003,3.7613926058063,3.1413459807455,0.254265583048781,4.76747968216464
859244,859270,RT,vru,2.2,0.281685464508401,5.28160245953252,3.41469086154531,0.275782949296768,5.17093029931439,2.77289086490797,0.177519171229882,3.32848446056029
862267,862270,vru,BR,3.066,3.17094965152705,0.169117314748109,5.49020141482312,2.95878407463502,0.157801817313868,4.28792471775492,5.5881645887519,0.298035444733435
862564,862568,vru,BR,3.46699999999998,3.7927676694052,0.202280942368277,5.62099701221211,1.69807741944727,0.0905641290371876,3.26312059086295,7.44615471899762,0.397128251679873
862927,862966,RB,vru,2.66699999999998,0.116697348324746,2.18807528108899,5.20465204391895,0.204313796002382,3.83088367504465,9.29525454973809,0.0419679571222643,0.786899196042456
864820,864870,vru,BR,2,5.07679818570244,0.27076256990413,5.20422219914629,6.26637238480151,0.334206527189414,3.61982235599914,6.57716880272519,0.350782336145343
866065,866066,BR,vru,3.534,0.180898732775998,3.39185123954997,6.50705419485855,0.16187898992845,3.03523106115844,4.81650670655803,0.228956033182683,4.29292562217531
866110,866127,RT,vru,3,0.197617974272203,3.7053370176038,5.074060975942,0.183956518494076,3.44918472176392,2.79085499832971,0.264722935652946,4.96355504349274
866362,866386,BR,vru,7.866,0.215722954184321,4.04480539095602,7.62840040359681,0.213217894078445,3.99783551397085,6.65306302701307,0.0551090760057324,1.03329517510748
869593,869670,RB,vru,2.80099999999999,0.277381789277828,5.20090854895928,3.44876156633953,0.171726060855113,3.21986364103337,7.60660813531122,0.192491041920228,3.60920703600427
869961,869964,vru,BR,2.933,3.08204991278256,0.164375995348403,5.67040665616231,2.70800247590387,0.144426798714873,6.66026549881135,5.2169841415644,0.278239154216768
870227,870228,BR,vru,2.53299999999999,0.204357196589341,3.83169743605014,5.36323207566329,0.186177692236977,3.49083172944332,8.26644383095034,0.145091901188365,2.72047314728184
877166,877173,vru,BR,3.268,5.08372359783632,0.271131925217937,5.95858948444839,5.44469496909544,0.29038373168509,2.9595473784575,8.92291608063816,0.475888857634035
877174,877199,vru,BR,2.66699999999999,2.02605885608416,0.108056472324489,3.12964573977681,5.46515153528166,0.291474748548355,5.54015423631041,3.45218142665889,0.184116342755141
877231,877363,vru,BR,1.4,3.45945852705128,0.184504454776068,1.33154072446769,2.44255205701597,0.130269443040852,0.918768365453078,3.52973564286674,0.188252567619559
877429,877442,vru,TB,6.13299999999999,1.53342120009277,0.0817824640049476,3.05115212031219,0.758435533017289,0.0404498950942554,6.23030104326488,1.70783581143242,0.0910845766097288
878935,878952,TB,vru,2.4,0.0695206192927152,1.30351161173841,1.8479793259928,0.0926550596379991,1.73728236821248,0.423175424876107,0.0686256038997141,1.28673007311964
879259,879424,vru,BR,1.33299999999999,3.12443738039159,0.166636660287552,1.30570407998902,4.31929548970226,0.230362426117454,5.33374936957855,2.51750706469782,0.13426704345055
879416,879424,vru,BR,5.13299999999999,2.17570010110098,0.116037338725385,4.55241922064512,2.0879232682619,0.111355907640634,3.42325041842363,4.25454696193665,0.226909171303288
880072,880139,vru,BR,1.46700000000001,3.5871861404779,0.191316594158821,2.18408535715507,4.17163728002083,0.222487321601111,1.85196499786758,2.55500235347028,0.136266792185081
882820,882831,BR,vru,5.2,0.190873773961697,3.57888326178181,4.08430171793654,0.113852035589231,2.13472566729808,6.80008665136145,0.0959805108004267,1.799634577508
884255,884270,BR,vru,3.66600000000002,0.207012651164013,3.88148720932523,7.24145369323981,0.186854337335477,3.50351882504019,3.83276739595707,0.257596064700611,4.82992621313645
884329,884397,BR,vru,1.6,0.624288928792768,11.7054174148644,2.819202928587,0.772114255317744,14.4771422872077,5.3975897687235,0.345249984618973,6.47343721160574
887152,887215,vru,BR,6.26699999999998,1.82994793464765,0.0975972231812083,4.12474146872066,2.73739192717746,0.145994236116131,7.63146649990495,2.77858907830112,0.148191417509393
888130,888139,vru,BR,3.13299999999999,3.81791368353236,0.203622063121726,3.39726079537543,3.79773369695666,0.202545797171022,3.25397883530705,5.18603205313672,0.276588376167292
888231,888235,BR,vru,3.93299999999999,0.210187647888647,3.94101839791213,5.5732876294195,0.207418373471288,3.88909450258664,3.3519562167575,0.366756176606406,6.87667831137011
888687,888805,RB,vru,1.8,0.247540760181318,4.64138925339972,3.73205809870127,0.248873372177096,4.66637572832055,5.39404997188533,0.125906992492575,2.36075610923577
889875,889877,BR,vru,2.734,0.336444727695488,6.3083386442904,6.78444822412181,0.262841068840581,4.92827004076089,8.63885959390369,0.275891899240588,5.17297311076102
890530,890641,RB,vru,1.46599999999999,0.541605047532077,10.1550946412264,3.2160718499988,0.519752415575315,9.74535779203716,3.35972780286023,0.41715372486362,7.82163234119287
890600,890611,vru,BR,2.86699999999998,3.72956605684404,0.198910189698349,4.01787343493781,3.92375476118574,0.209266920596573,3.3337126992862,7.54234169737209,0.402258223859845
891461,891478,vru,BR,6.06700000000001,2.4396596866527,0.130115183288144,6.86881239708533,2.50248179332953,0.133465695644242,4.91712686406191,4.1783720829958,0.222846511093109
891478,891487,BR,vru,7.8,0.148313627948909,2.78088052404205,7.49485413218854,0.111539816139131,2.09137155260871,5.68001721041721,0.163942802720256,3.0739275510048
893190,893206,BR,vru,3.06700000000001,0.0723008188487758,1.35564035341455,7.68436304444223,0.0805551219498123,1.51040853655898,4.23615439242116,0.16464490334438,3.08709193770712
894465,894468,BR,vru,2.06699999999998,0.330908951929624,6.20454284868046,3.67094961962476,0.414341099895131,7.7688956230337,3.66962134931091,0.371805346854405,6.9713502535201
895106,895114,BR,vru,2.2,0.143488967996726,2.69041814993862,4.49042968678137,0.151934335106045,2.84876878323835,6.53369485985137,0.23668751181467,4.43789084652505
900402,900410,LR,vru,3.134,0.190979526214079,3.58086611651398,5.18122120599064,0.204225701176813,3.82923189706524,2.73755152079334,0.237392409617974,4.45110768033702
900402,900416,LR,vru,1.867,0.256704493021856,4.8132092441598,4.06306327014292,0.224051516325504,4.20096593110321,3.71441744167226,0.134974650460125,2.53077469612735
900403,900416,LR,vru,3.2,0.192783643867119,3.61469332250847,8.05459579141054,0.172382825987458,3.23217798726484,4.43138669348113,0.110827777056422,2.0780208198079
904257,904260,BR,vru,2.4,0.151181757117334,2.83465794595001,3.62877645911698,0.279965633298428,5.24935562434552,5.81407958120263,0.136091776200281,2.55172080375527
904322,904323,BR,vru,4.86600000000002,0.274070187053781,5.13881600725839,7.45835311274611,0.203704662318319,3.81946241846849,8.51233666880096,0.2167928148999,4.06486527937312
904322,904329,BR,vru,2.33399999999998,0.288426162655277,5.40799054978645,6.4105925767757,0.26422169564432,4.95415679333101,5.88959658963447,0.207296299168671,3.88680560941258
904808,904811,vru,BR,5.733,4.25808622528266,0.227097932015075,7.94398485354022,3.38834535418639,0.180711752223274,8.31477014428841,4.21816814664681,0.224968967821163
904811,904817,BR,vru,2.467,0.247006183787179,4.6313659460096,6.52931310045411,0.222138094492891,4.16508927174171,6.18062954713694,0.192281952810684,3.60528661520032
911587,911621,RT,vru,2.734,0.281178509892784,5.27209706048971,6.84927937237499,0.149664913618538,2.80621713034758,4.74931846939266,0.255039367423382,4.78198813918841
911789,911791,RT,vru,2.8,0.0411589050474824,0.771729469640294,1.46490489526245,0.188385769801701,3.53223318378189,5.00553506172853,0.0904367268228514,1.69568862792846
914140,914142,vru,BR,3.53300000000002,5.9731052828305,0.318565615084293,6.49246398226463,6.43125246984253,0.343000131724935,3.47802233611369,9.06342430922694,0.483382629825437
916193,916217,vru,BR,3.53299999999999,4.42872404337128,0.236198615646468,3.32208437480076,4.31665322684348,0.230221505431652,5.07940671923422,4.36469959449891,0.232783978373275
916484,916496,RT,vru,0.867999999999999,0.239337365447538,4.48757560214134,6.23769477103993,0.182060440412178,3.41363325772834,2.64239937583457,0.177107034907479,3.32075690451524
917443,917448,vru,BR,2.66599999999999,5.28782958267321,0.282017577742571,6.72588482089223,4.94535917180162,0.263752489162753,2.96080482650831,9.8527929731138,0.525482291899403
918280,918283,BR,vru,4.067,0.365834736796988,6.85940131494353,6.63882763924165,0.380062832670397,7.12617811256994,6.78728718279792,0.257321445750978,4.82477710783085
918443,918448,vru,BR,2.59999999999998,5.54765383019775,0.29587487094388,7.50967767220528,4.91378548798542,0.262068559359223,2.86362577520209,10.0234031301665,0.534581500275546
919738,919754,BR,vru,3.13300000000002,0.169880158571083,3.1852529732078,6.09096213354549,0.158253729822116,2.96725743416468,4.9152664998607,0.0377753011096893,0.708286895806675
920924,920928,BR,vru,8.8,0.334928599607906,6.27991124264823,6.56274804177013,0.289869136992135,5.43504631860253,5.7155541865554,0.305929724283858,5.73618233032234
921061,921071,RT,vru,5.73399999999998,0.0912513225724036,1.71096229823257,6.87509426583074,0.103959491574088,1.94924046701416,3.35714178550478,0.115323232194763,2.16231060365181
922039,922104,RT,vru,3.8,0.289321764939183,5.42478309260968,5.54673004700105,0.268016828280276,5.02531553025518,3.39799036464245,0.233573511838667,4.379503346975
926997,927030,vru,TB,2.934,5.77752012101744,0.308134406454263,4.39843384090074,4.88621032518251,0.260597884009734,5.21928330299196,6.07936936864017,0.324233032994143
927331,927337,vru,LR,2.60033333333334,3.53507736326783,0.188537459374284,4.75025638858563,3.14304839655151,0.167629247816081,1.91947096192227,3.79593118588527,0.202449663247215
928848,928849,vru,BR,3.4,3.92844615098074,0.209517128052306,8.53490408187585,3.75660020826008,0.200352011107204,3.02830314611753,1.02912784922819,0.0548868186255037
929311,929317,vru,BR,2.6,4.14742245851417,0.221195864454089,6.0425133652508,3.40924078143528,0.181826175009881,3.01124013553524,8.44145619183873,0.450210996898065
932431,932434,vru,BR,2.66600000000002,5.60138011333427,0.298740272711161,5.73131070450179,3.59030690656553,0.191483035016828,8.94187910464367,4.17021546189494,0.222411491301064
933283,933362,vru,BT,0.667000000000007,9.58202389232685,0.511041274257432,3.16168755857447,9.65752898576484,0.515068212574125,3.54231315588176,5.62650274156331,0.30008014621671
934263,934331,BR,vru,4.8,0.141455599755519,2.65229249541598,5.21444097304046,0.139771591264533,2.62071733620999,4.61355240717381,0.100180762693299,1.87838930049935
934302,934303,BR,vru,3.46699999999999,0.226615285152817,4.24903659661533,5.91979197931858,0.23627179388976,4.43009613543301,5.95215818764905,0.170394891134687,3.19490420877539
936325,936331,vru,TR,2.466,4.62719861117069,0.246783925929103,8.48628443009554,5.33056595218077,0.284296850782975,3.86655494147572,6.13330438445697,0.327109567171038
936462,936466,LR,vru,3.86699999999998,0.154638503356248,2.89947193792965,6.82977910426047,0.135600034851997,2.54250065347494,2.42996321236237,0.176192762544678,3.30361429771272
936462,936467,LR,vru,2.66700000000001,0.155253453632269,2.91100225560505,5.83177612656943,0.159722052985766,2.99478849348312,3.00510486718113,0.117544689974057,2.20396293701357
937150,937154,vru,LR,4.13500000000001,2.27650133650326,0.121413404613507,5.5159874483159,2.00084809458443,0.106711898377836,4.28655314415887,3.30951532604209,0.176507484055578
939984,939990,BR,vru,3.46700000000001,0.133556318371583,2.50418096946718,7.50098682191381,0.155660674159733,2.918637640495,4.51872358485789,0.0599796682533694,1.12461877975068
940612,940652,RT,vru,2.668,0.0885884164446068,1.66103280833638,3.63953140305539,0.0859031137816753,1.61068338340641,4.20416573247292,0.0859404243282297,1.61138295615431
942102,942110,LR,vru,2.534,0.230747501056929,4.32651564481742,5.52069906624017,0.249628959531901,4.68054299122314,5.41205316820341,0.094223723457068,1.76669481482002
942314,942316,RT,vru,3.86699999999999,0.0323269078506307,0.606129522199325,7.2491830376012,0.0290288519053744,0.54429097322577,3.21575045734585,0.0992222273911594,1.86041676358424
942651,942653,vru,BR,2.067,7.0311128028244,0.374992682817301,3.40678365867518,6.34998593403811,0.338665916482032,7.0197870020296,5.02655022357447,0.268082678590638
942684,942686,BR,vru,2.735,0.303528724536065,5.69116358505123,4.79314788119429,0.508512482919148,9.53460905473402,5.10624197439985,0.37100465180939,6.95633722142606
944958,944994,BR,vru,3.60100000000002,0.0927774768306454,1.7395776905746,2.11575768657715,0.10059872619746,1.88622611620238,4.00677103009564,0.054250549619105,1.01719780535822
945040,945043,BR,vru,2.668,0.245763464113361,4.60806495212552,5.91691993863191,0.201634397027376,3.78064494426331,4.09881612251325,0.325333199823686,6.09999749669412
945627,945630,TB,vru,1.4,0.55530623854694,10.4119919727551,2.66945422580138,0.55530623854694,10.4119919727551,3.97539585323762,0.799147212187661,14.9840102285186
948089,948110,vru,BR,2.46700000000001,1.73919416989187,0.0927570223942331,2.48885193643115,5.1879195842819,0.276689044495035,6.55209360023608,2.3577262473703,0.125745399859749
951829,951838,BR,vru,1.66600000000002,0.204301431858155,3.8306518473404,4.03565063848688,0.227261835274695,4.26115941140052,4.3019006562698,0.267278445368027,5.0114708506505
952742,952743,vru,BR,2.333,3.45069454676912,0.184037042494353,7.41681957959867,3.31226592177759,0.176654182494805,3.6786461331705,0.676263377143263,0.0360673801143074
953171,953182,vru,BR,3.6,3.94925134193699,0.210626738236639,5.98570948801439,2.9724874649699,0.158532664798394,3.0826925095857,8.23087681621324,0.438980096864706
953615,953622,BR,vru,7.4,0.140334551287367,2.63127283663813,5.83290950085548,0.0988128052944899,1.85274009927168,5.02691025652616,0.15746638969094,2.95249480670512
954887,954895,vru,BR,1.934,2.74316083464092,0.146301911180849,2.91689293219338,4.20035893380032,0.224019143136017,3.14324711591926,5.20605113240165,0.277656060394755
957123,957125,vru,BR,2.6,3.53781268710107,0.188683343312057,3.68465408103861,4.22542298672452,0.225355892625308,7.59623137819858,4.28952392096801,0.228774609118294
957158,957161,vru,BR,2.53300000000001,5.78536807757389,0.308552964137274,5.70192885345433,6.22850384563218,0.33218687176705,9.90992948383133,3.71683336927973,0.198231113028252
957424,957472,RT,vru,5.867,0.187423265303602,3.51418622444254,5.20928116380258,0.169905410920206,3.18572645475386,3.36369263240679,0.200943370059843,3.76768818862206
957437,957440,vru,BR,2.534,5.07830602478329,0.270842987988442,5.65650579880444,5.39050182697954,0.287493430772242,8.54261590371387,3.36182404232069,0.179297282257103
958018,958053,RT,vru,1.79866666666667,0.10420385569654,1.95382229431013,4.27179805971824,0.0911744451690389,1.70952084691948,0.371154990680378,1.20560862204555,22.6051616633541
958086,958134,RT,vru,2.266,0.0771655899584973,1.44685481172183,3.07954247962292,0.061413746984761,1.15150775596427,2.73092240040846,0.666990645684694,12.506074606588
958418,958491,vru,TB,0.333999999999984,14.0564830843556,0.749679097832297,2.56259111910309,14.0664394163371,0.750210102204646,1.13957937387184,11.5848444551467,0.617858370941159
959150,959157,BR,vru,3.13299999999999,0.279384002951977,5.23845005534957,7.22047315340389,0.232021712651346,4.35040711221273,4.15420661584877,0.246795837328626,4.62742194991175
959425,959435,vru,BR,3.067,1.91132076063604,0.101937107233922,3.69241839120183,4.51745712470142,0.240931046650742,4.16187661700867,6.03056270066795,0.321630010702291
959550,959553,vru,BR,1.46700000000001,6.01688232959006,0.32090039091147,2.69822509440359,4.82968165376524,0.257583021534146,3.42206567591081,8.10715240849795,0.432381461786558
960566,960573,vru,BR,2.6,5.45699911563459,0.291039952833845,5.20941349831829,4.59372406425167,0.244998616760089,8.35994216178287,4.50815250044814,0.240434800023901
960675,960678,vru,BR,6.4,3.68118214300436,0.196329714293566,3.91036358780024,6.05702449139531,0.32304130620775,4.30909265973055,6.68376758427536,0.356467604494686
962038,962044,BR,vru,4.534,0.194736397852151,3.65130745972784,6.63630662344683,0.177245626296411,3.3233554930577,3.33859990183251,0.232441518790187,4.358278477316
962287,962294,BR,vru,7.73399999999998,0.240834839416948,4.51565323906777,6.45896011548743,0.100466812729659,1.88375273868111,4.38261000056773,0.340516037789322,6.3846757085498
962380,962382,BR,vru,2.66699999999998,0.144869978438694,2.71631209572552,3.39966666455605,0.227351324875979,4.26283734142461,3.73474514502869,0.232464224323202,4.35870420606004
962866,962894,vru,BR,4.66699999999998,2.32652793484418,0.124081489858356,2.39457495813193,3.13623040974867,0.167265621853263,5.31549320688279,6.21472271974639,0.331451878386474
963962,963968,vru,BR,1.93300000000001,5.17774557051837,0.276146430427647,4.76630058362856,1.47636530022506,0.0787394826786699,3.27150685446445,1.40755226242303,0.075069453995895
964294,964297,vru,RL,0.6,10.6674524129439,0.568930795357009,3.26117206226487,10.9257123203495,0.582704657085309,2.18563564068136,4.14619873628851,0.221130599268721
966206,966334,RT,vru,4.20099999999999,0.139505086174424,2.61572036577045,3.66025187780705,0.134620072889962,2.52412636668679,4.85442108446234,0.119897736589365,2.2480825610506
967388,967397,vru,BR,4.6,2.29425237334151,0.122360126578214,3.65007877780008,3.79219450020008,0.202250373344004,4.23368738256476,4.87385880658601,0.259939136351254
967434,967464,TB,vru,3.26700000000001,0.118457379723069,2.22107586980755,2.49064780041575,0.11000455354344,2.0625853789395,6.04749132462585,0.113785295520205,2.13347429100385
968495,968503,vru,BR,2.13299999999999,4.05909051160968,0.21648482728585,3.57600284997751,4.15336015670869,0.22151254169113,2.56499854672678,7.19724076034352,0.383852840551654
968648,968658,RT,vru,0.4,0.673837057296871,12.6344448243163,1.59967198423838,0.673904910653377,12.6357170747508,0.682426569677277,0.32009995883435,6.00187422814407
969557,969569,TB,vru,0.667,0.29985199272446,5.62222486358362,1.79691276547325,0.29985199272446,5.62222486358362,0.0613246632810001,0.298590789847653,5.5985773096435
970348,970402,vru,LR,6,3.48153650537302,0.185681946953228,1.4842534214983,3.48728960804433,0.185988779095698,2.53286111795922,3.17782142175663,0.169483809160354
971114,971127,BR,vru,9.53500000000001,0.161239494576122,3.02324052330228,5.31640566916728,0.028764005031346,0.539325094337737,4.5441117347219,0.193998141790264,3.63746515856745
971640,971701,vru,TB,2.933,3.84596684624841,0.205118231799915,1.70739208252351,3.88979316768601,0.20745563560992,1.82715817430831,3.47075216797532,0.185106782292017
971701,971725,TB,vru,4.933,0.0444988246238813,0.834352961697774,2.8216800229603,0.0498808795909257,0.935266492329857,3.18883791830995,0.0489828307395584,0.918428076366721
973364,973495,RT,vru,6.06700000000001,0.216376085477185,4.05705160269722,4.55489787557725,0.192673783625678,3.61263344298146,4.51373263010206,0.0253245653971424,0.47483560119642
973364,973514,RT,vru,2.2,0.150163566236939,2.81556686694261,4.05349432565146,0.163086810115113,3.05787768965837,6.40224388924662,0.0693727419809417,1.30073891214266
973631,973634,BR,vru,2.86699999999998,0.296736525540209,5.56380985387892,6.70112195844114,0.176583322466387,3.31093729624475,8.56099814590329,0.230826920161699,4.32800475303186
974383,974385,BR,vru,2.468,0.236698084167996,4.43808907814992,3.88212498880652,0.624834965202091,11.7156555975392,3.63586098697112,0.474678074461034,8.90021389614438
977045,977283,BR,vru,5.26700000000001,0.161892134094598,3.03547751427372,1.23238476981888,0.0933766523632228,1.75081223181043,4.76408781696811,0.0767965077674252,1.43993452063922
977925,978086,RB,vru,6.13299999999999,0.00857188135256441,0.160722775360583,4.99831491053984,0.00552824119851579,0.103654522472171,6.02469312527303,0.0603846684824954,1.13221253404679
982792,982798,BR,vru,5.4,0.119980234214298,2.24962939151808,7.10417591809136,0.119980234214298,2.24962939151808,3.5390130419826,0.260688201312949,4.88790377461779
983247,983279,TR,vru,1.533,0.278741053946653,5.22639476149975,4.08595333413729,0.32789953696251,6.14811631804707,4.60473855454671,0.152041550397297,2.85077906994931
984804,984849,BR,vru,2.334,0.23201610378809,4.35030194602669,1.3717493454695,0.226163005709205,4.24055635704759,6.54167446895272,0.208290002561079,3.90543754802023
985559,985601,BR,vru,6.00099999999999,0.0363581424667741,0.681715171252014,1.03556798200461,0.0847803313431748,1.58963121268453,2.8679877542938,0.0539050002035454,1.01071875381648
986387,986391,BR,vru,6.26800000000003,0.149614925308854,2.80527984954101,4.52003863099759,0.10406255348241,1.95117287779518,5.27047455040536,0.152896387226213,2.8668072604915
986855,986886,BR,vru,5.80099999999999,0.176097543249389,3.30182893592605,3.84400554572199,0.160338648983902,3.00634966844816,6.94011350997911,0.115775353869088,2.17078788504539
986855,986890,BR,vru,3.80100000000002,0.17606032064266,3.30113101204988,3.87229139273281,0.174797470004927,3.27745256259238,7.11729470467097,0.12447293701159,2.33386756896732
986964,986968,BR,vru,6.733,0.210122008723687,3.93978766356912,5.8889994872244,0.157306719120468,2.94950098350877,2.54587673369939,0.402905631819383,7.55448059661343
988381,988384,vru,BR,3.2,2.55577565291877,0.136308034822334,7.34832817748632,0.124291300382119,0.00662886935371304,4.80660285491447,0.397239982167907,0.0211861323822884
990071,990074,TR,vru,3.40099999999999,0.245644431676821,4.60583309394039,8.12010762117708,0.252310166768789,4.73081562691479,5.9282824989423,0.113312233534053,2.1246043787635
991151,991154,BR,vru,3.466,0.180800857613272,3.39001608024884,6.42538964524531,0.164688943993628,3.08791769988052,5.13687084207461,0.179805511105424,3.3713533332267
992354,992375,RT,vru,3.2,0.150941491310988,2.83015296208102,7.82405664313493,0.0675471651142059,1.26650934589136,4.02792249944864,0.146343565506442,2.74394185324579
993272,993290,RT,vru,4.46599999999999,0.0519992675983605,0.974986267469259,6.02173149806679,0.0480541577585875,0.901015457973516,3.61691117309298,0.0649503320563733,1.217818726057
993835,993837,vru,BR,2.533,5.49890534266163,0.29327495160862,6.5656720807316,4.43538307467376,0.2365537639826,3.21093415101613,8.76563560753857,0.46750056573539
993983,993997,vru,BR,2.73400000000001,4.84080122336365,0.258176065246061,3.85235858309603,4.73663835567697,0.252620712302772,5.47491184220874,5.35047586005158,0.285358712536084
994221,994222,vru,BR,2.533,6.87137684352087,0.366473431654446,6.99326018143111,3.68112726942596,0.196326787702718,2.6448678235678,11.7958359698613,0.629111251725935
994759,994770,RT,vru,3.19866666666667,0.0800978051744324,1.50183384702061,4.63871804445244,0.0617550231663033,1.15790668436819,3.55653965073593,0.0886591034641289,1.66235818995242
995537,995576,RT,vru,2.86566666666667,0.0764253962752189,1.43297618016035,3.55008615399052,0.0593827904592664,1.11342732111125,8.89277607576254,0.00400758177266869,0.0751421582375379
998502,998507,vru,TR,3.067,3.02897229082177,0.161545188843828,6.60403672660982,4.9888495603573,0.266071976552389,5.06279790338322,1.97684275966947,0.105431613849038
1001148,1001149,RT,vru,2.466,0.132209029452985,2.47891930224348,6.17410764091386,0.156815602423631,2.94029254544308,2.11149229001596,0.11767063972172,2.20632449478225
1001170,1001179,RT,vru,3.33299999999999,0.106825175896827,2.0029720480655,4.13127751034924,0.217379484945684,4.07586534273158,3.933377767164,0.206203700293129,3.86631938049617
1001554,1001556,RL,vru,2.86699999999998,0.0727557664873974,1.3641706216387,4.64389787549717,0.129246175445146,2.42336578959648,4.30215368245765,0.120638347496114,2.26196901555214
1008949,1008965,vru,BR,4.13399999999998,3.14149693635126,0.167546503272067,7.89640537551683,2.61342217542767,0.139382516022809,2.45386420092935,2.45685723898849,0.131032386079386
1010376,1010378,vru,BR,1.86700000000001,4.62525306868987,0.24668016366346,4.80558942060706,4.66786062311761,0.248952566566273,4.7900776812334,6.76288623582176,0.360687265910494
1010614,1010620,vru,BR,2.466,4.73443492226267,0.252503195854009,4.85849710559857,4.59802688030644,0.24522810028301,3.8015592575744,7.8014305737392,0.416076297266091
1012415,1012425,BR,vru,3.06700000000001,0.185646530341612,3.48087244390523,5.94594512420723,0.168733689731421,3.16375668246415,8.72134249868975,0.138812883623016,2.60274156793156
1013706,1013713,RT,vru,3.73400000000001,0.216066605777749,4.05124885833279,5.35303922370655,0.140053372487918,2.62600073414846,2.65216577823444,0.328254910766246,6.15477957686711
1013965,1013974,BR,vru,4,0.213656536415631,4.00606005779308,6.64931017366473,0.205658450780676,3.85609595213768,5.34286831741731,0.257311880984219,4.8245977684541
1015785,1015788,vru,BR,2.2,6.13482643885218,0.327190743405449,4.97294236049683,5.643308968917,0.30097647834224,9.44673774015055,3.87908191359655,0.206884368725149
1019163,1019175,BR,vru,6.134,0.156399133672969,2.93248375636816,4.84537286520843,0.100300418870743,1.88063285382643,4.43241877354805,0.212177960516532,3.97833675968497
1019324,1019336,BR,vru,2,0.225400742666399,4.22626392499498,4.84128252452473,0.349323887068287,6.54982288253039,4.12388213579615,0.20259337099118,3.79862570608462
1020853,1020872,BR,vru,3.20099999999999,0.208931040520298,3.91745700975558,4.25450597473196,0.205614215115905,3.85526653342322,5.85958886989715,0.185835823212234,3.48442168522939
1021062,1021096,vru,BR,3.80000000000001,5.7455374925066,0.306428666267019,6.91743039911575,3.19876769543732,0.170600943756657,4.89973374188955,5.78999869365785,0.308799930328419
1024443,1024444,vru,BR,1.8,6.81257578173999,0.363337375026133,4.31130399689204,6.48402063551111,0.345814433893926,4.21313600068709,5.86031390261302,0.312550074806028
1024596,1024599,BR,vru,2.13299999999999,0.256316826422981,4.80594049543089,6.66247355833223,0.25280476793041,4.74008939869519,3.40157850001403,0.0892221941007452,1.67291613938897
1033169,1033245,RB,vru,1,0.0676186020435537,1.26784878831663,0.769670153029316,0.233678443742569,4.38147082017316,4.2167890049327,0.0819134170346162,1.53587656939905
1034071,1034073,vru,BR,3.133,3.45735599631904,0.184392319803682,5.52884335808235,3.42034938906373,0.182418634083399,3.91635330958138,6.3735542507363,0.339922893372603
1034105,1034116,RT,vru,3.333,0.0757171802017246,1.41969712878234,5.3305353498603,0.229812439641725,4.30898324328234,6.08236021877092,0.0543851986509432,1.01972247470518
1035522,1035525,RT,vru,5.06700000000001,0.0493807022116983,0.925888166469343,7.46209412388416,0.261768598454777,4.90816122102706,5.86795227774941,0.0911149662835406,1.70840561781639
1038224,1038225,vru,BR,3.73500000000001,1.94421373341707,0.103691399115577,9.22719900997953,1.97785849222369,0.10548578625193,2.83253805024874,3.92630307268146,0.209402830543011
1038225,1038227,BR,vru,2.8,0.121234535209286,2.27314753517411,9.59161007951789,0.252690474921388,4.73794640477603,3.0572639770511,0.341926686246601,6.41112536712376
1039252,1039269,BR,vru,3.06699999999998,0.213867835557489,4.01002191670291,5.76640509328168,0.231558837983663,4.34172821219369,7.46889467977092,0.20966505966179,3.93121986865857
1039420,1039432,BR,vru,2.867,0.243783227339771,4.57093551262071,6.38147913418241,0.216584953500245,4.0609678781296,6.33651789202856,0.196083012131998,3.67655647747496
1039738,1039741,vru,BR,2.4,3.41836414639353,0.182312754474321,2.95480331728543,4.2179884977832,0.224959386548437,3.65507356634821,4.55776619980223,0.243080863989452
1040281,1040361,RT,vru,2.467,0.142177710336483,2.66583206880905,4.00687473647358,0.15330680448187,2.87450258403507,4.25390237995317,0.112219107524636,2.10410826608693
1043245,1043246,vru,BR,3.13399999999998,3.14592799795479,0.167782826557589,4.29137454772403,4.22256935204496,0.225203698775731,4.43061330896862,6.17813510065523,0.329500538701612
1044047,1044050,BR,vru,3.268,0.186729708673252,3.50118203762348,5.05161783215961,0.251100019087078,4.70812535788272,5.69853053862827,0.207589341722619,3.8923001572991
1046350,1046353,BR,vru,3,0.238378511926131,4.46959709861495,2.33528991330557,0.09894400889463,1.85520016677431,2.17459226710239,0.055066125820971,1.03248985914321
1047356,1047361,RT,vru,3.46700000000001,0.0606728307601315,1.13761557675247,5.96601859813755,0.179458370855801,3.36484445354627,5.50601943794162,0.0528042991177368,0.990080608457564
1048174,1048176,BR,vru,3.4,0.183221090000318,3.43539543750597,5.59723984656058,0.176885577112287,3.31660457085537,4.16933664868442,0.255214037609169,4.78526320517193
1048871,1048874,vru,BR,9.40000000000001,3.19438482241946,0.170367190529038,4.45075374575327,2.16072753406323,0.115238801816705,9.81854088411908,3.32780931689194,0.17748316356757
1048978,1048981,BR,vru,4.13299999999999,0.293023178388368,5.4941845947819,6.26894866173101,0.235771111740739,4.42070834513886,5.37667204540879,0.279950882352319,5.24907904410598
1049204,1049210,vru,BR,2.2,5.45680165267567,0.291029421476036,3.45509317100676,5.4740081678534,0.291947102285514,3.53837459845264,7.80467254835286,0.416249202578819
1050214,1050215,vru,BR,3.4,3.65517690018542,0.194942768009889,5.69754746043628,4.08591943447976,0.217915703172254,3.71558555277229,5.71957875061689,0.305044200032901
1051160,1051165,vru,BR,2.33499999999999,3.41626676848768,0.182200894319343,5.58274160131133,2.98266308818089,0.159075364702981,3.84679399476223,5.39655385890992,0.287816205808529
1052324,1052327,RT,vru,3.534,0.167554019569293,3.14163786692424,5.82437699298263,0.209140503933673,3.92138444875637,3.34000884212292,0.265541984783957,4.9789122146992
1053381,1053388,vru,BR,5,2.73884966602655,0.146071982188083,5.02016296644947,2.3472285822481,0.125185524386566,3.44834801846412,5.82822692975361,0.310838769586859
1053565,1053567,BR,vru,5.40099999999999,0.176809428148194,3.31517677777864,5.24170957949888,0.0959397035526858,1.79886944161286,3.45589385307371,0.351583714232904,6.59219464186694
1053565,1053570,BR,vru,7.268,0.132769789522835,2.48943355355316,6.28438973967191,0.0610300745796698,1.14431389836881,3.09110861631301,0.312527545593712,5.8598914798821
1055678,1055686,vru,BR,2.33400000000001,4.45291557261157,0.237488830539284,3.6728323487494,4.38807772699257,0.234030812106271,3.43668102639845,6.54828337529286,0.349241780015619
1056134,1056141,vru,BR,6.734,2.30599398929404,0.122986346095682,8.36206115347875,1.9956590278009,0.106435148149382,4.83834832639395,6.59947543446876,0.351972023171667
1056141,1056146,BR,vru,3.868,0.0916723361086888,1.71885630203791,5.17883837935418,0.244264032534369,4.57995061001942,6.28525331166271,0.101417782694602,1.90158342552379
1056638,1056650,RT,vru,4.73299999999999,0.00522305240782806,0.457017085684956,6.0093353539252,0.00334454991693077,0.292648117731443,5.56762596337186,0.009629401612521,0.842572641095587
1056864,1056876,vru,BR,3.06600000000002,4.58131067494123,0.244336569330199,5.00998705539154,3.81363044708885,0.203393623844739,5.02302544472268,6.84608977144511,0.365124787810406
1057484,1057487,vru,TR,4.2,2.46802931918069,0.131628230356303,6.61401730589166,2.21273299694685,0.118012426503832,2.61444319828149,3.28367609361449,0.17512939165944
1057559,1057572,BR,vru,3.333,0.22011298277449,4.12711842702168,5.86843435012894,0.227111262189357,4.25833616605045,3.30410453830013,0.26786073294708,5.02238874275774
1057745,1057821,vru,BR,2.53299999999999,3.22135511161587,0.171805605952847,4.5072789336352,4.97053261559225,0.265095072831587,3.43871360648415,6.32065948765111,0.337101839341392
1057839,1057842,BR,vru,3.068,0.224671755253235,4.21259541099816,5.44105603440742,0.202101131059627,3.78939620736802,3.57996007526787,0.372255435083553,6.97978940781663
1059387,1059390,RT,vru,2.8,0.129871988791559,2.43509978984173,4.737555184619,0.12491282964382,2.34211555582163,2.31402545820427,0.15345742719776,2.877326759958
1059843,1059852,BR,vru,2.4,0.167485630846787,3.14035557837725,3.59546600809163,0.226890045063711,4.25418834494458,6.05969365870697,0.215834719462795,4.04690098992741
1059884,1060011,BR,vru,2.06700000000001,0.237415101460243,4.45153315237956,1.33404769665085,0.248370953833661,4.65695538438114,2.17416339064032,0.166480699342546,3.12151311267273
1060356,1060381,RT,vru,4.333,0.154602666629661,2.89879999930614,5.33728127560048,0.159396511999951,2.98868459999908,4.25936724977463,0.215528466478662,4.04115874647491
1060669,1060723,RT,vru,5.06800000000003,0.0848455381980017,1.59085384121253,6.40307668387377,0.0755712854683213,1.41696160253102,5.24143555826645,0.0448795601273353,0.841491752387536
1061254,1061272,BR,vru,2.866,0.164381837617365,3.08215945532559,3.95314742986812,0.229055631726601,4.29479309487376,7.59386716148613,0.168788747840741,3.1647890220139
1061761,1061771,vru,BR,6.33500000000001,3.28735675230791,0.175325693456422,8.89208324013908,2.82160242376225,0.150485462600654,4.69767295568009,6.38361978892913,0.34045972207622
1061771,1061786,BR,vru,5.06599999999999,0.188767200064707,3.53938500121326,7.56014367358175,0.151836717827852,2.84693845927223,4.38663192339301,0.23802533444245,4.46297502079594
1062019,1062053,RT,vru,2.133,0.140314727056554,2.63090113231039,3.45322886311658,0.204800612752316,3.84001148910593,4.91313139523363,0.114135246695634,2.14003587554314
1062562,1062569,vru,BR,2.46700000000001,3.20975902216856,0.17118714784899,3.23249983875026,4.12056932414656,0.219763697287816,4.05528137835509,5.39470203798723,0.287717442025985
1063459,1063476,BR,vru,1.60099999999999,0.248923845308249,4.66732209952966,3.54850527548839,0.24705683880501,4.63231572759394,7.42864691973393,0.177859152673094,3.3348591126205
1063665,1063679,BR,vru,2.4,0.059981917691607,1.12466095671763,4.10632891051648,0.0618739545120113,1.16013664710021,2.26031135563744,0.05625123345434,1.05471062726888
1064216,1064347,BR,vru,1.86600000000002,0.381666729663316,7.15625118118717,1.20085356048936,0.399966902278287,7.49937941771788,4.8832370579868,0.248211505269988,4.65396572381228
1064495,1064507,vru,RT,4.13399999999998,2.68826172515635,0.143373958675005,5.43322096193856,3.09562530188506,0.165100016100537,3.48153616076417,4.62247164409836,0.246531821018579
1065649,1065650,vru,BR,2.601,4.6027758856939,0.245481380570341,6.36738628711965,4.10765151834573,0.219074747645106,4.43987669138941,5.84073379949004,0.311505802639469
1065650,1065657,BR,vru,4.401,0.348613456131581,6.53650230246715,6.99888212229179,0.332704482666825,6.23820905000298,4.29393971835962,0.308046397741004,5.77586995764383
1066888,1066897,BR,vru,3.46700000000001,0.17359507949312,3.25490774049601,7.38154760601676,0.155291316176128,2.91171217830239,3.36583639705766,0.381695245071791,7.15678584509609
1067454,1067463,RT,vru,3.468,0.142458423645126,2.67109544334611,4.56436335557264,0.100743060158861,1.88893237797864,1.70773168451085,0.109419001721301,2.0516062822744
1068648,1068652,RT,vru,3.734,0.0423994671055686,0.794990008229411,6.71235549669692,0.129370458263473,2.42569609244013,4.86125214385719,0.0677920409689809,1.27110076816839
1068940,1068941,vru,BR,4.068,2.17938553279837,0.11623389508258,4.45472512668785,3.86649700657185,0.206213173683832,3.08197758922483,4.89925252359658,0.261293467925151
1069630,1069641,BR,vru,2.6,0.260544790948383,4.88521483028219,5.90022978961695,0.160616180271277,3.01155338008644,3.28331733770931,0.246929228934032,4.6299230425131
1069651,1069662,vru,BR,7.53399999999998,1.73300277164419,0.0924268144876903,8.95723284925172,1.80088044946214,0.0960469573046476,4.61365801736211,3.29673261425461,0.175825739426912
1070972,1070977,BR,vru,4.39999999999997,0.279272308386904,5.23635578225446,6.94720217153524,0.261430284559867,4.90181783549751,7.50148040124761,0.267232766189348,5.01061436605027
1073162,1073166,BR,vru,1.866,0.237437025758206,4.45194423296637,3.2083650167379,0.345135117859532,6.47128345986622,5.91505087386978,0.213719610440575,4.00724269576078
1074291,1074345,vru,BR,2.86700000000001,5.32443889325593,0.283970074306983,2.91662430949107,5.73052493470128,0.305627996517401,2.96012004979566,3.26497857625325,0.174132190733507
1075163,1075168,TR,vru,2.06700000000001,0.285565277402659,5.35434895129986,2.5989614349947,0.298927437176577,5.60488944706082,4.99534661174821,0.163924087699347,3.07357664436276
1075672,1075674,BR,vru,7.067,0.197426680134588,3.70175025252352,7.40416320047501,0.141537865996744,2.65383498743895,3.42662309421733,0.36338397612243,6.81344955229556
1075672,1075679,BR,vru,3.533,0.184876770487661,3.46643944664365,5.58656367167682,0.229544571261292,4.30396071114922,5.14209020620063,0.227082832083257,4.25780310156107
1077168,1077170,BR,vru,2.6,0.133854452745583,2.50977098897968,8.36419870616091,0.134020865128305,2.51289122115572,5.22808212329063,0.0454394485401149,0.851989660127154
1077749,1077761,BR,vru,5,0.157187382771753,2.94726342697036,8.1118780697826,0.126234982872144,2.3669059288527,4.90640844900103,0.201065851927197,3.76998472363495
1082495,1082496,vru,BR,3,4.55776666877679,0.243080889001429,6.65090491079749,5.32657036524834,0.284083752813245,5.44457542491642,2.00638325213399,0.10700710678048
1082919,1082963,RB,vru,1.86700000000001,0.222781960012184,4.17716175022844,1.58498138692099,0.170734587386428,3.20127351349552,0.306904926797184,0.14171795314941,2.65721162155144
1083016,1083018,vru,BR,4.00099999999999,2.71945295737089,0.145037491059781,8.16340932287006,2.06170605889975,0.109957656474653,3.17060461017144,2.55476882649355,0.136254337412989
1084441,1084452,BR,vru,3.068,0.0650872081616964,1.22038515303181,5.2957482572378,0.228521894852088,4.28478552847665,4.12102822583722,0.151517288585128,2.84094916097116
1084792,1084807,BR,vru,4.8,0.145015383436112,2.7190384394271,5.16747144670154,0.208535769756022,3.91004568292542,8.38035874465304,0.144404444706577,2.70758333824831
1087106,1087169,RT,vru,2.26700000000001,0.159341358530332,2.98765047244372,5.16388730718318,0.207509289042689,3.89079916955042,2.44446433928738,0.305768655063873,5.73316228244762
1087625,1087629,vru,BR,1.13400000000001,3.5001493175112,0.186674630267264,1.59609718480654,4.5114866840895,0.24061262315144,6.34349245340732,4.96212587979443,0.264646713589036
1087985,1087986,BR,vru,1.26700000000001,0.438589006589148,8.22354387354653,2.95245675417496,0.413115976243736,7.74592455457006,3.09560700840639,0.332543720096931,6.23519475181746
1088982,1088983,BR,vru,2.53300000000001,0.214880759445445,4.02901423960209,5.87759243465715,0.202078554393118,3.78897289487096,3.23942164909517,0.373453116214145,7.00224592901523
1092030,1092036,BR,vru,9.60100000000001,0.205145336950712,3.84647506782585,7.64970335656029,0.157009008917239,2.94391891719823,3.79526773834463,0.240749307248715,4.5140495109134
1093781,1093783,BR,vru,2.40099999999999,0.228781664743341,4.28965621393765,4.61534661640239,0.272537194499991,5.11007239687483,7.05638814345769,0.243809952279257,4.57143660523607
1095705,1095716,RT,vru,4.667,0.134179647868004,2.51586839752507,5.97976225965635,0.105476563603801,1.97768556757126,3.86592085024479,0.176606200287805,3.31136625539635
1098062,1098064,vru,BR,2.53299999999999,5.51124025421326,0.29393281355804,5.34785555438463,5.43502613844742,0.289868060717196,2.88248556780341,9.15018560196761,0.488009898771606
1098952,1098953,RT,vru,1.06633333333333,0.0738347530477331,1.38440161964499,2.76055628102549,0.0662419079486821,1.24203577403779,3.73588290377171,0.197204243544971,3.69757956646821
1099383,1099385,BR,vru,2.33399999999998,0.322638708283477,6.04947578031519,4.80983655570091,0.251887854534447,4.72289727252087,3.6032852737102,0.393487073374833,7.37788262577811
1099628,1099630,vru,BR,1.86700000000001,7.29895455381424,0.389277576203426,3.27911364396439,7.54395758328964,0.402344404442114,3.95952711564314,5.01906860932343,0.267683659163916
1100708,1100713,vru,BR,2,4.28264652995724,0.228407814931053,5.91110361064899,4.83770443367172,0.258010903129158,7.30079048094168,4.6202018537186,0.246410765531659
1105078,1105085,BR,vru,2.73299999999999,0.098190896737799,1.84107931383373,8.33152636061839,0.111207395482678,2.08513866530021,4.69828852500748,0.157911627571597,2.96084301696744
1105467,1105480,BR,vru,3,0.248509453410251,4.65955225144221,7.97000722250955,0.251507861779745,4.71577240837022,4.44190229345433,0.286891824467866,5.37922170877249
1106533,1106548,RT,vru,3.867,0.0955812584258314,1.79214859548434,3.86325021060489,0.22578382628889,4.23344674291668,4.93015027720446,0.121245065524368,2.2733449785819
1107937,1107940,vru,BR,3.4,2.48239393552618,0.132394343228063,6.47785495748062,2.37575675914685,0.126707027154499,3.61967176930915,3.98849717195661,0.212719849171019
1112825,1112826,vru,BR,2.8,2.30498855632454,0.122932723003976,8.72977371337439,2.52548320168921,0.134692437423424,3.23435114295311,1.71077814058822,0.0912415008313717
1113086,1113087,vru,BR,2.8,5.32326424874533,0.283907426599751,6.6774011403323,4.6796589233895,0.24958180924744,9.22966526443839,4.75796224185783,0.253757986232418
1114456,1114465,vru,BR,1.53400000000001,4.54093021312154,0.242182944699815,1.48275902330375,5.29647287863485,0.282478553527192,3.20083258571244,5.0469694012033,0.269171701397509
1116383,1116387,vru,BR,3.33400000000001,3.03335279296388,0.16177881562474,6.86844192184934,3.33115869601279,0.177661797120682,4.12606051697575,5.38004903643164,0.286935948609687
1117031,1117032,vru,BR,2.533,2.34240827202975,0.12492844117492,9.38571249753276,2.27636528806219,0.12140614869665,2.90821765261603,4.20261471570645,0.224139451504344
1117539,1117542,BR,vru,2.46699999999999,0.222740145007104,4.17637771888321,4.12452708709621,0.350686806990207,6.57537763106638,5.84565452009047,0.213955179835267,4.01165962191126
1119803,1119805,BR,vru,2.73399999999998,0.296972675902547,5.56823767317275,4.04926623179809,0.25202689358761,4.72550425476768,3.24718404282962,0.35271744764732,6.61345214338724
1120502,1120505,BR,vru,2.866,0.228319907024722,4.28099825671354,5.46038211090319,0.207024401789616,3.8817075335553,3.09106692380124,0.426753563516988,8.00162931594353
1120605,1120612,vru,BR,3.00099999999999,4.55908242797133,0.243151062825138,5.29057158941869,5.30666868905738,0.283022330083061,3.20226878957103,8.20829620996905,0.437775797865016
1121543,1121545,BR,vru,2.13300000000002,0.369453529614689,6.92725368027542,6.77362075727403,0.209262792216571,3.9236773540607,5.3456904597742,0.311309469446455,5.83705255212103
1123733,1123737,BR,vru,3,0.29603994792138,5.55074902352588,7.93993512863217,0.183169375366899,3.43442578812935,6.17796999331482,0.271136294076581,5.08380551393589
1127257,1127267,BR,vru,2.94500000000001,0.166767568398924,3.12689190747983,3.40390424917012,0.148450157497723,2.78344045308231,6.63642717278749,0.140893101145427,2.64174564647675
1128913,1128919,BR,vru,4.33499999999998,0.12756755360398,2.39189163007462,5.3383275879552,0.140456958384429,2.63356796970805,8.00446002095219,0.100921515482721,1.89227841530101
1132478,1132481,vru,BR,6.5,1.07428303485863,0.0572950951924604,8.2774294229751,1.16396705493409,0.0620782429298181,5.59256637030619,1.51318387445435,0.0807031399708987
1134116,1134138,LR,vru,5.94666666666667,0.0732118136462836,1.37272150586782,6.35333298058331,0.0729666023255804,1.36812379360463,6.88896077174917,0.164580965146766,3.08589309650186
1142533,1142618,BR,vru,4.33333333333333,0.18182573207035,3.40923247631905,4.14926696094118,0.188381547703968,3.53215401944939,9.32493150002532,0.145800500658042,2.73375938733829
1146332,1146333,vru,BR,4.11166666666665,3.35529585636357,0.178949112339391,4.24551359438231,3.62476290257101,0.19332068813712,6.45730839181321,5.44790588340395,0.290554980448211
1147388,1147390,BR,vru,3.16666666666667,0.188705419347007,3.53822661275639,4.18093759409247,0.184878532167134,3.46647247813377,6.56495961754793,0.15676677061866,2.93937694909988
1148822,1148857,RT,vru,8.88999999999999,0.0611379570569064,1.146336694817,4.82821587070121,0.0819650320416995,1.53684435078187,6.51277331539011,0.0977738781816832,1.83326021590656
1153600,1153628,TR,vru,1.445,0.141453568954727,2.65225441790113,3.45255853259672,0.16932026863653,3.17475503693494,7.57602351551075,0.0963694653166502,1.80692747468719
1153720,1153722,vru,BR,1.83333333333333,4.52321179259147,0.241237962271545,2.64122567579658,7.21738361286962,0.384927126019713,1.8888778433904,5.39774138031333,0.287879540283377
1156931,1156962,vru,TR,0.833333333333333,5.52529657161792,0.294682483819622,2.3622510871421,5.62843842087081,0.300183382446443,2.06610678590384,5.26174702882703,0.280626508204109
1158176,1158179,vru,BR,1.39000000000002,8.37293403706163,0.44655648197662,1.48143762327779,8.42479593360063,0.449322449792034,0.78662407312143,7.17495792585182,0.382664422712097
1159302,1159308,TB,vru,7.27833333333335,0.0638915435441114,1.19796644145209,4.10800910225445,0.0998362710023345,1.87193008129377,2.92564863931191,0.117151179287683,2.19658461164405
1160401,1160412,vru,RB,1.33333333333333,3.45768313136798,0.184409767006292,1.48987467398588,3.11392837063189,0.166076179767034,0.636636618014416,3.4760415964538,0.185388885144203
1161599,1161647,TR,vru,1.27833333333333,0.355150143612028,6.65906519272552,2.90003552078353,0.417491243841971,7.82796082203696,6.93936796460066,0.185542083750708,3.47891407032577
1161646,1161784,BL,vru,5.27833333333335,0.0662473064320488,1.24213699560092,1.0392769141144,0.0546783854152642,1.0252197265362,4.9018914011685,0.0383055287366129,0.718228663811491
1163478,1163518,BR,vru,6.5,0.167638364048232,3.14321932590436,5.37601999683934,0.144268572192454,2.70503572860851,7.12099722012392,0.140577217201378,2.63582282252583
1170485,1170613,RB,vru,2,0.336672196236521,6.31260367943476,3.81296916364225,0.316337995437408,5.9313374144514,2.78324489227458,0.267781556638079,5.02090418696398
1172719,1172742,vru,BR,9.945,1.73900285367052,0.0927468188624277,6.35908517607501,1.64327004549591,0.0876410690931154,4.9106780658264,3.52831884439779,0.188177005034549
1173029,1173034,BR,vru,3.33333333333333,0.219414174254672,4.11401576727509,4.77397564671973,0.135665830593719,2.54373432363224,8.0921148468642,0.200944120344041,3.76770225645076
1173395,1173422,vru,BT,1,8.77787470948044,0.468153317838957,1.78514378913713,8.92350679638622,0.475920362473932,3.49086454264696,3.60332277250947,0.192177214533838
1180629,1180719,vru,BT,0.555000000000048,6.47643263326605,0.345409740440856,2.43462428300947,7.10303568261212,0.378828569739313,1.68870558658681,6.17496801559954,0.329331627498642
1183816,1183820,vru,BR,4.27666666666666,1.18817538662485,0.0633693539533251,8.07421209162325,1.34246709282813,0.0715982449508338,5.71118478042252,1.52737129976647,0.0814598026542116
1184540,1184542,vru,BR,5.88833333333334,3.01201095202834,0.160640584108178,6.17147298874369,3.1882371184161,0.170039312982192,4.49448616544477,5.27348315601097,0.281252434987252
1184877,1184887,BR,vru,5.33333333333333,0.152313003266837,2.8558688112532,4.55667576565298,0.160633126872034,3.01187112885064,5.88113059647702,0.135569629630394,2.54193055556988
1187766,1187770,vru,BR,3.38833333333334,3.33096441436077,0.177651435432575,4.96585298013054,3.03710536181487,0.161978952630126,6.0429309509045,5.37495407888547,0.286664217540558
1190249,1190253,vru,BR,5.38833333333332,2.87288153010512,0.153220348272273,5.42342468392682,3.25146153241841,0.173411281728982,6.02824603990518,5.27304649700237,0.281229146506793
1193272,1193282,BR,vru,1.33333333333333,0.212810140661052,3.99019013739472,2.32279254153226,0.476454667487741,8.93352501539514,3.89732022445356,0.170635122257909,3.1994085423358
1200646,1200649,BR,vru,3.16666666666667,0.113468229909409,2.12752931080142,2.91311815779093,0.236799522698349,4.43999105059405,6.34068017511501,0.175171109435754,3.28445830192038
1208928,1208931,vru,LR,3.88833333333332,3.69696702003564,0.197171574401901,8.80165911054532,3.46591913009086,0.184849020271512,8.47475824549221,2.97114846216081,0.158461251315243
1210016,1210034,vru,BR,3.61166666666662,2.31439230133839,0.123434256071381,1.52197961239628,2.67666853998496,0.142755655465865,8.04964553977286,2.84171710415216,0.151558245554782
1210633,1210640,vru,BR,4.44333333333331,3.43543416385184,0.183223155405431,6.74126792734285,2.7189572728497,0.145011054551984,5.81608020470621,6.00575477934936,0.320306921565299
1210737,1210748,vru,BR,5.835,1.17217204051342,0.0625158421607157,1.13823499122501,1.70964013361196,0.0911808071259713,5.45477245289356,2.56004227476701,0.136535587987574
1210952,1210966,BT,vru,3,0.19138883634055,3.58854068138531,3.55148306237966,0.196062974694682,3.67618077552528,5.49317083335039,0.125068414375748,2.34503276954527
1214095,1214102,RT,vru,6.55666666666663,0.0262971594781761,0.493071740215801,4.62214004489907,0.0973526953304865,1.82536303744662,4.450839227529,0.0605031756008116,1.13443454251522
1216389,1216390,vru,BR,4.83500000000001,1.72667613725789,0.0920893939870875,6.03947068231509,2.74928338258965,0.146628447071448,5.16342346661752,3.50070509122698,0.186704271532106
1222453,1222454,vru,BR,7.33333333333333,2.79322253478349,0.148971868521786,7.95694701124212,1.26050791471187,0.0672270887846333,6.59798655380133,4.29174762466434,0.228893206648765
1222842,1222843,vru,BR,5.33333333333333,1.20754849825875,0.0644025865738002,7.41180468432843,3.13061797067453,0.166966291769308,5.17635004850273,2.17262849867947,0.115873519929572
1234766,1234942,RB,vru,0.943333333333309,0.224978828987089,4.21835304350792,1.58752964668704,0.224020225466726,4.2003792275011,0.338355877111183,0.136252388649161,2.55473228717177
1234766,1234949,RB,vru,1.16666666666667,0.145331916994308,2.72497344364327,1.71307313117485,0.154347029569801,2.89400680443377,0.0251645595015884,0.153166970969002,2.87188070566879
1237805,1237819,vru,BR,8.05499999999999,1.80639271342688,0.0963409447161003,6.3391569692677,1.4569393352678,0.0777034312142829,6.36354658482418,3.09820143696498,0.165237409971466
1238162,1238181,LR,vru,6.00166666666667,0.0885922306499401,1.66110432468638,8.05197159480787,0.0857404427490107,1.60763330154395,6.50183076393129,0.126279686316111,2.36774411842709
1240984,1240996,TR,vru,4.22333333333333,0.176617098134395,3.3115705900199,6.89046957889424,0.185813406424948,3.48400137046777,7.3188708796324,0.123191545356385,2.30984147543221
1242115,1242154,vru,RT,3.44499999999998,1.95518559437438,0.1042765650333,2.70708004377482,3.22722805973536,0.172118829852552,4.18077639349729,1.60824501381852,0.0857730674036542
1244105,1244107,BR,vru,3.2233333333333,0.136204431855925,2.5538330972986,2.6328359467013,0.153005433008839,2.86885186891574,6.22709623652238,0.197345614854633,3.70023027852436
1244460,1244485,BR,vru,8.94499999999995,0.0844385544145595,1.58322289527299,5.28109045953691,0.0741321423489912,1.38997766904358,6.3989914971003,0.10449515074873,1.95928407653868
1244610,1244683,BR,vru,2.5,0.109889563944633,2.06042932396186,6.12996809236959,0.178040235231741,3.33825441059515,8.32699530882267,0.0626533566113439,1.1747504364627
1247148,1247149,BR,vru,3.94500000000001,0.109667065662572,2.05625748117323,9.10321118601959,0.115872393884401,2.17260738533252,5.49178761435345,0.207763861051653,3.8955723947185
1247148,1247160,BR,vru,0.944999999999952,0.258119404291585,4.83973883046721,1.46292400327,0.272243790591301,5.10457107358689,1.71341424669802,0.167623711851655,3.14294459721854
1248897,1248902,BR,vru,4.55666666666666,0.11560427776346,2.16758020806487,5.51639823288437,0.106830973727893,2.00308075739799,8.68951558646975,0.149481982366943,2.80278716938018
1255607,1255626,BR,vru,5.83333333333333,0.130456412251482,2.44605772971529,4.95168802541322,0.134239459756551,2.51698987043533,8.85210242145814,0.124790851783526,2.33982847094111
1256761,1256767,TR,vru,7.88999999999999,0.120279509805049,2.25524080884467,7.14128913115807,0.0536670324591718,1.00625685860947,7.35969449440522,0.113373536401652,2.12575380753097
1257322,1257326,vru,BR,4.00166666666666,3.42977182749316,0.182921164132969,6.27070397624889,2.65066510807276,0.141368805763881,6.29028911414793,4.81069209408001,0.2565702450176
1257404,1257461,RT,vru,5.00166666666667,0.0537285716683715,1.00741071878197,7.78704992838849,0.0432795986975311,0.811492475578708,5.15689585229536,0.0718717725214435,1.34759573477707
1258832,1258836,BR,vru,6,0.0984616476619515,1.84615589366159,4.63808683409812,0.100993021202162,1.89361914754054,9.71593064614386,0.132242056787457,2.47953856476482
1259537,1259539,vru,BR,9.28,1.28907919603569,0.0687508904552366,8.58561908965401,1.15507837073849,0.0616041797727197,4.96713248485052,2.41964841411941,0.129047915419702
1260456,1260458,vru,BR,5.88833333333335,2.61283099697947,0.139350986505572,6.28711151074226,2.43762182147275,0.130006497145214,6.70085521815298,4.40699340461122,0.235039648245932
1262309,1262310,BR,vru,4.05499999999999,0.127565060903869,2.39184489194754,3.96813498233242,0.173466225202283,3.2524917225428,4.8508515433132,0.201113750371101,3.77088281945815
1262617,1262629,BR,vru,8.05833333333333,0.246889980648659,4.62918713716236,6.82311041614028,0.0995152037663669,1.86591007061938,5.57468771559255,0.203042335701493,3.807043794403
1263838,1263897,RT,vru,7.55666666666663,0.025065609124552,0.469980171085351,5.51151250609791,0.071310221148374,1.33706664653201,6.63270531458959,0.0523117454841641,0.980845227828076
1263977,1263990,RT,vru,4.77833333333333,0.0436853619364946,0.819100536309274,4.7854915307729,0.538540706490427,10.0976382466955,6.97834132616933,0.0580786336086034,1.08897438016131
1264344,1264355,vru,BR,3.38833333333332,1.71867435227448,0.0916626321213055,3.83847133781715,2.80502325834701,0.149601240445174,5.90261293461869,3.83745403182332,0.204664215030577
1264385,1264472,BR,vru,2.55499999999999,0.153102780888109,2.87067714165204,0.891181348948669,0.140616409871838,2.63655768509696,2.75171335551626,0.119759456491241,2.24548980921076
1265135,1265137,BR,vru,3.83333333333333,0.161086494968149,3.02037178065279,3.95791337924545,0.177746533632403,3.33274750560755,6.14533598913978,0.18785148132878,3.52221527491462
1266246,1266261,vru,BR,1.27666666666667,5.81634646882138,0.310205145003807,2.59515918341134,5.85981522306208,0.312523478563311,5.21326671336953,4.58448864192184,0.244506060902498
1266269,1266273,vru,BR,4.66666666666667,1.74916139466864,0.0932886077156608,4.08911209593477,2.82163252133018,0.150487067804276,5.30773827855873,3.69991952211528,0.197329041179482
1266759,1266765,RT,vru,4.5,0.706570674507701,13.2482001470194,3.38435057553235,0.371493459412257,6.96550236397981,5.90370572118931,0.2287839023376,4.28969816883
1268209,1268210,BR,vru,4.11166666666666,0.190942211979884,3.58016647462282,6.57778040155142,0.156735020492902,2.9387816342419,5.30491890505856,0.290181578501757,5.44090459690794
1269617,1269631,vru,TR,3.38999999999999,2.31865582419668,0.123661643957156,6.79088577796564,3.31161946430979,0.176619704763189,5.87892261106967,2.47578612197453,0.132041926505308
1269630,1269631,vru,TR,5.50166666666667,1.99553995417203,0.106428797555842,8.95149482044702,1.7839636556625,0.095144728302,5.97916360871953,3.52430664584836,0.187963021111913
1270461,1270463,vru,RT,4.77666666666667,0.614682464719354,0.0327830647850322,4.61800356038989,3.37416215499683,0.179955314933164,3.76604286531698,1.65630406142057,0.0883362166090972
1274235,1274237,vru,BR,2.83333333333333,1.785722490356,0.0952385328189866,1.26168522972566,2.83826161484397,0.151373952791678,8.57335823385604,2.22012594744695,0.118406717197171
1275261,1275265,RT,vru,5.38833333333332,0.101935098053553,1.91128308850412,5.45815181517792,0.178275893224544,3.34267299796021,5.86978168837463,0.135448818672857,2.53966535011607
1275452,1275454,vru,BR,4.61166666666668,1.69529319922377,0.0904156372919346,2.76295672942147,2.91491455188531,0.155462109433883,6.99485594006095,2.38946423657056,0.127438092617097
1275700,1275702,vru,TR,3.77833333333335,2.35009994763976,0.12533866387412,5.01629908632108,3.73195807437304,0.199037763966562,5.64553163760537,2.05137622476341,0.109406731987382
1288884,1288886,vru,BR,6.27833333333335,2.39463176683531,0.127713694231217,5.41935223739456,2.50663838654261,0.133687380615606,8.25802754407458,3.37249699473203,0.179866506385708
1288944,1288947,vru,RB,4.66666666666667,1.03882085821024,0.0554037791045463,8.17684163912724,1.65533282488675,0.0882844173272931,6.24361381992524,1.4285609148447,0.0761899154583838
1290221,1290231,RT,vru,2.60999999999998,0.192497367032824,3.60932563186546,3.70031345097837,0.19339539529909,3.62616366185794,5.00471748001203,0.15448279803962,2.89655246324287
1292949,1292957,vru,BR,6.27833333333333,2.33998555267348,0.124799229475919,7.05323136013418,1.88315739797677,0.100435061225428,5.75334612852546,4.65722076381184,0.248385107403298
1297997,1298009,BR,vru,7.61166666666668,0.0634680383686461,1.19002571941211,7.64414111658887,0.0676017809118808,1.26753339209776,7.44635547663598,0.0560469987044131,1.05088122570775
1303378,1303384,vru,BR,7.83333333333333,2.55311536120749,0.136166152597733,7.45311474238751,2.20542305787033,0.117622563086418,7.12758449350818,2.48991182816753,0.132795297502268
1304557,1304597,RT,vru,5.38833333333332,0.919156678869608,17.2341877288051,7.02248965321453,0.864407929511657,16.2076486783436,3.19310608687428,0.601884561676372,11.285335531432
1305318,1305329,TR,vru,4.05499999999999,0.143310428673185,2.68707053762222,7.81950509896636,0.164547811630244,3.08527146806707,7.18309192491401,0.12172846444655,2.28240870837281
1305708,1305712,vru,BR,4.88833333333334,1.84570360570663,0.0984375256376869,4.77866164887109,1.8647908749745,0.0994555133319735,4.59262939204459,5.31824593595242,0.283639783250796
1306678,1306705,vru,BR,6.94333333333334,1.13583940071625,0.0605781013715332,8.82175575618997,1.22349874254698,0.0652532662691725,4.52537052589558,2.35111764961689,0.125392941312901
1306879,1306886,TR,vru,5,0.14401629967819,2.70030561896606,7.12451805557175,0.16397206439429,3.07447620739294,6.71867387440304,0.139055739726365,2.60729511986935
1306879,1306890,TR,vru,6.66666666666667,0.143370479751876,2.68819649534768,8.35526497126373,0.146691437069789,2.75046444505854,5.9505561163468,0.156726893685278,2.93862925659896
1307027,1307029,BR,vru,4.77666666666666,0.121103149386373,2.27068405099449,4.79845090419227,0.114200419059972,2.14125785737448,5.54144998072789,0.19826081235242,3.71739023160788
1308584,1308592,vru,BR,6.77833333333335,3.13307568319491,0.167097369770395,6.45215401664265,2.45575887563515,0.130973806700541,6.06583275544292,5.24136904445647,0.279539682371012
1308985,1308990,vru,BR,7.94666666666665,1.90144354312396,0.101410322299945,5.66043644348641,1.89257150135236,0.100937146738792,5.29959852656449,2.4783371589371,0.132177981809979
1308990,1308998,BR,vru,5.55666666666669,0.0974573525841496,1.8273253609528,7.03402597811593,0.099518573611957,1.86597325522419,7.64372361955857,0.117225238150294,2.19797321531801
1309182,1309189,vru,BR,4.39000000000002,2.05482845540058,0.109590850954697,5.04529246255218,3.10180688963182,0.165429700780364,4.65481663614243,4.78631177103796,0.255269961122024
1309885,1309893,vru,BR,4.5,2.28384387222128,0.121805006518468,4.13052708293,1.911290097561,0.10193547186992,7.89298111322068,4.41982668162899,0.23572408968688
1312884,1312892,BR,vru,5.33333333333333,0.137881469300139,2.58527754937761,5.85072167188409,0.0594062056843961,1.11386635658243,6.15257509069094,0.144434440268392,2.70814575503236
1313876,1313882,TR,vru,2.61166666666668,0.199750416727003,3.74532031363131,4.25294435528971,0.185427898352407,3.47677309410763,8.93464831184872,0.14500246605586,2.71879623854737
1315224,1315236,vru,BR,4.61166666666662,2.21322013290404,0.118038407088215,5.7094017952435,1.26933837272553,0.0676980465453617,4.78649098891453,4.13611307915176,0.220592697554761
1317635,1317648,BR,vru,5.22166666666667,0.0470797188744116,0.882744728895218,9.35820410554292,0.0477795715512739,0.895866966586387,5.72123410494136,0.0840181584036471,1.57534047006838
1318013,1318021,TR,vru,1.27666666666664,0.183929294139943,3.44867426512393,2.23058016574949,0.163027862175386,3.05677241578848,9.13227917107186,0.140871544450914,2.64134145845465
1320981,1320991,BR,vru,5.555,0.111130304211449,2.08369320396466,5.6840732292831,0.0934974098797768,1.75307643524582,8.39545529684343,0.179885383430899,3.37285093932936
1321284,1321298,vru,BR,1.7766666666667,4.78459211667524,0.25517824622268,4.77866502791573,9.42169951836574,0.502490640979506,3.13392471928873,3.80635282859137,0.20300548419154
1322080,1322094,BR,vru,4.44500000000001,0.110767480346146,2.07689025649024,5.35266018033134,0.110612838488832,2.0739907216656,8.87493223504253,0.0995876580761427,1.86726858892768
1322249,1322254,LR,vru,6.05666666666666,0.0654523486425035,1.22723153704694,4.70900372616671,0.0727557742315695,1.36417076684193,6.2151683181701,0.0868375658391311,1.62820435948371
1325161,1325229,vru,BR,5.94333333333331,2.13385633770508,0.113805671344271,4.78621645250451,2.27171907825665,0.121158350840355,6.39422404105865,2.15019044392261,0.114676823675873
1326909,1326921,RT,vru,6.66666666666667,0.129917493136023,2.43595299630042,6.29951003080735,0.101972919215254,1.91199223528602,7.36163739481997,0.0306420819759014,0.574539037048151
1330588,1330614,BR,vru,2,0.137409689007307,2.57643166888701,2.54860636828289,0.122163629471895,2.29056805259804,7.58324080977054,0.145859277767014,2.73486145813151
1331538,1331542,BR,vru,6.61166666666667,0.0934135067370969,1.75150325132057,5.14396432387986,0.148809285791823,2.79017410859667,7.05144433752856,0.139662845631966,2.61867835559937
1331700,1331717,BL,vru,5.88999999999999,0.0389348055615956,0.730027604279917,1.95423543725395,0.0430678784118013,0.807522720221274,6.1722720368166,0.032283279777382,0.605311495825913
1332434,1332443,BR,vru,6.22333333333333,0.0962902734375794,1.80544262695461,7.8831513372574,0.072481174247981,1.35902201714964,5.83991403375243,0.034971870263915,0.655722567448406
1334104,1334106,BR,vru,9.16833333333331,0.156132409419678,2.92748267661896,6.83755383788527,0.108939496089505,2.04261555167822,6.0785467905078,0.178407893653643,3.3451480060058
1334715,1334723,RT,vru,4.27833333333335,0.10616107671046,1.99052018832113,4.73006050968355,0.0925761329163817,1.73580249218216,4.80731171192685,0.0464388293919413,0.870728051098899
1335300,1335305,BR,vru,8.50166666666664,0.0782871761687441,1.46788455316395,7.98186446871588,0.0855283973829676,1.60365745093064,7.91197332968086,0.152719847596483,2.86349714243405
1335300,1335307,BR,vru,6.72166666666665,0.0896476221468146,1.68089291525277,6.94663063659772,0.0869457027109063,1.63023192582949,7.69379137626101,0.0706577595367446,1.32483299131396
1342089,1342099,RT,vru,3.05499999999999,0.0351578882324974,0.659210404359326,2.00905221969243,0.124917587439908,2.34220476449828,4.22904966892882,0.0560466264175045,1.05087424532821
1345017,1345028,BR,vru,2.72333333333336,0.150298727623854,2.81810114294726,2.62035408772404,0.098970393451445,1.85569487721459,4.05560556212157,0.117146733409987,2.19650125143726
1346107,1346116,vru,BR,4.83333333333333,1.25762793189434,0.0670734897010313,2.65226450030457,1.27415502433062,0.0679549346309663,9.24941120505103,1.60474517335921,0.0855864092458245
1353246,1353254,vru,BR,5.33500000000001,1.39294564043986,0.0742904341567923,8.08657656943552,1.28566716694181,0.0685689155702299,6.06254822300242,2.38181692950075,0.12703023624004
1353499,1353505,RT,vru,5.94500000000001,0.115252024047572,2.16097545089197,4.47662155791197,0.120920544535884,2.26726021004783,6.20031651512216,0.0916961285222849,1.71930240979284
1354331,1354335,RT,vru,2.66833333333334,0.131401110702846,2.46377082567837,4.49368682695305,0.149499871339419,2.80312258761411,2.67352987002278,0.124755928478314,2.33917365896838
1356721,1356727,RT,vru,3.38833333333338,0.0776994446506881,1.4568645872004,3.66157630987009,0.230570719198365,4.32320098496935,9.09695027393022,0.0746140259890595,1.39901298729486
1357969,1357977,BR,vru,2.33333333333333,0.275053784746292,5.15725846399298,4.15464291692267,0.247871052734541,4.64758223877264,3.13383112696741,0.226077253132975,4.23894849624328
1359548,1359552,RT,vru,5.335,0.0442120892090414,0.828976672669526,3.94444514541032,0.124459904695025,2.33362321303172,5.09937417714623,0.135215847082684,2.53529713280032
1360514,1360622,RT,vru,7.44500000000001,0.139908542431276,2.62328517058642,5.70632996119549,0.132183678614117,2.47844397401469,5.30683407572469,0.154410833611226,2.89520313021048
1360514,1360628,RT,vru,6.27833333333335,0.0885365213335258,1.66005977500361,6.88126372382508,0.0917914528740311,1.72108974138808,6.74125913651046,0.0517754020826144,0.97078878904902
1364383,1364384,vru,BR,5.05499999999999,2.70062916656524,0.144033555550146,6.8775647413962,2.43326200496197,0.129773973597972,5.36807077188853,4.70805022912661,0.251096012220086
1374876,1374879,TR,vru,6.11166666666665,0.12196708700146,2.28688288127738,7.58178984941197,0.109387305869873,2.05101198506012,5.74963500808169,0.10173917571235,1.90760954460656
1381842,1381844,RB,vru,5.11000000000004,0.0836589434806547,1.56860519026228,2.82039165683246,0.146253279557545,2.74224899170397,8.9402027457159,0.106213040686654,1.99149451287477
1384489,1384504,BR,vru,4.22166666666665,0.135619756190061,2.54287042856365,4.00003570780972,0.177982722826057,3.33717605298857,7.29475109279504,0.180194576622629,3.37864831167429
1385644,1385652,BR,vru,2.27833333333333,0.147467485706322,2.76501535699354,0.92337736733215,0.167379591588568,3.13836734228565,2.38575840010548,0.137778950363505,2.58335531931572
1386509,1386520,vru,BR,4.33500000000004,2.51642746724014,0.134209464919474,5.26769281250484,3.27415921432006,0.174621824763736,4.63236156002079,5.59357805985351,0.298324163192187
1386610,1386612,BR,vru,6.16666666666667,0.135733283573219,2.54499906699786,7.13628828709803,0.11285928586824,2.1161116100295,6.56922066132065,0.142141906280708,2.66516074276328
1391292,1391322,BR,vru,9.77666666666667,0.0429618686794807,0.805535037740263,3.48430068084305,0.0535965150220314,1.00493465666309,3.04509307850168,0.0443022831550637,0.830667809157444
1391923,1391997,RB,vru,3.66666666666667,0.0759270946739343,1.42363302513627,2.75074488884836,0.11119174190614,2.08484516074013,6.3423225278302,0.0750835257901205,1.40781610856476
1395016,1395054,RT,vru,1.30666666666667,0.106167580751382,1.99064213908842,3.23053103594303,0.140794737035355,2.6399013194129,2.52556288702138,0.117796706411301,2.20868824521189
1396266,1396308,BR,vru,2,0.152391641164506,2.85734327183448,1.7661882492521,0.150931049301448,2.82995717440215,7.13722836411066,0.0933253823219181,1.74985091853596
1398025,1398044,BT,vru,3.33333333333333,0.201817028117637,3.7840692772057,1.54486118551179,0.167249949767671,3.13593655814384,3.44310661223206,0.155021807202893,2.90665888505425
1399487,1399493,vru,BR,3.16666666666667,1.49824924192744,0.07990662623613,2.15347475875222,3.5707743795573,0.190441300243056,5.52816231085582,2.98976909886054,0.159454351939229
1399493,1399502,BR,vru,8.05499999999999,0.39236892014368,7.35691725269399,7.80559364180862,0.403109020713577,7.55829413837956,5.47717356223671,0.149038414020505,2.79447026288448
1400011,1400022,BR,vru,3.22166666666665,0.168374261232674,3.15701739811264,4.91613642035706,0.200319915199233,3.75599840998561,7.2497937296231,0.162910515893204,3.05457217299758
1400250,1400257,BR,vru,9.88999999999996,0.143667010853309,2.69375645349955,6.514354167574,0.105042626450002,1.96954924593754,6.02916644082172,0.172507598183208,3.23451746593515
1400663,1400675,vru,BR,4.5,2.5196925364915,0.134383601946213,5.29718130954936,2.43516111862175,0.129875259659827,4.94566052412925,5.18468984384975,0.276516791671987
1401235,1401253,vru,BR,9.77833333333334,5.48127335807793,0.29233457909749,6.14239479158784,2.59552173982858,0.138427826124191,6.23715293990235,5.21091309528812,0.277915365082033
1405439,1405448,vru,TB,0.666666666666667,11.2473558179255,0.599858976956027,3.57279934563328,11.2173961835777,0.598261129790813,1.5488970535395,9.15552349160145,0.488294586218744
1405813,1405838,vru,BR,5.66833333333337,1.01972502702879,0.0543853347748686,2.90726491746738,1.87196790954103,0.0998382885088548,6.38296371216966,1.31047507479139,0.0698920039888739
1407021,1407210,RT,vru,5.66666666666667,0.0337403263777947,0.63263111958365,4.87633947439063,0.0872846258049941,1.63658673384364,3.84805699747733,0.0631639944937451,1.18432489675772
1408026,1408037,vru,BR,0.721666666666655,11.4146094594293,0.608779171169562,3.09315047276916,11.8997175515427,0.634651602748943,1.28002724501201,5.84807439589334,0.311897301114312
1409570,1409637,vru,TR,1.77666666666664,4.02499354110822,0.214666322192438,0.272292359291826,3.37052770314549,0.179761477501093,0.205155805989188,3.28588462447466,0.175247179971982
1409595,1409623,vru,BR,7.225,0.645160310269787,0.0344085498810553,4.65443619151707,0.158459894288967,0.00845119436207823,8.20302757501168,0.548009765862496,0.0292271875126664
1410100,1410151,vru,RT,2.945,2.72564562417769,0.14536776662281,4.51042694768572,3.3007197610127,0.176038387254011,7.45904385274497,1.0382027349174,0.0553708125289279
1410595,1410676,vru,TR,1.44500000000001,3.53535285051526,0.188552152027481,1.88295223156002,3.53667505523472,0.188622669612519,0.494155900762867,4.34979549161885,0.231989092886339
1410827,1410851,RT,vru,5.33333333333333,0.07117967877754,1.33461897707887,5.25479322823286,0.111912184422549,2.0983534579228,7.30372348214578,0.140334050435859,2.63126344567235
1411032,1411035,BR,vru,6.38833333333334,0.173004849418321,3.24384092659352,3.70360560062496,0.179188703060398,3.35978818238247,7.08578457939113,0.201376361152386,3.77580677160724
1413891,1413948,BR,vru,1.11166666666665,0.318805291842621,5.97759922204914,9.5869531083648,0.628963800629271,11.7930712617988,2.23447454988931,0.384247418863115,7.20463910368341
1414648,1414669,vru,TB,8.94666666666665,2.85412961807916,0.152220246297555,5.98095696406236,2.86726809912776,0.152920965286814,9.14696262224975,4.21248507112969,0.22466587046025
1414757,1414760,BR,vru,4.72166666666668,0.0859467752190738,1.61150203535763,7.91228227375006,0.0878471426623935,1.64713392491988,6.68940467853276,0.0416958405741281,0.781797010764902
1415767,1415811,BL,vru,5.83500000000001,1.15206738700899,21.6012635064186,5.73780961514165,1.15206738700899,21.6012635064186,8.46233387104111,0.0930434884363706,1.74456540818195
1417176,1417229,TR,vru,1.10999999999998,0.233737055027334,4.38256978176251,2.56644458135674,0.213088044289167,3.99540083042188,8.22727667871515,0.12437715886371,2.33207172869456
1420336,1420342,vru,TB,0.444999999999982,12.3103865243699,0.656553947966397,2.66837734802317,12.350454940022,0.658690930134508,2.05535764356818,6.62621618040689,0.353398196288368
1422472,1422483,TR,vru,3.28,0.139205598053492,2.61010496350298,4.80263994539491,0.138414583853111,2.59527344724583,8.86923122271128,0.0825053749494002,1.54697578030125
1425310,1425339,TR,vru,1.88999999999999,0.19049764382125,3.57183082164844,3.74036998914259,0.201150109962798,3.77156456180247,4.51369571275558,0.129897052190961,2.43556972858051
1425409,1425413,vru,RB,3,3.53238870144572,0.188394064077105,3.5967562808081,5.49981205690603,0.293323309701655,4.52634843394923,2.39065836324366,0.127501779372995
1430121,1430131,BR,vru,9.27666666666667,0.114962196403929,2.15554118257366,6.84342415668322,0.108337424293527,2.03132670550364,5.79110673270659,0.140143435322814,2.62768941230277
1432202,1432209,BR,vru,8.5,0.144271984936693,2.705099717563,5.86079168829228,0.111903324748087,2.09818733902663,5.90478373889565,0.122638410685417,2.29947020035157
1433989,1434012,RB,vru,3.22166666666665,0.196456146094898,3.68355273927935,3.08214396206585,0.196248435703329,3.67965816943742,4.07611564994895,0.181725672915414,3.40735636716401
1434623,1434627,BR,vru,4.11000000000001,0.135931122191294,2.54870854108676,4.14332084408715,0.126716432959065,2.37593311798247,9.49489073292499,0.130033921877545,2.43813603520396
1434728,1434733,BR,vru,4.27666666666664,0.162212720339989,3.04148850637479,6.69519533325602,0.155789406878288,2.9210513789679,7.10116729426715,0.126347831928367,2.36902184865688
1437644,1437657,RT,vru,3.89166666666667,0.0367291595775238,0.688671742078572,5.80592079339392,0.0750157181808734,1.40654471589138,4.685383510479,0.0548940048131863,1.02926259024724
1442158,1442164,LR,vru,3.38833333333334,0.163887579185513,3.07289210972838,3.7238635336181,0.175778067855792,3.2958387722961,3.50270331513671,0.177028283815372,3.31928032153822
1442429,1442432,LR,vru,4.61166666666668,0.0702045766394892,1.31633581199042,4.42743244190103,0.0972954908591954,1.82429045360991,4.8483616977973,0.0872620330980643,1.63616312058871
1446033,1446036,vru,BR,4.77666666666664,2.20858864850276,0.117791394586814,4.9514506827522,2.16251255117265,0.115334002729208,6.52835163914289,3.36496325375066,0.179464706866702
1447279,1447295,vru,LR,9.66666666666667,1.32802493255789,0.0708279964030877,6.33919637936863,1.22160498652385,0.0651522659479385,5.04914843467616,2.18692758517101,0.116636137875787
1447516,1447522,RB,vru,7.66666666666667,0.103473733372582,1.94013250073592,7.56481918329079,0.0916193336296131,1.71786250555525,4.57224122717707,0.072608870765612,1.36141632685522
1453062,1453063,BR,vru,2.72333333333333,0.260291020616431,4.88045663655808,5.35247411089016,0.283478308673955,5.31521828763665,7.75461617604378,0.203806221809107,3.82136665892076
1460060,1460079,BR,vru,3.66666666666667,0.159899860803061,2.99812239005739,5.35471451596187,0.160157782625837,3.00295842423444,9.9319441158213,0.120190823677914,2.2535779439609
1460702,1460706,BR,vru,4.39,0.176094767453294,3.30177688974927,5.57634158615251,0.152607760311562,2.86139550584179,4.54491853998994,0.278299096577209,5.21810806082268
1462864,1462865,vru,BR,3.94333333333331,3.23704115778441,0.172642195081835,6.03565773003428,2.87131053073198,0.153136561639039,5.45684876860586,5.59665553626993,0.29848829526773
1471767,1471802,RB,vru,3.16666666666667,0.108903537293167,2.04194132424688,5.36724840172126,0.109181180699883,2.04714713812281,4.74428967283207,0.0736504970396061,1.38094681949261
1476897,1476903,BR,vru,7.5,0.0528792217401142,0.991485407627142,6.58662466634157,0.0318453221104087,0.597099789570163,5.02685209095381,0.106031579408125,1.98809211390234
1477954,1477957,BR,vru,6.38999999999999,0.0744328439398395,1.39561582387199,8.98216699060524,0.0744328439398395,1.39561582387199,5.06943805297829,0.128633922743694,2.41188605144426
1480490,1480505,BR,vru,4.50166666666667,0.0929404787047782,1.74263397571459,4.43318567678427,0.100193647361186,1.87863088802224,9.76168856954353,0.0847501202459105,1.58906475461082
1480970,1480990,BR,vru,2.44333333333332,0.857927811418624,16.0861464640992,7.0370836002288,0.474499779863239,8.89687087243573,4.79117116849871,0.17449938876367,3.27186353931882
1483708,1483715,vru,BR,3.83333333333333,2.22550850202721,0.118693786774785,4.56370046431896,2.91097860109955,0.155252192058643,5.32218342135677,3.51290876372568,0.18735513406537
1485908,1485912,vru,BR,4.83333333333333,2.87953148580455,0.153575012576243,6.26643034500273,2.25173338295618,0.120092447090996,3.91824649174426,5.13975143302306,0.274120076427896
1486004,1486018,BR,vru,3.00166666666664,0.276149134609569,5.17779627392942,3.51326734973041,0.24022851665642,4.50428468730788,7.87440572497912,0.233444667283716,4.37708751156968
1486227,1486228,BR,vru,5.61333333333338,0.123251541585532,2.31096640472873,3.93501783517012,0.123811696419368,2.32146930786315,6.63803295788232,0.208343320883322,3.90643726656229
1486729,1486757,vru,BR,3.33333333333333,1.97429606159651,0.105295789951814,2.74501991424918,2.67723015586069,0.14278560831257,8.32422590616837,2.31467798365098,0.123449492461386
1488489,1488514,vru,BR,3.66666666666667,1.16144898328177,0.0619439457750276,6.96535701426906,1.28977873263075,0.0687881990736402,6.09645808034231,2.52193563202753,0.134503233708135
1488949,1488962,vru,BR,7.66666666666667,2.15300591310444,0.114826982032237,6.578609194623,1.90366869276172,0.101528996947292,5.76637274405994,4.29214365749348,0.228914328399652
1488962,1488963,BR,vru,4.77833333333335,0.141348648307156,2.65028715575918,4.44596374919943,0.113013902072319,2.11901066385599,5.51034853792742,0.309549863620706,5.80405994288823
1489358,1489359,BR,vru,6.11166666666662,0.165044683558447,3.09458781672087,4.97404820503913,0.122383366556706,2.29468812293824,7.45341634539991,0.201916972328724,3.78594323116358
1490111,1490138,TR,vru,1.33333333333333,0.196423023855089,3.68293169728291,2.58904419125231,0.191714191150241,3.59464108406702,8.85034559279019,0.11454550093203,2.14772814247555
1490603,1490616,vru,BR,4.55499999999999,1.58125154613671,0.0843334157939579,1.66324824406461,2.93160923953345,0.156352492775117,6.39749225524215,2.98867444066277,0.159395970168681
1491389,1491396,BR,vru,4.27833333333332,0.117678906562451,2.20647949804596,4.08282379631556,0.108802020355788,2.04003788167102,3.97682829666123,0.0759472120253342,1.42401022547502
1491424,1491440,RT,vru,4.44333333333331,0.142022133647087,2.66291500588288,4.73436983997796,0.127368436014798,2.38815817527747,8.4363638364595,0.0988693083606994,1.85379953176311
1494267,1494309,RB,vru,3.66666666666667,0.307873161540158,5.77262177887797,6.52744339745762,0.301303140027366,5.64943387551311,5.69778195889373,0.115403161466277,2.1638092774927
1495670,1495687,vru,BR,4.44500000000001,2.31664893188448,0.123554609700506,4.4701542117676,2.4369679263382,0.129971622738037,7.26531418015912,2.9784896982592,0.158852783907157
1496544,1496572,vru,RT,2.5,2.87835534502929,0.153512285068229,2.48929426844061,3.21707179902358,0.171577162614591,9.78294254875221,1.05397116832072,0.0562117956437717
1497378,1497382,vru,BR,7.38833333333335,2.3808405868427,0.126978164631611,4.95649399883581,2.26062666989892,0.120566755727942,9.04700288556216,3.3775886248203,0.180138059990416
1498722,1498736,BR,vru,3.61166666666668,0.22919989312136,4.29749799602549,1.84314620045035,0.22232039926466,4.16850748621238,7.21470850939168,0.175546583672766,3.29149844386436
1499520,1499530,BR,vru,5.27666666666667,0.152396591364293,2.8574360880805,5.11684312922246,0.13976096114121,2.62051802139768,6.3188859335515,0.12391618249918,2.32342842185963
1500810,1500824,vru,TR,9.88833333333332,3.15825097870551,0.168440052197627,7.00991724612079,3.39955699318333,0.181309706303111,6.04570779403749,1.70004293707454,0.0906689566439757
1504940,1505019,vru,TB,4.83500000000001,1.54689342180147,0.0825009824960784,3.70483170109501,1.85955788691056,0.0991764206352298,5.18994867508274,1.01265995090882,0.0540085307151373
1505304,1505313,RT,vru,6.6666666666667,0.048750172924949,0.914065742342794,6.5134733031227,0.114664292928732,2.14995549241373,9.36740304718365,0.0313160051624082,0.587175096795154
1508374,1508382,vru,BR,1.83333333333333,2.50140099895971,0.133408053277851,1.57810018212576,3.39924379405228,0.181293002349455,5.46629517445067,3.62475698952384,0.193320372774605
1508382,1508391,BR,vru,6.72166666666667,0.141644660194649,2.65583737864966,7.75131849311509,0.124719962604099,2.33849929882686,6.60998996306402,0.173658285446068,3.25609285211377
1508966,1509066,BR,vru,7.33333333333333,0.0804238839911694,1.50794782483443,5.87940530648447,0.0816132721652224,1.53024885309792,8.80795026955672,0.135798088821844,2.54621416540957
1508966,1509096,BR,vru,9.445,0.0788725230537657,1.47885980725811,5.83281893539299,0.0770944844472598,1.44552158338612,8.04291956437685,0.139618716029873,2.61785092556012
1510647,1510703,RL,vru,2.05499999999999,0.180509160140635,3.38454675263691,2.30376714763167,0.160227148806099,3.00425904011435,8.752625630584,0.0958305684959538,1.79682315929913
1511995,1512002,BR,vru,4.22333333333333,0.0950525889741764,1.78223604326581,3.37539369747101,0.141687673405096,2.65664387634554,5.50476969259947,0.233268711374309,4.37378833826829
1512089,1512094,vru,RT,5.22166666666672,0.976933055675324,0.0521030963026839,6.60637047886036,0.981953667999644,0.0523708622933143,3.2118517795713,1.84566699639039,0.098435573140821
1513783,1513786,BR,vru,7.22166666666665,0.0792633195537101,1.48618724163206,3.64064742192505,0.0838487403725147,1.57216388198465,7.91198777000725,0.143147575729835,2.6840170449344
1514299,1514370,vru,BL,1.05666666666669,8.09418999947108,0.431690133305124,1.68984757653644,8.44178475563538,0.450228520300553,1.49094932385853,6.39537042394552,0.341086422610428
1514299,1514418,vru,BR,0.776666666666642,8.48441119323825,0.45250193030604,3.64136325157727,9.00727370262608,0.480387930806724,5.50182507943317,2.93541163994409,0.156555287463685
1515524,1515551,TR,vru,1,0.195426650732817,3.66424970124032,2.92054659056762,0.22461069458888,4.2114505235415,6.20239493672001,0.131525867793209,2.46611002112266
1517052,1517060,BR,vru,6.66666666666667,0.0955586842606196,1.79172532988662,5.96203131713707,0.0870038050714686,1.63132134509004,7.93469026116183,0.12812847161649,2.40240884280918
1517186,1517187,vru,BR,4.225,2.14490011023343,0.114394672545783,2.69344289926782,2.47274424998176,0.131879693332361,6.34314425620261,3.41274214858877,0.182012914591401
1517349,1517495,RB,vru,1.33499999999999,0.189402558961852,3.55129798053472,1.90223508735153,0.184327860099672,3.45614737686884,2.59462364321099,0.196311088834956,3.68083291565542
1519057,1519079,vru,BR,7.94500000000001,0.810034679468832,0.043201849571671,5.153474831652,2.64073196180367,0.140839037962862,7.88937693922772,2.78982287379242,0.148790553268929
1520147,1520325,RB,vru,3.16666666666667,0.12604299136555,2.36330608810406,2.67296497549683,0.129204425117583,2.42258297095468,4.20857856191426,0.114479816530469,2.1464965599463
1521402,1521405,BR,vru,2.55666666666669,0.181274886146817,3.39890411525282,3.36430552910141,0.200443767102856,3.75832063317855,9.85564723953929,0.155364494059577,2.91308426361707
1521858,1521871,BR,vru,7.27666666666664,0.102313826878139,1.91838425396511,7.23196133938734,0.092236489511179,1.72943417833461,8.88886518899,0.105954560753033,1.98664801411936
1522242,1522344,BR,vru,5.89000000000002,0.116302709802756,2.18067580880167,2.13207989260282,0.0948137508949584,1.77775782928047,8.81080483334805,0.112453415907067,2.10850154825751
1522341,1522357,vru,BR,2.44333333333337,2.11952985056736,0.113041592030259,1.83563596647048,2.62060243562026,0.139765463233081,8.76156826538273,2.56498675460421,0.136799293578891
1522671,1522676,BR,vru,3.16666666666667,0.155628059135279,2.91802610878648,3.45932763698218,0.121503144045874,2.27818395086014,7.88785183291655,0.187683945122014,3.51907397103776
1523897,1523904,BR,vru,5.27666666666667,0.119192121441932,2.23485227703623,5.77068436458931,0.148993229062461,2.79362304492114,7.15836765382668,0.121665617052248,2.28123031972965
1527250,1527255,RT,vru,6.44500000000001,0.0319302181820873,0.598691590914137,3.88869831552828,0.107380010598741,2.01337519872639,6.74201865922175,0.0288725617862268,0.541360533491752
1528955,1528957,BR,vru,5.72166666666665,0.107337590414275,2.01257982026766,3.97532689508701,0.140414869166893,2.63277879687924,5.42483389526823,0.134128544031905,2.51491020059822
1529852,1529860,RT,vru,3.77666666666664,0.0651079417954831,1.22077390866531,4.66398751285151,0.0391204142289617,0.733507766793032,4.43509333648554,0.043636164684214,0.818178087829013
1532556,1532559,BR,vru,6.16666666666667,0.0818949503607036,1.53553031926319,9.3842723196569,0.069494905320261,1.30302947475489,7.75749309897157,0.0638320236235704,1.19685044294194
1534512,1534515,BR,vru,4.66666666666667,0.100039217436085,1.87573532692659,5.248974523806,0.0800214027585065,1.500401301722,4.7890977185695,0.161891179006203,3.0354596063663
1535003,1535008,BR,vru,9.11166666666666,0.15862755766323,2.97426670618556,7.67263871358962,0.1174692347667,2.20254815187562,9.47766430083619,0.168185195376923,3.15347241331731
1537726,1537760,RB,vru,3.5,0.0898629477805058,1.68493027088448,5.80024695114003,0.101814749785222,1.90902655847291,5.19394278618684,0.0527272259445236,0.988635486459817
1543921,1543926,RB,vru,2.445,0.275513672852159,5.16588136597798,1.79360301810137,0.270947004803616,5.08025634006781,3.26012165145945,0.140297961711128,2.63058678208365
1545100,1545107,LR,vru,5,0.19697064139696,3.69319952619301,6.33343867495041,0.18598231184184,3.48716834703451,7.52198981094435,0.173913847969311,3.26088464942458
1545162,1545164,vru,BR,4.725,3.49638534559475,0.186473885098387,6.04565316182265,3.04647243910983,0.162478530085858,5.12526681285785,6.20123210594901,0.330732378983947
1548583,1548596,vru,BR,9.44666666666665,2.22828872133797,0.118842065138025,6.50261756904835,2.19344561799365,0.116983766292995,5.98952201850631,4.30886348953469,0.229806052775184
1548676,1548695,RT,vru,4.88833333333332,0.109863340278594,2.05993763022363,4.95219926516654,0.126458059788814,2.37108862104026,4.25414516845439,0.209754611977725,3.93289897458234
1550724,1550832,RT,vru,5.83500000000004,0.0667236535992033,1.25106850498506,3.61901653707194,0.127022463872881,2.38167119761652,6.92130316087651,0.112633263234458,2.11187368564608
1550985,1550992,TB,vru,5.77833333333333,0.043885236121622,0.822848177280412,4.70130378114255,0.0460298440925108,0.863059576734577,4.41531997283218,0.0523134436879844,0.980877069149707
1551856,1551857,vru,BR,3.72166666666672,2.81350606587867,0.150053656846862,4.47092825920417,1.96546934900735,0.104825031947059,5.36796928887695,3.89811884474677,0.207899671719828
1556081,1556084,BR,vru,4.44499999999998,0.0828704700501955,1.55382131344117,8.22712229192416,0.0237414967101224,0.445153063314796,7.3275004647004,0.0264789982999825,0.496481218124672
1557336,1557338,BR,vru,4.94500000000001,0.068942029733527,1.29266305750363,7.38085703058525,0.0322492050322475,0.60467259435464,9.36727038100239,0.0502840326657922,0.942825612483604
1561400,1561423,TR,vru,2.055,0.169766003343335,3.18311256268753,3.51802391949072,0.170861852711182,3.20365973833467,2.83379663979069,0.13177087896696,2.47070398063051
1565431,1565451,BR,vru,6.05500000000002,0.124115130104935,2.32715868946754,4.4496005938429,0.0947835661050976,1.77719186447058,6.93155661967521,0.105564635522948,1.97933691605528
1565431,1565453,BR,vru,6.72166666666668,0.141992811977861,2.6623652245849,6.40490371556429,0.116951487201909,2.19284038503579,7.60578049054523,0.118481085212617,2.22152034773657
1567545,1567557,BR,vru,3.83333333333333,0.172072975248982,3.22636828591841,4.76649623429947,0.217457476455502,4.07732768354066,8.80753179883134,0.123932495755446,2.32373429541462
1569279,1569283,RT,vru,5.83333333333333,0.136595039813487,2.56115699650287,6.88093092769952,0.124362343790562,2.33179394607303,5.29765787561761,0.144608216545807,2.71140406023389
1570427,1570433,BR,vru,8.88999999999999,0.127718364063634,2.39471932619314,7.05995151748658,0.101675553606901,1.9064166301294,6.75970835248012,0.122764663563339,2.3018374418126
1570818,1570824,vru,BR,7.66833333333332,1.85303121267073,0.0988283313424391,7.90334429033948,1.50323792397763,0.0801726892788071,7.41446760643822,3.51565589282581,0.187501647617377
1572374,1572399,RT,vru,3.94500000000001,0.101087994277093,1.89539989269549,4.38198460146716,0.202823070909759,3.80293257955799,8.03290236632207,0.10018186419031,1.87840995356831
1574818,1574824,BR,vru,4.66666666666667,0.156444103854343,2.93332694726892,6.53752956377382,0.143480509038496,2.6902595444718,5.48740714492913,0.143633584550848,2.69312971032839
1576669,1576678,BR,vru,4.16666666666667,0.218751008960698,4.10158141801309,4.17003044262314,0.240055449172678,4.50103967198771,8.05686113594031,0.14820805614821,2.77890105277894
1576933,1576942,vru,BR,4.05666666666669,2.27825845453045,0.121507117574957,5.93454791315109,1.92201526045229,0.102507480557455,6.35689385726529,4.15600144175891,0.221653410227142
1582184,1582201,BR,vru,4.83500000000001,0.14111467009067,2.64590006420007,3.8029837252681,0.141172405996064,2.6469826124262,8.51472804224036,0.102994749112305,1.93115154585572
1585986,1585994,vru,BR,4.22166666666665,2.38507321557979,0.127203904830922,5.71879265967169,3.02210517583442,0.161178942711169,6.24799233441617,4.372644106616,0.233207685686187
1585994,1586003,BR,vru,5.61166666666668,0.15913747063899,2.98382757448106,4.54729339936756,0.141660487814541,2.65613414652265,5.08225395855191,0.152099684425093,2.85186908297049
1588279,1588312,vru,BR,7.33333333333333,3.0972960576768,0.165189123076096,4.11185224651749,3.08093083269278,0.164316311076948,6.08370891250427,2.32865738783448,0.124195060684506
1588298,1588307,BR,vru,5.5,0.080010043163272,1.50018830931135,3.78759242435423,0.0863144608969883,1.61839614181853,6.44278066908619,0.180924989744994,3.39234355771864
1588412,1588424,BR,vru,6.83333333333333,0.140807345919936,2.64013773599879,6.0887504618344,0.135410727177712,2.5389511345821,5.78651094590003,0.153684221183369,2.88157914718817
1592048,1592055,BR,vru,5.38999999999999,0.109185928056321,2.04723615105602,5.68268816951872,0.0629610332385506,1.18051937322282,6.39764261812822,0.21664620822008,4.0621164041265
1595089,1595091,vru,BR,4.16666666666667,2.00407882871295,0.106884204198024,3.50594340696195,1.6290777697624,0.0868841477206616,6.58228755041987,3.91605440875087,0.20885623513338
1595283,1595309,BR,vru,4.94666666666667,0.132914326439798,2.49214362074621,4.75191006087758,0.134212352635187,2.51648161190975,6.61279221944726,0.133141924132855,2.49641107749102
1595878,1595908,BR,vru,2.72166666666667,0.0906725129320856,1.70010961747661,8.32254694099992,0.106740655817012,2.00138729656898,8.79137721312862,0.0324782275521793,0.608966766603362
1598755,1598836,vru,BR,4.16666666666667,3.37161806056322,0.179819629896705,4.15662068416988,6.21260743878056,0.33133906340163,6.05183639702852,1.75557093131712,0.0936304496702463
1598836,1598848,BR,vru,6.05666666666667,0.129357887858581,2.4254603973484,4.58016030837477,0.0665645027392632,1.24808442636118,6.51993078359434,0.173697818609269,3.25683409892379
1599925,1600042,vru,TB,5.22166666666665,1.67144123278353,0.0891435324151214,1.87397119527682,1.67136264691538,0.0891393411688204,6.99280446051231,1.35072992632932,0.0720389294042307
1599925,1600049,vru,TB,4.77833333333335,1.73983423606367,0.0927911592567291,2.31683908489792,1.69195945502467,0.0902378376013159,4.19446382062215,1.71309307710848,0.0913649641124523
1600779,1600781,BR,vru,3.66666666666667,0.13101556969394,2.45654193176138,4.24990141741019,0.148868048767023,2.79127591438169,4.43106916699824,0.21513742900842,4.03382679390788
1601620,1601641,BR,vru,7.88999999999999,0.108262720617965,2.02992601158685,6.42468323167225,0.083170129872425,1.55943993510797,7.30005028250985,0.118627696866355,2.22426931624416
1607573,1607574,BR,vru,5.2233333333333,0.10631355014905,1.99337906529469,5.27799181907489,0.0860171226834189,1.6128210503141,6.53578671007085,0.128612717318089,2.41148844971417
1608701,1608748,RB,vru,5.11166666666665,0.0546215978644925,1.02415495995923,3.76484847731319,0.0124799353408893,0.233998787641675,9.06559913167759,0.012549327812184,0.23529989647845
1608741,1608749,BT,vru,5.22166666666665,0.177188694370349,3.32228801944404,4.88012407832062,0.110461751030453,2.07115783182099,8.54640074645237,0.13492206765403,2.52978876851306
1609115,1609118,BR,vru,4.88833333333332,0.137214823697277,2.57277794432395,7.16250453071512,0.0938901320459129,1.76043997586087,5.62530474684948,0.159735469627163,2.9950400555093
1610933,1610972,vru,BR,9.22166666666666,3.63124151931279,0.193666214363349,5.57827078496349,2.22444094737232,0.118636850526524,6.74613164617539,3.99447279083959,0.213038548844778
1616740,1616815,BR,vru,9.055,0.0898723363628549,1.68510630680353,2.27851959179844,0.0533869527152913,1.00100536341171,1.64753992963351,0.0911399894418546,1.70887480203477
1620887,1620889,RT,vru,4.22333333333333,0.117857047726353,2.20981964486912,5.334426479495,0.0916653527883966,1.71872536478244,5.09584511637503,0.195634270533196,3.66814257249743
1620887,1620891,RT,vru,4.44333333333334,0.11307880229771,2.12022754308206,6.64544054555026,0.207630009575636,3.89306267954317,5.36876027543656,0.191730620949746,3.59494914280775
1621867,1621875,vru,BR,4.05666666666666,1.25719497811323,0.0670503988327058,6.54186732426474,2.67473799932189,0.142652693297168,4.38006216809009,2.2736272627803,0.121260120681616
1621873,1621875,vru,BR,1.66666666666667,1.44862849177551,0.0772601862280275,2.03598105952566,2.45100290084399,0.130720154711679,3.24341151084276,1.9524001970684,0.104128010510314
1622986,1622993,BR,vru,4.22166666666672,0.196050206706562,3.67594137574804,5.81359454244677,0.184291372857833,3.45546324108437,5.98519121888586,0.18889374892982,3.54175779243413
1624487,1624489,vru,BR,4.66666666666667,3.11706619686002,0.166243530499201,2.82305455473921,3.62894771234889,0.193543877991941,5.5050009629851,4.61106179942053,0.245923295969095
1624785,1624793,vru,RB,3.27833333333328,6.07543471635499,0.324023184872266,4.68793946979612,6.25264887521047,0.333474606677892,6.24866173247224,2.17262194550213,0.11587317042678
1626240,1626249,vru,BR,8.38833333333332,1.15865359065318,0.0617948581681698,7.49585927446099,1.31645735911717,0.0702110591529156,8.63673138923502,3.32314527941985,0.177234414902392
1627669,1627677,vru,BR,4.61166666666665,2.27681981580976,0.121430390176521,3.05293439287897,2.65562669027595,0.141633423481384,4.96962839999364,4.23259960677034,0.225738645694418
1627745,1627772,TR,vru,2.05499999999999,0.140956006299871,2.64292511812257,3.07154169207492,0.132992086631377,2.49360162433832,9.6349906144344,0.0577581883635416,1.0829660318164
1627764,1627772,BR,vru,4.61166666666668,0.120008085935504,2.25015161129069,3.61285654518251,0.155712551036392,2.91961033193235,7.34869741064521,0.167802236554664,3.14629193539994
1627988,1628005,BR,vru,1.5,0.0765039120903524,1.43444835169411,0.813598112966046,0.0887064021902893,1.66324504106792,0.566073647178881,0.0715185092170324,1.34097204781936
1628184,1628213,RT,vru,5.33500000000001,0.104875176889126,1.96640956667111,4.40780184391079,0.0884877570123396,1.65914544398137,4.75087856862252,0.0330439480127984,0.619574025239969
1629714,1629715,vru,BR,3.7233333333333,3.54821482935607,0.189238124232324,4.55494633810243,1.76984587814605,0.0943917801677892,4.77954856857426,5.57955348982166,0.297576186123822
1638616,1638667,LR,vru,2.61166666666666,0.177533112394761,3.32874585740176,4.83333555951567,0.152003440815772,2.85006451529572,8.65777579306571,0.097256548963268,1.82356029306128
1639341,1639342,BR,vru,4.22166666666665,0.0892317701976767,1.67309569120644,9.76044022038724,0.0823045125121859,1.54320960960348,4.48055703581628,0.111361646893704,2.08803087925696
1640634,1640646,RB,vru,3.61166666666668,0.0464789168726391,0.871479691361984,3.62702531464998,0.112818571119395,2.11534820848865,4.247056452072,0.0710895172563227,1.33292844855605
1641261,1641269,BR,vru,5.33333333333333,0.157552596907822,2.95411119202166,7.90768943261555,0.140138094555545,2.62758927291646,6.53557824347685,0.16064352584579,3.01206610960856
1641726,1641728,vru,BR,0.943333333333339,2.87044764884914,0.153090541271954,2.04245759821554,2.37058933985499,0.126431431458933,0.0123702071310074,2.55175373085863,0.13609353231246
1641905,1641912,RT,vru,2.83333333333333,0.0657631830376341,1.23305968195564,2.04428746756741,0.115849513543375,2.17217837893828,5.72865962175299,0.106084701470605,1.98908815257384
1643034,1643037,BR,vru,4.72333333333333,0.172055922010365,3.22604853769434,4.47256091802736,0.156603943840321,2.93632394700602,4.88392525371011,0.246279974730691,4.61774952620046
1645725,1645734,RT,vru,5.05666666666669,0.0834873397506277,1.56538762032427,4.76275166920978,0.109838489337425,2.05947167507672,5.08064438170666,0.0967101834062049,1.81331593886634
1646003,1646006,BR,vru,5.7766666666667,0.105122166050396,1.97104061344493,7.00224794093799,0.100485879673469,1.88411024387755,5.77950460418737,0.186068048204134,3.48877590382751
1646615,1646629,RT,vru,5.55499999999999,0.121235182616774,2.27315967406452,4.25350857050072,0.0636745410478845,1.19389764464784,3.67602491458422,0.125899770193033,2.36062069111936
1646851,1646874,TR,vru,2.11166666666668,0.201633733233266,3.78063249812374,1.81438738244411,0.106366180213358,1.99436587900046,0.417856650609347,0.198327340122239,3.71863762729197
1650357,1650366,BR,vru,3.05500000000005,0.165715625922529,3.10716798604742,3.69793113597422,0.129125861331285,2.4211098999616,6.90059858515404,0.181635942246171,3.40567391711571
1650647,1650692,RT,vru,2.11333333333332,0.119715039549261,2.24465699154864,3.2659226403857,0.0779506242320371,1.4615742043507,6.58548258470567,0.0802283974191203,1.50428245160851
1651228,1651230,vru,BR,5.27666666666664,3.02275987796683,0.161213860158231,6.3031628491678,2.53576920012903,0.135241024006881,6.25269827392435,4.98540290157383,0.265888154750604
1654179,1654185,vru,BR,8.33500000000004,2.85655900567737,0.152349813636126,7.04856341865644,2.33222192002845,0.124385169068184,4.92930670494451,5.05063045771074,0.269366957744573
1654627,1654633,BR,vru,7.38999999999999,0.0575823333079025,1.07966874952317,8.74805648679174,0.0257758406787138,0.483297012725884,8.12778982481869,0.0497399018040048,0.932623158825089
1657340,1657354,BR,vru,5.33500000000001,0.118497021318762,2.22181914972679,6.37249511991897,0.107035305294721,2.00691197427603,9.71659396645615,0.100533356047184,1.88500042588469
1665326,1665329,BR,vru,4.22166666666665,0.075882463519886,1.42279619099786,6.50976877307444,0.183033231179529,3.43187308461617,6.53386355600056,0.0470008736899686,0.881266381686911
1669070,1669078,vru,BR,4.7766666666667,2.93360281939987,0.15645881703466,6.381263781037,2.62523698381862,0.140012639136993,5.10168404384563,5.58279746476326,0.297749198120707
1669445,1669459,vru,BR,3.60999999999998,2.13871078802116,0.114064575361129,1.88804795879552,2.47250685904757,0.131867032482537,6.66696145422186,3.64978315949986,0.194655101839993
1669449,1669459,vru,BR,5.5,2.31777586006609,0.123614712536858,6.87310452661603,1.52826522022566,0.081507478412035,8.98316129062806,3.91729569554184,0.208922437095565
1671458,1671460,vru,BR,4.22166666666665,2.18389870026478,0.116474597347455,3.57668895133742,2.48024210734302,0.132279579058294,4.96516740655163,3.64945990810097,0.194637861765385
1678170,1678174,BR,vru,5.33333333333333,0.115249468683802,2.16092753782128,6.52041994174327,0.102352345682323,1.91910648154356,8.87671282496789,0.15984567007579,2.99710631392106
1679355,1679372,BR,vru,3.44333333333331,0.182791391311551,3.42733858709159,4.55180646631079,0.170642893257969,3.19955424858692,8.08471917260824,0.134145520702135,2.51522851316503
1679455,1679457,BR,vru,4.55666666666667,0.138782710111583,2.60217581459219,5.72159271695362,0.110567271939126,2.07313634885861,8.90818855824658,0.173519235510521,3.25348566582227
1684658,1684668,BR,vru,6.66666666666667,0.132957529037584,2.49295366945469,5.84178274550225,0.125403659797459,2.35131862120236,8.73306769835181,0.144792144565527,2.71485271060363
1684658,1684669,BR,vru,7.61166666666668,0.131451519367138,2.46471598813384,5.06777171748501,0.120128505493013,2.25240947799399,8.20063445237833,0.136632892353707,2.56186673163202
1684658,1684671,BR,vru,4.72166666666665,0.109616307826431,2.05530577174557,4.72958687375719,0.116591472546404,2.18609011024508,7.98145735572291,0.144450065414792,2.70843872652734
1684658,1684675,BR,vru,3.38833333333332,0.11798356961065,2.21219193019969,4.38230650497173,0.127431243920831,2.38933582351559,8.10616317154026,0.149949419502211,2.81155161566646
1687233,1687259,RT,vru,5.55666666666669,0.182976623135584,3.4308116837922,3.8128349265558,0.13113103943558,2.45870698941712,3.69855153177286,0.173220312609311,3.24788086142457
1687458,1687462,vru,BR,5.2766666666667,1.10030392689526,0.0586828761010803,5.19850007616055,2.56039309675034,0.136554298493351,7.6281688509829,3.81473808568099,0.203452697902986
1691260,1691267,RB,vru,2.27833333333335,0.1408234324014,2.64043935752626,5.67275293971141,0.128855018767566,2.41603160189187,3.32524141340008,0.110182950400844,2.06593032001583
1693022,1693023,vru,BR,3.5,3.97751743092316,0.212134262982569,5.09529747690024,3.21532037944411,0.171483753570353,4.4010916051025,6.63068355899296,0.353636456479625
1695279,1695340,RB,vru,4.83333333333333,0.125368986303917,2.35066849319845,4.40735871250041,0.122169421955511,2.29067666166583,4.1321917648113,0.0489610594040323,0.918019863825606
1696922,1696933,vru,BR,1,6.0495490824593,0.322642617731163,1.34294851672344,9.52966224205108,0.508248652909391,1.07695214036892,5.10021726769863,0.272011587610594
1702523,1702528,vru,BR,3.5,3.45728085352387,0.18438831218794,6.10167432206306,2.65583378983299,0.141644468791093,4.93105117135558,5.82613960664051,0.310727445687494
1702544,1702548,RT,vru,2.44500000000001,0.196468608029736,3.68378640055754,4.91343444320389,0.206192860232999,3.86611612936873,5.34397903168597,0.163587922158308,3.06727354046827
1706926,1706929,RT,vru,4.33333333333333,0.255948620826902,4.79903664050442,3.28446169347379,0.19131803008937,3.58721306417569,4.75737604345129,0.224378466151902,4.20709624034817
1708343,1708349,vru,BR,5.33333333333333,2.91093424347928,0.155249826318895,6.44793337407745,2.49356601192536,0.132990187302686,5.7487798870586,5.10180168801747,0.272096090027598
1709097,1709098,vru,BR,4.16666666666667,1.54286041421673,0.0822858887582257,8.70226404166716,1.39285059675249,0.0742853651601327,5.70707204087171,3.20971748947262,0.171184932771873
1711778,1711782,BR,vru,4.22166666666668,0.23493698181245,4.40506840898343,5.84295446153659,0.268740307450838,5.03888076470322,9.14056467439863,0.188540885737835,3.53514160758441
1712189,1712214,vru,BR,1.11000000000001,8.05190958668522,0.429435177956545,5.19513075746265,8.71473001405192,0.464785600749436,8.76382123907972,2.46092775706529,0.131249480376815
1713601,1713602,vru,RT,4.61166666666668,1.03645109297396,0.0552773916252781,5.42047983447605,0.747131975822816,0.0398470387105502,7.35178156894769,2.53812727812287,0.135366788166553
1714076,1714087,vru,BR,3.77666666666664,2.96333288104347,0.158044420322318,5.39165429605449,3.98450389139711,0.212506874207846,8.61689191362636,3.61625285272459,0.192866818811978
1714179,1714193,RT,vru,5.05666666666667,0.166222897269965,3.11667932381185,4.9178500247988,0.142846880810202,2.67837901519129,5.40962088969931,0.234845265343566,4.40334872519185
1723529,1723574,RB,vru,5.55833333333333,0.207874080531633,3.89763900996811,6.69080517597697,0.207620338035872,3.89288133817259,8.76583183166502,0.206046768639089,3.86337691198291
1724621,1724640,vru,BR,3.94500000000001,0.858487182699769,0.045785983077321,2.99157332295377,1.19013368015648,0.0634737962750122,5.01487256099868,0.71046836106109,0.0378916459232581
1725285,1725288,vru,BR,9.61166666666667,1.93349896401926,0.103119944747694,4.66598307361416,1.43885247602986,0.0767387987215926,6.74717420871123,3.1335100518965,0.167120536101147
1726414,1726417,vru,BR,3.28000000000002,1.78927496455979,0.0954279981098554,4.15804530704505,2.6188230214834,0.139670561145781,6.87618134664813,1.60701362871085,0.0857073935312456
1730696,1730774,RT,vru,3.16666666666667,0.0774694333385914,1.45255187509859,4.25501440393512,0.117287349685432,2.19913780660185,9.76868178684166,0.0420957638606521,0.789295572387228
1732576,1732602,vru,BR,8.72166666666667,1.77879711733778,0.0948691795913484,7.62189401641776,0.870776949644082,0.046441437314351,6.8560264979525,3.45676718442787,0.18436091650282
1733109,1733113,BR,vru,6.27666666666666,0.148169713427495,2.77818212676553,6.4648132437272,0.117659383685717,2.2061134441072,4.03409002058485,0.264243042183816,4.95455704094656
1735663,1735670,BR,vru,5.72166666666665,0.0797002721088901,1.49438010204169,3.33798782768205,0.0839527369771403,1.57411381832138,9.70149032063645,0.129916159680159,2.43592799400298
1737329,1737347,RB,vru,2.77833333333332,0.0475571829915243,0.891697181091081,8.65634400601185,0.0480103407853318,0.900193889724971,3.91282105437294,0.120560869464091,2.2605163024517
1739887,1739890,vru,BR,6.66666666666667,2.05811186635539,0.109765966205621,7.72743013409801,1.95819249796992,0.104436933225062,6.05263340100676,4.31284376939964,0.230018334367981
1740421,1740427,BR,vru,5.11166666666666,0.100824034593495,1.89045064862803,7.57096606104283,0.0999124364194134,1.873358182864,5.28889939880495,0.0913999001022571,1.71374812691732
1741369,1741371,vru,BR,4.39000000000002,2.44593544397634,0.130449890345405,5.89736488117625,2.25954070350278,0.120508837520148,6.73521991236239,3.75959440043459,0.200511701356512
1747837,1747839,vru,BR,3.94500000000001,3.21412338886159,0.171419914072618,5.00153666763124,2.96841520617463,0.158315477662647,4.21266598682753,5.31235837450718,0.283325779973716
1748399,1748401,vru,BR,2.555,2.63558487061343,0.140564526432716,2.35314590736285,3.25511643178255,0.173606209695069,6.54005432372158,3.21319552620832,0.171370428064444
1748672,1748687,vru,BR,5.66666666666667,3.95328201624787,0.21084170753322,6.5003846255901,2.1526287130977,0.114806864698544,4.69607433925166,3.98454761575047,0.212509206173358
1749218,1749296,RT,vru,6.66666666666667,0.00609006108533116,0.114188645349959,6.56098439022522,0.0340609721500363,0.63864322781318,7.18536072387043,0.067857399429074,1.27232623929514
1753408,1753497,BR,vru,1.66666666666667,0.318991213413537,5.98108525150382,1.5274289520947,0.318991213413536,5.9810852515038,3.55494936636878,0.280724329126629,5.26358117112429
1756157,1756170,BR,vru,6.83333333333333,0.153939756807464,2.88637044013994,3.40905253406432,0.166787922500827,3.12727354689051,7.86290792490635,0.0717470606347203,1.34525738690101
1756764,1756870,RT,vru,4.61166666666662,0.154137345360298,2.89007522550558,0.636127727952968,0.204589105117757,3.83604572095795,1.97317365120488,0.165457616658853,3.10233031235348
1757010,1757011,vru,BR,6,2.47012748956116,0.131740132776595,6.24189990551985,2.40654623486564,0.128349132526168,6.95917706076232,4.11244020908545,0.219330144484557
1758478,1758516,vru,TB,6.33333333333333,9.69082086172782,0.51684377929215,4.71015432875393,9.68665967069574,0.516621849103773,3.8611010978122,5.53077663168997,0.294974753690132
1758889,1758893,vru,BR,5.835,1.03125815065903,0.0550004347018152,2.78334618292485,2.18181044366548,0.116363223662159,8.88543211374527,1.68019413127846,0.0896103536681843
1759688,1759703,BR,vru,7,0.10848693375141,2.03413000783894,4.3759656596095,0.0549440360925907,1.03020067673608,5.71999671283061,0.213341818533768,4.00015909750815
1759977,1759983,vru,BR,6.05499999999999,1.38375682643998,0.0738003640767987,8.81350518978283,1.11769450655038,0.0596103736826868,7.4172375336256,3.80401317288186,0.202880702553699
1759980,1759983,vru,BR,9.33333333333333,2.03446706698649,0.108504910239279,6.69180366104734,0.856225529002628,0.0456653615468068,8.48878747649407,3.90557906890121,0.208297550341398
1759983,1759987,BR,vru,7.88999999999999,0.104759617524876,1.96424282859143,4.78703370205939,0.0918973214282755,1.72307477678017,7.2640700513805,0.154680466736256,2.90025875130479
1759983,1759991,BR,vru,4.33333333333333,0.106004277156794,1.98758019668989,3.01974194348245,0.219769458854195,4.12067735351615,7.1399697043616,0.208825116305166,3.91547093072186
1761255,1761257,vru,BR,6.11166666666668,1.73029523168689,0.0922824123566342,3.55042771625741,2.38900720923824,0.127413717826039,6.43976377393318,2.53566403768065,0.135235415342968
1762334,1762337,BR,vru,5.55499999999999,0.133843708596409,2.50956953618267,6.93076048665634,0.128560987286713,2.41051851162588,6.01415933713855,0.246213777692103,4.61650833172693
1763431,1763479,BR,vru,5.72333333333333,0.0494039682350179,0.926324404406586,2.70393985249942,0.110310069885548,2.06831381035403,8.8354528926451,0.0481716551148177,0.903218533402831
1763950,1763974,BR,vru,3.94500000000001,0.0889077070858662,1.66701950785999,3.76471791137712,0.0778159228008905,1.4590485525167,7.94056184005284,0.151433783542184,2.83938344141594
1764564,1764565,BR,vru,8.55666666666666,0.119956094439341,2.24917677073764,4.99047732680497,0.111618229092226,2.09284179547924,5.47494499927992,0.200956796940214,3.76793994262902
1765598,1765735,vru,BL,4.88833333333338,5.19030928617559,0.276816495262698,6.23196040486825,7.99798220275578,0.426559050813642,6.54305094358039,3.021427427801,0.161142796149387
1765598,1765771,vru,BT,0.888333333333321,7.87528131508028,0.420015003470948,4.36155023241547,8.63662355800107,0.460619923093391,2.89564064338948,5.53381635090905,0.295136872048483
1768024,1768038,RB,vru,3.5016666666667,0.0870679066623839,1.6325232499197,8.18964383581496,0.144898917285004,2.71685469909383,5.32666234929867,0.0768502123128689,1.44094148086629
1769188,1769196,vru,BR,3.83333333333333,2.17150809776023,0.115813765213879,2.79637079125101,3.08034401870205,0.164285014330776,5.84176885932222,3.64552242365759,0.194427862595071
1773878,1773995,RB,vru,3.44666666666665,0.339830245131987,6.37181709622477,4.02629790942907,0.333932054128266,6.26122601490498,4.41305543063107,0.212371067132374,3.98195750873201
1778238,1778245,vru,BR,8.44333333333332,1.81135618403172,0.0966056631483583,8.14698787562425,1.11277693940438,0.0593481034349002,6.92882483858074,2.83593959380396,0.151250111669544
1783700,1783710,vru,BR,9.60999999999998,4.52968194025264,0.241583036813474,7.30529898795888,4.86044884528059,0.259223938414965,5.86101253880152,4.55761158068886,0.243072617636739
1794487,1794535,RB,vru,3.39000000000002,0.0991561472845812,1.8591777615859,5.43735297204309,0.102008450544049,1.91265844770092,5.49171509367552,0.0623222573241182,1.16854232482722
1800060,1800069,BR,vru,8.55833333333333,0.155295735014591,2.91179503152358,5.83016346228262,0.143938198546247,2.69884122274213,4.73613168443978,0.18289594338433,3.42929893845619
1802037,1802056,RT,vru,6,0.0118929562240966,1.48661952801208,4.27819049744241,0.0130871241106995,1.63589051383743,9.17403610510977,0.0109826510146941,1.37283137683677
1816252,1816254,vru,BR,4.83333333333333,1.01319792986827,0.0540372229263076,6.38972431472653,3.04085180408425,0.162178762884493,4.85162445917668,2.67633307862551,0.142737764193361
1818066,1818079,RT,vru,5.05499999999999,0.170084181672033,3.18907840635062,7.8606342896347,0.239707069095222,4.49450754553542,7.24543363527024,0.145334974530397,2.72503077244495
1818446,1818448,vru,BR,9.55666666666666,2.16209915540993,0.115311954955196,7.5899302776395,1.53970695967988,0.0821177045162605,6.04268284625589,3.90713546838937,0.2083805583141
1821742,1821745,RT,vru,5.055,0.198987038751037,3.73100697658194,8.55236575848218,0.344273578939827,6.45512960512175,9.58374036087344,0.0531346216714474,0.99627415633964
1822258,1822263,vru,BR,6.11166666666666,1.80826167938565,0.0964406229005678,4.25689613039531,4.85438394399377,0.258900477013001,6.45282858121707,3.77504026927739,0.201335481028127
1823835,1823843,RT,vru,3.72333333333333,0.216422845487145,4.05792835288396,5.99128817800025,0.261491304224857,4.90296195421606,5.35062505531954,0.176421306894786,3.30789950427725
1827592,1827595,vru,BR,5.16666666666667,3.20631327100751,0.171003374453734,3.07716973372097,3.31284289563744,0.176684954433997,4.16585291096393,4.42505674343751,0.236003026316667
1827595,1827602,BR,vru,2.33333333333333,0.0916165707888381,1.71781070229071,4.02777910787896,0.091026093373251,1.70673925074846,6.88202147750309,0.10953289234496,2.05374173146801
1828361,1828362,vru,BR,7.88999999999999,2.238900774537,0.11940804130864,4.05435302579462,2.50839804665875,0.133781229155134,5.87477636800775,3.48192019151547,0.185702410214158
1830950,1830959,vru,BR,3.22166666666667,2.70358130686857,0.144191003032991,3.49437354238568,3.51652070847158,0.187547771118484,5.84295552729685,4.3822264789861,0.233718745545926
1831326,1831329,vru,BR,8.445,1.62950594585483,0.0869069837789243,7.31100571126241,1.3631521556248,0.0727014482999895,7.03194906450074,4.37936559480358,0.233566165056191
1831337,1831343,BR,vru,6.33333333333333,0.254261629525305,4.76740555359947,5.53990605238938,0.254378728718286,4.76960116346786,6.1217312604004,0.132851335421543,2.49096253915394
1831645,1831648,BR,vru,4.5,0.115035827385962,2.15692176348679,4.32033157344096,0.0767484084700945,1.43903265881427,7.98656258680705,0.195292126398538,3.66172736997258
1835658,1835659,vru,BR,8.88999999999999,3.61680218668309,0.192896116623098,5.63391616797598,1.97064197610457,0.105100905392244,9.53669976007247,3.87123534482588,0.206465885057381
1838639,1838642,vru,BR,4.5,2.53136687477067,0.135006233321102,6.88144290491217,2.37731324240293,0.126790039594823,4.40050411164723,3.71951795868092,0.198374291129649
1840053,1840066,BR,vru,7.27833333333334,0.127777743383084,2.39583268843283,6.58779824647092,0.10294327246114,1.93018635864637,6.37295318792484,0.133807222437108,2.50888542069577
1841728,1841733,BR,vru,3.88999999999999,0.144303303979114,2.70568694960838,7.34123267666326,0.133830321112652,2.50931852086223,4.86456546908855,0.13441833575804,2.52034379546326
1842796,1842825,TB,vru,6.55500000000002,0.0486142576914189,0.911517331714105,4.35752691281561,0.0767619023313913,1.43928566871359,8.0807746153373,0.0483335175798585,0.906253454622347
1845551,1845596,vru,BR,6.61166666666668,2.76356074253441,0.147389906268502,5.82032208390612,1.67589219852545,0.0893809172546908,5.78465108013077,3.66870709214715,0.195664378247848
1846770,1846793,BR,vru,6.83333333333333,0.118001047027296,2.2125196317618,5.1330578323458,0.0908019093125546,1.7025357996104,5.48378437331319,0.143570198054087,2.69194121351414
1849125,1849296,RT,vru,3.835,0.138914226305037,2.60464174321944,5.27751512715688,0.126572671858146,2.37323759734024,6.49205203647655,0.0294866249174785,0.552874217202723
1851261,1851275,TR,vru,2.5,0.15768745131331,2.95663971212457,1.87863914950622,0.0918387371883401,1.72197632228138,2.48995389668762,0.151531262168746,2.84121116566398
1852851,1853236,RB,vru,3.89000000000002,0.147140035799748,2.75887567124528,3.45861786539726,0.112489184921026,2.10917221726924,9.79598379393435,0.0915946427605678,1.71739955176065
1853408,1853636,BR,vru,2.22166666666667,0.0909215545226731,1.70477914730012,2.35717700372559,0.165889333142778,3.11042499642709,6.58003259002419,0.0442663953945494,0.829994913647802
1853614,1853722,vru,TB,4.83333333333333,2.68244912522168,0.143063953345156,3.05030189464673,2.76220629137723,0.147317668873452,9.97496606585721,1.55962012322121,0.0831797399051311
1856770,1856780,BR,vru,2,0.207522579722434,3.89104836979564,2.43257089218215,0.281387720328676,5.27601975616268,7.85256972842625,0.1667787990877,3.12710248289438
1858150,1858190,vru,RB,1.5,3.90165079465577,0.208088042381641,2.85690490343911,3.88126588663453,0.207000847287175,3.66122599562916,2.44379521440836,0.130335744768446
1860174,1860407,BR,vru,2.39166666666667,0.196351827442276,3.68159676454267,1.17470952240372,0.185928943640024,3.48616769325044,8.14416153574949,0.146844370122493,2.75333193979675
1861692,1861708,vru,BR,9.17166666666668,1.89575132681341,0.101106737430049,8.11246651079567,1.98691803069365,0.105968961636995,7.77605739508934,2.46740127809084,0.131594734831511
1862108,1862149,vru,TR,4.16833333333337,3.03375459737039,0.161800245193088,1.18597875330461,3.03712924924603,0.161980226626455,5.30890797683556,1.98542548960111,0.105889359445393
1862487,1862495,RT,vru,4.94666666666668,0.10128474565396,1.89908898101175,7.54251912647838,0.0214630849350168,0.402432842531566,4.55187428428561,0.0968467671557048,1.81587688416946
1864022,1864046,RB,vru,4.05666666666663,0.119582046247094,2.24216336713301,6.72348772021506,0.118721402331577,2.22602629371706,5.78449992949482,0.078724157313961,1.47607794963677
1865989,1866008,RT,vru,4.88833333333334,0.0748146821615567,1.40277529052919,3.55794322858387,0.10263101260377,1.9243314863207,6.68890763032181,0.058604584811926,1.09883596522361
1866107,1866135,vru,BR,8.77833333333331,2.01527700025815,0.107481440013768,5.64063416219718,1.12810959488374,0.0601658450604662,7.9143279151519,3.48673108923566,0.185958991425902
1868887,1868920,TR,vru,1.66666666666667,0.161689741966676,3.03168266187518,2.399952017916,0.153394515482477,2.87614716529645,5.86672177664145,0.118082625919062,2.21404923598241
1873083,1873088,BR,vru,4.94333333333331,0.119808156514133,2.24640293463999,7.1693521296336,0.112905309018137,2.11697454409008,6.23131676663388,0.0207127852880135,0.388364724150254
1873123,1873126,vru,BR,5.555,1.26134342385095,0.0672716492720509,9.46518237992693,1.204846553022,0.0642584828278398,7.13664250314389,2.17670151902961,0.116090747681579
1873906,1873909,vru,BR,4.33333333333333,2.36382871962908,0.126070865046884,2.41830599525243,2.59894266083819,0.138610275244703,4.31486363760287,4.17771660436371,0.222811552232731
1874575,1874577,BR,vru,6.77666666666664,0.108158404824172,2.02797009045322,4.57007404059032,0.142428885630948,2.67054160558027,4.91066239535362,0.1394216990426,2.61415685704874
1877551,1877554,RT,vru,6.16666666666667,0.0657849132859858,1.23346712411223,6.4300085945819,0.138501982153688,2.59691216538165,4.99099679820458,0.114172381954165,2.1407321616406
1878295,1878297,TR,vru,3.61166666666668,0.159024573267931,2.98171074877371,5.36355820292363,0.163437730438183,3.06445744571593,3.98679211212275,0.12887918546647,2.41648472749632
1880035,1880061,vru,BR,7.50166666666664,1.020924024448,0.0544492813038934,5.11076269711798,0.946979097162485,0.0505055518486659,6.00604850323229,2.83136231652744,0.151005990214797
1882070,1882073,BR,vru,4.88833333333338,0.167156292895546,3.13418049179148,6.25609448995557,0.107480828284528,2.0152655303349,6.40460961011543,0.23907178198948,4.48259591230276
1887134,1887139,RT,vru,5.72333333333333,0.0635034937319513,1.19069050747409,5.64442175159301,0.141310940722811,2.6495801385527,9.74367078878944,0.0404925293290048,0.75923492491884
1890804,1890826,RB,vru,2.89000000000002,0.311443646710812,5.83956837582772,5.12778032924467,0.300385518313474,5.63222846837763,5.85839573566831,0.244478806497091,4.58397762182046
1891350,1891353,vru,RT,4.16666666666667,0.942684219617507,0.0502764917129337,3.97716463838262,2.5289294617347,0.134876237959184,4.99100945242593,1.43933970634326,0.0767647843383071
1894251,1894286,vru,BR,5.33333333333333,1.53219119865662,0.0817168639283533,8.75916912622397,1.42872581736272,0.076198710259345,4.7400446497871,2.10268315396295,0.112143101544691
1895510,1895511,BR,vru,3.88833333333332,0.161913903104176,3.0358856832033,3.62922593589004,0.144152225715389,2.70285423216354,5.28115002078415,0.276379070000979,5.18210756251836
1904762,1904767,BR,vru,5.16833333333337,0.117389243999598,2.20104832499247,4.51328789372596,0.193651421612269,3.63096415523004,7.02970180242283,0.191620644846246,3.59288709086712
1905118,1905120,RB,vru,6,0.0962149023627667,1.80402941930188,2.99470377015614,0.0817802558258757,1.53337979673517,2.22447567726761,0.120253101100188,2.25474564562852
1910715,1910716,vru,BR,4.00166666666667,2.81500434078614,0.150133564841927,6.406318587321,2.31833191342438,0.123644368715967,6.31635345076447,5.03352112554417,0.268454460029022
1914090,1914105,vru,RL,0.666666666666667,3.89823152170639,0.207905681157674,1.81263587836995,4.03309687629487,0.21509850006906,0.000604413916287706,4.02118544119334,0.214463223530311
1914500,1914558,vru,LR,4,2.88616012886418,0.153928540206089,6.68826003824347,3.71447696603325,0.19810543818844,9.80291658700245,1.15316045839202,0.061501891114241
1917153,1917184,BR,vru,1.16666666666667,0.163814855784111,3.07152854595207,1.84049296248575,0.150418908628452,2.82035453678348,5.41393378597168,0.136690749719569,2.56295155724191
1918098,1918116,BR,vru,6.5,0.0755290514440214,1.4161697145754,6.74661124322523,0.0644390508160225,1.20823220280042,7.36278770132218,0.0537006793030379,1.00688773693196
1920498,1920583,RT,vru,6.44500000000001,0.0852719749453824,1.59884953022592,8.19754267311402,0.0127337831124713,0.238758433358837,6.78247788032341,0.0548897557759287,1.02918292079866
1921406,1921439,vru,BT,1.72166666666667,11.2262754981211,0.598734693233126,7.70116958274778,17.9383201240257,0.956710406614704,3.05097743145841,4.83655326124467,0.257949507266382
1924039,1924052,BR,vru,4.555,0.151793688923256,2.84613166731104,4.8039574910883,0.137301790539593,2.57440857261738,9.08282926844067,0.214011884913893,4.01272284213549
1924373,1924449,RT,vru,9.39000000000002,0.136539219043349,2.56011035706279,4.65835297404604,0.140907340408428,2.64201263265802,5.81392344294732,0.154825164440898,2.90297183326683
1928444,1928483,vru,BR,2.16666666666667,2.74720029710806,0.146517349179097,1.91558419322607,3.63059895605673,0.193631944323026,5.80699219893657,2.99995075446593,0.159997373571516
1929392,1929435,vru,RB,2.55666666666666,4.73041378027398,0.252288734947946,3.98991413083386,4.27911737701865,0.228219593440995,6.33180046985287,7.17566700700765,0.382702240373741
1929727,1929734,BR,vru,8.16833333333337,0.111722425128277,2.0947954711552,6.43991652319454,0.0855434919802595,1.60394047462987,6.82863252786133,0.127844508138473,2.39708452759637
1931894,1931897,BR,vru,4.89000000000002,0.147892767954071,2.77298939913883,5.5146412024,0.0806085744915394,1.51141077171636,4.98857953737278,0.277298911758567,5.19935459547314
1932432,1932463,vru,BR,5.38833333333333,0.681589253839274,0.036351426871428,7.99066566543922,2.28962107601959,0.122113124054378,6.90935240669865,1.56147114414018,0.0832784610208097
1934941,1934961,LR,vru,6.33333333333333,0.136662520229414,2.56242225430151,5.2819765145919,0.143837784818962,2.69695846535553,6.07604175816589,0.0880318163747591,1.65059655702673
1937177,1937186,vru,BR,4.72166666666667,1.56274517689475,0.0833464094343868,4.60470545891896,3.78907241042684,0.202083861889432,7.4081338682637,2.99990129255472,0.159994735602919
1937617,1937621,BR,vru,3.77833333333335,0.213574399689679,4.00451999418148,4.29451511678069,0.175419447177883,3.28911463458531,4.80304700388822,0.206494991878815,3.87178109772777
1938438,1938488,vru,BR,9.83333333333333,1.45622467643373,0.0776653160764658,4.15364021072635,0.815942497961242,0.0435169332245996,7.81028712835508,2.42244787558784,0.129197220031351
1939640,1939641,vru,BR,4.555,1.88750579265562,0.1006669756083,3.42190223378417,1.83279984669894,0.0977493251572769,5.38551889984392,3.9092836488949,0.208495127941061
1944078,1944090,RT,vru,3.55666666666666,0.186845133202729,3.50334624755116,5.80165513662824,0.18383785488986,3.44695977918487,6.95372125256387,0.142759870481327,2.67674757152488
1945715,1945724,BR,vru,9.66833333333334,0.0637214376920876,1.19477695672664,8.58000671528435,0.0643072537824714,1.20576100842134,8.94273450941465,0.0774739403185321,1.45263638097248
1949721,1949735,BR,vru,7.66666666666667,0.130778845841047,2.45210335951964,8.67740261056376,0.110127408074774,2.064888901402,9.69118046406503,0.138129695584044,2.58993179220082
1949856,1949909,vru,TB,4.05499999999999,1.58721495716036,0.0846514643818858,3.88148548939681,2.1837860611799,0.116468589929595,9.95573819099745,1.64243332358716,0.0875964439246487
1951507,1951530,BR,vru,3.88999999999999,0.135104395180396,2.53320740963242,5.92702554699116,0.160537712422588,3.01008210792353,9.60285915616531,0.106035420065874,1.98816412623514
1952606,1952608,BR,vru,8.55666666666666,0.117763453080117,2.20806474525218,7.56464497543287,0.0973921840517958,1.82610345097117,7.15018511213481,0.189847681044957,3.55964401959295
1952606,1952612,BR,vru,7.16833333333334,0.113897311819354,2.13557459661289,7.06747609797531,0.0987247676739019,1.85108939388566,7.38073448615018,0.170317781733905,3.19345840751071
1954966,1954981,vru,BR,5.555,1.11437179014868,0.0594331621412627,6.14508624506212,1.51959385592707,0.081045005649444,6.36418699105895,0.726000706513582,0.0387200376807244
1959483,1959490,BR,vru,4.11166666666667,0.198647698909036,3.72464435454443,8.93907850159102,0.200511525804008,3.75959110882514,5.09420548614158,0.0786693525495558,1.47505036030417
1960530,1960536,BR,vru,3.89000000000002,0.161083940182097,3.02032387841433,5.60579031951053,0.0728601460116262,1.36612773771799,6.88667166913218,0.233936898577023,4.38631684831918
1960681,1960682,vru,BR,0.723333333333335,5.1861249344109,0.276593329835248,1.74784007106016,5.10004088141545,0.272002180342158,0.0537326796573423,5.10004088141545,0.272002180342158
1960947,1961000,TR,vru,4.05500000000002,0.0635609107114866,1.19176707584037,4.53059993734419,0.158092608303307,2.96423640568701,6.73390025062273,0.144528220307814,2.70990413077152
1961438,1961443,BR,vru,4.83333333333333,0.138156111102206,2.59042708316636,7.12151088500635,0.0922762224161125,1.73017917030211,7.08626933754673,0.199100241802126,3.73312953378986
1961793,1961819,RT,vru,6.72333333333336,0.0848808631985157,1.59151618497217,4.37372173846367,0.0794331189997125,1.48937098124461,8.23901161112947,0.0690850201586801,1.29534412797525
1964117,1964124,vru,BR,4.72166666666667,1.59700332999839,0.0851735109332475,2.7921794933094,2.49376757980683,0.133000937589697,5.90580502470302,2.88331758301361,0.153776937760726
1965664,1965674,TR,vru,1.44500000000001,0.20736864466502,3.88816208746913,3.19328863322032,0.195405146353908,3.66384649413578,6.05559023682953,0.102742769229579,1.9264269230546
1970810,1970830,vru,BR,4.55833333333335,1.64242210929761,0.0875958458292057,2.43386491668548,2.32564608937918,0.124034458100223,5.02390370390142,3.37885402172122,0.180205547825132
1975400,1975402,TR,vru,1.66666666666667,0.216779442462247,4.06461454616713,3.70779103269162,0.267524615683603,5.01608654406756,5.07313059400126,0.103535245147536,1.94128584651631
1977056,1977057,BR,vru,5.55833333333333,0.150661405781794,2.82490135840863,4.70956900567406,0.140877028517767,2.64144428470813,4.75929152455509,0.251855721317847,4.72229477470964
1978223,1978226,BR,vru,4.05499999999999,0.166714296095873,3.12589305179762,5.78496564016081,0.153411866744581,2.8764725014609,9.55263904675945,0.115329131058824,2.16242120735294
1989327,1989328,BR,vru,7.16833333333331,0.0594696874248519,1.11505663921597,8.55497192503071,0.0554519551746062,1.03972415952387,6.26658876086706,0.0784486421026763,1.47091203942518
1993407,1993414,RT,vru,2.88999999999996,0.131903340299957,2.4731876306242,4.92099194177731,0.125465707609354,2.35248201767539,5.57949326533967,0.0258122330718708,0.483979370097577
1996601,1996602,vru,BR,3.94666666666668,1.93928551845231,0.103428560984123,7.43228389652358,1.82550892657014,0.0973604760837406,4.92437870165936,1.65631690622847,0.0883369016655182
1998416,1998430,BR,vru,1.11333333333332,0.385760284915586,7.23300534216725,1.45407960153485,0.385760284915586,7.23300534216725,0.640740298342256,0.200370682582815,3.75695029842778
2005526,2005557,RB,vru,3.83499999999998,0.0801694847154442,1.50317783841458,5.94933664231644,0.0901535482249425,1.69037902921767,7.06890508058267,0.0492880212193082,0.924150397862029
2012222,2012225,TR,vru,1.555,0.215329480132303,4.03742775248067,2.54260376752233,0.223498992933312,4.19060611749961,7.27208858631606,0.144947156789916,2.71775918981092
2015203,2015230,vru,RB,9.27833333333334,0.712428597536796,0.0379961918686291,4.30148778521798,0.185345217940961,0.00988507829018457,8.05466612785904,0.335862976176859,0.0179126920627658
2018604,2018607,vru,BR,6.16833333333337,1.78405716086252,0.0951497152460009,6.93582620557808,1.67872955456313,0.0895322429100336,5.35080383984342,1.79433942115173,0.0956981024614258
2019947,2019959,vru,BR,5.33333333333333,3.67803113528818,0.196161660548703,6.45134588817179,3.72921639444261,0.198891541036939,7.55783311680376,3.80967891433488,0.203182875431194
2021238,2021249,BR,vru,4.72166666666665,0.165870534334131,3.11007251876495,4.89466567400571,0.0688912600883988,1.29171112665748,8.45788700772541,0.186325844782164,3.49360958966557
2023704,2023705,vru,BR,4.55499999999999,2.81984549547148,0.150391759758479,6.48416780473988,2.38056690113061,0.126963568060299,9.34603136925687,3.4011450361728,0.181394401929216
2029334,2029343,vru,LR,5.77833333333335,1.58649733697863,0.0846131913055268,6.79118427949114,1.47843987663369,0.0788501267537968,4.559363960038,3.35138832895833,0.178740710877778
2029334,2029347,vru,TR,5.13333333333333,1.96737088474558,0.104926447186431,7.27385166283816,2.44846323754728,0.130584706002522,5.45747380000807,4.23153601447039,0.225681920771754
2031877,2031889,vru,LR,3.77833333333333,2.15135619523081,0.114738997078977,7.32954276659984,2.89168157194853,0.154223017170588,4.92858266738665,2.80891034834026,0.149808551911481
2037777,2037822,RT,vru,4.66666666666667,0.100231801087583,1.87934627039218,6.89555150023603,0.0946217992410062,1.77415873576887,7.41156317346759,0.0337212554693034,0.632273540049439
2041226,2041232,vru,BR,8.83333333333333,1.88012883872073,0.100273538065106,6.33971406412131,1.53736695837297,0.0819929044465583,7.76908179622472,3.44846178092445,0.183917961649304
2043202,2043212,vru,BR,6.725,2.41366609928482,0.128728858628524,5.89520285957732,2.59191745442482,0.138235597569324,4.78708105744811,3.17460604174717,0.169312322226516
2044611,2044632,vru,TR,4.5,2.52181380056429,0.134496736030096,5.91872306571858,3.21944672111558,0.171703825126165,7.64907955873918,1.35870517232012,0.0724642758570732
2045092,2045102,vru,BR,7.27666666666664,1.9935612947372,0.106323269052651,7.66165146492589,1.12899170394733,0.0602128908771909,5.08952326524001,4.97836994862469,0.26551306392665
2045102,2045107,BR,vru,4.27833333333335,0.146285024308096,2.74284420577681,5.26638391854999,0.141543752122926,2.65394535230486,6.55701073071257,0.214828122686881,4.02802730037901
2053254,2053256,vru,BR,5.00166666666667,2.74768764903979,0.146543341282122,7.24479898592536,2.39226732117812,0.127587590462833,5.55278202030017,5.19636756075666,0.277139603240355
2058624,2058720,vru,TB,1.55666666666666,3.87816246469335,0.206835331450312,3.46350648917188,4.15954389465959,0.221842341048511,8.46506739692917,2.05828953157241,0.109775441683862
2058624,2058730,vru,TB,2.33499999999998,3.29712427603754,0.175846628055336,3.73297643243808,3.37610842310356,0.180059115898857,7.77628251137526,2.41356282169962,0.128723350490647
2061771,2061776,RT,vru,4.72333333333334,0.0994572458982671,1.86482336059251,3.44036671365037,0.150080720383812,2.81401350719648,5.85980891700991,0.157657490206619,2.95607794137411
2062445,2062505,vru,BR,6.11166666666666,2.17867490889153,0.116195995140882,4.85620703850506,2.04706700870385,0.109176907130872,7.93189457355799,5.78280695606415,0.308416370990088
2074438,2074447,BR,vru,4.33333333333333,0.161183202201824,3.02218504128421,5.7598655194666,0.163599490080497,3.06749043900931,9.60255661407855,0.178147686718853,3.34026912597849
2075222,2075223,BR,vru,4.55833333333333,0.103316307618705,1.93718076785072,4.79060763021206,0.136343069604952,2.55643255509285,7.98749351007072,0.151452323988753,2.83973107478912
2077360,2077369,vru,TR,3.33333333333333,2.06424827632294,0.11009324140389,5.28005324065335,2.94940426232875,0.157301560657533,3.09550705230431,3.93373718051719,0.20979931629425
2082626,2082632,TR,vru,4.83333333333333,0.143475739946214,2.69017012399152,6.74236191832749,0.0539671403727068,1.01188388198825,8.85559622661943,0.0532786820343277,0.998975288143644
2096110,2096113,RT,vru,5.44500000000001,0.151936710663084,2.84881332493282,3.89926590410707,0.0935296787568187,1.75368147669035,7.01839696792858,0.144586424989691,2.71099546855671
2100449,2100453,vru,BR,5.39000000000001,2.09359245487192,0.111658264259836,6.91476042546062,3.16048316076058,0.168559101907231,5.69155684682559,3.89034110784709,0.207484859085178
2108401,2108482,RB,vru,1.33333333333333,0.193648149689368,3.63090280667566,1.53799480296273,0.195738916380144,3.67010468212771,4.18857406744361,0.144887177721895,2.71663458228554
2108491,2108522,RT,vru,2.16666666666667,0.135359060320211,2.53798238100396,3.30346898579144,0.136142095912956,2.55266429836793,2.25093789974534,0.241677789192417,4.53145854735781
2114793,2114800,RL,vru,1.225,0.256062527287039,4.80117238663199,1.84082674671723,0.251230220022222,4.71056662541666,1.65088174454601,0.229158868465106,4.29672878372074
2121917,2121919,TB,vru,2.945,0.117737694651696,2.20758177471929,4.4660165837429,0.108758648743395,2.03922466393866,4.31475774651556,0.0652374885015557,1.22320290940417
2126697,2126709,BR,vru,4.72333333333336,0.153098174642305,2.87059077454321,6.05270288916003,0.130345386769733,2.44397600193249,6.99313130451817,0.136527017596263,2.55988157992994
2128121,2128195,RL,vru,9.66833333333331,0.254456873424889,4.77106637671667,5.4164506981337,0.0555664815629281,1.0418715293049,2.43021774470618,0.326034762089784,6.11315178918344
2138438,2138444,BR,vru,3.89,0.178211207926214,3.34146014861652,6.27343483262178,0.240904130029571,4.51695243805446,6.87671713733776,0.183945489523218,3.44897792856034
2143719,2143750,RT,vru,8.16666666666667,0.0701004356188314,1.31438316785309,6.24964312960106,0.0183805034165211,0.344634439059771,6.38568226797807,0.0298067167030465,0.558875938182123
2144583,2144597,TB,vru,2.72333333333336,0.141289807407906,2.64918388889824,4.08340490141971,0.193928602677455,3.63616130020228,7.5626021943918,0.141637750718781,2.65570782597715
2148656,2148675,RT,vru,4.83333333333333,0.198178015293708,3.71583778675703,4.75768381159955,0.0967432948194922,1.81393677786548,4.91862575176735,0.0955075173337692,1.79076595000817
2148656,2148679,RT,vru,4.83333333333333,0.105983618701305,1.98719285064947,5.40121650951362,0.17671528168986,3.31341153168488,6.10972358953593,0.130925759815261,2.45485799653614
2151098,2151100,vru,RT,4.77833333333335,3.20085199108456,0.170712106191177,5.19468741590673,3.0074345189468,0.160396507677163,3.59660734812475,3.22410869039745,0.171952463487864
2151630,2151650,BR,vru,5.5,0.164724793910504,3.08858988582194,5.82365877526376,0.0849759216745955,1.59329853139866,5.2926521747274,0.157779415238737,2.95836403572631
2159819,2159859,vru,BR,7.05666666666663,0.40054896087263,0.0213626112465403,8.25002339831417,2.18670491098397,0.116624261919145,7.20989704597189,1.2356022472953,0.0658987865224161
2168392,2168423,RB,vru,4.38833333333332,0.05240085471361,0.982516025880188,5.51249790433484,0.0878726179928235,1.64761158736544,6.97015775716637,0.052442779870917,0.983302122579694
2170540,2170551,BR,vru,4.66666666666667,0.163607755817383,3.06764542157593,7.02695534721192,0.145073312654635,2.7201246122744,7.13743309029284,0.167300160175369,3.13687800328816
2178017,2178021,vru,BR,4.16666666666667,2.21413153371871,0.118087015131665,4.91726146688006,3.359752299344,0.179186789298346,6.57597236227029,3.25058338619306,0.17336444726363
2181551,2181559,vru,BR,3.61000000000001,1.26419329664801,0.0674236424878941,6.9787647946635,1.17070074818653,0.062437373236615,5.54004800328151,1.41159599440337,0.0752851197015131
2183208,2183231,vru,BR,3.44500000000001,1.96146708309273,0.104611577764946,3.48921071490113,2.55689039247959,0.136367487598911,6.20059676018249,2.37720852317808,0.126784454569498
2202540,2202554,vru,RB,3,1.6556004482414,0.0882986905728746,5.30480828676508,2.96768712283008,0.158276646550938,8.24928367744652,0.444512453277453,0.0237073308414642
2203563,2203574,RT,vru,6.83333333333333,0.0239813961434589,0.449651177689854,6.01562124049546,0.166695221980684,3.12553541213782,7.3692638557896,0.0688878156015912,1.29164654252984
2203563,2203582,RT,vru,7.555,0.0280426796246237,0.525800242961694,6.70402409177299,0.200915853311427,3.76717224958925,7.78052577525718,0.0535778997237863,1.00458561982099
2204036,2204081,vru,BR,8.16833333333334,2.37279760343021,0.126549205516278,5.85771338043512,1.19001142335167,0.0634672759120891,6.88725524363853,4.29867436464416,0.229262632781022
2206619,2206706,vru,RB,5.88833333333332,1.84567716731082,0.0984361155899103,7.3880146862723,1.82502250280245,0.0973345334827974,7.61898392673654,1.24370469355524,0.0663309169896129
2207939,2207955,RT,vru,5.55666666666667,0.0599332091349538,1.12374767128038,4.55444360524911,0.17251881521555,3.23472778529157,7.54662568766574,0.0973886794465854,1.82603773962348
2213376,2213377,RT,vru,5.55499999999999,0.117568968169314,2.20441815317463,5.1887371325707,0.129650523144784,2.4309473089647,7.17071952006877,0.128546595245569,2.41024866085442
2221524,2221529,vru,BR,6.27833333333333,3.15241862600817,0.168128993387103,6.45669071114136,3.21288101836743,0.17135365431293,8.75452032300989,4.10819945006848,0.219103970670319
2226378,2226385,vru,BR,6.16666666666667,1.79229518248046,0.0955890763989579,7.43645657891093,1.66842377062682,0.0889826011000969,7.26991078158185,3.29416960016044,0.17568904534189
2237058,2237122,RB,vru,4.22333333333336,0.0818061301127026,1.53386493961317,6.07104740414271,0.0771479521321665,1.44652410247812,5.96264413157033,0.0543427204526533,1.01892600848725
2237357,2237373,RT,vru,3.05833333333335,0.0868409098387859,1.62826705947723,2.1115476151609,0.143759521030853,2.6954910193285,8.47086452951326,0.0882086239509981,1.65391169908121
2242260,2242266,RT,vru,7.33499999999998,0.13785668688535,2.58481287910031,6.19261371094367,0.0615558163641533,1.15417155682787,5.886065062026,0.177340843145226,3.32514080897298
2244071,2244119,RT,vru,3.77666666666664,0.0880550376381417,1.65103195571516,4.21611382361845,0.172756150390285,3.23917781981784,6.6251148543312,0.0943421512926228,1.76891533673668
2244213,2244219,RT,vru,4.16666666666667,0.102018459682386,1.91284611904474,4.50224621428081,0.170648938775664,3.19966760204369,7.28831089132479,0.115677268316194,2.16894878092863
2244371,2244431,RT,vru,4.55500000000002,0.112455987145857,2.10854975898482,3.94697317665067,0.11331851825583,2.12472221729682,5.39954724023035,0.0976511198405831,1.83095849701093
2246719,2246721,vru,BR,8.05666666666666,1.11712098612273,0.0595797859265456,6.67870940256115,0.980234443253758,0.0522791703068671,7.6003813812594,2.82808671426276,0.150831291427347
2247288,2247312,RT,vru,6.81166666666662,0.0218398680392165,0.409497525735309,5.89573729995227,0.0518607403173873,0.972388880951011,4.80737144106808,0.0401767574635582,0.753314202441717
2251629,2251633,vru,BR,6.55500000000002,2.9934771178805,0.159652112953627,5.82953033893282,4.40894432951723,0.235143697574252,9.82244080551321,3.13064419224291,0.166967690252955
2252129,2252133,vru,BR,4.61,1.63036438224773,0.0869527670532124,4.29524226899153,3.05815159723774,0.163101418519346,5.42007148660361,2.75748436202093,0.147065832641116
2255032,2255045,BR,vru,4.5,0.11976786478824,2.2456474647795,5.39067931142346,0.144071399040565,2.70133873201059,8.1225278107326,0.193806326239634,3.63386861699315
2256726,2256732,BR,vru,5.22166666666665,0.118401724233097,2.22003232937057,5.03896826863041,0.138497928291443,2.59683615546455,7.90032331490905,0.12858726606511,2.41101123872081
2259779,2259801,RT,vru,4.66666666666667,0.490037350442427,9.18820032079551,0.198411033432846,0.165515794818316,3.10342115284342,0.157640226937211,0.192130580372461,3.60244838198364
2263179,2263194,vru,RT,4.94500000000001,1.37751881634619,0.0734676702051301,1.89172617388202,3.24838974287674,0.173247452953426,5.52037807068586,1.5998296355053,0.0853242472269493
2264556,2264559,BR,vru,4.61166666666667,0.123795398996675,2.32116373118766,6.00061828722794,0.158626422103727,2.97424541444488,9.03742712281622,0.121324256521488,2.27482980977789
2264556,2264561,BR,vru,6.72166666666667,0.132072209435461,2.47635392691489,7.85545176867139,0.11088853824284,2.07916009205325,8.77429069279647,0.132099499701585,2.47686561940473
2271012,2271014,vru,BR,6.83333333333333,2.76544762613313,0.147490540060434,5.50486968368086,3.33587485407801,0.177913325550827,7.20436224597146,3.31890634687604,0.177008338500056
2289426,2289439,BR,vru,3.555,0.0582823733058511,1.09279449948471,3.8239332266556,0.0798522879644812,1.49723039933402,9.82303418964091,0.0365384606384641,0.685096136971203
2289466,2289475,vru,RT,6.77833333333333,0.46049653253155,0.0245598150683493,3.88177702830811,2.10085707965307,0.112045710914831,6.17994763403357,1.10276669505098,0.0588142237360524
2291275,2291288,vru,BR,5.22166666666665,1.87917759207146,0.100222804910478,5.72578835640709,2.43241730441991,0.129728922902395,5.73399384339442,4.19374832161221,0.223666577152651
2291959,2291961,BR,vru,4.94499999999998,0.132352733982419,2.48161376217036,6.53236556704731,0.108574043322971,2.03576331230571,7.31476066501645,0.113837072699264,2.1344451131112
2292935,2292944,BR,vru,3.22166666666665,0.191180148747176,3.58462778900956,4.87791172785997,0.183423803175307,3.43919630953701,6.42997623422382,0.145841900610862,2.73453563645367
2293786,2293789,BR,vru,1.11,0.272814353018593,5.11526911909862,1.62352609629513,0.272850730016063,5.11595118780118,2.88033292748187,0.185827900815242,3.48427314028579
2300897,2300906,RT,vru,4.11,0.226455138401701,4.24603384503189,6.27364295263299,0.242365265807076,4.54434873388268,5.43663472980806,0.165595923680889,3.10492356901666
2302840,2302850,BR,vru,4.44500000000001,0.178715740208341,3.3509201289064,5.44428677226057,0.183704809603387,3.4444651800635,8.92090964369921,0.143984882920594,2.69971655476115
2304684,2304773,RT,vru,8,0.0861238819407824,1.61482278638967,5.14214928182,0.0778756761141865,1.460168927141,5.18253910839937,0.0494769666584727,0.927693124846362
2308511,2308546,RT,vru,5.55499999999999,0.118202662498304,2.21629992184321,1.72584788677758,0.132518285311604,2.48471784959258,3.15619254976922,0.0742023880218378,1.39129477540946
2311670,2311689,vru,BR,7.55666666666666,5.2811118768923,0.281659300100923,6.34500535018335,5.25989705798283,0.280527843092417,6.71728119586022,4.61102549479815,0.245921359722568
2319456,2319464,vru,BR,5.39000000000002,1.09789382622599,0.0585543373987192,8.02078398516426,1.41385552798709,0.0754056281593116,6.0630995886538,1.68010762667968,0.089605740089583
2322912,2322913,vru,BR,5.44666666666668,1.88847064780618,0.100718434549663,6.50772686106787,1.50679742875214,0.0803625295334472,6.4609271472426,3.97951285627413,0.212240685667953
2325956,2325960,vru,RT,6.94500000000001,0.67780875154067,0.0361498000821691,4.57810298557644,1.84867027623374,0.0985957480657996,6.93694432338696,0.695430850035343,0.0370896453352183
2326090,2326105,vru,BR,2.33333333333333,3.17898578640847,0.169545908608452,2.46892334001794,3.91858113861633,0.208990994059538,7.2240521441921,5.62315056705494,0.299901363576263
2326291,2326316,RT,vru,3.77666666666667,0.0703597144405877,1.31924464576102,3.06346226102731,0.183852131728275,3.44722746990516,7.87735439106933,0.0913819552740774,1.71341166138895
2330794,2330795,BR,vru,4.16833333333337,0.173111347716516,3.24583776968468,7.12749599933195,0.125312201392842,2.34960377611579,7.20840352656748,0.214046846748278,4.01337837653021
2332432,2332454,LR,vru,5.11166666666667,0.0808673703106109,1.51626319332395,4.38245159501162,0.130675263446535,2.45016118962254,9.25847034085036,0.0868947946460912,1.62927739961421
2332435,2332449,RB,vru,6.61333333333333,0.11163716729275,2.09319688673905,8.66725881614594,0.116866870037694,2.19125381320677,8.83660712760854,0.0703578365935685,1.31920943612941
2332551,2332552,vru,BR,3.72166666666665,0.475647230523549,0.0253678522945893,5.58577177189922,0.268256690439882,0.0143070234901271,8.2470587640773,0.447456571413511,0.0238643504753872
2333132,2333147,vru,BR,3.72166666666665,2.44325292046598,0.130306822424853,3.59514519244326,3.27019337579408,0.174410313375685,4.77576875547056,3.26686769314948,0.174232943634639
2334148,2334152,TR,vru,4.38833333333332,0.0910464974998469,1.70712182812213,4.44895980043073,0.130695848803971,2.45054716507446,6.60206774367095,0.0857042266918612,1.6069542504724
2336833,2336836,BT,vru,9.27666666666667,0.0777419025854842,1.45766067347783,4.38634381625823,0.130688792130735,2.45041485245128,4.66394535405403,0.184994815062307,3.46865278241826
